gene	esoxID	cas	chr	start	end
100135781	ENSELUG00000014640	cas3	12	91036663	91040921
100135783	ENSELUG00000012545	cas1	7	57336598	57405253
100135793	ENSELUG00000000174	cas2	26	38058526	38085611
100135796	ENSELUG00000023421	cas3	18	19206164	19211574
100135809	ENSELUG00000013716	cas2	20	27864868	27866512
100135814	ENSELUG00000017495	cas2	2	20227621	20232215
100135835	ENSELUG00000020064	cas1	15	20088776	20093865
100135839	ENSELUG00000013060	cas1	8	13552248	13558751
100135844	ENSELUG00000015976	cas1	27	28743292	28748005
100135854	ENSELUG00000000644	cas2	13	35900832	35909243
100135866	ENSELUG00000003857	cas1	6	39906570	39911822
100135867	ENSELUG00000021263	cas1	17	57176451	57225686
100135868	ENSELUG00000021263	cas1	7	64751017	64779946
100135885	ENSELUG00000007630	cas1	20	16789813	16795054
100135887	ENSELUG00000018733	cas2	13	37293710	37395301
100135902	ENSELUG00000016648	cas3	10	70323416	70329032
100135905	ENSELUG00000000378	cas1	21	57970308	57986158
100135909	ENSELUG00000008925	cas1	7	52882500	52903136
100135923	ENSELUG00000000777	cas4	10	120264	127707
100135942	ENSELUG00000005959	cas1	5	73207860	73218158
100135945	ENSELUG00000006900	cas2	18	17920085	17938169
100135948	ENSELUG00000002533	cas3	7	9763202	9769681
100135951	ENSELUG00000016479	cas1	1	46142006	46159522
100135952	ENSELUG00000016479	cas1	2	87946473	87966277
100135954	ENSELUG00000013653	cas2	2	34327950	34335871
100135955	ENSELUG00000008520	cas2	11	35595222	35601608
100135968	ENSELUG00000018235	cas1	10	45125552	45149685
100135971	ENSELUG00000019249	cas1	5	35930114	35960310
100135975	ENSELUG00000002681	cas1	5	77983744	77987655
100135987	ENSELUG00000002753	cas1	5	17598908	17688319
100135988	ENSELUG00000002668	cas1	11	71524863	71599164
100136001	ENSELUG00000023604	cas1	5	59710615	59714101
100136008	ENSELUG00000004445	cas1	16	14166081	14167981
100136010	ENSELUG00000012493	cas2	17	31860343	31871765
100136015	ENSELUG00000002236	cas1	5	40622958	40638854
100136026	ENSELUG00000000670	cas1	4	24396792	24418967
100136036	ENSELUG00000016177	cas1	24	25681457	25704456
100136062	ENSELUG00000015578	cas2	27	4472051	4505952
100136065	ENSELUG00000002236	cas1	12	18025589	18062043
100136070	ENSELUG00000020745	cas1	8	20477412	20483898
100136071	ENSELUG00000017977	cas2	3	11837883	11858967
100136078	ENSELUG00000000210	cas2	3	2889071	2916355
100136084	ENSELUG00000008813	cas2	12	78584185	78594547
100136087	ENSELUG00000012878	cas1	Y	19882762	19905873
100136088	ENSELUG00000002473	cas2	6	83647271	83704964
100136089	ENSELUG00000003609	cas1	17	51601433	51640412
100136112	ENSELUG00000001256	cas1	5	71831641	71833770
100136119	ENSELUG00000000607	cas2	13	58918836	58956176
100136127	ENSELUG00000018291	cas1	30	17188910	17198506
100136128	ENSELUG00000000650	cas1	5	33640488	33799714
100136134	ENSELUG00000007074	cas5	16	23551793	23567658
100136150	ENSELUG00000016497	cas4	28	18406183	18420007
100136151	ENSELUG00000012218	cas1	31	18658229	18669895
100136156	ENSELUG00000016368	cas1	14	6294201	6298860
100136164	ENSELUG00000014172	cas5	2	18198290	18224300
100136166	ENSELUG00000019363	cas1	5	62493156	62560551
100136168	ENSELUG00000020482	cas2	13	49448242	49456279
100136169	ENSELUG00000023043	cas2	13	40714193	40733821
100136171	ENSELUG00000009448	cas2	12	76464742	76470326
100136172	ENSELUG00000019906	cas1	Y	27495254	27499399
100136173	ENSELUG00000017383	cas1	11	56654582	56670449
100136190	ENSELUG00000020657	cas2	12	82294803	82297556
100136202	ENSELUG00000022861	cas1	1	19068992	19076771
100136205	ENSELUG00000008614	cas2	2	30062714	30068659
100136209	ENSELUG00000023896	cas2	14	34184541	34248617
100136210	ENSELUG00000014053	cas2	19	11644557	11742079
100136211	ENSELUG00000005959	cas1	30	27225499	27235345
100136215	ENSELUG00000002144	cas1	12	18458747	18471430
100136219	ENSELUG00000018144	cas1	16	50121066	50209197
100136220	ENSELUG00000012482	cas2	12	64951031	65117379
100136224	ENSELUG00000000623	cas1	20	44091400	44134903
100136226	ENSELUG00000021088	cas1	31	37597003	37647655
100136228	ENSELUG00000010059	cas1	32	25066997	25083433
100136230	ENSELUG00000011548	cas5	24	33410349	33416640
100136232	ENSELUG00000003182	cas1	16	45791659	45818216
100136237	ENSELUG00000004554	cas1	14	8666718	8683954
100136239	ENSELUG00000013210	cas5	1	89223150	89270371
100136242	ENSELUG00000022782	cas1	2	77171774	77176796
100136245	ENSELUG00000008590	cas2	27	39963824	39975210
100136246	ENSELUG00000002541	cas1	5	17126356	17147778
100136252	ENSELUG00000016149	cas1	31	24986094	25003225
100136256	ENSELUG00000001033	cas2	13	13619774	13621578
100136260	ENSELUG00000022411	cas2	7	17514236	17518488
100136278	ENSELUG00000010398	cas3	2	15402707	15431912
100136282	ENSELUG00000005817	cas1	7	48787061	48803078
100136288	ENSELUG00000003292	cas1	25	16154316	16193639
100136290	ENSELUG00000008821	cas5	6	73190979	73392249
100136301	ENSELUG00000022207	cas7	2	24041681	24054664
100136302	ENSELUG00000013167	cas2	3	25137756	25147306
100136306	ENSELUG00000008761	cas2	3	21649441	21713248
100136320	ENSELUG00000006561	cas3	7	14921809	14927040
100136321	ENSELUG00000015551	cas3	3	26447862	26462094
100136324	ENSELUG00000004244	cas1	Y	11076465	11112463
100136338	ENSELUG00000013072	cas1	25	9966445	9968636
100136345	ENSELUG00000008527	cas1	16	18396477	18409234
100136347	ENSELUG00000004513	cas1	6	44436292	44501179
100136594	ENSELUG00000023750	cas3	26	16609650	16614319
100136612	ENSELUG00000009243	cas5	7	17058930	17065132
100136617	ENSELUG00000016064	cas1	31	24955847	24981475
100136619	ENSELUG00000023224	cas2	6	85697423	85718907
100136621	ENSELUG00000006142	cas1	17	73072356	73082608
100136624	ENSELUG00000016878	cas1	28	18225312	18228390
100136630	ENSELUG00000007527	cas1	18	33508836	33512426
100136645	ENSELUG00000007557	cas1	15	27753877	27756858
100136652	ENSELUG00000002218	cas1	17	54473949	54479645
100136654	ENSELUG00000017068	cas1	7	60553435	60563412
100136655	ENSELUG00000017383	cas1	6	27960062	28023418
100136666	ENSELUG00000016000	cas1	17	62506856	62528639
100136668	ENSELUG00000011996	cas2	6	68683171	68695735
100136673	ENSELUG00000005666	cas1	8	57339585	57361813
100136684	ENSELUG00000011976	cas1	2	90701413	90706025
100136685	ENSELUG00000005054	cas1	12	13959929	13982026
100136686	ENSELUG00000001276	cas1	19	45384358	45400312
100136691	ENSELUG00000013642	cas2	6	67898266	67900809
100136692	ENSELUG00000005428	cas1	1	77339654	77345543
100136710	ENSELUG00000004529	cas2	26	39815915	39906792
100136715	ENSELUG00000014738	cas2	2	34644435	34646777
100136716	ENSELUG00000001430	cas1	15	28637747	28698956
100136740	ENSELUG00000007970	cas1	32	21260259	21274297
100136741	ENSELUG00000003410	cas3	15	58114128	58136637
100136748	ENSELUG00000021976	cas2	7	18108790	18111651
100136749	ENSELUG00000007582	cas1	10	35818219	35823669
100136754	ENSELUG00000018977	cas1	23	14028382	14172114
100136759	ENSELUG00000013390	cas2	2	17667882	17681708
100136765	ENSELUG00000007198	cas2	Y	38783085	38789254
100136773	ENSELUG00000018844	cas2	6	93059670	93061795
100136774	ENSELUG00000020241	cas1	Y	31931801	31936995
100136779	ENSELUG00000022210	cas3	21	13739058	13748205
100136794	ENSELUG00000015683	cas1	25	2286916	2329947
100136795	ENSELUG00000006483	cas1	16	42276720	42311179
100136949	ENSELUG00000016580	cas1	14	6324987	6343247
100136953	ENSELUG00000014053	cas2	10	67392704	67490835
100136955	ENSELUG00000021990	cas5	12	82788554	82799758
100137064	ENSELUG00000006276	cas4	8	27244559	27284491
100170203	ENSELUG00000017495	cas2	3	11658813	11661113
100189621	ENSELUG00000000849	cas1	5	36066786	36076554
100190917	ENSELUG00000001725	cas4	5	48881393	48954869
100301653	ENSELUG00000001835	cas4	21	18567868	18596759
100301691	ENSELUG00000020135	cas1	27	23503309	23513406
100301695	ENSELUG00000003162	cas1	25	16114918	16119474
100301697	ENSELUG00000004454	cas1	7	32261170	32266645
100301707	ENSELUG00000010637	cas5	18	6807279	6815407
100301712	ENSELUG00000010206	cas2	6	70615476	70621510
100301713	ENSELUG00000021241	cas5	1	61544678	61548916
100301719	ENSELUG00000007345	cas2	14	27429308	27432335
100301728	ENSELUG00000005707	cas1	16	36988089	37003982
100301733	ENSELUG00000004064	cas5	7	13090353	13092834
100301755	ENSELUG00000013654	cas2	13	63421906	63426370
100301769	ENSELUG00000005887	cas5	10	34380235	34387056
100301773	ENSELUG00000001730	cas1	2	51412121	51417154
100301776	ENSELUG00000020074	cas2	19	62095441	62210453
100301778	ENSELUG00000009782	cas3	12	76794179	76804653
100301793	ENSELUG00000020573	cas1	17	83264536	83267901
100301802	ENSELUG00000015868	cas2	3	35169845	35175264
100301807	ENSELUG00000001851	cas1	9	34052296	34057570
100301814	ENSELUG00000019346	cas1	5	36033261	36034806
100301815	ENSELUG00000005266	cas1	25	28094505	28099259
100301818	ENSELUG00000009275	cas2	21	7925016	7943584
100301821	ENSELUG00000019481	cas1	11	10666207	10671992
100301824	ENSELUG00000021515	cas1	8	55064730	55072215
100301831	ENSELUG00000012837	cas1	5	58115798	58120039
100301838	ENSELUG00000020315	cas1	14	20315629	20316614
100301840	ENSELUG00000003765	cas2	13	14471579	14477492
100301852	ENSELUG00000014552	cas2	25	24371703	24375216
100301859	ENSELUG00000014294	cas1	28	19193808	19197044
100301863	ENSELUG00000011938	cas2	26	28767744	28772715
100301866	ENSELUG00000022088	cas3	2	43025400	43042479
100301874	ENSELUG00000002655	cas1	31	30643575	30646991
100302644	ENSELUG00000021157	cas2	21	12200400	12325740
100305136	ENSELUG00000000897	cas1	15	20752507	20760847
100305150	ENSELUG00000007816	cas1	7	51093272	51097448
100305158	ENSELUG00000010987	cas1	15	13228122	13232921
100305166	ENSELUG00000009057	cas1	16	18622633	18626440
100305167	ENSELUG00000022400	cas1	1	19340408	19342021
100305169	ENSELUG00000021372	cas2	26	48911638	48925033
100305177	ENSELUG00000020362	cas1	3	48891513	48898487
100305198	ENSELUG00000001892	cas2	18	12281631	12288102
100305215	ENSELUG00000019588	cas1	1	21362992	21368888
100305217	ENSELUG00000020659	cas3	13	39250334	39253623
100305220	ENSELUG00000007953	cas1	19	38347218	38351255
100305229	ENSELUG00000017094	cas3	2	19987402	19997221
100305248	ENSELUG00000020132	cas2	12	71646624	71648371
100305263	ENSELUG00000010420	cas2	13	44494318	44496714
100305278	ENSELUG00000013964	cas1	25	8253840	8259803
100305281	ENSELUG00000012588	cas1	32	28116426	28121263
100305282	ENSELUG00000021887	cas6	24	38983607	38990269
100305284	ENSELUG00000017246	cas1	1	67223308	67227387
100305297	ENSELUG00000014357	cas1	7	58708278	58713630
100305308	ENSELUG00000010828	cas1	20	5844691	5854645
100305309	ENSELUG00000011943	cas2	13	68856782	68861444
100305310	ENSELUG00000019364	cas1	8	53191105	53249559
100305314	ENSELUG00000020596	cas1	17	83246730	83264337
100305319	ENSELUG00000015649	cas2	13	34907936	34910785
100305334	ENSELUG00000008568	cas1	16	18412240	18416746
100305338	ENSELUG00000018084	cas2	12	80222503	80228591
100305345	ENSELUG00000015377	cas1	5	65587136	65590748
100313950	ENSELUG00000021077	cas5	16	7456934	7511154
100329195	ENSELUG00000005685	cas1	7	43487093	43491299
100335038	ENSELUG00000005986	cas1	12	30403738	30417713
100381269	ENSELUG00000019569	cas1	1	62735771	62739992
100462680	ENSELUG00000021412	cas1	7	40292040	40296179
100462687	ENSELUG00000019294	cas1	1	63031594	63075340
100499174	ENSELUG00000019609	cas1	28	15486073	15502959
100499175	ENSELUG00000019609	cas1	8	69578994	69591039
100499580	ENSELUG00000024443	cas1	5	39617526	39622863
100499581	ENSELUG00000012907	cas1	18	45369569	45372973
100499582	ENSELUG00000005878	cas3	Y	36160626	36182761
100499585	ENSELUG00000007858	cas1	18	64748508	64757588
100499587	ENSELUG00000017013	cas1	4	12595321	12601268
100499589	ENSELUG00000013964	cas1	19	55003914	55006739
100499596	ENSELUG00000013845	cas1	28	19391364	19394722
100499597	ENSELUG00000009598	cas1	27	12189333	12193259
100499599	ENSELUG00000020476	cas1	31	38350721	38421549
100499601	ENSELUG00000002280	cas1	5	40727462	40755792
100499608	ENSELUG00000016918	cas2	9	72595792	72650044
100499612	ENSELUG00000019690	cas1	22	16501461	16519607
100499617	ENSELUG00000014127	cas2	13	33335447	33339727
100499618	ENSELUG00000015641	cas2	6	66098317	66122139
100500700	ENSELUG00000006691	cas2	3	19914520	19931740
100500701	ENSELUG00000006691	cas2	2	28377818	28401529
100500705	ENSELUG00000007322	cas1	16	41649197	41657737
100500735	ENSELUG00000006688	cas6	13	55321599	55324310
100500939	ENSELUG00000005916	cas2	15	55729734	55747813
100505418	ENSELUG00000009701	cas1	28	23204907	23211267
100529152	ENSELUG00000006299	cas2	6	75752937	75765291
100653442	ENSELUG00000006975	cas5	3	2258551	2284314
100653449	ENSELUG00000002013	cas3	15	61426711	61465987
100653460	ENSELUG00000002317	cas5	18	9893385	9900718
100653463	ENSELUG00000007448	cas1	Y	14015042	14028322
100653468	ENSELUG00000006423	cas1	30	26823264	26841733
100653470	ENSELUG00000017614	cas1	28	17565752	17622150
100653486	ENSELUG00000010339	cas1	28	3797542	3814890
100653488	ENSELUG00000018235	cas1	Y	30786744	30804819
100750226	ENSELUG00000012222	cas2	26	28708886	28712455
100750227	ENSELUG00000017709	cas2	6	63338529	63527846
100750259	ENSELUG00000008732	cas4	21	62326624	62354302
100884157	ENSELUG00000001415	cas1	7	55620553	55699308
100884158	ENSELUG00000001415	cas1	17	66465455	66527607
101268900	ENSELUG00000011315	cas1	16	38581102	38599400
101268905	ENSELUG00000023096	cas1	3	50325109	50332906
101268914	ENSELUG00000014681	cas1	22	18533596	18569048
101268920	ENSELUG00000020159	cas1	11	39152890	39161338
101268921	ENSELUG00000008181	cas1	2	29743074	29752178
101268925	ENSELUG00000007875	cas1	12	28781830	28804078
101268928	ENSELUG00000021608	cas1	17	57051596	57060451
101268929	ENSELUG00000011037	cas2	21	479755	566322
101268937	ENSELUG00000009435	cas1	17	68601930	68625052
101268938	ENSELUG00000009435	cas1	7	53380501	53400793
101268939	ENSELUG00000004096	cas1	16	44560201	44596213
101268940	ENSELUG00000011931	cas1	1	49666532	49702958
101268941	ENSELUG00000004693	cas1	9	62085008	62093546
101268944	ENSELUG00000006940	cas1	32	38117150	38147926
101268947	ENSELUG00000020323	cas1	8	19932433	19937792
101268950	ENSELUG00000005484	cas1	16	43192633	43208975
101268951	ENSELUG00000005484	cas1	9	62810887	62817117
101268963	ENSELUG00000019091	cas4	18	58823202	58823929
101268964	ENSELUG00000005031	cas1	23	30043527	30144813
101268967	ENSELUG00000011156	cas2	3	7207921	7220080
101268971	ENSELUG00000019998	cas1	11	10268892	10285310
110485090	ENSELUG00000024462	cas4	2	26683358	26726160
110485092	ENSELUG00000024579	cas2	2	26746971	26765817
110485098	ENSELUG00000005629	cas2	13	18174911	18202596
110485109	ENSELUG00000007849	cas1	13	22203012	22242594
110485145	ENSELUG00000001591	cas3	2	26897929	26903411
110485159	ENSELUG00000017520	cas2	13	36237911	36281974
110485161	ENSELUG00000018401	cas2	13	36857430	37073395
110485164	ENSELUG00000018543	cas3	13	37152429	37182020
110485166	ENSELUG00000019141	cas4	13	37628502	37631611
110485169	ENSELUG00000000839	cas5	13	37904093	37939039
110485171	ENSELUG00000021344	cas2	13	39993278	40050765
110485173	ENSELUG00000021530	cas2	13	40302533	40348028
110485175	ENSELUG00000024523	cas3	13	41132949	41250343
110485181	ENSELUG00000009285	cas2	13	43079791	43219400
110485183	ENSELUG00000009879	cas5	13	44222533	44224572
110485185	ENSELUG00000010543	cas2	13	44625249	44627425
110485188	ENSELUG00000011095	cas2	13	44878714	44943951
110485190	ENSELUG00000009953	cas3	13	45148564	45150974
110485191	ENSELUG00000001441	cas3	13	45194711	45195977
110485195	ENSELUG00000017963	cas2	13	46929503	47345934
110485203	ENSELUG00000019399	cas2	13	48623806	48665589
110485205	ENSELUG00000019773	cas2	13	48960905	49053966
110485210	ENSELUG00000023073	cas2	13	51010619	51230197
110485211	ENSELUG00000023839	cas6	13	51566960	51581205
110485215	ENSELUG00000024613	cas5	13	52048144	52091683
110485216	ENSELUG00000004264	cas2	13	52155640	52331576
110485219	ENSELUG00000004509	cas2	12	85427364	85452841
110485220	ENSELUG00000004553	cas2	12	85455313	85464098
110485222	ENSELUG00000004700	cas2	13	53093666	53107919
110485224	ENSELUG00000005274	cas2	2	27178987	27182559
110485226	ENSELUG00000005769	cas2	13	54272638	54300365
110485235	ENSELUG00000006646	cas5	13	55289150	55293431
110485236	ENSELUG00000006709	cas5	13	56035640	56088193
110485238	ENSELUG00000006865	cas2	13	55435136	55509918
110485244	ENSELUG00000007580	cas5	13	57112909	57129442
110485250	ENSELUG00000016737	cas2	13	58083262	58110194
110485252	ENSELUG00000016610	cas2	12	87813582	87846896
110485264	ENSELUG00000015616	cas2	12	88930216	88963678
110485269	ENSELUG00000015995	cas3	12	88694371	88717775
110485270	ENSELUG00000016052	cas4	12	88560843	88672771
110485272	ENSELUG00000015995	cas3	13	59270597	59288845
110485273	ENSELUG00000013709	cas2	12	92969151	93000050
110485274	ENSELUG00000013658	cas3	13	63419349	63421498
110485278	ENSELUG00000013572	cas2	12	93225594	93231639
110485279	ENSELUG00000013524	cas4	12	93312913	93318606
110485295	ENSELUG00000012240	cas2	13	68133252	68147557
110485307	ENSELUG00000014149	cas3	13	62330233	62361587
110485310	ENSELUG00000011048	cas2	13	70068170	70080888
110485311	ENSELUG00000010410	cas2	13	70044341	70063866
110485313	ENSELUG00000011048	cas2	12	97959753	97974748
110485321	ENSELUG00000012586	cas2	12	94713944	94786271
110485329	ENSELUG00000010100	cas2	13	69091454	69098600
110485337	ENSELUG00000023317	cas2	17	20382218	20391692
110485341	ENSELUG00000013566	cas7	13	3677684	3770907
110485343	ENSELUG00000021635	cas2	13	10682286	10694924
110485344	ENSELUG00000021659	cas2	13	10697026	10717367
110485345	ENSELUG00000021684	cas7	13	10717251	10731806
110485347	ENSELUG00000021759	cas3	17	18351829	18353534
110485357	ENSELUG00000013139	cas2	17	1077148	1124059
110485368	ENSELUG00000011568	cas3	17	8770569	8790115
110485390	ENSELUG00000012216	cas3	13	6429122	6450055
110485392	ENSELUG00000014445	cas2	17	11986355	11990911
110485426	ENSELUG00000012341	cas4	13	6600141	6649233
110485427	ENSELUG00000015607	cas4	17	10740240	10774225
110485432	ENSELUG00000015607	cas4	13	5756733	5783389
110485445	ENSELUG00000015427	cas2	13	5278946	5280863
110485446	ENSELUG00000016310	cas7	13	4098921	4114272
110485448	ENSELUG00000016310	cas7	17	12531105	12547254
110485463	ENSELUG00000017599	cas2	17	14000467	14013148
110485465	ENSELUG00000017599	cas2	17	12971060	12983708
110485466	ENSELUG00000005378	cas2	2	27288172	27303644
110485483	ENSELUG00000005433	cas2	2	27308514	27317719
110485487	ENSELUG00000018102	cas6	17	13178991	13180762
110485488	ENSELUG00000018102	cas6	17	14188563	14190302
110485489	ENSELUG00000018189	cas2	17	13222056	13254849
110485492	ENSELUG00000018256	cas5	17	13286956	13300529
110485493	ENSELUG00000018256	cas5	17	14275862	14289159
110485494	ENSELUG00000018223	cas2	17	13280562	13286294
110485496	ENSELUG00000018282	cas7	17	13303807	13339705
110485498	ENSELUG00000018282	cas7	17	14293700	14343967
110485500	ENSELUG00000005471	cas2	2	27321550	27331169
110485502	ENSELUG00000019136	cas2	13	7237567	7280710
110485504	ENSELUG00000018605	cas2	17	14507026	14531247
110485508	ENSELUG00000018785	cas2	17	13628154	13644563
110485509	ENSELUG00000018771	cas2	17	14627727	14647511
110485510	ENSELUG00000018726	cas2	17	13591039	13607295
110485511	ENSELUG00000018726	cas2	17	14601798	14627673
110485512	ENSELUG00000018623	cas4	17	13559708	13569844
110485518	ENSELUG00000023580	cas2	13	12887305	12891079
110485528	ENSELUG00000005621	cas2	2	27403665	27408989
110485532	ENSELUG00000022564	cas2	13	11722201	11723727
110485533	ENSELUG00000022564	cas2	17	19342084	19343598
110485537	ENSELUG00000022545	cas2	13	11706574	11712335
110485538	ENSELUG00000022545	cas2	17	19327672	19333234
110485541	ENSELUG00000022639	cas5	17	19524837	19539688
110485543	ENSELUG00000005605	cas2	2	27390590	27403425
110485547	ENSELUG00000022266	cas5	13	11515558	11536902
110485548	ENSELUG00000001625	cas5	13	11496517	11505553
110485550	ENSELUG00000022208	cas3	13	11434632	11446652
110485551	ENSELUG00000002944	cas3	1	13785727	14089464
110485553	ENSELUG00000001555	cas3	17	19029078	19032742
110485554	ENSELUG00000001555	cas3	13	11425756	11429422
110485557	ENSELUG00000020469	cas2	13	9520385	9539256
110485558	ENSELUG00000022191	cas2	13	11323643	11359141
110485559	ENSELUG00000022158	cas2	17	18785401	18797655
110485561	ENSELUG00000022179	cas2	17	18834551	18906677
110485562	ENSELUG00000022179	cas2	13	11216669	11273353
110485567	ENSELUG00000021972	cas2	17	18729226	18734603
110485568	ENSELUG00000021972	cas2	13	11123005	11128254
110485570	ENSELUG00000021948	cas3	13	11115135	11116092
110485576	ENSELUG00000021612	cas2	13	8165370	8168323
110485578	ENSELUG00000021605	cas2	13	8180481	8201020
110485582	ENSELUG00000000939	cas2	13	8225298	8262940
110485583	ENSELUG00000021480	cas3	13	8265675	8269690
110485584	ENSELUG00000021480	cas3	17	15936712	15938552
110485597	ENSELUG00000020502	cas5	13	9356000	9385805
110485598	ENSELUG00000020521	cas2	13	9275802	9351916
110485601	ENSELUG00000020053	cas2	17	17713823	17718539
110485602	ENSELUG00000020035	cas2	13	10097947	10102555
110485608	ENSELUG00000019716	cas5	17	18244091	18252194
110485610	ENSELUG00000019626	cas3	13	8058941	8080347
110485612	ENSELUG00000000862	cas2	13	8007814	8032920
110485613	ENSELUG00000019575	cas2	17	15627548	15704265
110485616	ENSELUG00000019549	cas5	13	7762808	7888031
110485617	ENSELUG00000022652	cas2	13	11906902	11938426
110485623	ENSELUG00000023017	cas3	17	20026043	20057092
110485625	ENSELUG00000023041	cas2	17	20061147	20063632
110485631	ENSELUG00000023164	cas3	13	12596679	12604498
110485632	ENSELUG00000023164	cas3	17	20260680	20270445
110485635	ENSELUG00000023242	cas2	17	20329640	20354129
110485636	ENSELUG00000023242	cas2	13	12660627	12684896
110485637	ENSELUG00000023317	cas2	13	12711684	12720418
110485639	ENSELUG00000023282	cas2	13	12697402	12703970
110485640	ENSELUG00000023282	cas2	17	20366308	20372836
110485641	ENSELUG00000023292	cas2	17	20373129	20375553
110485642	ENSELUG00000023292	cas2	13	12704380	12706636
110485643	ENSELUG00000023585	cas2	13	12900622	12904681
110485644	ENSELUG00000005828	cas3	2	27678308	27825113
110485645	ENSELUG00000023585	cas2	17	20567409	20571074
110485646	ENSELUG00000023645	cas2	17	20577653	20731967
110485647	ENSELUG00000023645	cas2	13	12908762	13083882
110485650	ENSELUG00000023690	cas2	13	13154136	13161168
110485651	ENSELUG00000023690	cas2	17	20797345	20804443
110485654	ENSELUG00000023722	cas3	17	20807097	20825381
110485655	ENSELUG00000023722	cas3	13	13163816	13178960
110485663	ENSELUG00000006120	cas2	2	27933389	28149975
110485665	ENSELUG00000023825	cas5	13	13265329	13294154
110485675	ENSELUG00000024309	cas2	17	21195654	21211664
110485676	ENSELUG00000024173	cas2	17	21138465	21162866
110485677	ENSELUG00000024173	cas2	13	13471224	13494372
110485678	ENSELUG00000024001	cas2	13	13439698	13458698
110485683	ENSELUG00000024325	cas2	13	13544642	13550664
110485686	ENSELUG00000024187	cas2	13	13519344	13524700
110485687	ENSELUG00000024309	cas2	13	13525979	13542068
110485689	ENSELUG00000002877	cas2	13	13753096	13762248
110485690	ENSELUG00000002872	cas2	13	13728512	13733700
110485691	ENSELUG00000001627	cas2	13	13699062	13724443
110485692	ENSELUG00000002861	cas2	13	13722821	13726634
110485694	ENSELUG00000024528	cas2	13	13674650	13681639
110485696	ENSELUG00000024468	cas2	13	13657453	13665295
110485698	ENSELUG00000024368	cas2	13	13600728	13614083
110485700	ENSELUG00000002946	cas2	13	13783518	13789038
110485703	ENSELUG00000002959	cas2	13	13789692	13803414
110485704	ENSELUG00000003039	cas2	13	13798753	13812069
110485706	ENSELUG00000002977	cas3	13	13813935	13819821
110485708	ENSELUG00000003023	cas2	13	13896731	13957622
110485710	ENSELUG00000003050	cas2	13	13962701	14089440
110485711	ENSELUG00000003076	cas2	13	14105067	14112666
110485713	ENSELUG00000003090	cas2	13	14112526	14116588
110485714	ENSELUG00000003100	cas3	13	14125150	14136711
110485715	ENSELUG00000000102	cas6	13	14137544	14175896
110485716	ENSELUG00000003151	cas3	13	14194310	14197459
110485719	ENSELUG00000003163	cas2	13	14284446	14287857
110485721	ENSELUG00000003172	cas2	13	14298243	14299604
110485724	ENSELUG00000004143	cas2	13	14308149	14314328
110485725	ENSELUG00000004115	cas3	13	14314608	14337392
110485727	ENSELUG00000003962	cas2	13	14362074	14369806
110485730	ENSELUG00000003859	cas2	13	14415041	14418756
110485731	ENSELUG00000003699	cas5	13	14488705	14498369
110485732	ENSELUG00000003667	cas3	13	14498997	14504273
110485734	ENSELUG00000001340	cas2	13	15066339	15118803
110485736	ENSELUG00000003444	cas5	13	14895830	14911145
110485737	ENSELUG00000003411	cas2	13	14911321	14946852
110485738	ENSELUG00000003489	cas4	13	14843540	14875152
110485739	ENSELUG00000003371	cas3	13	15245556	15267949
110485741	ENSELUG00000003254	cas2	13	15370390	15373541
110485742	ENSELUG00000003271	cas5	13	15367947	15370391
110485743	ENSELUG00000006452	cas2	2	28297202	28318817
110485744	ENSELUG00000003246	cas4	13	15376146	15383913
110485745	ENSELUG00000003222	cas2	13	15395301	15399275
110485752	ENSELUG00000004222	cas5	13	15454918	15456274
110485753	ENSELUG00000006492	cas2	2	28335510	28338650
110485754	ENSELUG00000004266	cas2	13	15519408	15525635
110485755	ENSELUG00000004308	cas7	13	15528003	15560385
110485756	ENSELUG00000004339	cas2	13	15567183	15632814
110485757	ENSELUG00000004368	cas2	13	15636962	15644361
110485758	ENSELUG00000004387	cas2	13	15646115	15663808
110485763	ENSELUG00000004508	cas2	13	15679762	15685132
110485764	ENSELUG00000004537	cas2	13	15742873	15769569
110485765	ENSELUG00000004561	cas2	13	15820474	15823466
110485767	ENSELUG00000004599	cas3	13	15844958	15852794
110485768	ENSELUG00000004764	cas2	13	15965856	16104020
110485772	ENSELUG00000006479	cas2	2	28331733	28334614
110485774	ENSELUG00000004895	cas2	13	16147770	16196975
110485792	ENSELUG00000005544	cas2	13	18069766	18076476
110485794	ENSELUG00000005551	cas2	13	18122169	18124885
110485796	ENSELUG00000000160	cas3	13	18203617	18218025
110485797	ENSELUG00000005781	cas2	13	18225172	18235534
110485803	ENSELUG00000005950	cas2	13	18372254	18411379
110485805	ENSELUG00000006104	cas2	13	18569500	18617857
110485807	ENSELUG00000006124	cas5	13	18619076	18623922
110485808	ENSELUG00000006165	cas5	13	18632052	18645428
110485813	ENSELUG00000006289	cas2	13	18852294	18854752
110485823	ENSELUG00000007167	cas2	13	19258659	19265560
110485824	ENSELUG00000007113	cas3	13	19277856	19332968
110485827	ENSELUG00000006554	cas2	13	19379408	19387327
110485835	ENSELUG00000006705	cas2	13	19495692	19584664
110485837	ENSELUG00000006729	cas2	13	19584801	19590924
110485870	ENSELUG00000010735	cas2	13	20230951	20250027
110485879	ENSELUG00000007000	cas3	2	28706863	28714039
110485881	ENSELUG00000010463	cas2	13	20294883	20298597
110485888	ENSELUG00000007016	cas3	2	28715392	28718511
110485906	ENSELUG00000009315	cas3	13	20914197	20916586
110485913	ENSELUG00000009096	cas2	13	20973244	20984654
110485950	ENSELUG00000007975	cas2	13	22150507	22193737
110485952	ENSELUG00000007680	cas2	13	22273348	22289965
110485953	ENSELUG00000007744	cas2	13	22243279	22270450
110485954	ENSELUG00000007704	cas2	13	22270461	22273346
110485958	ENSELUG00000007365	cas3	13	22344499	22415526
110485963	ENSELUG00000013268	cas2	13	22530805	22532985
110485973	ENSELUG00000013677	cas2	13	22766301	22834643
110485975	ENSELUG00000013863	cas2	13	23065422	23070647
110485976	ENSELUG00000013923	cas2	13	23071006	23077109
110485978	ENSELUG00000013993	cas2	13	23080663	23325301
110485979	ENSELUG00000002993	cas1	1	14172519	14185257
110485980	ENSELUG00000007261	cas2	2	28914821	28931101
110485983	ENSELUG00000014042	cas2	13	23330234	23353922
110485984	ENSELUG00000014077	cas2	13	23367205	23391112
110485985	ENSELUG00000014102	cas2	13	23402396	23441245
110485986	ENSELUG00000014335	cas2	13	23442487	23499325
110485990	ENSELUG00000007274	cas2	2	28931988	28951235
110485991	ENSELUG00000014492	cas2	13	23511706	23587698
110485995	ENSELUG00000014756	cas2	13	23679754	23685732
110485997	ENSELUG00000013103	cas2	13	23710527	23716337
110485998	ENSELUG00000007283	cas2	2	28977829	29007911
110485999	ENSELUG00000012818	cas2	13	23761786	23772997
110486000	ENSELUG00000013038	cas2	13	23728681	23754557
110486002	ENSELUG00000012985	cas2	13	23754159	23761800
110486004	ENSELUG00000001065	cas2	13	23807835	23865695
110486005	ENSELUG00000012544	cas2	13	23878481	23890527
110486007	ENSELUG00000012534	cas2	13	23894045	23912203
110486008	ENSELUG00000012510	cas2	13	23984759	23990432
110486010	ENSELUG00000012386	cas2	13	24066642	24084623
110486012	ENSELUG00000012493	cas2	13	24035212	24046678
110486013	ENSELUG00000012297	cas2	13	24086694	24134220
110486014	ENSELUG00000012264	cas2	13	24145212	24158953
110486015	ENSELUG00000000448	cas2	13	24160258	24169942
110486017	ENSELUG00000012166	cas2	13	24181436	24184545
110486019	ENSELUG00000012000	cas2	13	24261947	24300246
110486021	ENSELUG00000011957	cas2	13	24317048	24321237
110486022	ENSELUG00000011909	cas2	13	24326618	24341988
110486023	ENSELUG00000011877	cas2	13	24342462	24344998
110486024	ENSELUG00000011861	cas2	13	24349071	24350725
110486025	ENSELUG00000011722	cas2	13	24413520	24441284
110486034	ENSELUG00000015682	cas2	13	24707147	24718537
110486035	ENSELUG00000015731	cas2	13	24720012	24726010
110486037	ENSELUG00000015770	cas2	13	24902185	24903303
110486042	ENSELUG00000007347	cas2	2	29087417	29090611
110486043	ENSELUG00000015998	cas2	13	25109539	25141415
110486047	ENSELUG00000023376	cas4	13	25220536	25319211
110486054	ENSELUG00000003988	cas2	13	25441115	25455367
110486059	ENSELUG00000016285	cas1	13	25628764	25663083
110486061	ENSELUG00000016998	cas1	13	28861332	28904814
110486073	ENSELUG00000017198	cas4	13	29593544	29616626
110486076	ENSELUG00000017559	cas1	13	29740563	29786816
110486078	ENSELUG00000017830	cas3	13	29914364	29933793
110486080	ENSELUG00000018155	cas2	13	30130837	30142410
110486082	ENSELUG00000018396	cas2	13	30264043	30283045
110486084	ENSELUG00000018528	cas2	13	30296112	30308297
110486088	ENSELUG00000023079	cas2	17	20148321	20155640
110486090	ENSELUG00000013798	cas5	12	92503706	92526039
110486093	ENSELUG00000013815	cas2	12	92458493	92486264
110486127	ENSELUG00000001208	cas2	13	31623985	31627136
110486128	ENSELUG00000010599	cas2	13	31642382	31649841
110486130	ENSELUG00000010546	cas2	13	31666240	31673890
110486134	ENSELUG00000012482	cas2	13	32001741	32159164
110486146	ENSELUG00000013907	cas2	13	33001356	33230495
110486156	ENSELUG00000014339	cas2	13	33616963	33625459
110486163	ENSELUG00000001258	cas2	2	29478694	29489250
110486164	ENSELUG00000014706	cas2	13	33788735	33809285
110486166	ENSELUG00000014755	cas2	13	34091465	34148712
110486169	ENSELUG00000014720	cas2	13	34139572	34142659
110486173	ENSELUG00000014819	cas2	13	34178920	34182319
110486190	ENSELUG00000015433	cas2	13	34712159	34715782
110486192	ENSELUG00000007551	cas2	2	29496867	29512154
110486193	ENSELUG00000015441	cas2	13	34722212	34735641
110486194	ENSELUG00000015603	cas2	13	34894771	34906048
110486196	ENSELUG00000015724	cas4	13	34955716	34966896
110486202	ENSELUG00000016081	cas2	13	35076805	35107630
110486207	ENSELUG00000016202	cas2	13	35487925	35497727
110486209	ENSELUG00000016381	cas2	13	35537274	35547651
110486212	ENSELUG00000016507	cas2	13	35565730	35582423
110486213	ENSELUG00000016611	cas2	13	35621377	35623321
110486216	ENSELUG00000007620	cas5	2	29557303	29570811
110486219	ENSELUG00000017052	cas3	13	35862093	35864645
110486223	ENSELUG00000017233	cas2	13	36007038	36034651
110486224	ENSELUG00000017268	cas2	13	36035614	36039257
110486225	ENSELUG00000017285	cas2	13	36041771	36047808
110486233	ENSELUG00000017763	cas2	13	36363555	36368288
110486234	ENSELUG00000017776	cas1	13	36373524	36376546
110486235	ENSELUG00000017785	cas3	13	36389870	36397697
110486236	ENSELUG00000017838	cas2	13	36397822	36412496
110486237	ENSELUG00000017909	cas2	13	36413019	36443038
110486238	ENSELUG00000017925	cas2	12	69730257	69735305
110486239	ENSELUG00000017932	cas2	13	36505619	36522760
110486240	ENSELUG00000017967	cas2	13	36525639	36547943
110486241	ENSELUG00000018025	cas3	13	36561330	36582092
110486244	ENSELUG00000018077	cas2	13	36632446	36664344
110486249	ENSELUG00000000754	cas2	13	36688159	36692640
110486250	ENSELUG00000018295	cas3	13	36693180	36722611
110486251	ENSELUG00000018311	cas1	13	36726699	36732207
110486253	ENSELUG00000018344	cas2	13	36840781	36852060
110486259	ENSELUG00000018495	cas2	13	37120588	37133109
110486260	ENSELUG00000018516	cas2	13	37133819	37151534
110486261	ENSELUG00000018556	cas2	13	37183781	37186986
110486262	ENSELUG00000018604	cas3	13	37190627	37284114
110486264	ENSELUG00000018963	cas2	13	37458234	37479500
110486265	ENSELUG00000018982	cas2	13	37486500	37502910
110486266	ENSELUG00000018999	cas2	13	37580748	37586162
110486268	ENSELUG00000019123	cas4	13	37609264	37617259
110486270	ENSELUG00000019167	cas5	13	37647097	37651150
110486271	ENSELUG00000019221	cas2	13	37748605	37771147
110486272	ENSELUG00000019230	cas2	13	37841660	37844391
110486282	ENSELUG00000019721	cas2	13	38052549	38072296
110486283	ENSELUG00000019597	cas2	13	38023066	38034880
110486285	ENSELUG00000019689	cas2	13	38044043	38052087
110486286	ENSELUG00000019653	cas2	13	38035088	38043369
110486288	ENSELUG00000019848	cas2	13	38292212	38303843
110486290	ENSELUG00000019920	cas2	13	38327857	38365149
110486291	ENSELUG00000019895	cas2	13	38320060	38328756
110486292	ENSELUG00000020021	cas2	13	38369456	38390621
110486293	ENSELUG00000007840	cas2	2	29698659	29707941
110486296	ENSELUG00000020099	cas2	13	38474403	38482105
110486297	ENSELUG00000020113	cas2	13	38490118	38551806
110486298	ENSELUG00000020183	cas2	13	38554081	38573063
110486300	ENSELUG00000020224	cas2	13	38712701	38807558
110486302	ENSELUG00000020234	cas3	13	38876161	38877972
110486303	ENSELUG00000020262	cas2	13	38880258	38903688
110486305	ENSELUG00000020382	cas5	13	38934103	38962100
110486307	ENSELUG00000020472	cas2	13	39065164	39071223
110486308	ENSELUG00000000896	cas2	13	39083481	39092678
110486310	ENSELUG00000020524	cas2	13	39136920	39182995
110486311	ENSELUG00000020557	cas5	13	39220079	39223322
110486312	ENSELUG00000020603	cas2	13	39223868	39234624
110486313	ENSELUG00000020623	cas2	13	39248150	39250295
110486316	ENSELUG00000020751	cas2	13	39287434	39296189
110486317	ENSELUG00000020700	cas2	13	39281943	39287336
110486318	ENSELUG00000020887	cas2	13	39328367	39331966
110486319	ENSELUG00000020864	cas2	13	39322699	39328119
110486320	ENSELUG00000020900	cas2	13	39526773	39615110
110486321	ENSELUG00000020915	cas2	13	39679600	39693838
110486323	ENSELUG00000021003	cas3	13	39739422	39760173
110486324	ENSELUG00000021045	cas2	13	39767116	39797737
110486332	ENSELUG00000021252	cas2	13	39973210	39982146
110486338	ENSELUG00000021492	cas2	13	40187986	40216345
110486339	ENSELUG00000021685	cas2	13	40397261	40406809
110486340	ENSELUG00000003114	cas1	1	14318536	14349627
110486343	ENSELUG00000021658	cas2	13	40359795	40370035
110486344	ENSELUG00000021577	cas2	13	40352093	40354570
110486345	ENSELUG00000021672	cas5	13	40388944	40397229
110486346	ENSELUG00000021693	cas3	13	40410678	40413435
110486347	ENSELUG00000021768	cas4	13	40439338	40484785
110486359	ENSELUG00000022513	cas2	13	40638211	40660823
110486363	ENSELUG00000000987	cas5	13	40749095	40775504
110486365	ENSELUG00000023410	cas2	13	40844051	40859584
110486366	ENSELUG00000023490	cas2	13	40863806	40869040
110486367	ENSELUG00000023511	cas2	13	40869151	40871662
110486373	ENSELUG00000023699	cas3	13	40989587	40993993
110486377	ENSELUG00000024488	cas2	13	41065494	41087276
110486380	ENSELUG00000006308	cas2	13	41524871	41529749
110486382	ENSELUG00000006223	cas2	13	41460389	41507736
110486383	ENSELUG00000006337	cas2	13	41541160	41553591
110486386	ENSELUG00000006472	cas3	13	41581698	41594890
110486388	ENSELUG00000006495	cas2	13	41594491	41603120
110486392	ENSELUG00000006546	cas2	13	41716379	41724910
110486393	ENSELUG00000006560	cas3	13	41725115	41731059
110486394	ENSELUG00000006622	cas2	13	41739508	41772444
110486395	ENSELUG00000006654	cas3	13	41773456	41777013
110486396	ENSELUG00000006701	cas3	13	41778349	41857626
110486398	ENSELUG00000008447	cas2	2	29880225	29900765
110486399	ENSELUG00000006897	cas2	13	41871648	42008584
110486400	ENSELUG00000001611	cas2	13	42007646	42015906
110486401	ENSELUG00000007133	cas2	13	42047390	42133078
110486402	ENSELUG00000000256	cas2	13	42133629	42142203
110486404	ENSELUG00000007207	cas3	13	42155174	42158198
110486408	ENSELUG00000007292	cas2	13	42377294	42395739
110486410	ENSELUG00000007331	cas5	13	42395802	42424908
110486414	ENSELUG00000007572	cas2	13	42479024	42484604
110486416	ENSELUG00000000279	cas2	13	42523876	42528284
110486417	ENSELUG00000007725	cas3	13	42536433	42543540
110486421	ENSELUG00000007878	cas3	13	42572799	42588640
110486422	ENSELUG00000008057	cas2	13	42612627	42616732
110486429	ENSELUG00000008210	cas2	13	42700605	42724376
110486430	ENSELUG00000008252	cas2	13	42725254	42734581
110486431	ENSELUG00000008292	cas2	13	42735313	42750349
110486433	ENSELUG00000000309	cas6	13	42787639	42794171
110486436	ENSELUG00000000319	cas2	13	42794608	42797362
110486437	ENSELUG00000008577	cas2	13	42833554	42855208
110486439	ENSELUG00000008582	cas2	13	42866847	42869075
110486442	ENSELUG00000008788	cas2	13	42922020	42931979
110486443	ENSELUG00000008759	cas3	13	42911916	42921879
110486444	ENSELUG00000008812	cas5	13	42932944	42948586
110486445	ENSELUG00000008885	cas2	13	42951079	42953306
110486446	ENSELUG00000008971	cas5	13	42993642	43003153
110486447	ENSELUG00000008911	cas2	13	42963102	42990476
110486449	ENSELUG00000008949	cas2	13	42990701	42993308
110486452	ENSELUG00000009036	cas2	13	43018526	43020625
110486455	ENSELUG00000009174	cas2	13	43039494	43049749
110486458	ENSELUG00000000346	cas4	13	43265779	43272054
110486462	ENSELUG00000008674	cas2	2	30097171	30103693
110486463	ENSELUG00000009415	cas2	13	43346778	43353148
110486464	ENSELUG00000009448	cas2	13	43397744	43402308
110486465	ENSELUG00000009458	cas2	13	43406158	43407943
110486467	ENSELUG00000009495	cas3	13	43415407	43418459
110486473	ENSELUG00000008761	cas2	2	30115535	30168611
110486474	ENSELUG00000009601	cas2	13	43764967	43948465
110486476	ENSELUG00000000354	cas2	13	43973455	43974722
110486477	ENSELUG00000009679	cas2	13	43978784	43992248
110486478	ENSELUG00000009759	cas2	13	44016590	44021722
110486479	ENSELUG00000009773	cas2	13	44024053	44029014
110486480	ENSELUG00000001292	cas2	13	44021777	44025074
110486481	ENSELUG00000001392	cas3	2	30179985	30205554
110486482	ENSELUG00000009816	cas2	13	44053297	44067701
110486484	ENSELUG00000009782	cas3	13	44029955	44043512
110486487	ENSELUG00000009838	cas5	13	44072439	44087652
110486489	ENSELUG00000009874	cas5	13	44121355	44169150
110486494	ENSELUG00000001207	cas2	13	44240194	44244313
110486496	ENSELUG00000009955	cas3	13	44295576	44311575
110486497	ENSELUG00000010087	cas2	13	44320001	44342927
110486498	ENSELUG00000010142	cas2	13	44344598	44352509
110486499	ENSELUG00000010183	cas2	13	44360414	44370469
110486500	ENSELUG00000000372	cas2	13	44377441	44397427
110486501	ENSELUG00000010295	cas2	13	44399077	44413719
110486502	ENSELUG00000010448	cas2	13	44496966	44510125
110486504	ENSELUG00000010461	cas2	13	44513282	44545484
110486505	ENSELUG00000003131	cas1	1	14350545	14495848
110486506	ENSELUG00000010494	cas2	13	44554447	44601022
110486510	ENSELUG00000010581	cas2	13	44656990	44663565
110486511	ENSELUG00000010704	cas3	13	44699535	44731365
110486513	ENSELUG00000010652	cas2	13	44682056	44690065
110486516	ENSELUG00000010871	cas2	13	44760430	44772324
110486517	ENSELUG00000010823	cas2	13	44753007	44760092
110486518	ENSELUG00000010844	cas2	13	44772602	44774634
110486521	ENSELUG00000010978	cas2	13	44856937	44864226
110486523	ENSELUG00000000396	cas2	13	44944449	44956000
110486526	ENSELUG00000010247	cas2	13	44967689	44996127
110486545	ENSELUG00000009534	cas2	13	45484798	45524322
110486548	ENSELUG00000009107	cas2	13	45621533	45627020
110486554	ENSELUG00000008813	cas2	13	45710149	45716653
110486559	ENSELUG00000009040	cas3	2	30314585	30321121
110486560	ENSELUG00000017017	cas2	13	45912255	45931007
110486564	ENSELUG00000017153	cas2	12	79049969	79053051
110486568	ENSELUG00000017281	cas7	13	46212178	46228955
110486569	ENSELUG00000017322	cas2	13	46230384	46235927
110486573	ENSELUG00000017354	cas5	13	46257363	46272370
110486582	ENSELUG00000017609	cas2	13	46483136	46485100
110486585	ENSELUG00000009148	cas2	2	30352768	30359695
110486588	ENSELUG00000017703	cas2	13	46559808	46565672
110486589	ENSELUG00000017761	cas2	13	46571242	46672347
110486590	ENSELUG00000017819	cas5	13	46827752	46914958
110486591	ENSELUG00000018011	cas2	13	47395330	47400760
110486594	ENSELUG00000018084	cas2	13	47460436	47466735
110486607	ENSELUG00000000778	cas2	13	47875406	47912448
110486612	ENSELUG00000018459	cas5	13	47952948	47960452
110486620	ENSELUG00000018573	cas2	13	48094411	48102030
110486624	ENSELUG00000018698	cas2	13	48197514	48204821
110486626	ENSELUG00000018709	cas2	13	48219979	48231937
110486637	ENSELUG00000003154	cas1	1	14494810	14529940
110486644	ENSELUG00000019220	cas2	13	48532510	48540487
110486649	ENSELUG00000000845	cas3	13	48689028	48697978
110486650	ENSELUG00000019475	cas5	13	48698203	48704379
110486651	ENSELUG00000019479	cas5	13	48705713	48724776
110486652	ENSELUG00000019500	cas5	13	48731139	48739071
110486653	ENSELUG00000019562	cas2	13	48748015	48796028
110486654	ENSELUG00000019583	cas2	13	48824468	48831876
110486656	ENSELUG00000019674	cas2	13	48875671	48936482
110486657	ENSELUG00000019710	cas2	13	48946728	48956570
110486659	ENSELUG00000019807	cas6	13	49065331	49078168
110486660	ENSELUG00000019861	cas2	13	49081433	49096321
110486661	ENSELUG00000019899	cas2	13	49104102	49113258
110486662	ENSELUG00000019878	cas2	13	49100007	49104036
110486665	ENSELUG00000019910	cas3	13	49114958	49130957
110486670	ENSELUG00000019951	cas5	13	49210465	49213419
110486671	ENSELUG00000019919	cas2	13	49198846	49202693
110486673	ENSELUG00000019963	cas3	13	49215758	49219547
110486674	ENSELUG00000000886	cas2	13	49267608	49277799
110486675	ENSELUG00000020048	cas4	13	49251627	49263335
110486679	ENSELUG00000000888	cas2	13	49300153	49312989
110486682	ENSELUG00000020204	cas7	13	49326722	49339857
110486683	ENSELUG00000020298	cas2	13	49365418	49369859
110486684	ENSELUG00000020329	cas7	13	49370238	49384522
110486686	ENSELUG00000000898	cas3	13	49467766	49485525
110486687	ENSELUG00000020528	cas2	13	49486817	49504819
110486688	ENSELUG00000020593	cas3	13	49515050	49522522
110486690	ENSELUG00000020637	cas2	13	49522530	49530733
110486692	ENSELUG00000020657	cas2	13	49530771	49533590
110486693	ENSELUG00000020709	cas3	13	49533020	49551503
110486695	ENSELUG00000020723	cas3	13	49558788	49567825
110486696	ENSELUG00000020756	cas7	13	49571508	49577269
110486698	ENSELUG00000021845	cas5	13	49831067	49853671
110486699	ENSELUG00000021915	cas5	13	49970722	50040333
110486705	ENSELUG00000009552	cas2	2	30748055	30758543
110486706	ENSELUG00000022131	cas2	13	50130444	50135992
110486707	ENSELUG00000022103	cas2	13	50127555	50130302
110486709	ENSELUG00000009592	cas3	2	30779459	30798791
110486710	ENSELUG00000022078	cas2	13	50123190	50127201
110486711	ENSELUG00000022180	cas4	13	50152380	50600432
110486712	ENSELUG00000022239	cas2	13	50625720	50631000
110486717	ENSELUG00000022357	cas2	13	50682397	50690002
110486718	ENSELUG00000022350	cas4	13	50659213	50681790
110486719	ENSELUG00000022407	cas2	13	50690182	50697090
110486720	ENSELUG00000022338	cas3	13	50655021	50658896
110486721	ENSELUG00000022433	cas2	13	50699063	50704298
110486723	ENSELUG00000022510	cas5	13	50715377	50719819
110486724	ENSELUG00000009636	cas2	2	30798780	30807966
110486726	ENSELUG00000022776	cas2	13	50832804	50876302
110486727	ENSELUG00000001414	cas2	2	30761285	30773403
110486729	ENSELUG00000022789	cas3	13	50885729	50894479
110486730	ENSELUG00000022785	cas2	13	50876515	50883694
110486735	ENSELUG00000023271	cas4	13	51344378	51373991
110486737	ENSELUG00000023399	cas5	13	51394436	51404580
110486738	ENSELUG00000023426	cas5	13	51405257	51412417
110486740	ENSELUG00000023435	cas3	13	51422590	51424573
110486741	ENSELUG00000023492	cas2	13	51427685	51441706
110486742	ENSELUG00000023631	cas5	13	51442887	51464818
110486743	ENSELUG00000023698	cas4	13	51470090	51508651
110486745	ENSELUG00000023760	cas5	13	51562364	51566331
110486749	ENSELUG00000023942	cas7	13	51592159	51607002
110486760	ENSELUG00000023861	cas5	13	51581861	51585591
110486767	ENSELUG00000004289	cas6	13	52374824	52390015
110486770	ENSELUG00000004456	cas3	12	85241714	85347238
110486773	ENSELUG00000004456	cas3	13	52452794	52612169
110486774	ENSELUG00000004509	cas2	13	52705551	52731809
110486776	ENSELUG00000004553	cas2	13	52730378	52741555
110486782	ENSELUG00000004718	cas2	13	53116272	53122404
110486783	ENSELUG00000004742	cas6	12	85975935	85979930
110486786	ENSELUG00000005241	cas2	13	53607021	53638313
110486787	ENSELUG00000005283	cas2	13	53641894	53658826
110486790	ENSELUG00000005388	cas5	13	53680096	53690204
110486791	ENSELUG00000005464	cas2	13	53699239	53708270
110486792	ENSELUG00000005419	cas2	13	53690460	53694370
110486794	ENSELUG00000005502	cas2	13	53713123	53725269
110486798	ENSELUG00000005558	cas2	12	95327588	95377378
110486799	ENSELUG00000005574	cas5	13	53793576	53803352
110486800	ENSELUG00000001391	cas5	13	53806640	54049592
110486805	ENSELUG00000021356	cas7	17	16294009	16359266
110486806	ENSELUG00000005769	cas2	12	95823882	95848439
110486813	ENSELUG00000006022	cas5	13	54701105	54710557
110486827	ENSELUG00000006388	cas2	13	54833110	54889445
110486837	ENSELUG00000001391	cas5	12	95395260	95621138
110486840	ENSELUG00000006548	cas3	13	54925567	54933422
110486846	ENSELUG00000006568	cas3	13	54939020	54940491
110486847	ENSELUG00000006621	cas2	13	55254697	55276671
110486849	ENSELUG00000006669	cas2	13	55312290	55316734
110486852	ENSELUG00000009766	cas2	2	31192463	31196175
110486855	ENSELUG00000006813	cas3	13	56114163	56121445
110486860	ENSELUG00000007151	cas3	13	56962077	57007990
110486861	ENSELUG00000007358	cas2	12	87023418	87027935
110486862	ENSELUG00000007358	cas2	13	57048932	57053449
110486866	ENSELUG00000007580	cas5	12	86929076	86961147
110486867	ENSELUG00000007742	cas5	13	57164102	57174758
110486869	ENSELUG00000007742	cas5	12	86898624	86909764
110486870	ENSELUG00000007805	cas2	12	86883696	86897295
110486871	ENSELUG00000007541	cas7	13	57100202	57112612
110486872	ENSELUG00000007541	cas7	12	86961557	86974236
110486874	ENSELUG00000007624	cas7	13	57149314	57155987
110486875	ENSELUG00000007624	cas7	12	86919159	86924557
110486878	ENSELUG00000007454	cas5	12	86981439	86983662
110486882	ENSELUG00000007655	cas7	13	57156086	57161892
110486883	ENSELUG00000007655	cas7	12	86911987	86917815
110486888	ENSELUG00000007880	cas2	13	57196436	57209899
110486890	ENSELUG00000007880	cas2	12	86864611	86876431
110486910	ENSELUG00000008217	cas2	13	57638431	57655068
110486912	ENSELUG00000008308	cas5	13	57666215	57697821
110486913	ENSELUG00000008399	cas2	13	57707292	57727687
110486914	ENSELUG00000008445	cas2	13	57728189	57739064
110486915	ENSELUG00000008375	cas2	13	57698059	57706813
110486916	ENSELUG00000008531	cas3	13	57744990	57768073
110486924	ENSELUG00000016756	cas3	12	87547913	87550668
110486926	ENSELUG00000016746	cas2	12	87555190	87558460
110486927	ENSELUG00000016746	cas2	13	58055025	58058043
110486929	ENSELUG00000016832	cas5	13	57847447	57857994
110486935	ENSELUG00000016808	cas2	13	57845786	57848186
110486936	ENSELUG00000008680	cas5	13	57810898	57837364
110486937	ENSELUG00000016675	cas3	13	58242507	58274289
110486940	ENSELUG00000009960	cas2	2	31317605	31352632
110486944	ENSELUG00000016675	cas3	12	87750401	87776543
110486945	ENSELUG00000016651	cas2	13	58286258	58295388
110486946	ENSELUG00000016540	cas3	13	58372669	58426053
110486958	ENSELUG00000010060	cas2	2	31366329	31388549
110486965	ENSELUG00000014640	cas3	13	61546265	61550711
110486967	ENSELUG00000014894	cas2	12	90186075	90190418
110486977	ENSELUG00000014963	cas3	12	89925665	89955631
110486981	ENSELUG00000015003	cas5	13	60386921	60393020
110486998	ENSELUG00000015345	cas5	13	59912124	59920162
110487000	ENSELUG00000015345	cas5	12	89374398	89387087
110487001	ENSELUG00000015324	cas5	12	89387323	89397831
110487012	ENSELUG00000015616	cas2	13	59481481	59516940
110487015	ENSELUG00000015590	cas5	12	88970623	88992061
110487017	ENSELUG00000010466	cas2	2	31765201	31777787
110487018	ENSELUG00000016019	cas7	13	59259962	59266636
110487022	ENSELUG00000016019	cas7	12	88683421	88690112
110487024	ENSELUG00000016052	cas4	13	59140070	59251086
110487029	ENSELUG00000013207	cas2	13	63973280	64040299
110487032	ENSELUG00000014456	cas2	12	91485274	91493327
110487033	ENSELUG00000014437	cas2	13	62030676	62064793
110487040	ENSELUG00000014456	cas2	13	62019705	62025559
110487052	ENSELUG00000014362	cas2	12	91632219	91676775
110487054	ENSELUG00000014336	cas5	12	91681435	91691356
110487055	ENSELUG00000014258	cas2	12	91701936	91723847
110487058	ENSELUG00000014362	cas2	13	62120785	62160094
110487059	ENSELUG00000014258	cas2	13	62184006	62205304
110487060	ENSELUG00000014220	cas3	12	91839398	91841216
110487062	ENSELUG00000010807	cas3	2	32056519	32063386
110487063	ENSELUG00000014220	cas3	13	62317651	62319367
110487064	ENSELUG00000014070	cas2	13	62506293	62512429
110487070	ENSELUG00000014099	cas3	12	91880276	91886997
110487086	ENSELUG00000013756	cas2	12	92873659	92877180
110487087	ENSELUG00000013927	cas2	13	62607624	62735715
110487092	ENSELUG00000011173	cas2	13	70155053	70167724
110487093	ENSELUG00000011173	cas2	12	97865654	97878576
110487094	ENSELUG00000011137	cas2	13	70120183	70143113
110487113	ENSELUG00000010430	cas2	13	70029544	70042528
110487124	ENSELUG00000010886	cas2	12	98425760	98564239
110487125	ENSELUG00000011000	cas2	2	32356928	32365347
110487128	ENSELUG00000010615	cas5	12	98266055	98283153
110487133	ENSELUG00000010636	cas2	13	69774743	69798355
110487134	ENSELUG00000010596	cas5	13	69824096	69828631
110487135	ENSELUG00000010615	cas5	13	69801336	69821081
110487136	ENSELUG00000013472	cas2	13	73000903	73014178
110487137	ENSELUG00000013491	cas2	13	73017755	73030221
110487148	ENSELUG00000011980	cas2	12	96874784	96897190
110487151	ENSELUG00000013798	cas5	13	62937168	62957406
110487152	ENSELUG00000011028	cas2	2	32370802	32373873
110487153	ENSELUG00000013709	cas2	13	63377188	63406484
110487154	ENSELUG00000013572	cas2	13	63535019	63541178
110487171	ENSELUG00000013911	cas2	13	3406852	3409687
110487211	ENSELUG00000012273	cas2	13	6470473	6508696
110487212	ENSELUG00000012273	cas2	17	9961230	10002435
110487215	ENSELUG00000013362	cas4	17	10733342	10738963
110487219	ENSELUG00000015520	cas4	13	5331374	5345938
110487220	ENSELUG00000011208	cas1	2	32477650	32489444
110487221	ENSELUG00000016361	cas5	13	4057033	4098713
110487229	ENSELUG00000018223	cas2	17	14270156	14275195
110487230	ENSELUG00000022652	cas2	17	19540854	19581027
110487235	ENSELUG00000022639	cas5	13	11892173	11905783
110487244	ENSELUG00000021605	cas2	17	15850674	15871731
110487246	ENSELUG00000021447	cas6	13	8276453	8318343
110487250	ENSELUG00000021447	cas6	17	15947058	15974559
110487251	ENSELUG00000011519	cas2	2	32569440	32582549
110487255	ENSELUG00000000913	cas2	13	8828237	8840946
110487257	ENSELUG00000020607	cas2	13	9208432	9222891
110487260	ENSELUG00000019656	cas2	17	15761902	15775145
110487262	ENSELUG00000019626	cas3	17	15744215	15760194
110487267	ENSELUG00000023017	cas3	13	12365420	12391198
110487273	ENSELUG00000023232	cas2	13	12615076	12639173
110487275	ENSELUG00000023679	cas2	13	13141743	13143937
110487277	ENSELUG00000023825	cas5	17	20911657	20941898
110487281	ENSELUG00000024001	cas2	17	21103117	21122065
110487282	ENSELUG00000024187	cas2	17	21188137	21194609
110487284	ENSELUG00000024602	cas3	13	13681729	13689683
110487289	ENSELUG00000003460	cas4	13	14875843	14891457
110487290	ENSELUG00000011580	cas2	2	32592663	32597152
110487291	ENSELUG00000001120	cas2	13	14804668	14843432
110487295	ENSELUG00000004952	cas3	13	16200754	16262549
110487299	ENSELUG00000005119	cas2	13	16355963	16359445
110487327	ENSELUG00000001149	cas2	2	32597101	32605620
110487339	ENSELUG00000011302	cas4	17	247497	253151
110487344	ENSELUG00000014116	cas2	13	3387801	3406583
110487370	ENSELUG00000011842	cas3	2	32855765	32868211
110487385	ENSELUG00000003188	cas1	1	14955950	14959313
110487423	ENSELUG00000013344	cas2	12	93513854	93541202
110487425	ENSELUG00000013658	cas3	12	93016163	93018006
110487432	ENSELUG00000013690	cas2	13	63409911	63418900
110487433	ENSELUG00000013578	cas3	13	63522213	63534446
110487434	ENSELUG00000013578	cas3	12	93213929	93225023
110487435	ENSELUG00000013690	cas2	12	93007820	93016002
110487436	ENSELUG00000013383	cas4	13	63814079	63821216
110487438	ENSELUG00000013383	cas4	12	93490576	93497015
110487439	ENSELUG00000013563	cas3	13	63601737	63626291
110487443	ENSELUG00000013462	cas5	12	93366895	93377770
110487444	ENSELUG00000013430	cas5	13	63714382	63721873
110487445	ENSELUG00000021491	cas2	26	48562877	48618892
110487446	ENSELUG00000013367	cas4	13	63820224	63825369
110487448	ENSELUG00000013356	cas7	12	93503292	93513218
110487451	ENSELUG00000013654	cas2	12	93018599	93022618
110487454	ENSELUG00000013344	cas2	13	63838394	63863342
110487455	ENSELUG00000013524	cas4	13	63627507	63633142
110487456	ENSELUG00000013462	cas5	13	63700749	63711702
110487457	ENSELUG00000013430	cas5	12	93381051	93392268
110487461	ENSELUG00000011994	cas2	2	32939047	32968489
110487473	ENSELUG00000013148	cas2	13	64046974	64078936
110487476	ENSELUG00000013057	cas2	13	64083358	64109709
110487478	ENSELUG00000012784	cas7	13	64250942	64252653
110487479	ENSELUG00000012012	cas2	2	32988834	33002006
110487504	ENSELUG00000013139	cas2	17	7566150	7599621
110487512	ENSELUG00000023764	cas3	17	20826047	20832359
110487513	ENSELUG00000023764	cas3	13	13179595	13185984
110487518	ENSELUG00000006957	cas2	13	19370118	19372822
110487532	ENSELUG00000014247	cas2	13	33543111	33545531
110487537	ENSELUG00000018145	cas2	13	36685096	36687505
110487538	ENSELUG00000000805	cas2	13	37565631	37567727
110487542	ENSELUG00000007480	cas3	13	42469256	42477053
110487546	ENSELUG00000009737	cas2	13	43998452	44010679
110487552	ENSELUG00000001143	cas4	13	48683982	48686124
110487560	ENSELUG00000013032	cas2	13	71916182	71969216
110487610	ENSELUG00000005830	cas1	32	37421586	37425095
110487628	ENSELUG00000007195	cas1	32	37845022	37861118
110487629	ENSELUG00000012263	cas5	2	33254556	33256182
110487630	ENSELUG00000000263	cas3	32	37797608	37811040
110487634	ENSELUG00000005461	cas1	32	37099833	37195775
110487637	ENSELUG00000005771	cas1	32	37333273	37357535
110487638	ENSELUG00000001569	cas1	32	37543857	37586681
110487640	ENSELUG00000007673	cas1	32	37496075	37522343
110487686	ENSELUG00000002324	cas2	7	700093	708877
110487720	ENSELUG00000018715	cas1	14	8028872	8305748
110487723	ENSELUG00000004167	cas1	14	8808895	8816925
110487726	ENSELUG00000003861	cas1	14	9233966	9246223
110487728	ENSELUG00000003107	cas1	14	10299618	10328970
110487733	ENSELUG00000024531	cas1	14	12968798	12981689
110487753	ENSELUG00000018747	cas1	14	24226819	24323671
110487762	ENSELUG00000008756	cas1	14	26813002	26864977
110487764	ENSELUG00000009180	cas1	14	26638090	26645398
110487773	ENSELUG00000012939	cas3	2	33648123	33662621
110487779	ENSELUG00000005041	cas2	14	31337902	31380553
110487785	ENSELUG00000023338	cas2	14	34307144	34339240
110487786	ENSELUG00000024375	cas2	14	33499100	33753408
110487797	ENSELUG00000000473	cas2	2	33668143	33694941
110487807	ENSELUG00000014953	cas4	32	1280933	1361298
110487809	ENSELUG00000016921	cas6	32	1657979	1692646
110487812	ENSELUG00000016790	cas2	32	1849460	1851250
110487814	ENSELUG00000015223	cas2	32	154976	174427
110487822	ENSELUG00000016538	cas2	32	2766685	2800192
110487823	ENSELUG00000016459	cas2	32	2816476	2845566
110487829	ENSELUG00000003309	cas1	1	15069112	15070898
110487831	ENSELUG00000016175	cas2	32	5002978	5011804
110487843	ENSELUG00000016078	cas2	32	5452348	5468330
110487845	ENSELUG00000017228	cas1	32	6309578	6326946
110487846	ENSELUG00000018965	cas1	32	6472333	6550210
110487849	ENSELUG00000018796	cas1	32	6903776	6907275
110487851	ENSELUG00000018697	cas1	32	6916989	6942356
110487852	ENSELUG00000018597	cas1	32	7016230	7044759
110487854	ENSELUG00000000774	cas1	32	7897661	7919450
110487855	ENSELUG00000018435	cas1	32	7856168	7873490
110487857	ENSELUG00000000791	cas2	32	7596788	7612326
110487858	ENSELUG00000018566	cas5	32	7527363	7563038
110487859	ENSELUG00000000795	cas2	32	7571850	7590800
110487866	ENSELUG00000013120	cas2	2	33733444	33746441
110487869	ENSELUG00000018007	cas4	32	8808607	8821794
110487876	ENSELUG00000013167	cas2	2	33749647	33758792
110487879	ENSELUG00000000696	cas2	32	9005647	9019469
110487881	ENSELUG00000017551	cas2	32	9335310	9343247
110487882	ENSELUG00000024535	cas1	32	9382727	9386344
110487883	ENSELUG00000024572	cas1	32	9410313	9429688
110487897	ENSELUG00000002548	cas1	32	10082281	10119458
110487905	ENSELUG00000002905	cas1	32	10541656	10568730
110487910	ENSELUG00000000098	cas1	32	10670248	10675600
110487912	ENSELUG00000003252	cas1	32	10868295	10952475
110487913	ENSELUG00000003203	cas1	32	10843932	10867141
110487915	ENSELUG00000013267	cas2	2	33873905	33880108
110487919	ENSELUG00000003691	cas1	32	11274255	11455993
110487921	ENSELUG00000003794	cas4	32	11545239	11548738
110487922	ENSELUG00000004309	cas1	32	12119349	12125244
110487924	ENSELUG00000004334	cas1	32	12146678	12153737
110487928	ENSELUG00000003983	cas1	32	11767294	11811708
110487931	ENSELUG00000004027	cas1	32	11815107	11841142
110487932	ENSELUG00000004051	cas1	32	11906205	11909631
110487934	ENSELUG00000004101	cas1	32	11931558	11959079
110487943	ENSELUG00000004814	cas1	32	14044360	14049475
110487947	ENSELUG00000004945	cas6	32	14411980	14415021
110487948	ENSELUG00000005012	cas1	32	14418618	14459316
110487950	ENSELUG00000005024	cas1	32	14451755	14458488
110487951	ENSELUG00000004998	cas1	32	14441889	14445381
110487952	ENSELUG00000005036	cas1	32	14460519	14463907
110487955	ENSELUG00000005073	cas1	32	14475557	14481882
110487957	ENSELUG00000005123	cas1	32	14482766	14485824
110487959	ENSELUG00000019241	cas3	14	41317663	41358875
110487967	ENSELUG00000005385	cas1	32	14687912	14726969
110487969	ENSELUG00000000150	cas1	32	14761112	14793523
110487973	ENSELUG00000005811	cas1	32	14895676	14908383
110487974	ENSELUG00000005846	cas1	32	14912317	14918635
110487975	ENSELUG00000005947	cas1	32	14933643	14972153
110487979	ENSELUG00000006125	cas1	32	15055237	15109818
110487981	ENSELUG00000006244	cas1	32	15131738	15188784
110487983	ENSELUG00000006462	cas1	32	15445447	15455152
110487984	ENSELUG00000006508	cas1	32	15458695	15474470
110487985	ENSELUG00000006590	cas1	32	15519232	15562957
110487987	ENSELUG00000006629	cas1	32	15592911	15605716
110487991	ENSELUG00000006759	cas1	32	15705040	15809715
110487992	ENSELUG00000006791	cas1	32	15817612	15861916
110487993	ENSELUG00000006888	cas1	32	15882279	15892483
110487994	ENSELUG00000006921	cas1	32	15906694	15921284
110487995	ENSELUG00000006937	cas1	32	15923352	15937221
110487996	ENSELUG00000006986	cas1	32	15937303	15945277
110487998	ENSELUG00000000809	cas6	32	16000710	16007989
110488000	ENSELUG00000019194	cas1	32	16050128	16058601
110488004	ENSELUG00000001211	cas1	32	16069041	16081246
110488005	ENSELUG00000013436	cas2	2	34177043	34185964
110488006	ENSELUG00000001126	cas1	32	16084054	16086448
110488016	ENSELUG00000019754	cas1	32	16463563	16487955
110488019	ENSELUG00000020163	cas1	32	16785333	16786839
110488021	ENSELUG00000020617	cas1	32	16846734	16955570
110488022	ENSELUG00000020264	cas1	32	16830708	16834652
110488027	ENSELUG00000001216	cas1	32	17368768	17374337
110488030	ENSELUG00000021116	cas1	32	17380169	17388113
110488036	ENSELUG00000021291	cas1	32	17763006	17784596
110488037	ENSELUG00000021332	cas1	32	17787777	17812354
110488039	ENSELUG00000021550	cas1	32	18324517	18449153
110488041	ENSELUG00000021746	cas1	32	18556630	18579481
110488042	ENSELUG00000021617	cas1	32	18548953	18557288
110488043	ENSELUG00000021829	cas1	32	18607196	18669361
110488044	ENSELUG00000021886	cas1	32	18676433	18696172
110488045	ENSELUG00000022099	cas1	32	18803718	18962860
110488046	ENSELUG00000022057	cas1	32	18860023	18867355
110488047	ENSELUG00000022164	cas1	32	18993070	18998551
110488051	ENSELUG00000022228	cas1	32	19119951	19124074
110488052	ENSELUG00000022309	cas1	32	19354178	19379095
110488056	ENSELUG00000013678	cas2	2	34350218	34366288
110488060	ENSELUG00000022866	cas1	32	19795524	19804235
110488064	ENSELUG00000008178	cas1	32	21190669	21203019
110488072	ENSELUG00000007901	cas4	32	21307505	21310195
110488073	ENSELUG00000007888	cas1	32	21312509	21320395
110488074	ENSELUG00000007815	cas1	32	21337692	21345916
110488077	ENSELUG00000007755	cas1	32	21358261	21388079
110488079	ENSELUG00000007721	cas1	32	21392004	21397320
110488080	ENSELUG00000007639	cas1	32	21410013	21458853
110488081	ENSELUG00000007499	cas1	32	21462221	21500971
110488082	ENSELUG00000007459	cas1	32	21502312	21506952
110488086	ENSELUG00000014187	cas2	2	34406067	34422793
110488087	ENSELUG00000007368	cas1	32	21535605	21547883
110488088	ENSELUG00000007350	cas3	32	21555375	21558265
110488089	ENSELUG00000007314	cas1	32	21566593	21613473
110488090	ENSELUG00000007252	cas1	32	21677669	21690701
110488093	ENSELUG00000007183	cas1	32	21836308	21839826
110488094	ENSELUG00000017305	cas1	32	21948384	21950989
110488097	ENSELUG00000017374	cas1	32	22112030	22130041
110488098	ENSELUG00000017448	cas1	32	22133277	22161691
110488100	ENSELUG00000024451	cas1	32	22227476	22242458
110488104	ENSELUG00000024225	cas5	32	22405971	22416346
110488105	ENSELUG00000024141	cas1	32	22511930	22526183
110488106	ENSELUG00000019409	cas1	32	22573249	22579988
110488107	ENSELUG00000024068	cas1	32	22611255	22626135
110488108	ENSELUG00000024056	cas1	32	22630182	22646620
110488109	ENSELUG00000024016	cas1	32	22786417	22790358
110488110	ENSELUG00000023979	cas1	32	22865788	22871890
110488111	ENSELUG00000001006	cas1	32	22884269	22886170
110488113	ENSELUG00000023785	cas1	32	22929891	22948107
110488114	ENSELUG00000014355	cas2	2	34432779	34464593
110488116	ENSELUG00000023771	cas1	32	22950344	22954948
110488120	ENSELUG00000023682	cas1	32	22991479	23005898
110488121	ENSELUG00000023552	cas1	32	23017629	23029581
110488124	ENSELUG00000023496	cas1	32	23072517	23076040
110488125	ENSELUG00000023481	cas1	32	23107982	23120043
110488126	ENSELUG00000023460	cas1	32	23222514	23225801
110488127	ENSELUG00000014422	cas5	2	34465066	34475371
110488129	ENSELUG00000023359	cas1	32	23249638	23260973
110488142	ENSELUG00000008347	cas1	32	24151527	24157473
110488144	ENSELUG00000008407	cas1	32	24162219	24176944
110488145	ENSELUG00000008709	cas1	32	24203770	24215296
110488146	ENSELUG00000014705	cas2	2	34626361	34634974
110488149	ENSELUG00000008857	cas1	32	24374204	24382191
110488152	ENSELUG00000008893	cas1	32	24409861	24420001
110488154	ENSELUG00000009433	cas4	32	24472087	24618963
110488162	ENSELUG00000010024	cas1	32	25050295	25061664
110488163	ENSELUG00000010088	cas1	32	25084011	25095895
110488166	ENSELUG00000010170	cas1	32	25135845	25145239
110488191	ENSELUG00000011465	cas1	32	26770429	26782835
110488192	ENSELUG00000011490	cas1	32	26802039	26810237
110488193	ENSELUG00000011501	cas1	32	26816398	26820899
110488194	ENSELUG00000011597	cas1	32	27141022	27183286
110488196	ENSELUG00000011894	cas1	32	27277460	27313076
110488208	ENSELUG00000012609	cas1	32	28121591	28129333
110488209	ENSELUG00000012623	cas1	32	28129526	28170825
110488211	ENSELUG00000012793	cas1	32	28385714	28405156
110488213	ENSELUG00000012876	cas1	32	28428870	28435652
110488214	ENSELUG00000012899	cas1	32	28437997	28454192
110488216	ENSELUG00000012907	cas1	32	28468750	28471360
110488217	ENSELUG00000023396	cas1	32	28489470	28505538
110488218	ENSELUG00000013100	cas1	32	28555447	28665893
110488221	ENSELUG00000015107	cas2	2	34881733	34895112
110488225	ENSELUG00000013804	cas1	32	29169839	29215141
110488226	ENSELUG00000013880	cas1	32	29215636	29223759
110488227	ENSELUG00000015176	cas2	2	34913696	34946214
110488228	ENSELUG00000013926	cas1	32	29270512	29275845
110488233	ENSELUG00000014191	cas1	32	29415630	29430849
110488235	ENSELUG00000014219	cas1	32	29438913	29447508
110488238	ENSELUG00000014409	cas1	32	29488877	29491478
110488239	ENSELUG00000014458	cas1	32	29496055	29507318
110488240	ENSELUG00000015189	cas2	2	34946899	34949511
110488242	ENSELUG00000014507	cas1	32	29514675	29520674
110488244	ENSELUG00000014962	cas1	32	29686639	29690340
110488245	ENSELUG00000015275	cas2	2	34953061	34960249
110488254	ENSELUG00000015215	cas1	32	30684210	30720463
110488256	ENSELUG00000015313	cas6	32	30807205	30817325
110488257	ENSELUG00000015322	cas2	2	34961371	34964552
110488259	ENSELUG00000015462	cas1	32	30822753	30854655
110488261	ENSELUG00000003491	cas1	1	15163316	15171415
110488293	ENSELUG00000016665	cas1	32	31726934	31748867
110488299	ENSELUG00000000582	cas2	2	35036471	35086561
110488308	ENSELUG00000017303	cas1	32	32220923	32353844
110488316	ENSELUG00000015672	cas3	2	35103868	35106886
110488360	ENSELUG00000015882	cas2	2	35158483	35174193
110488367	ENSELUG00000000918	cas1	32	33735063	33787371
110488375	ENSELUG00000015918	cas2	2	35172574	35180466
110488394	ENSELUG00000009051	cas1	32	40269019	40283507
110488401	ENSELUG00000005400	cas1	32	36939068	37069103
110488409	ENSELUG00000005546	cas1	32	37243389	37261572
110488417	ENSELUG00000003535	cas1	1	15187973	15191816
110488446	ENSELUG00000016013	cas2	2	35240548	35265648
110488455	ENSELUG00000000570	cas1	7	86985551	87004405
110488472	ENSELUG00000006981	cas1	32	37997250	38092516
110488487	ENSELUG00000006553	cas1	32	38951244	38979039
110488490	ENSELUG00000008606	cas1	32	40109359	40139478
110488494	ENSELUG00000012979	cas1	14	688217	702012
110488496	ENSELUG00000007555	cas1	32	37740971	37749736
110488505	ENSELUG00000008403	cas2	32	39963657	39980579
110488515	ENSELUG00000005660	cas1	32	37390984	37396968
110488517	ENSELUG00000005710	cas1	32	37361088	37386233
110488518	ENSELUG00000008184	cas1	32	39451446	39494663
110488521	ENSELUG00000007788	cas2	32	39361468	39376902
110488529	ENSELUG00000006366	cas1	32	39034032	39046173
110488532	ENSELUG00000012854	cas1	14	467839	481286
110488533	ENSELUG00000012825	cas1	14	443643	450162
110488540	ENSELUG00000013137	cas1	14	856007	859018
110488541	ENSELUG00000013219	cas1	14	886467	894730
110488543	ENSELUG00000000480	cas1	14	1511043	1517122
110488545	ENSELUG00000013325	cas1	14	2311067	2321285
110488550	ENSELUG00000013618	cas1	14	2729917	2737654
110488553	ENSELUG00000013931	cas1	14	3242450	3275770
110488554	ENSELUG00000013991	cas1	14	3277067	3287280
110488555	ENSELUG00000014038	cas1	14	3297770	3317962
110488562	ENSELUG00000014216	cas1	14	3456322	3473067
110488565	ENSELUG00000014326	cas1	14	3499743	3534755
110488567	ENSELUG00000014369	cas1	14	3548586	3553025
110488569	ENSELUG00000014382	cas1	14	3558364	3567517
110488571	ENSELUG00000014398	cas1	14	3592901	3595817
110488572	ENSELUG00000014560	cas1	14	3645376	3725922
110488574	ENSELUG00000014442	cas1	14	3606916	3643418
110488575	ENSELUG00000014628	cas1	14	3728498	3733973
110488578	ENSELUG00000014865	cas1	14	4100421	4129143
110488581	ENSELUG00000015146	cas1	14	4327546	4477610
110488582	ENSELUG00000003674	cas1	1	15294592	15307175
110488587	ENSELUG00000015243	cas1	14	4690035	4694426
110488589	ENSELUG00000015276	cas1	14	4827541	4860434
110488591	ENSELUG00000000562	cas1	14	4881820	4892772
110488592	ENSELUG00000015366	cas1	14	4899527	4922510
110488595	ENSELUG00000015392	cas1	14	4930480	4937028
110488600	ENSELUG00000015659	cas1	14	5205032	5216235
110488607	ENSELUG00000015800	cas1	14	5446073	5488540
110488612	ENSELUG00000016149	cas1	14	6091963	6125852
110488614	ENSELUG00000016208	cas2	14	6145809	6150743
110488618	ENSELUG00000016231	cas1	14	6167231	6175289
110488619	ENSELUG00000016305	cas1	14	6198024	6291026
110488621	ENSELUG00000016404	cas1	14	6310122	6312400
110488623	ENSELUG00000016639	cas1	14	6343720	6403186
110488624	ENSELUG00000016670	cas1	14	6414131	6419690
110488630	ENSELUG00000016712	cas1	14	6526826	6531252
110488634	ENSELUG00000016751	cas1	14	6594907	6608407
110488635	ENSELUG00000016777	cas1	14	6633187	6640573
110488636	ENSELUG00000016891	cas1	14	6644806	6660926
110488642	ENSELUG00000016939	cas1	14	6681043	6683423
110488644	ENSELUG00000016446	cas2	2	35789061	35791241
110488645	ENSELUG00000017051	cas1	14	6740349	6752711
110488649	ENSELUG00000017208	cas1	14	6885698	6890696
110488650	ENSELUG00000017195	cas1	14	6845220	6886525
110488654	ENSELUG00000017240	cas1	14	6906087	6927229
110488658	ENSELUG00000017696	cas1	14	7175176	7227756
110488702	ENSELUG00000018591	cas1	14	7989799	8010301
110488703	ENSELUG00000018668	cas1	14	8010934	8019848
110488704	ENSELUG00000018447	cas1	14	7976750	7986393
110488706	ENSELUG00000018755	cas1	14	8325301	8335960
110488712	ENSELUG00000019017	cas1	14	8504659	8509834
110488715	ENSELUG00000019071	cas1	14	8570491	8578404
110488716	ENSELUG00000004646	cas1	14	8589032	8610360
110488717	ENSELUG00000004634	cas1	14	8612446	8615690
110488719	ENSELUG00000004598	cas1	14	8619406	8634380
110488722	ENSELUG00000004493	cas1	14	8686829	8722370
110488723	ENSELUG00000004386	cas1	14	8723067	8754403
110488730	ENSELUG00000004103	cas1	14	8859834	8900886
110488731	ENSELUG00000004029	cas1	14	8935291	8942917
110488732	ENSELUG00000004079	cas1	14	8908041	8935710
110488735	ENSELUG00000004004	cas6	14	8961392	8970616
110488736	ENSELUG00000003973	cas1	14	8982192	9007095
110488739	ENSELUG00000003783	cas1	14	9280461	9296648
110488740	ENSELUG00000003725	cas1	1	15325555	15394233
110488741	ENSELUG00000003756	cas1	14	9297301	9335885
110488744	ENSELUG00000003688	cas1	14	9371850	9377720
110488745	ENSELUG00000003682	cas1	14	9428938	9431560
110488746	ENSELUG00000003658	cas1	14	9443462	9475071
110488748	ENSELUG00000003600	cas1	14	9478483	9484212
110488749	ENSELUG00000003570	cas1	14	9486331	9504390
110488750	ENSELUG00000003527	cas1	14	9504194	9510958
110488751	ENSELUG00000001516	cas1	14	9625126	9637966
110488752	ENSELUG00000003512	cas1	14	9619161	9624151
110488758	ENSELUG00000001589	cas1	14	10053995	10080427
110488760	ENSELUG00000003148	cas1	14	10254477	10256260
110488764	ENSELUG00000003013	cas1	14	10393225	10405979
110488766	ENSELUG00000003001	cas1	14	10419689	10421300
110488768	ENSELUG00000002983	cas1	14	10422591	10436605
110488769	ENSELUG00000002864	cas1	14	10727777	10736741
110488770	ENSELUG00000000087	cas1	14	10738083	10755298
110488772	ENSELUG00000000076	cas1	14	10790540	10793085
110488774	ENSELUG00000002798	cas1	14	10844755	10849852
110488775	ENSELUG00000002807	cas1	14	10809632	10871531
110488777	ENSELUG00000002776	cas1	14	10900295	10917014
110488778	ENSELUG00000002763	cas1	14	10918386	10921908
110488779	ENSELUG00000002754	cas1	14	10940179	10945445
110488780	ENSELUG00000002756	cas1	14	10936115	10940413
110488781	ENSELUG00000002734	cas1	14	10969086	10975578
110488784	ENSELUG00000002747	cas1	14	10951867	10959992
110488786	ENSELUG00000002706	cas1	14	11025198	11040971
110488788	ENSELUG00000002689	cas1	14	11044777	11057088
110488789	ENSELUG00000002676	cas1	14	11057767	11067265
110488790	ENSELUG00000002672	cas1	14	11068798	11084699
110488797	ENSELUG00000002613	cas1	14	11329907	11331816
110488799	ENSELUG00000002591	cas1	14	11361504	11364211
110488801	ENSELUG00000002575	cas1	14	11390055	11393328
110488803	ENSELUG00000002566	cas1	14	11398875	11413521
110488804	ENSELUG00000002560	cas1	14	11426418	11446804
110488806	ENSELUG00000002546	cas1	14	11447149	11453704
110488807	ENSELUG00000002538	cas1	14	11462015	11489186
110488816	ENSELUG00000002413	cas1	14	12759166	12792580
110488819	ENSELUG00000002371	cas1	14	12860779	12870657
110488820	ENSELUG00000002391	cas1	14	12848665	12860732
110488822	ENSELUG00000002318	cas1	14	12888712	12906848
110488823	ENSELUG00000002302	cas3	14	12919196	12923820
110488825	ENSELUG00000002278	cas2	14	12945784	12954362
110488828	ENSELUG00000024456	cas1	14	12988264	13011711
110488829	ENSELUG00000001353	cas1	14	13061631	13107111
110488832	ENSELUG00000024183	cas1	14	13116302	13119560
110488833	ENSELUG00000024100	cas1	14	13122200	13145177
110488837	ENSELUG00000024026	cas1	14	13168814	13174417
110488838	ENSELUG00000024007	cas1	14	13182470	13187102
110488839	ENSELUG00000023978	cas1	14	13203883	13213465
110488841	ENSELUG00000023967	cas1	14	13226090	13231303
110488843	ENSELUG00000023944	cas1	14	13255188	13299558
110488845	ENSELUG00000023713	cas1	14	13311941	13314294
110488856	ENSELUG00000023289	cas1	14	13753353	13764618
110488857	ENSELUG00000023380	cas1	14	13727375	13738206
110488858	ENSELUG00000023372	cas1	14	13738427	13748171
110488860	ENSELUG00000023279	cas1	14	13767480	13785225
110488862	ENSELUG00000023260	cas3	14	13791253	13793746
110488863	ENSELUG00000023231	cas1	14	13796954	13801845
110488868	ENSELUG00000023015	cas1	14	13870075	13896532
110488869	ENSELUG00000022643	cas1	14	13915869	13922289
110488871	ENSELUG00000022582	cas1	14	13990607	14059963
110488874	ENSELUG00000022566	cas1	14	14149657	14193289
110488875	ENSELUG00000022519	cas1	14	14206617	14221615
110488876	ENSELUG00000022539	cas1	14	14196260	14207042
110488877	ENSELUG00000022486	cas1	14	14221624	14224982
110488880	ENSELUG00000022450	cas1	14	14269839	14279274
110488881	ENSELUG00000022440	cas1	14	14291820	14297668
110488882	ENSELUG00000022415	cas1	14	14298386	14306776
110488884	ENSELUG00000022385	cas1	14	14305913	14309961
110488886	ENSELUG00000022354	cas1	14	14542673	14642681
110488887	ENSELUG00000022324	cas1	14	14685527	14731143
110488888	ENSELUG00000022279	cas1	14	14901333	14905565
110488890	ENSELUG00000022259	cas1	14	15054753	15055382
110488893	ENSELUG00000022140	cas1	14	15213630	15224295
110488895	ENSELUG00000022123	cas1	14	15228890	15249993
110488896	ENSELUG00000022094	cas1	14	15276694	15288392
110488897	ENSELUG00000022082	cas1	14	15359876	15367130
110488898	ENSELUG00000022042	cas2	14	15370261	15372806
110488900	ENSELUG00000022032	cas1	14	15502250	15504805
110488902	ENSELUG00000022014	cas1	14	15617903	15628633
110488905	ENSELUG00000021877	cas1	14	15783087	15804150
110488907	ENSELUG00000021933	cas6	14	15766642	15785273
110488908	ENSELUG00000021776	cas1	14	15838605	15860342
110488909	ENSELUG00000021763	cas1	14	15864887	15888346
110488910	ENSELUG00000021707	cas1	14	15889408	16064840
110488911	ENSELUG00000021590	cas1	14	16053856	16060944
110488917	ENSELUG00000021135	cas1	14	16351751	16669973
110488919	ENSELUG00000021119	cas1	14	16963108	16970883
110488920	ENSELUG00000021108	cas1	14	16971499	16976696
110488921	ENSELUG00000021088	cas1	14	17218135	17240359
110488923	ENSELUG00000021064	cas1	14	17254737	17285612
110488924	ENSELUG00000020925	cas1	14	17337395	17354719
110488928	ENSELUG00000020725	cas1	14	17445097	17610132
110488929	ENSELUG00000000908	cas1	14	17621846	17625730
110488931	ENSELUG00000020558	cas1	14	17704072	17777597
110488933	ENSELUG00000020476	cas1	14	17843260	17901169
110488938	ENSELUG00000020314	cas1	14	18225268	18230133
110488940	ENSELUG00000003294	cas1	14	18584380	18774367
110488941	ENSELUG00000003249	cas1	14	18788289	18802243
110488945	ENSELUG00000003139	cas1	14	18997296	19110126
110488946	ENSELUG00000003052	cas1	14	19112935	19116017
110488947	ENSELUG00000000091	cas1	14	19116709	19118454
110488948	ENSELUG00000002896	cas1	14	19190241	19195081
110488950	ENSELUG00000002853	cas1	14	19203778	19211568
110488953	ENSELUG00000024615	cas1	14	19279607	19282635
110488954	ENSELUG00000024201	cas1	14	19446119	19473350
110488956	ENSELUG00000019388	cas1	14	19738207	19753902
110488957	ENSELUG00000019437	cas1	14	19756005	19771671
110488958	ENSELUG00000019574	cas1	14	19789786	19845909
110488959	ENSELUG00000019636	cas1	14	19898094	19941014
110488960	ENSELUG00000019663	cas1	14	19948368	19960700
110488962	ENSELUG00000019958	cas1	14	20135179	20165062
110488963	ENSELUG00000020042	cas1	14	20186071	20191531
110488964	ENSELUG00000000884	cas1	14	20200328	20202340
110488969	ENSELUG00000020281	cas1	14	20274982	20295212
110488971	ENSELUG00000020389	cas1	14	20316740	20325242
110488972	ENSELUG00000020397	cas6	14	20326726	20331372
110488973	ENSELUG00000020360	cas1	14	20308637	20314136
110488975	ENSELUG00000020499	cas1	14	20332797	20374856
110488977	ENSELUG00000020577	cas1	14	20375493	20380721
110488978	ENSELUG00000020560	cas1	14	20380904	20386061
110488980	ENSELUG00000020712	cas1	14	20476207	20564889
110488981	ENSELUG00000020739	cas1	14	20823043	20913221
110488983	ENSELUG00000016046	cas1	14	22111060	22190415
110488984	ENSELUG00000000675	cas2	2	37572404	37603294
110488987	ENSELUG00000016184	cas3	14	22233934	22254573
110488994	ENSELUG00000016550	cas1	14	22341775	22393750
110489003	ENSELUG00000009797	cas1	14	23500569	23514898
110489032	ENSELUG00000021653	cas1	14	25597371	25979494
110489040	ENSELUG00000000173	cas1	14	27489257	27493166
110489048	ENSELUG00000007359	cas1	14	27425677	27429310
110489049	ENSELUG00000007297	cas2	14	27437863	27441512
110489057	ENSELUG00000007658	cas1	14	27202019	27220458
110489061	ENSELUG00000007921	cas1	14	27141476	27153482
110489064	ENSELUG00000007943	cas1	14	27137855	27141544
110489065	ENSELUG00000008008	cas1	14	27111723	27113823
110489066	ENSELUG00000008087	cas1	14	27100682	27109098
110489067	ENSELUG00000008068	cas1	14	27097997	27100128
110489068	ENSELUG00000008106	cas1	14	27090727	27097242
110489076	ENSELUG00000008342	cas1	14	26979968	26985129
110489077	ENSELUG00000008366	cas1	14	26967508	26973917
110489081	ENSELUG00000008607	cas1	14	26881974	26895184
110489085	ENSELUG00000008830	cas1	14	26806115	26812021
110489086	ENSELUG00000008869	cas1	14	26759123	26801405
110489087	ENSELUG00000008894	cas1	14	26731731	26739466
110489090	ENSELUG00000008939	cas1	14	26699956	26711938
110489092	ENSELUG00000009118	cas3	14	26653944	26698216
110489093	ENSELUG00000009245	cas1	14	26598953	26631213
110489110	ENSELUG00000006819	cas1	14	30048068	30053023
110489111	ENSELUG00000003741	cas1	1	15400509	15416750
110489113	ENSELUG00000005318	cas1	14	31017732	31022791
110489122	ENSELUG00000007046	cas2	14	30465582	30474354
110489129	ENSELUG00000004962	cas2	14	31397708	31532924
110489132	ENSELUG00000004885	cas3	14	31716123	31718916
110489144	ENSELUG00000004711	cas2	14	32359890	32371126
110489145	ENSELUG00000004724	cas2	14	32353690	32357484
110489156	ENSELUG00000004417	cas2	14	32766433	32774618
110489157	ENSELUG00000004441	cas2	14	32758882	32766211
110489159	ENSELUG00000024584	cas2	14	32827309	32841094
110489164	ENSELUG00000023931	cas2	14	34027010	34071574
110489165	ENSELUG00000023213	cas2	14	34396229	34484092
110489184	ENSELUG00000022441	cas2	14	34768236	34773215
110489189	ENSELUG00000021716	cas2	14	35780038	35811982
110489190	ENSELUG00000021592	cas2	14	35854162	35867009
110489191	ENSELUG00000021328	cas2	14	35943307	35977767
110489193	ENSELUG00000021169	cas5	14	36043082	36074102
110489194	ENSELUG00000021640	cas2	14	35832576	35853962
110489203	ENSELUG00000021772	cas2	14	35654304	35656076
110489206	ENSELUG00000022073	cas5	14	35497967	35514840
110489207	ENSELUG00000022031	cas2	14	35539686	35566407
110489208	ENSELUG00000022058	cas2	14	35535316	35538759
110489213	ENSELUG00000022153	cas2	14	35158615	35267880
110489217	ENSELUG00000022305	cas2	14	34960749	35029103
110489218	ENSELUG00000022382	cas2	14	34914060	34921098
110489220	ENSELUG00000021772	cas2	31	8036008	8037793
110489232	ENSELUG00000019915	cas2	14	38847546	38852309
110489233	ENSELUG00000019967	cas4	14	38744090	38968665
110489238	ENSELUG00000004881	cas2	14	42368435	42377369
110489239	ENSELUG00000019519	cas4	14	40754056	40813444
110489242	ENSELUG00000019765	cas2	14	39322596	39333207
110489247	ENSELUG00000019900	cas4	14	39133840	39170279
110489259	ENSELUG00000023643	cas1	32	35656975	35692878
110489268	ENSELUG00000023318	cas1	32	35558560	35568391
110489271	ENSELUG00000023145	cas1	32	35414623	35436141
110489276	ENSELUG00000005796	cas1	32	37405427	37421184
110489277	ENSELUG00000005643	cas1	32	37304770	37321891
110489279	ENSELUG00000023544	cas1	32	35625193	35639135
110489282	ENSELUG00000022599	cas1	32	35281588	35295198
110489284	ENSELUG00000023632	cas1	32	35644009	35654350
110489286	ENSELUG00000022446	cas6	32	34926820	34934457
110489294	ENSELUG00000022311	cas2	32	34849175	34852826
110489295	ENSELUG00000022189	cas1	32	34745007	34762069
110489299	ENSELUG00000023606	cas1	32	35638212	35643788
110489305	ENSELUG00000023757	cas1	32	35735303	35740939
110489309	ENSELUG00000024010	cas1	32	35822735	35836770
110489310	ENSELUG00000023195	cas1	32	35522348	35534912
110489318	ENSELUG00000023893	cas1	32	35815808	35818696
110489326	ENSELUG00000023364	cas1	32	35569843	35572191
110489352	ENSELUG00000017011	cas2	32	5819080	5856740
110489353	ENSELUG00000015600	cas1	32	5700113	5713375
110489354	ENSELUG00000013564	cas2	1	89920461	89970659
110489355	ENSELUG00000016031	cas2	32	5479158	5489347
110489356	ENSELUG00000016007	cas3	18	73755364	73763523
110489357	ENSELUG00000015822	cas2	32	5592112	5615373
110489367	ENSELUG00000024622	cas1	32	9489794	9532662
110489376	ENSELUG00000003060	cas1	32	10596973	10646812
110489382	ENSELUG00000004703	cas1	32	14003090	14039542
110489384	ENSELUG00000005336	cas1	32	14582924	14638902
110489386	ENSELUG00000006344	cas1	32	15241613	15275548
110489387	ENSELUG00000006418	cas1	32	15330067	15398500
110489390	ENSELUG00000007163	cas1	32	15986639	15996612
110489394	ENSELUG00000019810	cas3	32	16515791	16605102
110489397	ENSELUG00000021152	cas2	32	17393354	17421512
110489404	ENSELUG00000024397	cas1	32	22256948	22388651
110489410	ENSELUG00000009789	cas1	32	24923230	24936632
110489412	ENSELUG00000010694	cas1	32	25496044	25784818
110489416	ENSELUG00000011955	cas1	32	27499989	27653164
110489420	ENSELUG00000013686	cas1	32	29017561	29042431
110489435	ENSELUG00000009322	cas2	3	6377288	6399616
110489436	ENSELUG00000017025	cas2	32	5887116	6013385
110489442	ENSELUG00000005188	cas1	32	14513613	14517978
110489444	ENSELUG00000007830	cas1	32	21334316	21337144
110489446	ENSELUG00000019584	cas2	2	39366408	39378288
110489484	ENSELUG00000019985	cas2	14	38060365	38069359
110489492	ENSELUG00000003787	cas2	1	15433089	15437025
110489500	ENSELUG00000019787	cas2	2	39449495	39465606
110489511	ENSELUG00000003282	cas4	15	359420	373403
110489515	ENSELUG00000003979	cas2	15	1858530	1895147
110489526	ENSELUG00000006823	cas1	15	4307284	4398671
110489533	ENSELUG00000000259	cas1	15	5914766	6107849
110489535	ENSELUG00000002484	cas1	15	6967487	6997025
110489540	ENSELUG00000002416	cas1	15	7093378	7108709
110489541	ENSELUG00000002388	cas6	15	7110207	7139563
110489545	ENSELUG00000003854	cas1	1	15474988	15491872
110489550	ENSELUG00000002185	cas1	15	8418114	8422023
110489551	ENSELUG00000002183	cas1	15	8432553	8441978
110489556	ENSELUG00000002122	cas1	15	8669081	8672326
110489557	ENSELUG00000002095	cas1	15	9050544	9058437
110489560	ENSELUG00000016469	cas2	26	1427613	1433491
110489561	ENSELUG00000016452	cas2	26	1433697	1449124
110489569	ENSELUG00000002060	cas1	15	10247231	10253119
110489570	ENSELUG00000008556	cas1	15	10256343	10296042
110489571	ENSELUG00000008655	cas2	15	10433516	10439184
110489573	ENSELUG00000008724	cas1	15	10439748	10441374
110489575	ENSELUG00000008763	cas1	15	10443655	10445485
110489576	ENSELUG00000008836	cas1	15	10484054	10510651
110489577	ENSELUG00000008941	cas1	15	10634060	10648867
110489580	ENSELUG00000009215	cas2	15	10775696	10796596
110489584	ENSELUG00000000344	cas2	15	11509626	11525612
110489585	ENSELUG00000009288	cas1	15	11441274	11461528
110489589	ENSELUG00000010169	cas1	15	12645767	12669728
110489593	ENSELUG00000000352	cas1	15	12507315	12533443
110489603	ENSELUG00000010894	cas1	15	13219351	13227413
110489604	ENSELUG00000011051	cas1	15	13288725	13369504
110489616	ENSELUG00000011463	cas4	15	13573149	13576243
110489631	ENSELUG00000012539	cas4	15	14057459	14104458
110489638	ENSELUG00000012820	cas1	15	14256332	14264348
110489641	ENSELUG00000012926	cas1	15	14299427	14311302
110489642	ENSELUG00000013022	cas1	15	14324774	14335805
110489644	ENSELUG00000013075	cas2	15	14360048	14362944
110489652	ENSELUG00000013496	cas2	15	14668549	14692839
110489655	ENSELUG00000014824	cas1	15	15345480	15365760
110489657	ENSELUG00000014748	cas1	15	15327169	15330900
110489660	ENSELUG00000014375	cas1	15	15166247	15193050
110489666	ENSELUG00000014083	cas1	15	15106017	15108849
110489668	ENSELUG00000014044	cas1	15	15091761	15096036
110489669	ENSELUG00000014003	cas1	15	15050285	15075129
110489670	ENSELUG00000014012	cas1	15	15080785	15088209
110489673	ENSELUG00000013867	cas1	15	14905377	14914892
110489674	ENSELUG00000013708	cas1	15	14796848	14808166
110489675	ENSELUG00000013746	cas1	15	14808367	14858341
110489676	ENSELUG00000013657	cas1	15	14780843	14796347
110489677	ENSELUG00000013615	cas1	15	14760625	14779704
110489679	ENSELUG00000013577	cas1	15	14741939	14759321
110489680	ENSELUG00000013562	cas1	15	14731181	14741129
110489687	ENSELUG00000015023	cas2	15	15750789	15759102
110489714	ENSELUG00000000629	cas1	15	16720067	17062892
110489736	ENSELUG00000018316	cas1	15	18850631	18855321
110489739	ENSELUG00000018367	cas1	15	18882806	18916856
110489742	ENSELUG00000019164	cas1	15	19402767	19546571
110489744	ENSELUG00000019244	cas1	15	19598284	19680110
110489746	ENSELUG00000019372	cas1	15	19708869	19714844
110489747	ENSELUG00000019481	cas1	15	19714308	19718519
110489748	ENSELUG00000019558	cas1	15	19726580	19750106
110489749	ENSELUG00000019599	cas1	15	19760626	19768382
110489752	ENSELUG00000019954	cas1	15	19964439	20031093
110489755	ENSELUG00000020114	cas1	15	20132757	20146308
110489758	ENSELUG00000020365	cas1	15	20566636	20582807
110489760	ENSELUG00000020384	cas1	15	20636594	20644188
110489761	ENSELUG00000020413	cas1	15	20657214	20660349
110489762	ENSELUG00000020449	cas1	15	20690871	20724923
110489767	ENSELUG00000020669	cas1	15	20795118	20801160
110489768	ENSELUG00000020639	cas1	15	20792087	20795036
110489769	ENSELUG00000022361	cas1	15	20840203	20864315
110489770	ENSELUG00000022515	cas1	15	20874867	20879233
110489771	ENSELUG00000022598	cas2	15	20884973	20901956
110489773	ENSELUG00000022645	cas1	15	20906870	20920263
110489778	ENSELUG00000022692	cas3	15	20958415	20960083
110489779	ENSELUG00000022714	cas1	15	20971804	20983450
110489787	ENSELUG00000001379	cas1	15	21174593	21296726
110489794	ENSELUG00000022971	cas1	15	21312219	21614730
110489795	ENSELUG00000023206	cas1	15	21707736	21713134
110489797	ENSELUG00000023440	cas1	15	22061784	22125370
110489801	ENSELUG00000023474	cas2	15	22152830	22215450
110489804	ENSELUG00000023505	cas1	15	22215471	22311271
110489807	ENSELUG00000000999	cas1	15	22644341	22676386
110489808	ENSELUG00000024099	cas1	15	22962812	23028566
110489811	ENSELUG00000024473	cas1	15	23060684	23122826
110489812	ENSELUG00000008475	cas1	15	23132828	23146739
110489819	ENSELUG00000008211	cas1	15	23221692	23242314
110489822	ENSELUG00000008143	cas1	15	23253886	23275145
110489826	ENSELUG00000008105	cas1	15	23342993	23350387
110489830	ENSELUG00000007997	cas1	15	23379779	23385850
110489831	ENSELUG00000007927	cas1	15	23399765	23441392
110489835	ENSELUG00000007864	cas1	15	23445830	23451633
110489836	ENSELUG00000007792	cas1	15	23439842	23445587
110489874	ENSELUG00000003906	cas1	1	15557864	15580110
110489896	ENSELUG00000008474	cas1	15	26860119	26918648
110489900	ENSELUG00000009059	cas1	15	26975666	27077575
110489903	ENSELUG00000006597	cas1	15	27109086	27169269
110489906	ENSELUG00000007056	cas1	15	27236270	27315040
110489915	ENSELUG00000007535	cas1	15	27524125	27563497
110489917	ENSELUG00000007600	cas1	15	27795423	27806163
110489923	ENSELUG00000007800	cas1	15	27936143	27951787
110489928	ENSELUG00000007987	cas1	15	28048946	28051642
110489929	ENSELUG00000000291	cas1	15	28051643	28060583
110489930	ENSELUG00000008032	cas1	15	28175485	28189640
110489934	ENSELUG00000008158	cas1	15	28227285	28231675
110489936	ENSELUG00000008339	cas1	15	28246518	28281728
110489939	ENSELUG00000008377	cas1	15	28281872	28316370
110489943	ENSELUG00000008520	cas2	15	28559194	28565541
110489944	ENSELUG00000008554	cas1	15	28580623	28612037
110489947	ENSELUG00000008798	cas1	15	28701177	28724125
110489948	ENSELUG00000021836	cas1	15	28756788	28777089
110489949	ENSELUG00000021836	cas1	15	28795080	28812062
110489951	ENSELUG00000021961	cas1	15	28851161	28963361
110489953	ENSELUG00000022956	cas3	15	28983479	28996322
110489955	ENSELUG00000022907	cas3	15	29070354	29181202
110489957	ENSELUG00000022871	cas1	15	29207260	29383520
110489958	ENSELUG00000006434	cas1	15	29395958	29400497
110489960	ENSELUG00000005432	cas6	15	29405296	29415105
110489965	ENSELUG00000005536	cas1	15	29657968	29664921
110489967	ENSELUG00000005679	cas5	15	29694772	29722367
110489968	ENSELUG00000000155	cas1	15	29689717	29695951
110489974	ENSELUG00000005951	cas1	15	29963586	29965206
110489976	ENSELUG00000005998	cas1	15	29980303	30253803
110489978	ENSELUG00000006032	cas1	15	30395817	30416375
110489979	ENSELUG00000006065	cas1	15	30517996	30521339
110489981	ENSELUG00000006042	cas1	15	30482017	30496207
110489983	ENSELUG00000006088	cas1	15	30555071	30601062
110489994	ENSELUG00000005192	cas1	15	31237613	31287177
110489999	ENSELUG00000005055	cas1	15	31368447	31396387
110490002	ENSELUG00000004823	cas1	15	31750154	31758159
110490003	ENSELUG00000004803	cas6	15	31758726	31792146
110490004	ENSELUG00000004763	cas1	15	31824422	31846012
110490007	ENSELUG00000004709	cas1	15	31910786	31924479
110490008	ENSELUG00000004692	cas1	15	31962835	31974011
110490009	ENSELUG00000003949	cas1	1	15588932	15595305
110490011	ENSELUG00000004623	cas1	15	32350805	32479989
110490012	ENSELUG00000004604	cas1	15	32557738	32679847
110490016	ENSELUG00000004584	cas1	15	34277021	34325910
110490021	ENSELUG00000004304	cas1	15	35897274	35988249
110490023	ENSELUG00000004205	cas1	15	36038778	36142327
110490024	ENSELUG00000004153	cas1	15	36166507	36264082
110490026	ENSELUG00000004025	cas1	15	36623456	36635732
110490034	ENSELUG00000003805	cas1	15	38018211	38038025
110490035	ENSELUG00000003841	cas1	15	38067925	38097938
110490036	ENSELUG00000003957	cas1	15	38205103	38474245
110490038	ENSELUG00000003999	cas1	15	38494289	38568479
110490039	ENSELUG00000004014	cas1	15	38576635	38580756
110490047	ENSELUG00000007610	cas1	15	39717928	39831635
110490048	ENSELUG00000001678	cas1	15	40089464	40132600
110490056	ENSELUG00000021932	cas2	2	42971015	42975154
110490058	ENSELUG00000004191	cas1	15	40299823	40302011
110490059	ENSELUG00000007998	cas1	15	40350695	40474422
110490068	ENSELUG00000003927	cas1	1	15582052	15587380
110490070	ENSELUG00000006270	cas1	15	41574396	41583134
110490073	ENSELUG00000006307	cas1	15	41583335	41588120
110490074	ENSELUG00000006338	cas2	15	41626055	41648672
110490077	ENSELUG00000022022	cas2	2	42998825	43019825
110490081	ENSELUG00000007079	cas1	15	41925174	41951832
110490082	ENSELUG00000006955	cas3	15	41840220	41919143
110490085	ENSELUG00000007211	cas3	15	42039954	42054610
110490091	ENSELUG00000019916	cas1	15	42509769	42513637
110490094	ENSELUG00000009326	cas2	15	42646969	42677696
110490095	ENSELUG00000009439	cas2	15	42696715	42725617
110490096	ENSELUG00000009362	cas2	15	42680297	42697089
110490105	ENSELUG00000022209	cas2	2	43056952	43088889
110490107	ENSELUG00000006451	cas1	15	43641381	43692014
110490114	ENSELUG00000007002	cas3	15	44173352	44326246
110490115	ENSELUG00000022137	cas3	2	43046413	43056269
110490122	ENSELUG00000022220	cas2	2	43091038	43097854
110490125	ENSELUG00000007377	cas4	15	44671977	44675242
110490127	ENSELUG00000007479	cas1	15	44735760	44848514
110490128	ENSELUG00000007518	cas1	15	44864937	44889700
110490132	ENSELUG00000007773	cas1	15	45090145	45151980
110490143	ENSELUG00000007904	cas2	15	45578902	45595245
110490144	ENSELUG00000007937	cas2	15	45597961	45610166
110490145	ENSELUG00000008160	cas2	15	45656855	45669140
110490152	ENSELUG00000008657	cas2	15	45790639	45831089
110490153	ENSELUG00000008696	cas3	15	45840121	45889389
110490154	ENSELUG00000008753	cas6	15	45902083	45938805
110490159	ENSELUG00000008896	cas2	15	46293582	46316075
110490161	ENSELUG00000008937	cas2	15	46822256	46995100
110490162	ENSELUG00000009067	cas2	15	47217532	47405004
110490163	ENSELUG00000009188	cas3	15	47412437	47443051
110490165	ENSELUG00000009464	cas3	15	47710194	47719547
110490167	ENSELUG00000009484	cas6	15	47718918	47723038
110490168	ENSELUG00000009542	cas2	15	47733519	47736943
110490188	ENSELUG00000011612	cas2	15	48336131	48337866
110490195	ENSELUG00000012075	cas2	15	48479898	48488099
110490197	ENSELUG00000000444	cas2	15	48509737	48518612
110490198	ENSELUG00000000566	cas3	15	48543196	48581108
110490201	ENSELUG00000012189	cas2	15	48664932	48693199
110490203	ENSELUG00000012589	cas3	15	48784441	48813048
110490204	ENSELUG00000012435	cas2	15	48757205	48767893
110490207	ENSELUG00000012409	cas2	15	48753512	48757040
110490212	ENSELUG00000012951	cas3	15	48858509	48890539
110490214	ENSELUG00000012799	cas2	15	48839430	48851965
110490219	ENSELUG00000013523	cas2	15	49065642	49106682
110490224	ENSELUG00000013738	cas2	15	49315673	49371926
110490226	ENSELUG00000013860	cas2	15	49383233	49394324
110490235	ENSELUG00000014476	cas2	15	50104336	50144805
110490240	ENSELUG00000015026	cas2	15	50189697	50234620
110490254	ENSELUG00000015595	cas2	15	50378042	50391018
110490262	ENSELUG00000016748	cas3	15	51152066	51165196
110490263	ENSELUG00000016831	cas2	15	51176048	51199225
110490264	ENSELUG00000016866	cas2	15	51199223	51205927
110490269	ENSELUG00000017244	cas2	15	51304002	51323443
110490271	ENSELUG00000000656	cas1	15	51386269	51404401
110490274	ENSELUG00000017481	cas2	15	52064879	52074544
110490277	ENSELUG00000017553	cas2	15	52179419	52183904
110490278	ENSELUG00000017571	cas2	15	52193062	52203096
110490280	ENSELUG00000017605	cas2	15	52204825	52207709
110490290	ENSELUG00000000773	cas2	15	52975612	53008441
110490295	ENSELUG00000018936	cas2	15	53085647	53109210
110490304	ENSELUG00000019293	cas2	15	53555038	53576166
110490307	ENSELUG00000001503	cas2	15	53552198	53554958
110490316	ENSELUG00000015921	cas3	2	43947088	43950347
110490317	ENSELUG00000019578	cas3	15	53909648	53959246
110490322	ENSELUG00000001212	cas2	15	54104382	54117420
110490337	ENSELUG00000006965	cas2	15	55148760	55155353
110490340	ENSELUG00000001133	cas2	15	55218592	55224435
110490350	ENSELUG00000006385	cas2	15	55384455	55394138
110490351	ENSELUG00000006232	cas2	15	55460350	55566110
110490355	ENSELUG00000006020	cas2	15	55617681	55623649
110490356	ENSELUG00000005978	cas2	15	55623669	55629283
110490357	ENSELUG00000006132	cas2	15	55569924	55583925
110490359	ENSELUG00000005848	cas4	15	56299306	56546327
110490368	ENSELUG00000005547	cas3	15	56711067	56776535
110490374	ENSELUG00000005211	cas2	15	56942192	56973524
110490379	ENSELUG00000005028	cas1	15	57052971	57058823
110490382	ENSELUG00000004901	cas6	15	57067583	57083996
110490386	ENSELUG00000004779	cas2	15	57153741	57230101
110490387	ENSELUG00000004548	cas2	15	57231181	57247822
110490388	ENSELUG00000015868	cas2	2	44464974	44472924
110490389	ENSELUG00000004495	cas2	15	57253442	57258150
110490392	ENSELUG00000001606	cas2	15	57456122	57460952
110490399	ENSELUG00000004212	cas2	15	57533286	57556011
110490401	ENSELUG00000004160	cas2	15	57584513	57602007
110490402	ENSELUG00000004138	cas2	15	57664717	57719477
110490405	ENSELUG00000004034	cas2	15	57758799	57762803
110490411	ENSELUG00000003944	cas2	15	57864481	57868699
110490415	ENSELUG00000003707	cas5	15	57952383	57956764
110490417	ENSELUG00000003655	cas2	15	57969231	57971616
110490418	ENSELUG00000003506	cas2	15	58035729	58061340
110490419	ENSELUG00000003556	cas2	15	58017476	58035699
110490422	ENSELUG00000001180	cas2	15	58102234	58106988
110490423	ENSELUG00000003382	cas4	15	58153903	58171618
110490424	ENSELUG00000003396	cas3	15	58152481	58154147
110490427	ENSELUG00000003301	cas2	15	58199288	58215099
110490430	ENSELUG00000003258	cas2	15	58278512	58280301
110490431	ENSELUG00000003251	cas2	15	58284187	58305657
110490434	ENSELUG00000003231	cas3	15	58323696	58351953
110490438	ENSELUG00000003098	cas2	15	58435813	58455629
110490439	ENSELUG00000003080	cas2	15	58456092	58462232
110490440	ENSELUG00000003018	cas2	15	58477239	58505176
110490443	ENSELUG00000003000	cas2	15	58508462	58510392
110490459	ENSELUG00000001118	cas2	15	59229840	59238817
110490461	ENSELUG00000002545	cas2	15	59354919	59375776
110490463	ENSELUG00000002525	cas3	15	59420259	59424316
110490471	ENSELUG00000002347	cas3	15	59876727	59882703
110490472	ENSELUG00000002332	cas2	15	59874840	59876742
110490475	ENSELUG00000002281	cas2	15	59923439	59933513
110490476	ENSELUG00000002288	cas2	15	59917322	59922278
110490478	ENSELUG00000002269	cas5	15	59935626	59974675
110490479	ENSELUG00000002258	cas7	15	59981095	60021506
110490481	ENSELUG00000002230	cas2	15	60026464	60049146
110490488	ENSELUG00000002126	cas2	15	60843824	60919111
110490494	ENSELUG00000008274	cas2	2	14386733	14398249
110490503	ENSELUG00000002081	cas3	15	61179208	61187540
110490510	ENSELUG00000004246	cas1	1	15694810	15716774
110490516	ENSELUG00000008486	cas2	3	5796918	5799016
110490519	ENSELUG00000001959	cas2	15	61744166	61759577
110490524	ENSELUG00000008543	cas2	3	5801181	5806960
110490559	ENSELUG00000001910	cas2	15	62083863	62093826
110490562	ENSELUG00000001897	cas2	15	62139914	62155425
110490563	ENSELUG00000001905	cas2	15	62094087	62139766
110490567	ENSELUG00000001877	cas3	15	62231272	62589732
110490572	ENSELUG00000001857	cas2	15	62792914	62816834
110490573	ENSELUG00000001852	cas2	15	62821255	62841674
110490574	ENSELUG00000001849	cas2	15	62850140	62872750
110490575	ENSELUG00000001850	cas2	15	62844136	62850292
110490576	ENSELUG00000001846	cas3	15	62875090	62882603
110490577	ENSELUG00000001843	cas6	15	62886728	62890920
110490582	ENSELUG00000001810	cas3	15	63327987	63366682
110490588	ENSELUG00000004317	cas1	1	15922503	15975856
110490591	ENSELUG00000012584	cas2	15	77521812	77574184
110490602	ENSELUG00000008519	cas2	5	99374155	99401558
110490605	ENSELUG00000023275	cas2	15	69023757	69059625
110490606	ENSELUG00000023168	cas2	15	69118777	69127452
110490608	ENSELUG00000023156	cas2	15	69135373	69147896
110490610	ENSELUG00000023275	cas2	21	14655679	14689733
110490612	ENSELUG00000023211	cas2	21	14600080	14631285
110490613	ENSELUG00000023211	cas2	15	69084805	69114891
110490615	ENSELUG00000023074	cas2	15	69184655	69201940
110490616	ENSELUG00000023045	cas2	15	69199006	69220231
110490619	ENSELUG00000023020	cas2	15	69223071	69227704
110490620	ENSELUG00000022882	cas2	15	69233713	69237810
110490622	ENSELUG00000010157	cas5	15	72271178	72281002
110490628	ENSELUG00000009954	cas5	21	11410451	11414640
110490637	ENSELUG00000021849	cas3	21	13089901	13094206
110490638	ENSELUG00000021849	cas3	15	70523460	70527828
110490648	ENSELUG00000021706	cas5	21	13066861	13069913
110490651	ENSELUG00000021706	cas5	15	70547485	70550529
110490652	ENSELUG00000017373	cas5	15	70395731	70397315
110490653	ENSELUG00000017373	cas5	21	13227798	13229394
110490654	ENSELUG00000021832	cas3	15	70538862	70542834
110490657	ENSELUG00000021832	cas3	21	13074929	13078915
110490665	ENSELUG00000022256	cas5	2	47864812	47998457
110490677	ENSELUG00000010777	cas2	15	72855022	72916247
110490679	ENSELUG00000022285	cas6	2	48027409	48133974
110490682	ENSELUG00000013248	cas2	15	75564608	75648161
110490689	ENSELUG00000013516	cas2	15	74883029	74988331
110490694	ENSELUG00000001154	cas2	15	70781695	70787736
110490697	ENSELUG00000021310	cas3	21	12557926	12729749
110490703	ENSELUG00000021236	cas6	21	12421633	12448308
110490704	ENSELUG00000022314	cas4	2	48319220	48384812
110490711	ENSELUG00000007505	cas4	4	45045372	45092057
110490712	ENSELUG00000021157	cas2	15	71295425	71400412
110490714	ENSELUG00000020926	cas2	15	71687880	71734443
110490715	ENSELUG00000020877	cas5	15	71734459	71737191
110490717	ENSELUG00000004106	cas1	15	36315438	36462331
110490721	ENSELUG00000003760	cas1	15	37847266	37960593
110490729	ENSELUG00000006163	cas2	15	43563388	43571516
110490739	ENSELUG00000016463	cas2	15	50984995	51090056
110490748	ENSELUG00000018694	cas2	15	53045349	53053406
110490749	ENSELUG00000019477	cas2	15	53788678	53817042
110490752	ENSELUG00000001341	cas2	15	55040001	55053870
110490755	ENSELUG00000006765	cas2	15	55228904	55235465
110490759	ENSELUG00000000152	cas2	15	56658331	56703173
110490761	ENSELUG00000004451	cas2	15	57293141	57307151
110490773	ENSELUG00000002145	cas1	15	60521273	60566602
110490781	ENSELUG00000001783	cas3	15	66808409	66920061
110490787	ENSELUG00000009490	cas3	15	71984728	72017048
110490790	ENSELUG00000023116	cas5	15	69149477	69163694
110490791	ENSELUG00000023116	cas5	21	14549517	14565204
110490797	ENSELUG00000022160	cas4	15	70276077	70518215
110490803	ENSELUG00000010819	cas1	15	72959216	73142970
110490805	ENSELUG00000010819	cas1	21	10522946	10698614
110490806	ENSELUG00000022865	cas4	2	48661451	48697994
110490807	ENSELUG00000011805	cas7	15	78095531	78107017
110490812	ENSELUG00000021310	cas3	15	70877144	71062055
110490815	ENSELUG00000020855	cas2	15	71738171	71763443
110490816	ENSELUG00000009378	cas3	15	71764771	71778703
110490817	ENSELUG00000001798	cas2	15	64222084	64227831
110490819	ENSELUG00000007178	cas1	15	6119157	6132311
110490825	ENSELUG00000013460	cas1	15	14577442	14612644
110490863	ENSELUG00000010056	cas3	21	11385040	11405329
110490882	ENSELUG00000007554	cas2	15	4894083	5003661
110490885	ENSELUG00000007248	cas2	15	5860705	5867522
110490886	ENSELUG00000002639	cas1	15	6242892	6328082
110490887	ENSELUG00000002502	cas1	15	6787724	6804698
110490890	ENSELUG00000002299	cas1	15	7213002	7249050
110490892	ENSELUG00000023190	cas2	2	49114742	49155261
110490897	ENSELUG00000002232	cas1	15	7899106	8094419
110490901	ENSELUG00000008512	cas1	24	42190618	42215786
110490904	ENSELUG00000000324	cas1	15	10337017	10368733
110490905	ENSELUG00000008897	cas1	15	10600791	10622782
110490910	ENSELUG00000009267	cas1	15	11190363	11381093
110490912	ENSELUG00000010849	cas1	15	13203205	13213651
110490923	ENSELUG00000013046	cas4	15	14351818	14356250
110490926	ENSELUG00000013920	cas1	15	15018294	15024376
110490934	ENSELUG00000000663	cas2	15	18101687	18171361
110490935	ENSELUG00000018485	cas1	15	18918785	19220905
110490937	ENSELUG00000019009	cas1	15	19254640	19322131
110490944	ENSELUG00000022526	cas1	15	20879486	20880386
110490946	ENSELUG00000023199	cas2	15	21617419	21680364
110490948	ENSELUG00000020127	cas1	2	49749113	49767125
110490953	ENSELUG00000004418	cas1	1	15995436	16075800
110490968	ENSELUG00000020215	cas1	2	49802029	49837047
110491010	ENSELUG00000009963	cas1	2	50068209	50093310
110491026	ENSELUG00000009987	cas1	2	50098387	50100624
110491043	ENSELUG00000013445	cas1	16	33863087	33870055
110491046	ENSELUG00000019107	cas1	2	50223738	50236226
110491055	ENSELUG00000007892	cas1	16	41195021	41231746
110491060	ENSELUG00000005527	cas1	16	43117471	43124619
110491061	ENSELUG00000005251	cas1	16	43411247	43492354
110491068	ENSELUG00000019403	cas1	2	50474632	50561307
110491069	ENSELUG00000004058	cas1	16	44621739	44964691
110491070	ENSELUG00000003403	cas1	16	45628947	45653136
110491075	ENSELUG00000022447	cas1	16	46611209	46654906
110491078	ENSELUG00000001111	cas1	16	46798062	46856202
110491084	ENSELUG00000019659	cas1	16	48400096	48402355
110491086	ENSELUG00000018599	cas1	16	49576512	49603440
110491087	ENSELUG00000018569	cas1	16	49745046	49778434
110491110	ENSELUG00000012089	cas1	16	55072237	55139103
110491119	ENSELUG00000015397	cas1	16	56352467	56359968
110491121	ENSELUG00000016123	cas1	16	56857071	56875920
110491122	ENSELUG00000000624	cas1	16	58105100	58162080
110491124	ENSELUG00000018032	cas1	16	58836641	58847057
110491126	ENSELUG00000007479	cas1	2	50717580	50884089
110491132	ENSELUG00000024293	cas1	16	59983280	60049509
110491140	ENSELUG00000001915	cas1	16	61946986	62053183
110491141	ENSELUG00000001950	cas1	16	62719799	62723818
110491159	ENSELUG00000016451	cas2	16	72824995	72894201
110491163	ENSELUG00000016918	cas2	16	73288840	73318587
110491167	ENSELUG00000010627	cas1	16	68444283	68620213
110491172	ENSELUG00000009414	cas1	16	69577674	69666017
110491175	ENSELUG00000016171	cas2	16	72371494	72419360
110491176	ENSELUG00000016204	cas6	16	72466646	72533135
110491182	ENSELUG00000007518	cas1	2	50906636	50954275
110491184	ENSELUG00000018384	cas5	16	71286546	71362472
110491185	ENSELUG00000001459	cas1	16	71381355	71411013
110491192	ENSELUG00000014828	cas2	7	7729466	7734571
110491193	ENSELUG00000007773	cas1	2	50960131	50972173
110491196	ENSELUG00000011923	cas4	7	7749406	7767337
110491199	ENSELUG00000018249	cas1	16	1978840	1982341
110491201	ENSELUG00000018078	cas5	16	2198705	2235939
110491202	ENSELUG00000018037	cas5	16	2289460	2294903
110491212	ENSELUG00000018845	cas4	16	1158437	1239914
110491222	ENSELUG00000017516	cas6	16	3054160	3064816
110491223	ENSELUG00000000684	cas1	16	3214666	3316900
110491227	ENSELUG00000019225	cas5	16	189821	284978
110491228	ENSELUG00000017583	cas2	16	2945412	2969606
110491230	ENSELUG00000013427	cas1	1	16149712	16157809
110491233	ENSELUG00000016554	cas2	16	5062289	5071638
110491235	ENSELUG00000000623	cas1	16	5155890	5196581
110491241	ENSELUG00000008381	cas1	2	51041937	51050197
110491272	ENSELUG00000015709	cas3	16	6397252	6501980
110491273	ENSELUG00000015896	cas1	16	6360588	6382556
110491279	ENSELUG00000016197	cas1	16	5536927	5652871
110491289	ENSELUG00000015238	cas2	16	7131047	7156797
110491291	ENSELUG00000015120	cas1	16	7183405	7191698
110491313	ENSELUG00000022427	cas1	16	8887340	8898928
110491314	ENSELUG00000006451	cas1	2	51375324	51405615
110491316	ENSELUG00000022542	cas1	16	8937307	8959961
110491324	ENSELUG00000004258	cas2	16	9175791	9196172
110491332	ENSELUG00000023907	cas1	16	10227218	10237422
110491338	ENSELUG00000024563	cas1	16	10378823	10407995
110491341	ENSELUG00000024623	cas1	16	10574498	10926205
110491342	ENSELUG00000002222	cas2	16	11652429	11667766
110491344	ENSELUG00000002256	cas1	16	11717548	11726644
110491347	ENSELUG00000002265	cas1	16	11727101	11729026
110491348	ENSELUG00000002282	cas1	16	11750790	11786361
110491349	ENSELUG00000002292	cas1	16	11790166	11794147
110491353	ENSELUG00000002350	cas1	16	11840766	11844517
110491354	ENSELUG00000023254	cas1	2	53073293	53112547
110491356	ENSELUG00000002433	cas1	16	11888920	11939403
110491361	ENSELUG00000002528	cas1	16	12210203	12222029
110491363	ENSELUG00000002540	cas1	16	12223772	12242897
110491367	ENSELUG00000003019	cas1	16	12545411	12563327
110491370	ENSELUG00000003159	cas1	16	13258391	13267574
110491372	ENSELUG00000003262	cas1	16	13324622	13333229
110491374	ENSELUG00000003250	cas1	16	13285621	13334372
110491375	ENSELUG00000003303	cas1	16	13345186	13356029
110491379	ENSELUG00000003363	cas1	16	13464507	13482203
110491386	ENSELUG00000002680	cas1	16	12348719	12380959
110491389	ENSELUG00000002727	cas1	16	12398373	12402170
110491391	ENSELUG00000002834	cas1	16	12422693	12438407
110491395	ENSELUG00000003625	cas1	16	13659381	13667159
110491396	ENSELUG00000003659	cas1	16	13686859	13698803
110491397	ENSELUG00000003666	cas1	16	13700336	13703153
110491402	ENSELUG00000003815	cas1	16	13847601	13880525
110491405	ENSELUG00000004174	cas1	16	14016935	14100687
110491406	ENSELUG00000004245	cas1	16	14110577	14118040
110491412	ENSELUG00000004677	cas1	16	14216323	14221566
110491413	ENSELUG00000004659	cas2	16	14209660	14213504
110491418	ENSELUG00000004797	cas1	16	14994459	14995281
110491421	ENSELUG00000005046	cas1	16	15131882	15166160
110491423	ENSELUG00000005569	cas1	16	15223718	15236140
110491425	ENSELUG00000005174	cas1	16	15176730	15191712
110491430	ENSELUG00000005655	cas1	16	15248763	15253576
110491432	ENSELUG00000005725	cas1	16	15262299	15273243
110491433	ENSELUG00000005869	cas1	16	15292618	15304489
110491434	ENSELUG00000005903	cas1	16	15322126	15350844
110491438	ENSELUG00000005943	cas1	16	15373276	15379477
110491439	ENSELUG00000006130	cas1	16	15484379	15519287
110491442	ENSELUG00000006186	cas1	16	15536008	15550905
110491443	ENSELUG00000006194	cas1	16	15579968	15591060
110491444	ENSELUG00000006203	cas4	16	15596514	15599354
110491447	ENSELUG00000006310	cas1	16	16181791	16210927
110491449	ENSELUG00000006323	cas1	16	16219895	16225563
110491450	ENSELUG00000006357	cas1	16	16227758	16267876
110491454	ENSELUG00000000209	cas1	16	16499126	16635552
110491456	ENSELUG00000006672	cas1	16	16684194	16687428
110491459	ENSELUG00000006695	cas1	16	16695214	16724979
110491470	ENSELUG00000007411	cas1	16	17306058	17352385
110491473	ENSELUG00000024025	cas4	2	53699818	53797088
110491474	ENSELUG00000007558	cas1	16	17376457	17380710
110491476	ENSELUG00000007695	cas1	16	17394338	17403166
110491477	ENSELUG00000000273	cas1	16	17389375	17394265
110491478	ENSELUG00000007708	cas1	16	17405145	17409856
110491480	ENSELUG00000007955	cas1	16	17684471	17694082
110491481	ENSELUG00000007861	cas1	16	17638981	17668199
110491482	ENSELUG00000008043	cas1	16	17713880	17868844
110491484	ENSELUG00000000284	cas1	16	17490773	17497978
110491485	ENSELUG00000013279	cas1	1	16426112	16432609
110491486	ENSELUG00000007740	cas1	16	17447038	17466468
110491490	ENSELUG00000008126	cas1	16	17994355	18024642
110491492	ENSELUG00000008204	cas2	16	18080272	18088335
110491495	ENSELUG00000008271	cas6	16	18223484	18226919
110491496	ENSELUG00000008326	cas2	16	18231526	18242110
110491497	ENSELUG00000008599	cas1	16	18409775	18412088
110491500	ENSELUG00000008672	cas1	16	18440013	18447730
110491501	ENSELUG00000008701	cas1	16	18455276	18477327
110491502	ENSELUG00000001494	cas1	16	18477077	18512413
110491504	ENSELUG00000000330	cas1	16	18447916	18457521
110491506	ENSELUG00000008758	cas5	16	18522453	18525045
110491507	ENSELUG00000008806	cas1	16	18541248	18543472
110491511	ENSELUG00000008996	cas1	16	18613656	18621851
110491512	ENSELUG00000008940	cas1	16	18595651	18603129
110491513	ENSELUG00000009160	cas1	16	18643015	18672110
110491514	ENSELUG00000009092	cas1	16	18626876	18642218
110491515	ENSELUG00000009200	cas1	16	18672341	18679390
110491516	ENSELUG00000009260	cas1	16	18682058	18760052
110491517	ENSELUG00000009278	cas6	16	18757567	18765534
110491518	ENSELUG00000009368	cas1	16	18765899	18799566
110491522	ENSELUG00000009393	cas1	16	18823492	18837716
110491524	ENSELUG00000009582	cas1	16	18908494	18923344
110491525	ENSELUG00000009539	cas1	16	18898743	18909532
110491526	ENSELUG00000001598	cas1	16	18925303	18933672
110491527	ENSELUG00000009686	cas1	16	18937855	18950644
110491529	ENSELUG00000009951	cas1	16	19107039	19126035
110491530	ENSELUG00000024115	cas5	2	53797226	53823634
110491531	ENSELUG00000009914	cas1	16	19078175	19107323
110491532	ENSELUG00000009968	cas3	16	19127840	19138465
110491535	ENSELUG00000010038	cas6	16	19150008	19164815
110491536	ENSELUG00000010065	cas1	16	19164692	19210407
110491540	ENSELUG00000010231	cas1	16	19283071	19294267
110491542	ENSELUG00000012032	cas1	16	19325249	19340504
110491544	ENSELUG00000011968	cas1	16	19424111	19429658
110491546	ENSELUG00000011948	cas1	16	19437195	19439759
110491551	ENSELUG00000011637	cas1	16	19636336	19691342
110491553	ENSELUG00000011536	cas1	16	19691616	19697840
110491556	ENSELUG00000011512	cas1	16	19723834	19743882
110491571	ENSELUG00000010671	cas1	16	20339109	20347491
110491573	ENSELUG00000010610	cas1	16	20377674	20402275
110491578	ENSELUG00000010522	cas1	16	20571757	20589039
110491594	ENSELUG00000010103	cas5	16	20785617	20791878
110491607	ENSELUG00000009674	cas1	16	20930902	20945172
110491608	ENSELUG00000009613	cas4	16	20968855	21026598
110491610	ENSELUG00000024337	cas6	2	53905934	53926823
110491617	ENSELUG00000009366	cas1	16	21300961	21306119
110491618	ENSELUG00000009342	cas1	16	21307752	21351756
110491621	ENSELUG00000009216	cas1	16	21404342	21414878
110491622	ENSELUG00000009153	cas1	16	21481367	21488851
110491624	ENSELUG00000009069	cas1	16	21567414	21574966
110491625	ENSELUG00000009114	cas1	16	21563515	21566354
110491629	ENSELUG00000008905	cas1	16	21727617	22001169
110491630	ENSELUG00000008808	cas1	16	22034623	22037243
110491639	ENSELUG00000008438	cas4	16	22368887	22475310
110491641	ENSELUG00000008183	cas1	16	22478166	22495374
110491644	ENSELUG00000008003	cas1	16	22658770	22670849
110491646	ENSELUG00000007701	cas1	16	22787829	22827477
110491647	ENSELUG00000007564	cas1	16	22835517	22876076
110491650	ENSELUG00000007396	cas1	16	22899295	22976842
110491653	ENSELUG00000007346	cas1	16	22986830	22998875
110491661	ENSELUG00000024447	cas1	2	53977928	53995578
110491685	ENSELUG00000024504	cas1	2	53996094	54058156
110491689	ENSELUG00000010439	cas5	16	24350009	24363391
110491697	ENSELUG00000004542	cas1	16	24626682	24645021
110491712	ENSELUG00000006037	cas2	16	25045692	25092985
110491720	ENSELUG00000005409	cas6	16	25557267	25592916
110491725	ENSELUG00000005215	cas4	16	25702928	25718286
110491728	ENSELUG00000002670	cas1	2	54213602	54268394
110491733	ENSELUG00000004836	cas3	16	26186815	26281357
110491742	ENSELUG00000024059	cas6	16	26495038	26577153
110491749	ENSELUG00000002691	cas6	2	54281716	54298946
110491751	ENSELUG00000023655	cas6	16	26936401	26994018
110491753	ENSELUG00000023589	cas6	16	27058399	27078882
110491785	ENSELUG00000002780	cas1	2	54458665	54462837
110491787	ENSELUG00000022061	cas3	16	28388779	28446671
110491790	ENSELUG00000022034	cas1	16	28535317	28540645
110491798	ENSELUG00000011744	cas1	16	29674817	29702593
110491799	ENSELUG00000011725	cas1	16	29714278	29727319
110491801	ENSELUG00000010629	cas1	16	29907292	29925164
110491805	ENSELUG00000010820	cas1	16	30599394	30658325
110491806	ENSELUG00000011123	cas1	16	30924605	31019315
110491807	ENSELUG00000011523	cas1	16	31314094	31462245
110491808	ENSELUG00000002814	cas1	2	54847592	54852144
110491811	ENSELUG00000011242	cas1	16	31263159	31265464
110491821	ENSELUG00000007874	cas1	16	32000497	32009436
110491822	ENSELUG00000007594	cas1	16	32056948	32096133
110491824	ENSELUG00000008219	cas1	16	32204475	32223926
110491825	ENSELUG00000008264	cas1	16	32230287	32350853
110491828	ENSELUG00000008351	cas1	16	32436227	32466311
110491829	ENSELUG00000008405	cas1	16	32481622	32541851
110491831	ENSELUG00000008473	cas1	16	32636546	32735446
110491841	ENSELUG00000009140	cas1	16	33652657	33681243
110491848	ENSELUG00000013138	cas3	16	34073929	34154670
110491850	ENSELUG00000013068	cas1	16	34347929	34429211
110491853	ENSELUG00000012684	cas1	16	34646546	34663067
110491854	ENSELUG00000012657	cas3	16	34663198	34671581
110491855	ENSELUG00000003334	cas1	16	34711651	34757113
110491856	ENSELUG00000003384	cas1	16	34770826	34796155
110491857	ENSELUG00000003416	cas1	16	34810182	34830816
110491858	ENSELUG00000003479	cas1	16	34933889	34953455
110491859	ENSELUG00000003458	cas1	16	34846484	34880904
110491860	ENSELUG00000003497	cas1	16	34981973	35013988
110491862	ENSELUG00000003718	cas1	16	35077807	35079706
110491888	ENSELUG00000000090	cas1	2	55841445	55857300
110491899	ENSELUG00000012582	cas1	16	37807984	37861449
110491901	ENSELUG00000012490	cas1	16	37863465	37884243
110491902	ENSELUG00000012424	cas1	16	37914783	37923966
110491904	ENSELUG00000012269	cas1	16	38051927	38101553
110491906	ENSELUG00000012148	cas1	16	38109206	38119708
110491907	ENSELUG00000011908	cas1	16	38138352	38159154
110491908	ENSELUG00000011866	cas1	16	38166736	38278547
110491909	ENSELUG00000011766	cas1	16	38309030	38322116
110491910	ENSELUG00000011748	cas6	16	38390387	38416472
110491911	ENSELUG00000011711	cas1	16	38426290	38448569
110491912	ENSELUG00000011599	cas2	16	38509659	38527874
110491919	ENSELUG00000011277	cas1	16	38620565	38634276
110491920	ENSELUG00000011299	cas1	16	38603424	38618384
110491926	ENSELUG00000010904	cas1	16	38892376	38982443
110491928	ENSELUG00000010812	cas1	16	39013363	39043903
110491931	ENSELUG00000010660	cas1	16	39213698	39218182
110491932	ENSELUG00000010505	cas1	16	39225796	39240895
110491934	ENSELUG00000010473	cas1	16	39265273	39282869
110491935	ENSELUG00000010451	cas1	16	39309981	39333682
110491936	ENSELUG00000010417	cas1	16	39432723	39515972
110491937	ENSELUG00000010359	cas1	16	39519780	39537205
110491939	ENSELUG00000010216	cas1	16	39584443	39587462
110491940	ENSELUG00000010080	cas1	16	39589367	39611232
110491943	ENSELUG00000009956	cas1	16	39733444	39751919
110491945	ENSELUG00000009981	cas1	16	39727913	39732807
110491956	ENSELUG00000009239	cas1	16	40209982	40213414
110491957	ENSELUG00000009176	cas1	16	40265875	40377336
110491958	ENSELUG00000009074	cas1	16	40436058	40443364
110491959	ENSELUG00000009102	cas1	16	40431869	40436281
110491961	ENSELUG00000008929	cas1	16	40527927	40656367
110491962	ENSELUG00000008965	cas1	16	40480112	40525449
110491964	ENSELUG00000008739	cas1	16	40725516	40769515
110491966	ENSELUG00000008807	cas1	16	40697267	40722978
110491968	ENSELUG00000008624	cas1	16	40772993	40778946
110491969	ENSELUG00000008608	cas1	16	40790495	40830628
110491971	ENSELUG00000008559	cas4	16	40830982	40835900
110491973	ENSELUG00000008435	cas1	16	40866655	40873393
110491974	ENSELUG00000008415	cas1	16	40876317	40882216
110491978	ENSELUG00000008254	cas1	16	40937962	40946562
110491982	ENSELUG00000008108	cas1	16	40985863	41039671
110491986	ENSELUG00000007809	cas1	16	41230602	41240310
110491987	ENSELUG00000007692	cas1	16	41262830	41278997
110491988	ENSELUG00000007715	cas1	16	41249937	41253783
110491989	ENSELUG00000007741	cas1	16	41242965	41248039
110491995	ENSELUG00000007508	cas1	16	41488938	41493716
110491997	ENSELUG00000007488	cas1	16	41507397	41510988
110491999	ENSELUG00000007470	cas1	16	41542330	41544885
110492002	ENSELUG00000007372	cas2	16	41645318	41650264
110492003	ENSELUG00000007406	cas1	16	41637837	41645221
110492004	ENSELUG00000007301	cas1	16	41666524	41676868
110492005	ENSELUG00000007241	cas1	16	41688246	41697155
110492007	ENSELUG00000007219	cas1	16	41714511	41728197
110492009	ENSELUG00000007168	cas1	16	41743735	41820580
110492012	ENSELUG00000007136	cas1	16	41845991	41850222
110492013	ENSELUG00000007121	cas1	16	41852627	41857489
110492014	ENSELUG00000007107	cas1	16	41862386	41879805
110492016	ENSELUG00000007038	cas1	16	41906947	41915037
110492019	ENSELUG00000006909	cas1	16	41961939	42014000
110492029	ENSELUG00000006637	cas1	16	42151309	42173941
110492030	ENSELUG00000006611	cas1	16	42174010	42176473
110492032	ENSELUG00000006558	cas1	16	42216261	42243201
110492037	ENSELUG00000006428	cas1	16	42322758	42329491
110492038	ENSELUG00000006454	cas1	16	42330062	42332446
110492039	ENSELUG00000006386	cas1	16	42340999	42364351
110492040	ENSELUG00000013152	cas1	1	16804630	16814764
110492043	ENSELUG00000003165	cas3	2	56207828	56229077
110492044	ENSELUG00000006309	cas1	16	42364628	42387108
110492046	ENSELUG00000006198	cas1	16	42400007	42406385
110492048	ENSELUG00000006170	cas1	16	42409354	42415213
110492049	ENSELUG00000006139	cas1	16	42415240	42416592
110492054	ENSELUG00000005868	cas1	16	42548645	42569532
110492056	ENSELUG00000005843	cas1	16	42615407	42663808
110492057	ENSELUG00000005760	cas1	16	42674355	42713896
110492059	ENSELUG00000005665	cas1	16	42767849	42773348
110492061	ENSELUG00000005599	cas1	16	42968159	42975719
110492064	ENSELUG00000005382	cas1	16	43253172	43326500
110492065	ENSELUG00000005317	cas1	16	43347584	43354612
110492067	ENSELUG00000005286	cas1	16	43356495	43375265
110492070	ENSELUG00000005177	cas1	16	43564449	43575819
110492072	ENSELUG00000004943	cas1	16	43603093	43712334
110492074	ENSELUG00000004740	cas1	16	43742295	43747314
110492076	ENSELUG00000004693	cas1	16	43822715	43828920
110492080	ENSELUG00000004655	cas3	16	43968778	43981151
110492086	ENSELUG00000004372	cas1	16	44418264	44430021
110492093	ENSELUG00000003964	cas1	16	45308346	45315784
110492094	ENSELUG00000003933	cas1	16	45315948	45320376
110492098	ENSELUG00000003719	cas1	16	45493913	45505194
110492100	ENSELUG00000003605	cas1	16	45525987	45536632
110492102	ENSELUG00000003574	cas1	16	45537660	45541777
110492103	ENSELUG00000003517	cas1	16	45562469	45569735
110492104	ENSELUG00000003553	cas1	16	45547949	45559553
110492105	ENSELUG00000013029	cas1	1	16838135	16871992
110492106	ENSELUG00000003536	cas1	16	45558214	45561703
110492107	ENSELUG00000003490	cas1	16	45570220	45604876
110492109	ENSELUG00000003436	cas1	16	45617125	45627786
110492112	ENSELUG00000003355	cas1	16	45662567	45668803
110492113	ENSELUG00000003323	cas1	16	45671028	45702283
110492114	ENSELUG00000003291	cas1	16	45709812	45727923
110492115	ENSELUG00000003265	cas1	16	45753648	45758760
110492119	ENSELUG00000003149	cas1	16	45836816	45842845
110492123	ENSELUG00000024250	cas1	16	45922265	45932218
110492124	ENSELUG00000024091	cas1	16	45943863	45948699
110492126	ENSELUG00000024079	cas6	16	45974366	45978025
110492127	ENSELUG00000024045	cas1	16	45978914	45991548
110492131	ENSELUG00000023810	cas1	16	46129671	46134746
110492133	ENSELUG00000001003	cas1	16	46115201	46122881
110492134	ENSELUG00000023767	cas1	16	46151597	46165561
110492135	ENSELUG00000000996	cas1	16	46168483	46185390
110492137	ENSELUG00000021483	cas1	16	47081938	47089563
110492140	ENSELUG00000021314	cas2	16	47141702	47158067
110492150	ENSELUG00000020680	cas1	16	47909362	47918145
110492157	ENSELUG00000020069	cas1	16	48145652	48171888
110492160	ENSELUG00000019897	cas1	16	48242058	48272289
110492161	ENSELUG00000000874	cas2	16	48234990	48241496
110492164	ENSELUG00000019860	cas1	16	48282132	48331926
110492166	ENSELUG00000003528	cas1	2	56547837	56560787
110492169	ENSELUG00000019694	cas1	16	48383542	48393271
110492170	ENSELUG00000019727	cas1	16	48372037	48383460
110492171	ENSELUG00000003559	cas1	2	56568574	56620288
110492172	ENSELUG00000019637	cas1	16	48403279	48405646
110492174	ENSELUG00000019591	cas2	16	48407064	48483333
110492176	ENSELUG00000019546	cas1	16	48525042	48533176
110492177	ENSELUG00000019340	cas1	16	48650173	48970488
110492179	ENSELUG00000019318	cas1	16	49024001	49034167
110492184	ENSELUG00000019245	cas1	16	49085325	49146696
110492185	ENSELUG00000003617	cas2	2	56621439	56633187
110492186	ENSELUG00000019175	cas1	16	49146817	49159851
110492187	ENSELUG00000019159	cas1	16	49179653	49196706
110492193	ENSELUG00000018775	cas1	16	49394075	49407462
110492195	ENSELUG00000018752	cas1	16	49409128	49517268
110492196	ENSELUG00000018702	cas1	16	49534880	49543357
110492197	ENSELUG00000018645	cas1	16	49553160	49570716
110492201	ENSELUG00000018477	cas1	16	49801983	49833165
110492202	ENSELUG00000018466	cas1	16	49840098	49880822
110492203	ENSELUG00000018452	cas1	16	49933079	49938888
110492204	ENSELUG00000018349	cas1	16	49950665	49971293
110492205	ENSELUG00000018438	cas1	16	49939245	49951052
110492206	ENSELUG00000018212	cas1	16	49996722	50015523
110492207	ENSELUG00000018039	cas1	16	50241978	50311045
110492208	ENSELUG00000017921	cas2	16	50314916	50318773
110492210	ENSELUG00000017821	cas1	16	50490237	50796195
110492229	ENSELUG00000016519	cas1	16	51998558	52069366
110492240	ENSELUG00000015988	cas6	16	52288986	52311254
110492245	ENSELUG00000015853	cas1	16	52436999	52440451
110492253	ENSELUG00000015283	cas6	16	52687559	52692433
110492255	ENSELUG00000015207	cas1	16	52720237	52736043
110492263	ENSELUG00000014324	cas1	16	52880607	52888213
110492266	ENSELUG00000014239	cas3	16	52908387	52912834
110492277	ENSELUG00000006906	cas1	16	53219373	53226719
110492284	ENSELUG00000000260	cas6	16	53290006	53297286
110492288	ENSELUG00000004057	cas1	2	57152918	57235251
110492301	ENSELUG00000002917	cas1	16	53971951	54034345
110492316	ENSELUG00000011592	cas1	16	54688886	54712153
110492317	ENSELUG00000003978	cas1	2	56869081	57027778
110492321	ENSELUG00000011798	cas1	16	54894359	54914650
110492322	ENSELUG00000011834	cas1	16	54925096	54943877
110492324	ENSELUG00000011915	cas1	16	54958795	54968894
110492329	ENSELUG00000012160	cas1	16	55166763	55255352
110492330	ENSELUG00000012239	cas6	16	55350144	55372295
110492331	ENSELUG00000012257	cas1	16	55375735	55383021
110492332	ENSELUG00000013077	cas1	16	55516905	55535738
110492333	ENSELUG00000013121	cas1	16	55539306	55564300
110492337	ENSELUG00000013281	cas1	16	55595569	55607324
110492338	ENSELUG00000013312	cas1	16	55609187	55626735
110492339	ENSELUG00000013556	cas1	16	55633814	55638471
110492341	ENSELUG00000013506	cas1	16	55626915	55632905
110492342	ENSELUG00000013604	cas1	16	55646145	55649415
110492343	ENSELUG00000013623	cas1	16	55654000	55661738
110492344	ENSELUG00000013735	cas1	16	55742268	55745483
110492345	ENSELUG00000013787	cas1	16	55747930	55750490
110492355	ENSELUG00000014135	cas1	16	55896186	55908040
110492361	ENSELUG00000014427	cas1	16	55965514	55986834
110492362	ENSELUG00000004125	cas1	2	57289492	57302882
110492363	ENSELUG00000014526	cas1	16	55998512	56008775
110492365	ENSELUG00000014868	cas1	16	56076203	56078237
110492366	ENSELUG00000014906	cas1	16	56091258	56189123
110492369	ENSELUG00000015002	cas1	16	56206812	56221578
110492370	ENSELUG00000014932	cas1	16	56189995	56206301
110492371	ENSELUG00000015205	cas1	16	56240763	56293503
110492372	ENSELUG00000015419	cas1	16	56400050	56412393
110492373	ENSELUG00000015528	cas2	16	56424187	56437287
110492374	ENSELUG00000015624	cas1	16	56450915	56457720
110492375	ENSELUG00000015700	cas1	16	56474410	56507995
110492377	ENSELUG00000015746	cas1	16	56536667	56540132
110492379	ENSELUG00000015831	cas1	16	56570125	56679900
110492380	ENSELUG00000015880	cas1	16	56713782	56729174
110492381	ENSELUG00000004504	cas6	2	57449413	57454096
110492384	ENSELUG00000016066	cas1	16	56830760	56854519
110492387	ENSELUG00000016142	cas1	16	56904943	56907734
110492389	ENSELUG00000016254	cas1	16	57245766	57788596
110492390	ENSELUG00000016276	cas1	16	57833449	57845200
110492396	ENSELUG00000016399	cas1	16	57876449	57887706
110492399	ENSELUG00000016466	cas1	16	57898471	57921688
110492404	ENSELUG00000016656	cas4	16	58174548	58184208
110492404	ENSELUG00000016512	cas5	16	58174548	58184208
110492406	ENSELUG00000016725	cas1	16	58199208	58207263
110492407	ENSELUG00000016865	cas1	16	58263365	58278453
110492408	ENSELUG00000003917	cas1	2	56835810	56838821
110492410	ENSELUG00000016892	cas1	16	58302511	58315644
110492411	ENSELUG00000016963	cas1	16	58318031	58335164
110492415	ENSELUG00000000698	cas1	16	58399629	58406067
110492417	ENSELUG00000017810	cas2	16	58422904	58667831
110492418	ENSELUG00000018004	cas1	16	58743890	58792194
110492419	ENSELUG00000018054	cas1	16	58865549	58870791
110492421	ENSELUG00000018122	cas1	16	58904951	58988807
110492422	ENSELUG00000018160	cas1	16	59000237	59112924
110492423	ENSELUG00000000751	cas1	16	59145049	59158966
110492425	ENSELUG00000000766	cas4	16	59175934	59206144
110492427	ENSELUG00000018372	cas1	16	59278960	59290653
110492429	ENSELUG00000000786	cas1	16	59359297	59367138
110492431	ENSELUG00000023499	cas1	16	59541387	59640728
110492432	ENSELUG00000023514	cas1	16	59718862	59723867
110492434	ENSELUG00000023595	cas1	16	59730615	59745377
110492436	ENSELUG00000023672	cas1	16	59761804	59775363
110492437	ENSELUG00000023696	cas1	16	59778738	59784334
110492450	ENSELUG00000017290	cas2	16	73770182	73777432
110492451	ENSELUG00000017323	cas1	16	73782999	73822236
110492455	ENSELUG00000024008	cas1	16	59881132	59911772
110492457	ENSELUG00000024024	cas1	16	59916200	59925485
110492459	ENSELUG00000024155	cas6	16	59932825	59945108
110492461	ENSELUG00000017827	cas1	2	57580154	57583524
110492463	ENSELUG00000024192	cas1	16	59962433	59976353
110492465	ENSELUG00000024611	cas1	16	60363197	60378829
110492469	ENSELUG00000017786	cas1	2	57595950	57601508
110492472	ENSELUG00000001814	cas3	16	60679547	60682289
110492475	ENSELUG00000001816	cas1	16	60690268	60743762
110492476	ENSELUG00000001817	cas3	16	60749758	60752752
110492479	ENSELUG00000001829	cas6	16	60803485	60812247
110492480	ENSELUG00000001826	cas1	16	60796986	60803026
110492485	ENSELUG00000001837	cas1	16	60880406	60914134
110492489	ENSELUG00000001851	cas1	16	60973022	60979513
110492492	ENSELUG00000001865	cas1	16	61047129	61150936
110492493	ENSELUG00000001872	cas1	16	61290248	61307500
110492498	ENSELUG00000001919	cas1	16	62068048	62177430
110492499	ENSELUG00000001870	cas1	16	61161972	61241877
110492500	ENSELUG00000000706	cas2	2	57667227	57789395
110492501	ENSELUG00000001875	cas1	16	61503759	61507349
110492502	ENSELUG00000001911	cas1	16	61802244	61808205
110492506	ENSELUG00000001894	cas1	16	61596624	61599382
110492507	ENSELUG00000001901	cas1	16	61687247	61689079
110492509	ENSELUG00000001893	cas4	16	61595093	61601423
110492515	ENSELUG00000001945	cas2	16	62683677	62707927
110492516	ENSELUG00000001952	cas1	16	62926999	62951504
110492517	ENSELUG00000001956	cas1	16	62959965	63008499
110492521	ENSELUG00000001974	cas1	16	63438599	63446846
110492528	ENSELUG00000012837	cas1	1	16909202	16916436
110492531	ENSELUG00000017585	cas1	2	57795263	57797634
110492538	ENSELUG00000017566	cas1	2	57797779	57886941
110492563	ENSELUG00000017524	cas1	2	57928123	57994689
110492565	ENSELUG00000010260	cas2	16	66269637	66276483
110492567	ENSELUG00000010296	cas2	16	66303589	66308067
110492568	ENSELUG00000001635	cas2	16	66320422	66345643
110492574	ENSELUG00000010436	cas1	16	66569476	66582944
110492575	ENSELUG00000010388	cas2	16	66583103	66587055
110492576	ENSELUG00000005052	cas6	16	66599962	66621991
110492579	ENSELUG00000017450	cas1	2	58040338	58109443
110492580	ENSELUG00000005004	cas1	16	66659009	66683358
110492583	ENSELUG00000001521	cas4	16	66689062	66701670
110492593	ENSELUG00000011755	cas3	16	67459278	67473693
110492600	ENSELUG00000016616	cas2	16	73040535	73047672
110492603	ENSELUG00000016696	cas1	16	73076716	73082934
110492612	ENSELUG00000017387	cas1	2	58118987	58200644
110492623	ENSELUG00000010641	cas1	16	68422113	68431744
110492626	ENSELUG00000010529	cas1	16	68703920	68772253
110492627	ENSELUG00000010595	cas1	16	68671415	68703603
110492629	ENSELUG00000010334	cas1	16	68912887	68915383
110492634	ENSELUG00000010175	cas1	16	68973714	69006032
110492635	ENSELUG00000010095	cas1	16	69060355	69104116
110492638	ENSELUG00000009881	cas1	16	69182208	69207186
110492639	ENSELUG00000009866	cas1	16	69277801	69281615
110492642	ENSELUG00000009535	cas1	16	69313323	69347555
110492644	ENSELUG00000009486	cas1	16	69354502	69379181
110492649	ENSELUG00000013803	cas1	16	70229839	70282239
110492650	ENSELUG00000013731	cas2	16	70198438	70212716
110492651	ENSELUG00000014092	cas1	16	70445023	70463950
110492659	ENSELUG00000009306	cas1	16	69986177	69996398
110492673	ENSELUG00000016075	cas1	16	71783009	71837018
110492686	ENSELUG00000012800	cas1	1	16933388	16935884
110492697	ENSELUG00000018281	cas1	16	75587593	75590524
110492699	ENSELUG00000018188	cas1	16	76104209	76119590
110492700	ENSELUG00000017955	cas1	16	73879188	74155898
110492701	ENSELUG00000019126	cas1	16	75313939	75369314
110492704	ENSELUG00000019026	cas4	16	74986625	75015379
110492717	ENSELUG00000015772	cas4	16	78488784	78511036
110492737	ENSELUG00000023562	cas1	16	46243916	46256237
110492738	ENSELUG00000023424	cas1	16	46260285	46266312
110492739	ENSELUG00000023408	cas1	16	46267809	46278481
110492741	ENSELUG00000016956	cas1	2	59344159	59356495
110492743	ENSELUG00000023259	cas1	16	46294406	46316503
110492746	ENSELUG00000023198	cas1	16	46341080	46371222
110492750	ENSELUG00000022877	cas1	16	46423152	46439814
110492751	ENSELUG00000022832	cas1	16	46452546	46459925
110492754	ENSELUG00000022768	cas1	16	46478316	46486506
110492755	ENSELUG00000022706	cas1	16	46494935	46510518
110492757	ENSELUG00000022723	cas1	16	46490075	46494132
110492758	ENSELUG00000022623	cas1	16	46524093	46531221
110492759	ENSELUG00000005367	cas1	2	59774163	59781857
110492761	ENSELUG00000022601	cas1	16	46567850	46572691
110492762	ENSELUG00000022528	cas1	16	46590275	46599608
110492766	ENSELUG00000022452	cas1	16	46606710	46610975
110492768	ENSELUG00000022364	cas1	16	46706224	46722600
110492769	ENSELUG00000022215	cas1	16	46770680	46775164
110492771	ENSELUG00000012788	cas1	1	16943579	16961077
110492782	ENSELUG00000005451	cas1	2	59826624	59841614
110492786	ENSELUG00000014236	cas1	16	70541550	70754162
110492800	ENSELUG00000019273	cas3	16	159650	172051
110492801	ENSELUG00000016461	cas1	16	5196694	5243823
110492805	ENSELUG00000006119	cas1	10	3418464	3577074
110492813	ENSELUG00000022024	cas1	16	8194022	8370572
110492825	ENSELUG00000005702	cas1	2	60262699	60267392
110492826	ENSELUG00000002213	cas1	16	11536438	11636884
110492828	ENSELUG00000002470	cas1	16	11995489	12019511
110492833	ENSELUG00000002559	cas1	16	12243065	12271829
110492836	ENSELUG00000002964	cas1	16	12454370	12533472
110492837	ENSELUG00000003750	cas1	16	13758121	13764921
110492845	ENSELUG00000008379	cas1	16	18251830	18323632
110492846	ENSELUG00000006023	cas1	2	60398876	60406820
110492847	ENSELUG00000009833	cas1	16	19050761	19068506
110492848	ENSELUG00000010193	cas1	16	19244110	19279335
110492854	ENSELUG00000007985	cas6	16	22690308	22706146
110492867	ENSELUG00000006053	cas1	2	60448878	60470558
110492878	ENSELUG00000002270	cas1	16	11730859	11740399
110492882	ENSELUG00000007068	cas1	16	17149378	17151329
110492890	ENSELUG00000006156	cas1	2	60537619	60559746
110492901	ENSELUG00000007532	cas1	16	41444038	41449320
110492903	ENSELUG00000005540	cas6	16	43046572	43048442
110492905	ENSELUG00000005436	cas1	16	43210914	43212485
110493006	ENSELUG00000006610	cas1	2	60835157	60850563
110493043	ENSELUG00000006582	cas1	2	60781715	60846975
110493059	ENSELUG00000006673	cas1	2	60851417	60866445
110493125	ENSELUG00000006737	cas1	2	60881396	60883242
110493150	ENSELUG00000006851	cas1	2	60999577	61091420
110493152	ENSELUG00000006919	cas1	2	61098791	61115991
110493155	ENSELUG00000007033	cas1	2	61233033	61250701
110493160	ENSELUG00000014335	cas2	17	31278900	31340762
110493162	ENSELUG00000001065	cas2	17	31626199	31692221
110493163	ENSELUG00000012386	cas2	17	31892360	31910812
110493200	ENSELUG00000008321	cas1	17	49478916	49594500
110493210	ENSELUG00000002479	cas1	17	53794018	53861136
110493215	ENSELUG00000012497	cas1	1	17173402	17220957
110493220	ENSELUG00000024030	cas1	17	55633207	55652540
110493229	ENSELUG00000019010	cas1	17	59710337	59832535
110493230	ENSELUG00000018868	cas1	17	59911534	59990825
110493233	ENSELUG00000016632	cas1	17	62043256	62056425
110493236	ENSELUG00000000586	cas1	17	62747771	62760165
110493241	ENSELUG00000010144	cas1	17	68090205	68094863
110493245	ENSELUG00000007560	cas1	17	71048730	71094775
110493246	ENSELUG00000007090	cas1	17	71678389	71688655
110493247	ENSELUG00000007029	cas1	17	71744930	71879086
110493250	ENSELUG00000007138	cas1	2	61370307	61415302
110493252	ENSELUG00000005147	cas1	17	74388428	74432420
110493253	ENSELUG00000004947	cas1	17	74510781	74517438
110493265	ENSELUG00000023249	cas1	17	78922674	78932811
110493267	ENSELUG00000022988	cas1	17	79321093	79336076
110493280	ENSELUG00000019675	cas1	17	84379789	84685038
110493282	ENSELUG00000007279	cas1	2	61436215	61464302
110493291	ENSELUG00000010602	cas2	17	86540799	86555989
110493294	ENSELUG00000018892	cas3	17	88372078	88421226
110493296	ENSELUG00000019000	cas1	17	88186354	88200745
110493313	ENSELUG00000019458	cas2	17	15479039	15495857
110493314	ENSELUG00000018482	cas2	17	14439607	14459790
110493320	ENSELUG00000018482	cas2	17	13438225	13456756
110493331	ENSELUG00000021789	cas2	17	5985308	6000592
110493335	ENSELUG00000007349	cas1	2	61499096	61509316
110493358	ENSELUG00000007386	cas1	2	62057929	62062744
110493377	ENSELUG00000014901	cas4	17	11714235	11724048
110493383	ENSELUG00000000274	cas1	2	62223933	62258267
110493388	ENSELUG00000016174	cas2	17	12460549	12474547
110493390	ENSELUG00000016187	cas2	17	12479854	12483295
110493397	ENSELUG00000014726	cas2	17	11852082	11880079
110493400	ENSELUG00000014768	cas2	13	4797759	4807623
110493405	ENSELUG00000007772	cas1	2	62283204	62369308
110493408	ENSELUG00000017298	cas2	17	13845895	13850976
110493411	ENSELUG00000017298	cas2	17	12769581	12774660
110493413	ENSELUG00000017369	cas2	17	12786022	12793664
110493415	ENSELUG00000007822	cas1	2	62471244	62508410
110493418	ENSELUG00000018341	cas2	17	13378175	13380398
110493419	ENSELUG00000018341	cas2	17	14379289	14382571
110493422	ENSELUG00000018771	cas2	17	13607347	13627739
110493428	ENSELUG00000022906	cas2	13	12260146	12332179
110493429	ENSELUG00000023398	cas2	17	20423697	20429216
110493431	ENSELUG00000023468	cas2	17	20495206	20503365
110493432	ENSELUG00000023442	cas3	17	20491211	20494532
110493433	ENSELUG00000023498	cas2	13	12834952	12837304
110493434	ENSELUG00000023468	cas2	13	12825675	12833745
110493435	ENSELUG00000023442	cas3	13	12821676	12825061
110493437	ENSELUG00000023498	cas2	17	20504632	20506218
110493438	ENSELUG00000023398	cas2	13	12754186	12759727
110493440	ENSELUG00000002877	cas2	17	21429348	21439487
110493441	ENSELUG00000002872	cas2	17	21411626	21417430
110493444	ENSELUG00000001627	cas2	17	21386355	21403797
110493445	ENSELUG00000024602	cas3	17	21367594	21377704
110493449	ENSELUG00000001033	cas2	17	21292152	21293951
110493451	ENSELUG00000024368	cas2	17	21274885	21286708
110493453	ENSELUG00000002946	cas2	17	21465571	21471045
110493456	ENSELUG00000002959	cas2	17	21471502	21485902
110493457	ENSELUG00000002977	cas3	17	21496336	21502195
110493459	ENSELUG00000003023	cas2	17	21587329	21643685
110493462	ENSELUG00000003076	cas2	17	21778857	21786297
110493463	ENSELUG00000003090	cas2	17	21786166	21790195
110493464	ENSELUG00000003100	cas3	17	21797906	21809113
110493465	ENSELUG00000000102	cas6	17	21809385	21848582
110493466	ENSELUG00000003135	cas3	17	21850737	21851205
110493468	ENSELUG00000004339	cas2	17	23233049	23353185
110493469	ENSELUG00000008083	cas1	2	63007323	63022862
110493470	ENSELUG00000004266	cas2	17	23178814	23185757
110493471	ENSELUG00000004308	cas7	17	23189080	23221333
110493475	ENSELUG00000004222	cas5	17	23124029	23125413
110493477	ENSELUG00000003254	cas2	17	23061465	23065621
110493478	ENSELUG00000003246	cas4	17	23066103	23074400
110493480	ENSELUG00000003271	cas5	17	23059030	23061453
110493483	ENSELUG00000001340	cas2	17	22748958	22806709
110493484	ENSELUG00000003411	cas2	17	22594594	22633784
110493485	ENSELUG00000003444	cas5	17	22576646	22594336
110493486	ENSELUG00000003460	cas4	17	22556054	22572279
110493487	ENSELUG00000003489	cas4	17	22520900	22555351
110493488	ENSELUG00000008200	cas1	2	63058054	63089778
110493489	ENSELUG00000001120	cas2	17	22507255	22520339
110493491	ENSELUG00000003667	cas3	17	22194856	22200204
110493492	ENSELUG00000003699	cas5	17	22181007	22193402
110493493	ENSELUG00000003765	cas2	17	22170142	22174701
110493495	ENSELUG00000003859	cas2	17	22106383	22107823
110493499	ENSELUG00000003962	cas2	17	22048108	22057002
110493500	ENSELUG00000004115	cas3	17	22000631	22021038
110493501	ENSELUG00000004143	cas2	17	21994994	22000115
110493502	ENSELUG00000008387	cas1	2	63090360	63130536
110493505	ENSELUG00000003163	cas2	17	21973614	21976378
110493506	ENSELUG00000012532	cas1	1	17140522	17173207
110493507	ENSELUG00000008484	cas1	2	63146769	63224837
110493511	ENSELUG00000004410	cas2	17	23392456	23400169
110493513	ENSELUG00000004537	cas2	17	23471769	23499386
110493514	ENSELUG00000004561	cas2	17	23551629	23554314
110493515	ENSELUG00000004599	cas3	17	23571964	23581274
110493519	ENSELUG00000004764	cas2	17	23701419	23866193
110493527	ENSELUG00000004895	cas2	17	23907399	23959574
110493529	ENSELUG00000004952	cas3	17	23963192	24031795
110493534	ENSELUG00000008670	cas2	2	63249489	63262311
110493535	ENSELUG00000005119	cas2	17	24128511	24133165
110493545	ENSELUG00000005781	cas2	17	25985504	25992678
110493547	ENSELUG00000000160	cas3	17	25962853	25977891
110493548	ENSELUG00000005551	cas2	17	25882424	25884964
110493549	ENSELUG00000005544	cas2	17	25831945	25838455
110493551	ENSELUG00000005629	cas2	17	25935288	25962553
110493554	ENSELUG00000006104	cas2	17	26390703	26435196
110493555	ENSELUG00000006124	cas5	17	26436544	26441447
110493559	ENSELUG00000006289	cas2	17	26683052	26685644
110493565	ENSELUG00000007167	cas2	17	27159489	27165748
110493566	ENSELUG00000008795	cas1	2	63283982	63351175
110493568	ENSELUG00000007113	cas3	17	27175992	27229581
110493569	ENSELUG00000006957	cas2	17	27256540	27259519
110493571	ENSELUG00000006554	cas2	17	27264261	27272794
110493572	ENSELUG00000008913	cas1	2	63525782	63710129
110493573	ENSELUG00000006522	cas2	17	27272982	27276208
110493577	ENSELUG00000006705	cas2	17	27370922	27411556
110493578	ENSELUG00000006729	cas2	17	27472675	27478584
110493586	ENSELUG00000009175	cas1	2	63745050	63761413
110493599	ENSELUG00000010735	cas2	17	27965020	27992303
110493603	ENSELUG00000009225	cas1	2	63873240	63904118
110493623	ENSELUG00000009344	cas1	2	63989427	64092188
110493631	ENSELUG00000012553	cas1	1	17137016	17140392
110493638	ENSELUG00000009303	cas3	17	28740344	28742450
110493643	ENSELUG00000009096	cas2	17	28793802	28801368
110493646	ENSELUG00000009419	cas3	2	64180281	64188853
110493658	ENSELUG00000009405	cas1	2	64169264	64180203
110493672	ENSELUG00000007849	cas1	17	29988291	30027542
110493673	ENSELUG00000007744	cas2	17	30027981	30057047
110493674	ENSELUG00000007680	cas2	17	30058590	30072749
110493680	ENSELUG00000007365	cas3	17	30141371	30219768
110493695	ENSELUG00000013677	cas2	17	30563150	30621042
110493697	ENSELUG00000009813	cas1	2	64406060	64410316
110493701	ENSELUG00000013993	cas2	17	30943491	31160687
110493702	ENSELUG00000013923	cas2	17	30934170	30937569
110493703	ENSELUG00000013863	cas2	17	30927248	30933785
110493705	ENSELUG00000014077	cas2	17	31214930	31245583
110493706	ENSELUG00000014102	cas2	17	31256900	31277824
110493709	ENSELUG00000012460	cas1	1	17244353	17256260
110493710	ENSELUG00000014492	cas2	17	31353482	31433958
110493714	ENSELUG00000014756	cas2	17	31514736	31519569
110493715	ENSELUG00000012985	cas2	17	31565428	31578547
110493716	ENSELUG00000013038	cas2	17	31550400	31565714
110493717	ENSELUG00000012818	cas2	17	31578647	31585186
110493722	ENSELUG00000012544	cas2	17	31723035	31743199
110493723	ENSELUG00000012534	cas2	17	31744531	31757309
110493725	ENSELUG00000012510	cas2	17	31792455	31836455
110493727	ENSELUG00000012297	cas2	17	31911571	31964958
110493728	ENSELUG00000012264	cas2	17	31976595	31990436
110493729	ENSELUG00000000448	cas2	17	31991752	32001157
110493730	ENSELUG00000012166	cas2	17	32008627	32013664
110493733	ENSELUG00000012000	cas2	17	32108646	32146142
110493734	ENSELUG00000011957	cas2	17	32170305	32174711
110493735	ENSELUG00000011877	cas2	17	32200806	32203474
110493736	ENSELUG00000011909	cas2	17	32179765	32200258
110493737	ENSELUG00000011861	cas2	17	32205247	32210501
110493738	ENSELUG00000011840	cas2	17	32252425	32268211
110493739	ENSELUG00000011722	cas2	17	32281680	32312639
110493750	ENSELUG00000015682	cas2	17	32654430	32661762
110493752	ENSELUG00000015731	cas2	17	32661145	32666556
110493754	ENSELUG00000015770	cas2	17	32844129	32845504
110493757	ENSELUG00000015998	cas2	17	33008284	33035974
110493761	ENSELUG00000016285	cas1	17	33108873	33139987
110493776	ENSELUG00000017447	cas2	17	34254192	34270050
110493781	ENSELUG00000017559	cas1	17	34348767	34397687
110493789	ENSELUG00000017830	cas3	17	34590849	34605070
110493793	ENSELUG00000010267	cas1	2	64622371	64662514
110493794	ENSELUG00000018155	cas2	17	34787290	34802322
110493797	ENSELUG00000018396	cas2	17	34923682	34948213
110493798	ENSELUG00000018528	cas2	17	34962764	34970771
110493803	ENSELUG00000003988	cas2	17	35183366	35199206
110493811	ENSELUG00000003798	cas6	17	35279996	35311816
110493813	ENSELUG00000022322	cas2	17	35453560	35511806
110493816	ENSELUG00000010409	cas1	2	64802877	64848068
110493817	ENSELUG00000023117	cas4	17	35655475	35677264
110493824	ENSELUG00000023151	cas4	17	35824620	35825355
110493826	ENSELUG00000023151	cas4	17	35824621	35838093
110493827	ENSELUG00000023376	cas4	17	35855110	35955647
110493830	ENSELUG00000012419	cas1	1	17263953	17272050
110493835	ENSELUG00000010573	cas1	2	65111274	65365999
110493836	ENSELUG00000014499	cas1	17	43260166	43270260
110493844	ENSELUG00000014305	cas1	17	36681034	36686599
110493845	ENSELUG00000019486	cas1	17	36723934	36769782
110493852	ENSELUG00000015048	cas1	17	37029581	37033137
110493853	ENSELUG00000020959	cas6	17	37083971	37128501
110493855	ENSELUG00000001233	cas1	2	65487387	65509066
110493859	ENSELUG00000004454	cas1	17	37309712	37317703
110493861	ENSELUG00000012309	cas1	17	37406926	37514061
110493862	ENSELUG00000012215	cas6	17	37538220	37588797
110493867	ENSELUG00000018786	cas1	17	38428173	38546783
110493868	ENSELUG00000018723	cas1	17	38669546	38685936
110493870	ENSELUG00000018744	cas1	17	38651076	38654909
110493871	ENSELUG00000018628	cas1	17	38688427	38701858
110493872	ENSELUG00000011138	cas1	17	38909389	39081461
110493874	ENSELUG00000010948	cas1	17	39214650	39229788
110493875	ENSELUG00000010714	cas1	2	65593468	65648660
110493877	ENSELUG00000010924	cas1	17	39248300	39253270
110493881	ENSELUG00000015428	cas4	17	39500696	39521498
110493884	ENSELUG00000015329	cas1	17	39651864	39696026
110493888	ENSELUG00000015110	cas1	17	39948626	40269835
110493890	ENSELUG00000010746	cas1	2	65651079	65665571
110493891	ENSELUG00000014956	cas1	17	40273817	40313911
110493894	ENSELUG00000014370	cas1	17	41530173	41547714
110493895	ENSELUG00000014423	cas1	17	41493079	41509018
110493897	ENSELUG00000014341	cas1	17	41641874	41706180
110493899	ENSELUG00000014154	cas1	17	41756714	41814380
110493901	ENSELUG00000014035	cas1	17	41822362	41887681
110493903	ENSELUG00000013949	cas1	17	41947481	41998203
110493905	ENSELUG00000013810	cas1	17	42137026	42279357
110493906	ENSELUG00000010793	cas1	2	65730731	65752045
110493908	ENSELUG00000013558	cas1	17	42435328	42516956
110493909	ENSELUG00000013412	cas1	17	42528749	42532546
110493912	ENSELUG00000013181	cas1	17	42740378	42762109
110493916	ENSELUG00000013079	cas1	17	42779461	42794918
110493917	ENSELUG00000010858	cas1	2	65762721	65778516
110493918	ENSELUG00000013003	cas1	17	42809238	42814136
110493919	ENSELUG00000012989	cas1	17	42833355	42838693
110493920	ENSELUG00000012980	cas1	17	42865457	42872116
110493927	ENSELUG00000012937	cas1	17	43939917	44074496
110493931	ENSELUG00000012786	cas1	17	44177985	44252243
110493933	ENSELUG00000012729	cas1	17	44324715	44545834
110493940	ENSELUG00000012463	cas1	17	44800238	44829079
110493948	ENSELUG00000010993	cas1	2	65830115	65839097
110493951	ENSELUG00000012103	cas1	17	45253641	45327464
110493956	ENSELUG00000011913	cas1	17	45518726	45526398
110493960	ENSELUG00000004923	cas2	2	10000736	10006810
110493963	ENSELUG00000004899	cas7	2	10007058	10014363
110493965	ENSELUG00000004866	cas3	3	3738335	3754295
110493968	ENSELUG00000010974	cas1	2	65821657	65829740
110493980	ENSELUG00000011257	cas3	17	47109723	47134585
110493986	ENSELUG00000011086	cas1	2	65852505	65865705
110493992	ENSELUG00000010775	cas1	17	47728424	47743582
110493993	ENSELUG00000010729	cas1	17	47744356	47790013
110493997	ENSELUG00000010395	cas1	17	48001270	48026662
110494000	ENSELUG00000001266	cas1	17	48079524	48086528
110494006	ENSELUG00000010072	cas1	17	48235904	48241232
110494015	ENSELUG00000011267	cas1	2	66032023	66069982
110494017	ENSELUG00000009672	cas2	17	48556116	48571516
110494020	ENSELUG00000009545	cas1	17	48613838	48622249
110494031	ENSELUG00000009131	cas1	17	49172823	49183776
110494033	ENSELUG00000000312	cas1	17	49320752	49330267
110494034	ENSELUG00000008592	cas1	17	49309152	49319617
110494035	ENSELUG00000008424	cas1	17	49330596	49379638
110494036	ENSELUG00000008380	cas1	17	49405293	49432749
110494037	ENSELUG00000011309	cas1	2	66084226	66118713
110494038	ENSELUG00000004033	cas1	17	50708935	50727747
110494042	ENSELUG00000003872	cas1	17	50852607	50861098
110494043	ENSELUG00000003951	cas1	17	50837015	50840404
110494044	ENSELUG00000011335	cas1	2	66119926	66135667
110494046	ENSELUG00000003843	cas1	17	50862652	50875481
110494048	ENSELUG00000003782	cas1	17	50930373	50941234
110494050	ENSELUG00000003755	cas1	17	50953994	50958601
110494051	ENSELUG00000011531	cas1	2	66145590	66190766
110494054	ENSELUG00000003702	cas2	17	51063315	51077345
110494056	ENSELUG00000003602	cas1	17	51663617	51667001
110494058	ENSELUG00000003340	cas1	17	51884201	51953114
110494059	ENSELUG00000000105	cas1	17	51967039	52121978
110494060	ENSELUG00000003086	cas1	17	52190599	52273991
110494066	ENSELUG00000003014	cas1	17	52364095	52368350
110494069	ENSELUG00000002963	cas1	17	52419754	52424083
110494071	ENSELUG00000011600	cas1	2	66207849	66210600
110494073	ENSELUG00000002750	cas1	17	52639622	52699632
110494074	ENSELUG00000002740	cas1	17	52708968	52715179
110494075	ENSELUG00000002733	cas1	17	52731398	52752182
110494080	ENSELUG00000002576	cas4	17	53468135	53522586
110494082	ENSELUG00000000064	cas2	17	53526217	53530187
110494083	ENSELUG00000002556	cas6	17	53531256	53542954
110494084	ENSELUG00000011685	cas1	2	66223586	66256972
110494085	ENSELUG00000002551	cas1	17	53543263	53607885
110494086	ENSELUG00000002529	cas1	17	53670309	53678165
110494088	ENSELUG00000002517	cas1	17	53686160	53696488
110494089	ENSELUG00000002501	cas1	17	53771410	53788723
110494090	ENSELUG00000002439	cas1	17	53969497	53977112
110494091	ENSELUG00000002434	cas1	17	53981398	53984535
110494096	ENSELUG00000011703	cas1	2	66262594	66266024
110494097	ENSELUG00000002397	cas1	17	54203763	54226885
110494098	ENSELUG00000002385	cas1	17	54265416	54276020
110494100	ENSELUG00000002390	cas1	17	54256327	54264613
110494101	ENSELUG00000002351	cas1	17	54334348	54348088
110494106	ENSELUG00000002333	cas1	17	54395259	54410536
110494107	ENSELUG00000002320	cas1	17	54411721	54426194
110494112	ENSELUG00000002212	cas1	17	54487060	54500326
110494113	ENSELUG00000023995	cas1	17	55665844	55717514
110494118	ENSELUG00000023543	cas1	17	55884873	55925710
110494120	ENSELUG00000023614	cas1	17	55825532	55880570
110494124	ENSELUG00000024352	cas1	17	54717983	54735939
110494127	ENSELUG00000011912	cas1	2	66305919	66332389
110494129	ENSELUG00000023319	cas1	17	55989707	56016098
110494130	ENSELUG00000024541	cas1	17	54653432	54662827
110494131	ENSELUG00000023280	cas1	17	56056291	56081057
110494132	ENSELUG00000024323	cas1	17	54743525	54759271
110494133	ENSELUG00000023779	cas1	17	55785027	55789929
110494139	ENSELUG00000023884	cas1	17	55721363	55724608
110494140	ENSELUG00000024592	cas1	17	54633082	54634382
110494141	ENSELUG00000023735	cas1	17	55811948	55818326
110494142	ENSELUG00000012323	cas1	1	17314484	17326759
110494146	ENSELUG00000023047	cas1	17	56170609	56192396
110494148	ENSELUG00000022935	cas1	17	56209476	56221662
110494149	ENSELUG00000022846	cas1	17	56248086	56254452
110494154	ENSELUG00000000970	cas1	17	56473953	56485940
110494155	ENSELUG00000022819	cas1	17	56455080	56461097
110494159	ENSELUG00000022434	cas1	17	56584859	56591591
110494163	ENSELUG00000022360	cas1	17	56622540	56629007
110494165	ENSELUG00000022410	cas1	17	56616821	56622700
110494166	ENSELUG00000022340	cas1	17	56650088	56667854
110494167	ENSELUG00000022331	cas1	17	56668534	56676559
110494169	ENSELUG00000022293	cas1	17	56717198	56725672
110494172	ENSELUG00000022241	cas1	17	56816857	56829761
110494176	ENSELUG00000022122	cas1	17	56886866	56889712
110494177	ENSELUG00000022087	cas1	17	56921695	56966874
110494180	ENSELUG00000022007	cas1	17	56978562	57026958
110494181	ENSELUG00000021950	cas1	17	57030146	57042250
110494182	ENSELUG00000021879	cas1	17	57042425	57050988
110494183	ENSELUG00000021569	cas1	17	57065044	57067062
110494184	ENSELUG00000012085	cas1	2	66354407	66357907
110494186	ENSELUG00000021399	cas1	17	57105818	57111562
110494188	ENSELUG00000021301	cas1	17	57132997	57145296
110494189	ENSELUG00000021179	cas1	17	57238260	57274001
110494190	ENSELUG00000021164	cas1	17	57275277	57304551
110494192	ENSELUG00000021074	cas1	17	57330121	57332994
110494197	ENSELUG00000020916	cas1	17	57655949	57665568
110494198	ENSELUG00000020673	cas1	17	57834751	57841824
110494199	ENSELUG00000020863	cas1	17	57705420	57712033
110494200	ENSELUG00000020704	cas1	17	57813340	57825289
110494201	ENSELUG00000020724	cas1	17	57785663	57790549
110494207	ENSELUG00000020606	cas1	17	57899846	57931391
110494209	ENSELUG00000020932	cas1	17	57621316	57636564
110494210	ENSELUG00000020983	cas1	17	57549738	57617300
110494212	ENSELUG00000012421	cas1	2	66375132	66422337
110494219	ENSELUG00000020379	cas1	17	58131046	58160444
110494224	ENSELUG00000020089	cas1	17	58260252	58267363
110494227	ENSELUG00000020039	cas1	17	58409525	58413309
110494228	ENSELUG00000020031	cas1	17	58414536	58420977
110494232	ENSELUG00000019989	cas1	17	58469423	58472759
110494233	ENSELUG00000019981	cas1	17	58485608	58488945
110494234	ENSELUG00000019908	cas1	17	58575443	58642243
110494235	ENSELUG00000019859	cas1	17	58696691	58707194
110494237	ENSELUG00000019834	cas1	17	58728304	58786476
110494239	ENSELUG00000019756	cas1	17	58832894	59011079
110494240	ENSELUG00000019556	cas1	17	59028543	59068426
110494242	ENSELUG00000019470	cas1	17	59071949	59077606
110494245	ENSELUG00000019407	cas1	17	59268238	59282574
110494246	ENSELUG00000019313	cas1	17	59282799	59438025
110494251	ENSELUG00000018938	cas2	17	59857225	59887042
110494252	ENSELUG00000012650	cas1	2	66496959	66507990
110494253	ENSELUG00000018713	cas1	17	59991520	59999740
110494254	ENSELUG00000018650	cas1	17	60008004	60028651
110494258	ENSELUG00000018290	cas1	17	60197620	60223564
110494261	ENSELUG00000018246	cas1	17	60235875	60244818
110494262	ENSELUG00000000760	cas1	17	60265479	60383411
110494263	ENSELUG00000000733	cas1	17	60433926	60508595
110494264	ENSELUG00000018081	cas1	17	60575678	60599614
110494267	ENSELUG00000018029	cas1	17	60645009	60652846
110494271	ENSELUG00000017935	cas1	17	60788185	60945418
110494273	ENSELUG00000017685	cas1	17	61008011	61014733
110494274	ENSELUG00000017659	cas1	17	61014725	61018741
110494277	ENSELUG00000012202	cas1	1	17348448	17356979
110494278	ENSELUG00000000467	cas1	2	66537955	66547328
110494279	ENSELUG00000017631	cas1	17	61054631	61129367
110494282	ENSELUG00000017535	cas1	17	61270485	61276247
110494283	ENSELUG00000017114	cas1	17	61555873	61558328
110494284	ENSELUG00000017068	cas1	17	61676965	61684917
110494292	ENSELUG00000016845	cas1	17	61816490	61851025
110494294	ENSELUG00000016694	cas4	17	61867682	61868884
110494295	ENSELUG00000012887	cas1	2	66555547	66581651
110494298	ENSELUG00000016660	cas1	17	61887592	61894193
110494299	ENSELUG00000016644	cas1	17	61921680	61933847
110494300	ENSELUG00000016608	cas1	17	62062599	62071924
110494302	ENSELUG00000016499	cas1	17	62112164	62138725
110494303	ENSELUG00000012987	cas1	2	66586399	66611590
110494309	ENSELUG00000016386	cas1	17	62306845	62324577
110494312	ENSELUG00000016122	cas1	17	62437815	62458585
110494313	ENSELUG00000015961	cas1	17	62531079	62549639
110494314	ENSELUG00000016107	cas1	17	62471931	62491150
110494315	ENSELUG00000016357	cas1	17	62333800	62351716
110494317	ENSELUG00000016161	cas1	17	62405413	62417692
110494318	ENSELUG00000016028	cas1	17	62491971	62496531
110494319	ENSELUG00000001162	cas1	17	62575985	62649525
110494320	ENSELUG00000015811	cas1	17	62669215	62695066
110494322	ENSELUG00000015691	cas1	17	62807657	62812224
110494325	ENSELUG00000015545	cas1	17	62848969	62918172
110494326	ENSELUG00000015499	cas1	17	62935363	62939851
110494328	ENSELUG00000015445	cas1	17	62960089	62968544
110494329	ENSELUG00000015387	cas1	17	62971037	62984902
110494332	ENSELUG00000015299	cas1	17	63104595	63121550
110494333	ENSELUG00000013056	cas1	2	66629559	66633818
110494334	ENSELUG00000015229	cas1	17	63124888	63141041
110494337	ENSELUG00000014943	cas1	17	63196079	63201204
110494338	ENSELUG00000014985	cas1	17	63188495	63194667
110494341	ENSELUG00000014832	cas1	17	63249564	63265513
110494342	ENSELUG00000013083	cas1	2	66641062	66643589
110494344	ENSELUG00000014732	cas1	17	63356672	63372554
110494345	ENSELUG00000014684	cas1	17	63372980	63396065
110494346	ENSELUG00000014645	cas1	17	63403851	63409806
110494348	ENSELUG00000014614	cas1	17	63484474	63489636
110494350	ENSELUG00000014540	cas1	17	63559110	63573126
110494352	ENSELUG00000014469	cas1	17	63582832	63641540
110494353	ENSELUG00000014357	cas1	17	63658373	63663255
110494354	ENSELUG00000014322	cas1	17	63665848	63671434
110494356	ENSELUG00000014250	cas1	17	63691788	63700037
110494358	ENSELUG00000013141	cas1	2	66656844	66665610
110494360	ENSELUG00000014079	cas1	17	63780630	63861132
110494361	ENSELUG00000014139	cas1	17	63740362	63779877
110494363	ENSELUG00000013177	cas2	2	66667874	66678769
110494369	ENSELUG00000013527	cas1	17	64063770	64066586
110494371	ENSELUG00000013447	cas1	17	64074917	64079438
110494372	ENSELUG00000013432	cas1	17	64081877	64094346
110494374	ENSELUG00000013365	cas1	17	64120521	64128339
110494375	ENSELUG00000013339	cas1	17	64128952	64133653
110494377	ENSELUG00000013114	cas1	17	64179239	64189516
110494380	ENSELUG00000000470	cas1	17	64256904	64280613
110494381	ENSELUG00000012952	cas1	17	64333910	64438111
110494384	ENSELUG00000012819	cas1	17	64581666	64590464
110494386	ENSELUG00000012806	cas1	17	64608194	64625111
110494387	ENSELUG00000012733	cas1	17	64637954	64698061
110494390	ENSELUG00000012687	cas1	17	64802910	64823080
110494391	ENSELUG00000012640	cas1	17	64846968	64881151
110494392	ENSELUG00000012545	cas1	17	64914606	64959680
110494394	ENSELUG00000012594	cas1	17	64896863	64914194
110494395	ENSELUG00000012430	cas1	17	64969028	64971368
110494398	ENSELUG00000012881	cas2	12	96605374	96610119
110494413	ENSELUG00000011713	cas2	17	65766526	65810640
110494414	ENSELUG00000011699	cas1	17	65825528	65993495
110494415	ENSELUG00000013613	cas1	2	66735181	66774321
110494416	ENSELUG00000011677	cas1	17	66330724	66343028
110494422	ENSELUG00000011551	cas1	17	66559477	66566440
110494423	ENSELUG00000011373	cas1	17	66690060	66781401
110494425	ENSELUG00000011152	cas1	17	66790031	66792301
110494427	ENSELUG00000011090	cas1	17	66844021	66853631
110494434	ENSELUG00000010868	cas1	17	66942182	66954149
110494435	ENSELUG00000010846	cas1	17	66961091	66967191
110494438	ENSELUG00000010742	cas3	17	67038010	67086398
110494440	ENSELUG00000010268	cas1	17	67468416	67743756
110494441	ENSELUG00000013883	cas6	2	66854306	66859005
110494446	ENSELUG00000010203	cas1	17	67879578	68042584
110494448	ENSELUG00000010010	cas1	17	68276922	68320684
110494450	ENSELUG00000009920	cas1	17	68322187	68395828
110494452	ENSELUG00000009837	cas1	17	68401739	68408133
110494453	ENSELUG00000009815	cas1	17	68408937	68414206
110494455	ENSELUG00000009728	cas1	17	68433671	68438697
110494457	ENSELUG00000009669	cas1	17	68453310	68469487
110494458	ENSELUG00000014316	cas1	2	67088227	67113877
110494459	ENSELUG00000009614	cas1	17	68469759	68477505
110494466	ENSELUG00000009324	cas1	17	68712319	68774148
110494467	ENSELUG00000009082	cas1	17	68999927	69130595
110494474	ENSELUG00000008925	cas1	17	69164588	69183954
110494475	ENSELUG00000008866	cas1	17	69237706	69283003
110494477	ENSELUG00000008787	cas1	17	69301804	69334458
110494478	ENSELUG00000014555	cas1	2	67216792	67230218
110494479	ENSELUG00000008767	cas1	17	69348885	69354495
110494480	ENSELUG00000008684	cas1	17	69362285	69370319
110494482	ENSELUG00000008588	cas1	17	69371687	69429659
110494483	ENSELUG00000008553	cas1	17	69466834	69489393
110494485	ENSELUG00000008536	cas1	17	69521584	69573795
110494487	ENSELUG00000008455	cas1	17	70100371	70414992
110494489	ENSELUG00000008410	cas1	17	70439180	70442634
110494491	ENSELUG00000008054	cas1	17	70671651	70712982
110494494	ENSELUG00000007854	cas1	17	70809971	70847390
110494497	ENSELUG00000007816	cas1	17	70847397	70855202
110494498	ENSELUG00000000278	cas1	17	70874081	70983010
110494502	ENSELUG00000007164	cas1	17	71519264	71569925
110494507	ENSELUG00000006927	cas1	17	72371865	72388085
110494511	ENSELUG00000006763	cas1	17	72586788	72621297
110494512	ENSELUG00000006648	cas1	17	72601325	72612798
110494513	ENSELUG00000006609	cas1	17	72630322	72639097
110494514	ENSELUG00000006579	cas1	17	72770196	72786814
110494520	ENSELUG00000006470	cas1	17	72862359	72864606
110494521	ENSELUG00000006392	cas1	17	72872635	72912153
110494522	ENSELUG00000006341	cas1	17	72929500	72967488
110494525	ENSELUG00000006181	cas1	17	73044346	73049958
110494527	ENSELUG00000006086	cas1	17	73097783	73103811
110494535	ENSELUG00000005806	cas1	17	73389357	73393639
110494536	ENSELUG00000005817	cas1	17	73366802	73384379
110494537	ENSELUG00000005799	cas1	17	73395740	73416687
110494539	ENSELUG00000005741	cas1	17	73444750	73457632
110494541	ENSELUG00000005693	cas1	17	73473726	73824081
110494545	ENSELUG00000005607	cas2	17	74086476	74114779
110494548	ENSELUG00000005365	cas1	17	74188736	74189950
110494551	ENSELUG00000005071	cas1	17	74435617	74455534
110494553	ENSELUG00000004927	cas1	17	74517673	74529873
110494558	ENSELUG00000004801	cas1	17	74625985	74635714
110494559	ENSELUG00000004732	cas1	17	74657421	74674678
110494561	ENSELUG00000004758	cas1	17	74644178	74656005
110494562	ENSELUG00000004726	cas1	17	74675490	74681473
110494564	ENSELUG00000004665	cas1	17	74736221	74741481
110494566	ENSELUG00000004641	cas1	17	74752299	74765474
110494572	ENSELUG00000004375	cas1	17	74950698	74968199
110494575	ENSELUG00000001310	cas1	17	75000076	75014313
110494578	ENSELUG00000004180	cas1	17	75043905	75050060
110494580	ENSELUG00000004070	cas1	17	75179006	75259755
110494581	ENSELUG00000004030	cas1	17	75273355	75371393
110494582	ENSELUG00000015203	cas1	2	68645475	68653500
110494584	ENSELUG00000001165	cas1	17	75517732	75521544
110494585	ENSELUG00000003888	cas1	17	75528516	75671855
110494588	ENSELUG00000003813	cas1	17	75723880	75736776
110494589	ENSELUG00000003802	cas6	17	75886130	75891233
110494590	ENSELUG00000003790	cas1	17	75891607	75895493
110494591	ENSELUG00000003740	cas1	17	75909622	75988865
110494592	ENSELUG00000003651	cas1	17	76006183	76046166
110494594	ENSELUG00000003626	cas1	17	76065107	76074226
110494595	ENSELUG00000003610	cas1	17	76073063	76088669
110494597	ENSELUG00000003543	cas6	17	76425342	76429173
110494601	ENSELUG00000003451	cas1	17	76640347	76657067
110494603	ENSELUG00000003425	cas2	17	76699461	76835863
110494604	ENSELUG00000015250	cas1	2	68920701	68947106
110494605	ENSELUG00000003398	cas1	17	77008239	77087427
110494606	ENSELUG00000003353	cas1	17	77166875	77261192
110494607	ENSELUG00000003279	cas1	17	77335285	77448701
110494615	ENSELUG00000024212	cas1	17	78075348	78084251
110494616	ENSELUG00000024314	cas1	17	78062178	78072597
110494619	ENSELUG00000010977	cas2	17	78135094	78186269
110494624	ENSELUG00000023828	cas1	17	78422987	78425996
110494625	ENSELUG00000023693	cas1	17	78484389	78508098
110494626	ENSELUG00000015453	cas1	2	69085353	69093075
110494628	ENSELUG00000023608	cas1	17	78554603	78576168
110494631	ENSELUG00000023510	cas1	17	78653591	78669747
110494635	ENSELUG00000023453	cas1	17	78719388	78728997
110494638	ENSELUG00000012059	cas4	1	17436789	17439767
110494641	ENSELUG00000023167	cas1	17	79201401	79216532
110494642	ENSELUG00000023154	cas1	17	79221280	79273445
110494643	ENSELUG00000023109	cas1	17	79292446	79297728
110494644	ENSELUG00000023070	cas1	17	79298520	79314874
110494649	ENSELUG00000015558	cas1	2	69113780	69128035
110494650	ENSELUG00000006068	cas1	17	79359278	79366137
110494652	ENSELUG00000005685	cas1	17	79351772	79355509
110494654	ENSELUG00000006901	cas1	17	79389233	79393180
110494656	ENSELUG00000008934	cas1	17	79848482	79871163
110494657	ENSELUG00000015638	cas1	2	69141148	69166663
110494663	ENSELUG00000009132	cas6	17	79930500	79933811
110494674	ENSELUG00000022555	cas1	17	80783735	80842201
110494679	ENSELUG00000009390	cas1	17	80025090	80041751
110494690	ENSELUG00000022005	cas1	17	81116459	81238629
110494703	ENSELUG00000023494	cas1	17	82037573	82047285
110494705	ENSELUG00000023489	cas1	17	82056299	82063859
110494707	ENSELUG00000012037	cas1	1	17442330	17456277
110494710	ENSELUG00000023479	cas1	17	82163141	82169801
110494713	ENSELUG00000021673	cas1	17	82264060	82275994
110494715	ENSELUG00000021598	cas1	17	82277350	82353407
110494717	ENSELUG00000021412	cas1	17	82430022	82443873
110494718	ENSELUG00000021224	cas1	17	82636385	82661644
110494719	ENSELUG00000021160	cas1	17	82668822	82717448
110494720	ENSELUG00000021134	cas1	17	82719144	82729139
110494723	ENSELUG00000020910	cas1	17	82874237	82912029
110494725	ENSELUG00000000589	cas1	2	69207423	69229555
110494726	ENSELUG00000020642	cas1	17	82955546	83235227
110494727	ENSELUG00000020536	cas1	17	83269647	83311364
110494728	ENSELUG00000001273	cas1	17	83323505	83343851
110494729	ENSELUG00000020501	cas1	17	83367244	83376606
110494741	ENSELUG00000020026	cas1	17	83642445	83701923
110494745	ENSELUG00000015835	cas1	2	69235656	69250282
110494752	ENSELUG00000015860	cas1	2	69251287	69265605
110494753	ENSELUG00000019846	cas1	17	84004256	84017161
110494755	ENSELUG00000019820	cas1	17	84079553	84150390
110494759	ENSELUG00000019507	cas1	17	84715579	84718668
110494760	ENSELUG00000019528	cas1	17	84726510	84730729
110494762	ENSELUG00000019598	cas1	17	84732235	84765940
110494764	ENSELUG00000000838	cas1	17	84840517	84848351
110494768	ENSELUG00000019365	cas1	17	84881988	84887491
110494771	ENSELUG00000019248	cas1	17	85229691	85241799
110494776	ENSELUG00000010041	cas1	17	85710201	85713130
110494779	ENSELUG00000010496	cas1	17	86236554	86242991
110494787	ENSELUG00000019242	cas1	17	87441839	87480286
110494796	ENSELUG00000010754	cas1	17	86781571	86797881
110494803	ENSELUG00000010613	cas1	17	86605940	86610581
110494808	ENSELUG00000016074	cas1	2	69326107	69332525
110494812	ENSELUG00000018957	cas1	17	88233684	88245505
110494817	ENSELUG00000015681	cas1	17	88074395	88079956
110494819	ENSELUG00000018090	cas1	17	90149682	90248746
110494824	ENSELUG00000018204	cas1	17	89577572	89725809
110494829	ENSELUG00000001070	cas1	17	91665447	91696631
110494832	ENSELUG00000016104	cas1	2	69331023	69342066
110494841	ENSELUG00000015199	cas5	17	93294063	93442319
110494844	ENSELUG00000014623	cas2	17	93578183	93690695
110494849	ENSELUG00000015098	cas1	17	93477445	93494951
110494855	ENSELUG00000014280	cas4	17	93806042	93888837
110494865	ENSELUG00000013607	cas2	17	94484281	94519204
110494866	ENSELUG00000019136	cas2	17	14875456	14903866
110494869	ENSELUG00000013407	cas3	17	7379399	7416427
110494886	ENSELUG00000012466	cas2	17	9747308	9772113
110494892	ENSELUG00000016229	cas1	2	69598597	69608770
110494898	ENSELUG00000020607	cas2	17	16802113	16817808
110494902	ENSELUG00000016340	cas1	2	69648833	69767366
110494906	ENSELUG00000022085	cas2	17	18734942	18771010
110494911	ENSELUG00000016486	cas1	2	69870801	69892079
110494915	ENSELUG00000020664	cas2	13	9120078	9123140
110494916	ENSELUG00000020664	cas2	17	16741981	16745088
110494921	ENSELUG00000021635	cas2	17	18263109	18282123
110494924	ENSELUG00000000905	cas2	17	16821231	16836715
110494929	ENSELUG00000020432	cas2	17	17116311	17132488
110494932	ENSELUG00000020678	cas2	13	9114103	9119656
110494933	ENSELUG00000020678	cas2	17	16736497	16741532
110494935	ENSELUG00000020502	cas5	17	16939303	16968595
110494948	ENSELUG00000020762	cas4	17	16717096	16731389
110494952	ENSELUG00000006699	cas6	2	69960093	69980350
110494957	ENSELUG00000008091	cas1	17	50181045	50192699
110494960	ENSELUG00000007826	cas1	17	50263347	50280709
110494961	ENSELUG00000007570	cas1	17	50364407	50380405
110494964	ENSELUG00000006924	cas1	17	50629971	50650254
110494966	ENSELUG00000007602	cas1	17	50352549	50363084
110494967	ENSELUG00000016545	cas1	2	69995090	70075625
110494972	ENSELUG00000007657	cas1	17	50336611	50346139
110494974	ENSELUG00000007191	cas1	17	50488724	50500086
110494975	ENSELUG00000007751	cas1	17	50290278	50301818
110494976	ENSELUG00000008047	cas4	17	50197103	50207320
110494978	ENSELUG00000007774	cas1	17	50283097	50289549
110494980	ENSELUG00000007465	cas1	17	50408676	50422865
110494981	ENSELUG00000007317	cas1	17	50438670	50445648
110494982	ENSELUG00000006889	cas1	17	50658041	50664680
110494983	ENSELUG00000007032	cas1	17	50578015	50580624
110494986	ENSELUG00000007517	cas1	17	50382072	50386942
110495000	ENSELUG00000022906	cas2	17	19902768	19979313
110495023	ENSELUG00000016570	cas1	2	70134358	70170993
110495040	ENSELUG00000014901	cas4	13	4943129	5000791
110495045	ENSELUG00000016216	cas3	17	12485734	12490008
110495057	ENSELUG00000019549	cas5	17	15497571	15603569
110495065	ENSELUG00000000893	cas2	17	17142063	17146929
110495066	ENSELUG00000020469	cas2	17	17089024	17108667
110495067	ENSELUG00000020521	cas2	17	16860390	16933566
110495093	ENSELUG00000016964	cas1	2	70251554	70291309
110495098	ENSELUG00000001625	cas5	17	19096263	19105274
110495100	ENSELUG00000024468	cas2	17	21335261	21352671
110495101	ENSELUG00000003050	cas2	17	21648684	21768363
110495106	ENSELUG00000003371	cas3	17	22962952	22986459
110495110	ENSELUG00000004387	cas2	17	23367247	23392263
110495111	ENSELUG00000004508	cas2	17	23403904	23410855
110495114	ENSELUG00000005950	cas2	17	26136809	26190437
110495118	ENSELUG00000006206	cas4	17	26605326	26611220
110495123	ENSELUG00000010463	cas2	17	28043251	28048026
110495137	ENSELUG00000007975	cas2	17	29930921	29979179
110495138	ENSELUG00000007704	cas2	17	30057053	30058516
110495142	ENSELUG00000016216	cas3	13	4156320	4160562
110495162	ENSELUG00000013103	cas2	17	31531325	31534371
110495175	ENSELUG00000009590	cas1	17	48571881	48574784
110495181	ENSELUG00000017996	cas1	17	60657136	60678786
110495185	ENSELUG00000015833	cas1	17	62650688	62653187
110495201	ENSELUG00000000577	cas6	17	87309425	87319111
110495202	ENSELUG00000010697	cas6	17	86711453	86714926
110495217	ENSELUG00000010444	cas1	1	17526803	17591008
110495228	ENSELUG00000017147	cas1	2	70402638	70546729
110495301	ENSELUG00000017355	cas1	2	70685725	70690817
110495317	ENSELUG00000017378	cas1	2	70697592	70701973
110495325	ENSELUG00000017397	cas1	2	70713189	70733880
110495327	ENSELUG00000017419	cas1	2	70734177	70741635
110495330	ENSELUG00000003168	cas2	7	1818699	1827488
110495331	ENSELUG00000003179	cas2	18	789786	792686
110495340	ENSELUG00000017435	cas1	2	70749685	70765502
110495358	ENSELUG00000002373	cas2	7	897860	900950
110495360	ENSELUG00000002383	cas5	7	902094	952424
110495361	ENSELUG00000002373	cas2	18	6400148	6403517
110495362	ENSELUG00000002348	cas2	7	826388	856226
110495368	ENSELUG00000024087	cas2	7	437069	465238
110495378	ENSELUG00000010608	cas5	18	6803878	6806744
110495382	ENSELUG00000014828	cas2	18	8928933	8933881
110495388	ENSELUG00000014508	cas7	7	7624474	7632875
110495389	ENSELUG00000014508	cas7	18	8823529	8835425
110495391	ENSELUG00000014520	cas2	7	7633682	7659195
110495392	ENSELUG00000014520	cas2	18	8836232	8859512
110495396	ENSELUG00000014441	cas7	18	8718474	8744053
110495398	ENSELUG00000014441	cas7	7	7504010	7523841
110495406	ENSELUG00000012121	cas3	18	7617536	7631207
110495407	ENSELUG00000011977	cas6	7	5127690	5144008
110495411	ENSELUG00000011977	cas6	18	7514568	7532080
110495412	ENSELUG00000011935	cas2	18	7431822	7448417
110495413	ENSELUG00000011914	cas5	18	7406926	7430025
110495421	ENSELUG00000010672	cas2	18	6815486	6837266
110495425	ENSELUG00000017530	cas1	2	70911497	70926635
110495432	ENSELUG00000010637	cas5	7	1326442	1333873
110495433	ENSELUG00000010608	cas5	7	1322428	1326256
110495435	ENSELUG00000022156	cas2	18	15176401	15186345
110495436	ENSELUG00000000115	cas7	18	15345980	15406547
110495438	ENSELUG00000022214	cas2	18	14907954	15133334
110495440	ENSELUG00000022110	cas5	18	15207355	15251952
110495441	ENSELUG00000003581	cas3	18	15585908	15596051
110495442	ENSELUG00000003482	cas3	18	15493569	15500787
110495446	ENSELUG00000003521	cas5	18	15503014	15536810
110495447	ENSELUG00000003596	cas2	18	15595085	15600875
110495448	ENSELUG00000003555	cas5	18	15554859	15563239
110495449	ENSELUG00000021761	cas2	18	15333385	15344802
110495450	ENSELUG00000010399	cas1	1	17591274	17596381
110495454	ENSELUG00000022475	cas2	18	14814602	14830124
110495455	ENSELUG00000022408	cas7	18	14792937	14799311
110495455	ENSELUG00000022499	cas3	18	14792937	14799311
110495458	ENSELUG00000001583	cas2	18	14751585	14752539
110495462	ENSELUG00000023133	cas2	7	11444981	11446320
110495464	ENSELUG00000000700	cas1	2	71108902	71149974
110495466	ENSELUG00000012115	cas4	18	9046063	9080609
110495471	ENSELUG00000022475	cas2	7	11791209	11809658
110495473	ENSELUG00000022517	cas2	7	11756731	11764384
110495475	ENSELUG00000001583	cas2	7	11742450	11743727
110495476	ENSELUG00000022870	cas2	18	14588651	14643860
110495480	ENSELUG00000023016	cas2	18	14530581	14578088
110495481	ENSELUG00000022949	cas2	18	14556976	14558589
110495482	ENSELUG00000023133	cas2	18	14506227	14507592
110495487	ENSELUG00000001145	cas5	18	13883956	13969189
110495489	ENSELUG00000023204	cas5	18	13803381	13833406
110495503	ENSELUG00000023914	cas6	7	5528239	5552916
110495504	ENSELUG00000023976	cas2	18	13081819	13084730
110495507	ENSELUG00000023914	cas6	18	13102629	13132209
110495508	ENSELUG00000023976	cas2	7	5570280	5573985
110495514	ENSELUG00000024114	cas2	7	5685472	5699781
110495515	ENSELUG00000024230	cas2	18	12882511	12885631
110495519	ENSELUG00000024395	cas2	7	5748852	5758837
110495532	ENSELUG00000001873	cas2	18	12381425	12385624
110495534	ENSELUG00000001873	cas2	7	6225288	6229997
110495536	ENSELUG00000001868	cas2	7	6197779	6206587
110495539	ENSELUG00000001889	cas7	18	12287481	12308672
110495540	ENSELUG00000001883	cas5	7	6276245	6288259
110495541	ENSELUG00000001886	cas2	7	6288414	6298162
110495542	ENSELUG00000001883	cas5	18	12318790	12330568
110495543	ENSELUG00000001909	cas4	7	6346036	6354373
110495544	ENSELUG00000001900	cas2	18	12260777	12272188
110495547	ENSELUG00000002114	cas2	18	9256574	9299643
110495549	ENSELUG00000002132	cas2	18	9313449	9356084
110495550	ENSELUG00000002120	cas3	18	9301718	9305298
110495551	ENSELUG00000002137	cas5	18	9356551	9367653
110495553	ENSELUG00000002155	cas5	7	8156315	8229227
110495559	ENSELUG00000002132	cas2	7	8075227	8115656
110495560	ENSELUG00000002139	cas2	18	9369669	9391395
110495561	ENSELUG00000002139	cas2	7	8127987	8143847
110495565	ENSELUG00000002120	cas3	7	8063093	8074228
110495566	ENSELUG00000002137	cas5	7	8115995	8126274
110495568	ENSELUG00000002155	cas5	18	9403188	9476861
110495575	ENSELUG00000002266	cas3	7	8576739	8578039
110495576	ENSELUG00000002268	cas6	18	9838569	9842785
110495579	ENSELUG00000001267	cas1	1	17628667	17637664
110495580	ENSELUG00000017981	cas1	2	72012258	72050185
110495584	ENSELUG00000002305	cas3	18	9887375	9893235
110495606	ENSELUG00000002675	cas2	18	11196097	11204430
110495607	ENSELUG00000002824	cas3	18	11219019	11272018
110495609	ENSELUG00000002950	cas5	18	11362611	11420903
110495619	ENSELUG00000003124	cas2	18	11773114	11779870
110495621	ENSELUG00000003117	cas2	7	6908878	6915226
110495622	ENSELUG00000003117	cas2	18	11766363	11772739
110495624	ENSELUG00000001412	cas4	7	6839599	6842801
110495626	ENSELUG00000001412	cas4	18	11814290	11817266
110495627	ENSELUG00000003306	cas2	18	11838523	11857115
110495628	ENSELUG00000003092	cas3	7	6932556	6934438
110495629	ENSELUG00000003092	cas3	18	11746661	11748608
110495637	ENSELUG00000003618	cas3	18	15622187	15674929
110495638	ENSELUG00000003652	cas4	18	15705622	15710368
110495639	ENSELUG00000003670	cas2	18	15721333	15723189
110495640	ENSELUG00000003684	cas5	18	15723707	15730830
110495641	ENSELUG00000018082	cas3	2	72456866	72744512
110495642	ENSELUG00000003746	cas3	18	15734320	15749637
110495650	ENSELUG00000003810	cas2	18	15847368	15852257
110495652	ENSELUG00000003799	cas2	18	15843210	15848190
110495653	ENSELUG00000003963	cas7	18	15877503	15928773
110495654	ENSELUG00000001229	cas2	18	15993613	15996859
110495656	ENSELUG00000004064	cas5	18	16022566	16024378
110495659	ENSELUG00000018228	cas1	2	72888317	73030225
110495669	ENSELUG00000004613	cas5	18	16368547	16383321
110495671	ENSELUG00000004816	cas5	18	16386046	16411509
110495672	ENSELUG00000001490	cas2	18	16422245	16427538
110495674	ENSELUG00000004957	cas5	18	16454118	16468453
110495675	ENSELUG00000005067	cas2	18	16476472	16486304
110495676	ENSELUG00000005120	cas2	18	16486853	16496136
110495677	ENSELUG00000005160	cas2	18	16494961	16516009
110495679	ENSELUG00000000140	cas2	18	16473995	16476252
110495681	ENSELUG00000005447	cas2	18	16516667	16584000
110495682	ENSELUG00000005567	cas2	18	16585783	16610837
110495683	ENSELUG00000005738	cas5	18	16613649	16683077
110495686	ENSELUG00000005907	cas2	18	16915423	16946521
110495687	ENSELUG00000005979	cas3	18	16971053	16972390
110495688	ENSELUG00000006099	cas2	18	16987740	17001956
110495692	ENSELUG00000006350	cas2	18	17065877	17069278
110495697	ENSELUG00000007947	cas5	7	15831810	15868293
110495698	ENSELUG00000007466	cas2	7	15578875	15582652
110495699	ENSELUG00000007466	cas2	18	18224782	18231424
110495700	ENSELUG00000007284	cas3	18	18160955	18167363
110495704	ENSELUG00000018421	cas1	2	73076020	73078109
110495708	ENSELUG00000007993	cas2	18	18480777	18484624
110495725	ENSELUG00000018464	cas1	2	73084289	73146123
110495727	ENSELUG00000008265	cas2	18	18579648	18587279
110495734	ENSELUG00000008611	cas6	18	18792397	18799883
110495738	ENSELUG00000008728	cas2	18	18863536	18878944
110495739	ENSELUG00000008738	cas2	18	18891721	18896278
110495740	ENSELUG00000008880	cas5	18	18909006	18915688
110495743	ENSELUG00000008917	cas5	18	18925186	18946636
110495744	ENSELUG00000009064	cas6	18	18978802	18982514
110495745	ENSELUG00000018529	cas1	2	73163759	73169203
110495746	ENSELUG00000008998	cas5	18	18959384	18978475
110495748	ENSELUG00000023355	cas3	18	19187407	19200059
110495750	ENSELUG00000023594	cas5	18	19295519	19321171
110495754	ENSELUG00000010548	cas2	18	19424249	19434856
110495758	ENSELUG00000010477	cas2	18	19462849	19470686
110495762	ENSELUG00000010433	cas2	18	19495326	19502053
110495766	ENSELUG00000009602	cas2	18	19655216	19669147
110495771	ENSELUG00000009208	cas2	18	19897030	19900020
110495772	ENSELUG00000009195	cas2	18	19908603	19954099
110495779	ENSELUG00000023005	cas3	18	20162785	20164464
110495782	ENSELUG00000001609	cas1	2	73299580	73316950
110495790	ENSELUG00000022353	cas2	18	20351488	20462793
110495794	ENSELUG00000022297	cas2	18	20527679	20552117
110495795	ENSELUG00000022206	cas2	18	20604886	20614129
110495797	ENSELUG00000022198	cas2	18	20663411	20696331
110495798	ENSELUG00000022184	cas2	18	20786069	20855643
110495804	ENSELUG00000021539	cas2	18	20900502	20947386
110495807	ENSELUG00000021237	cas3	18	20968247	20976998
110495808	ENSELUG00000021282	cas3	18	20955879	20966920
110495812	ENSELUG00000021199	cas2	18	21018546	21028291
110495813	ENSELUG00000021138	cas2	18	21075185	21088022
110495814	ENSELUG00000021124	cas2	18	21089353	21107524
110495815	ENSELUG00000021078	cas2	18	21164578	21173972
110495818	ENSELUG00000020888	cas2	18	21297196	21333742
110495820	ENSELUG00000020832	cas2	18	21926653	21939273
110495823	ENSELUG00000018815	cas1	2	73378175	73385597
110495827	ENSELUG00000020729	cas3	18	22537987	22590992
110495835	ENSELUG00000020464	cas3	18	22769391	22773674
110495844	ENSELUG00000020097	cas2	18	23181819	23186607
110495848	ENSELUG00000018880	cas1	2	73418615	73440795
110495851	ENSELUG00000019964	cas2	18	23479558	23541681
110495852	ENSELUG00000019946	cas1	18	23542411	23543631
110495855	ENSELUG00000019828	cas4	18	23570431	23586847
110495858	ENSELUG00000019642	cas2	18	23652437	23661732
110495860	ENSELUG00000019195	cas2	18	23780816	23821326
110495865	ENSELUG00000018874	cas6	18	23911979	23918645
110495868	ENSELUG00000018905	cas1	2	73436134	73454862
110495874	ENSELUG00000010286	cas1	1	17654164	17673094
110495887	ENSELUG00000017558	cas4	18	24520697	24525649
110495903	ENSELUG00000016655	cas2	18	25272564	25278945
110495912	ENSELUG00000016114	cas2	18	25504882	25530576
110495915	ENSELUG00000005247	cas5	18	25571910	25574981
110495918	ENSELUG00000015840	cas2	18	25774666	25808289
110495922	ENSELUG00000015581	cas2	18	25935277	25961629
110495923	ENSELUG00000015556	cas2	18	25961717	25973319
110495924	ENSELUG00000015531	cas2	18	25973670	25976403
110495925	ENSELUG00000015484	cas2	18	25981440	26034935
110495939	ENSELUG00000020734	cas2	18	27395518	27457227
110495940	ENSELUG00000019359	cas1	2	73756972	73768531
110495943	ENSELUG00000021033	cas2	18	27487296	27520483
110495946	ENSELUG00000000831	cas1	2	73883551	73984737
110495947	ENSELUG00000021168	cas2	18	27629477	27750060
110495950	ENSELUG00000021401	cas2	18	27820568	27829342
110495951	ENSELUG00000021373	cas2	18	27808174	27819821
110495960	ENSELUG00000021709	cas2	18	27974808	27982705
110495961	ENSELUG00000020100	cas2	18	28124599	28199758
110495982	ENSELUG00000009231	cas2	18	30606694	30612658
110495988	ENSELUG00000008908	cas1	18	30803183	30896875
110495992	ENSELUG00000008723	cas1	18	30912581	30955199
110495994	ENSELUG00000008606	cas1	18	31008756	31014201
110495997	ENSELUG00000008487	cas1	18	31059021	31075756
110496000	ENSELUG00000008403	cas2	18	31116914	31126108
110496006	ENSELUG00000008270	cas1	18	31568626	31571449
110496009	ENSELUG00000008156	cas1	18	31628863	31654236
110496010	ENSELUG00000008184	cas1	18	31586928	31658119
110496013	ENSELUG00000007883	cas1	18	31771612	31777330
110496017	ENSELUG00000006069	cas1	18	31807769	31812186
110496018	ENSELUG00000006084	cas1	18	31813905	31858017
110496019	ENSELUG00000006121	cas1	18	31881946	31919423
110496020	ENSELUG00000006172	cas1	18	31924273	31952541
110496026	ENSELUG00000006553	cas1	18	32087227	32114802
110496027	ENSELUG00000006593	cas1	18	32341709	32351799
110496033	ENSELUG00000006940	cas1	18	32994534	33050381
110496034	ENSELUG00000006981	cas1	18	33086601	33172114
110496037	ENSELUG00000007128	cas6	18	33380590	33389754
110496038	ENSELUG00000007195	cas1	18	33392413	33414958
110496040	ENSELUG00000000263	cas3	18	33433366	33450101
110496041	ENSELUG00000007295	cas1	18	33480096	33489024
110496042	ENSELUG00000007555	cas1	18	33526141	33533687
110496049	ENSELUG00000007598	cas1	18	33657698	33674304
110496051	ENSELUG00000001569	cas1	18	33697163	33746785
110496070	ENSELUG00000009471	cas1	18	34737827	34794929
110496071	ENSELUG00000009541	cas1	18	34795394	34808500
110496082	ENSELUG00000022538	cas1	18	35244197	35324664
110496097	ENSELUG00000012643	cas6	18	35717955	35721190
110496100	ENSELUG00000007673	cas1	18	35871685	35882464
110496103	ENSELUG00000000181	cas1	18	35918293	35971717
110496104	ENSELUG00000005796	cas1	18	35975293	35980948
110496105	ENSELUG00000005830	cas1	18	35971057	35974902
110496106	ENSELUG00000005771	cas1	18	35999199	36021773
110496108	ENSELUG00000005710	cas1	18	36023893	36068107
110496109	ENSELUG00000005660	cas1	18	36071695	36077299
110496110	ENSELUG00000005643	cas1	18	36084134	36100917
110496112	ENSELUG00000005461	cas1	18	36196135	36308398
110496114	ENSELUG00000005400	cas1	18	36336515	36461461
110496125	ENSELUG00000024509	cas6	18	36974996	36989677
110496131	ENSELUG00000024010	cas1	18	37738841	37744121
110496132	ENSELUG00000023893	cas1	18	37755017	37757210
110496135	ENSELUG00000023757	cas1	18	37817731	37821770
110496138	ENSELUG00000023643	cas1	18	37878110	37908391
110496139	ENSELUG00000023544	cas1	18	37929619	37939229
110496140	ENSELUG00000023632	cas1	18	37910977	37922130
110496141	ENSELUG00000023606	cas1	18	37922153	37930745
110496145	ENSELUG00000023318	cas1	18	37978117	37992369
110496147	ENSELUG00000023195	cas1	18	38008948	38020224
110496148	ENSELUG00000023209	cas1	18	38005691	38008782
110496149	ENSELUG00000023145	cas1	18	38029173	38057722
110496162	ENSELUG00000022599	cas1	18	38482660	38496467
110496179	ENSELUG00000022189	cas1	18	38776248	38787830
110496210	ENSELUG00000000918	cas1	18	39755539	39825088
110496220	ENSELUG00000020364	cas1	18	40095828	40101459
110496267	ENSELUG00000017303	cas1	18	41225685	41327540
110496287	ENSELUG00000016665	cas1	18	41903543	41922276
110496290	ENSELUG00000010197	cas1	1	17744192	17781075
110496316	ENSELUG00000015462	cas1	18	42824721	42853487
110496329	ENSELUG00000015215	cas1	18	43058037	43085386
110496333	ENSELUG00000021613	cas3	2	75985156	75989057
110496337	ENSELUG00000014962	cas1	18	43981072	43985638
110496341	ENSELUG00000014507	cas1	18	44158843	44165139
110496342	ENSELUG00000014458	cas1	18	44169969	44183141
110496343	ENSELUG00000014409	cas1	18	44185888	44188508
110496344	ENSELUG00000014219	cas1	18	44205419	44210089
110496345	ENSELUG00000014191	cas1	18	44213704	44228552
110496349	ENSELUG00000013926	cas1	18	44429205	44433224
110496350	ENSELUG00000013880	cas1	18	44477196	44486727
110496351	ENSELUG00000013804	cas1	18	44487269	44537143
110496359	ENSELUG00000013100	cas1	18	45164576	45269410
110496361	ENSELUG00000012899	cas1	18	45388100	45400796
110496363	ENSELUG00000012876	cas1	18	45408532	45417406
110496364	ENSELUG00000012793	cas1	18	45461203	45476386
110496366	ENSELUG00000012623	cas1	18	45717228	45763985
110496367	ENSELUG00000012609	cas1	18	45764168	45768314
110496368	ENSELUG00000012588	cas1	18	45769080	45773997
110496380	ENSELUG00000011955	cas1	18	46301213	46444565
110496384	ENSELUG00000011597	cas1	18	46779095	46822848
110496386	ENSELUG00000011501	cas1	18	47148292	47153777
110496387	ENSELUG00000011490	cas1	18	47157965	47162827
110496388	ENSELUG00000011465	cas1	18	47177068	47192549
110496404	ENSELUG00000010896	cas1	18	48073893	48109017
110496414	ENSELUG00000010170	cas1	18	49123749	49131358
110496418	ENSELUG00000010059	cas1	18	49186672	49200574
110496419	ENSELUG00000010088	cas1	18	49174857	49184882
110496421	ENSELUG00000010024	cas1	18	49203985	49209483
110496425	ENSELUG00000009789	cas1	18	49306300	49317307
110496428	ENSELUG00000008857	cas1	18	49825674	49841498
110496431	ENSELUG00000008709	cas1	18	49973454	49982570
110496433	ENSELUG00000008407	cas1	18	50006928	50021188
110496434	ENSELUG00000008347	cas1	18	50023087	50034167
110496445	ENSELUG00000023359	cas1	18	50830745	50847989
110496447	ENSELUG00000023460	cas1	18	50870474	50874167
110496448	ENSELUG00000023481	cas1	18	50997523	51012139
110496450	ENSELUG00000023496	cas1	18	51046402	51049503
110496453	ENSELUG00000023552	cas1	18	51087868	51091979
110496455	ENSELUG00000023785	cas1	18	51155414	51168138
110496457	ENSELUG00000023682	cas1	18	51101879	51114958
110496458	ENSELUG00000023771	cas1	18	51150246	51154835
110496459	ENSELUG00000021823	cas1	2	76167573	76181555
110496462	ENSELUG00000001006	cas1	18	51214154	51217757
110496464	ENSELUG00000023979	cas1	18	51230478	51234928
110496465	ENSELUG00000024016	cas1	18	51299215	51303490
110496466	ENSELUG00000024056	cas1	18	51426740	51429376
110496467	ENSELUG00000024068	cas1	18	51433716	51452258
110496469	ENSELUG00000024141	cas1	18	51502610	51528021
110496473	ENSELUG00000024397	cas1	18	51667438	51789464
110496474	ENSELUG00000024451	cas1	18	51819929	51869532
110496476	ENSELUG00000024535	cas1	18	51910981	51913914
110496477	ENSELUG00000024544	cas6	18	51917835	51949424
110496480	ENSELUG00000024572	cas1	18	51976267	51981985
110496482	ENSELUG00000024622	cas1	18	52036488	52083470
110496483	ENSELUG00000002286	cas4	18	52179320	52219848
110496484	ENSELUG00000002298	cas4	18	52235397	52245444
110496488	ENSELUG00000002334	cas1	18	52317137	52331561
110496496	ENSELUG00000002450	cas6	18	52563530	52570280
110496498	ENSELUG00000002498	cas1	18	52606702	52637735
110496501	ENSELUG00000002548	cas1	18	52677421	52704871
110496505	ENSELUG00000002808	cas1	18	52906399	52918381
110496507	ENSELUG00000002788	cas1	18	52900671	52905814
110496516	ENSELUG00000002897	cas1	18	53188075	53195009
110496517	ENSELUG00000002905	cas1	18	53198538	53275056
110496520	ENSELUG00000003060	cas1	18	53357729	53385541
110496522	ENSELUG00000003203	cas1	18	53531922	53537779
110496523	ENSELUG00000003252	cas1	18	53539731	53597146
110496530	ENSELUG00000003386	cas1	18	53675493	53703310
110496541	ENSELUG00000003691	cas1	18	54048864	54244155
110496547	ENSELUG00000003983	cas1	18	54525693	54552317
110496548	ENSELUG00000004027	cas1	18	54554378	54576444
110496549	ENSELUG00000004051	cas1	18	54631385	54635257
110496550	ENSELUG00000004101	cas1	18	54657406	54687881
110496552	ENSELUG00000004309	cas1	18	54827717	54839922
110496559	ENSELUG00000004703	cas1	18	56704852	56726308
110496560	ENSELUG00000004792	cas4	18	56728341	56737381
110496565	ENSELUG00000005012	cas1	18	57073462	57109628
110496566	ENSELUG00000004984	cas1	18	57067840	57070602
110496567	ENSELUG00000005024	cas1	18	57102226	57105455
110496568	ENSELUG00000004998	cas1	18	57090787	57094267
110496569	ENSELUG00000005036	cas1	18	57102226	57114109
110496574	ENSELUG00000005073	cas1	18	57124127	57130231
110496576	ENSELUG00000005123	cas1	18	57131465	57134795
110496579	ENSELUG00000005336	cas1	18	57292750	57336282
110496582	ENSELUG00000000150	cas1	18	57441377	57476399
110496583	ENSELUG00000005748	cas1	18	57577413	57580463
110496585	ENSELUG00000005811	cas1	18	57628437	57632714
110496586	ENSELUG00000005846	cas1	18	57642685	57648819
110496587	ENSELUG00000005947	cas1	18	57657065	57694865
110496590	ENSELUG00000006125	cas1	18	57766500	57812891
110496592	ENSELUG00000006244	cas1	18	57893854	57935297
110496594	ENSELUG00000006462	cas1	18	58182477	58187784
110496595	ENSELUG00000006508	cas1	18	58188792	58212558
110496596	ENSELUG00000006565	cas5	18	58213229	58223674
110496600	ENSELUG00000006629	cas1	18	58307374	58319520
110496602	ENSELUG00000006759	cas1	18	58443648	58573152
110496603	ENSELUG00000006791	cas1	18	58589095	58609677
110496605	ENSELUG00000006888	cas1	18	58641033	58661466
110496607	ENSELUG00000006937	cas1	18	58708246	58723758
110496608	ENSELUG00000006921	cas1	18	58676217	58708019
110496611	ENSELUG00000006986	cas1	18	58725463	58737268
110496612	ENSELUG00000007163	cas1	18	58793299	58808572
110496617	ENSELUG00000001211	cas1	18	58877846	58906171
110496619	ENSELUG00000019256	cas3	18	58906505	58915399
110496620	ENSELUG00000001126	cas1	18	58915161	58918050
110496626	ENSELUG00000019441	cas1	18	59024919	59035388
110496630	ENSELUG00000019754	cas1	18	59283660	59298606
110496633	ENSELUG00000020073	cas1	18	59501168	59525014
110496634	ENSELUG00000020194	cas1	18	59647948	59696386
110496635	ENSELUG00000020264	cas1	18	59747650	59753905
110496636	ENSELUG00000020163	cas1	18	59644659	59647881
110496640	ENSELUG00000020617	cas1	18	59769983	59851172
110496646	ENSELUG00000021131	cas1	18	60370652	60372615
110496647	ENSELUG00000021116	cas1	18	60368105	60370534
110496653	ENSELUG00000021291	cas1	18	60706308	60741503
110496656	ENSELUG00000021550	cas1	18	61336732	61445040
110496658	ENSELUG00000021617	cas1	18	61535878	61545698
110496659	ENSELUG00000021746	cas1	18	61545659	61587847
110496662	ENSELUG00000021886	cas1	18	61690051	61708402
110496663	ENSELUG00000021829	cas1	18	61623992	61688217
110496665	ENSELUG00000022099	cas1	18	61827912	61922915
110496666	ENSELUG00000022057	cas1	18	61859719	61867675
110496668	ENSELUG00000022164	cas1	18	61957953	61968581
110496670	ENSELUG00000022228	cas1	18	62144489	62148538
110496671	ENSELUG00000022243	cas1	18	62384678	62407274
110496672	ENSELUG00000022309	cas1	18	62407415	62435133
110496678	ENSELUG00000022866	cas1	18	62889349	62903227
110496682	ENSELUG00000023170	cas4	18	64642385	64644137
110496683	ENSELUG00000008178	cas1	18	64649122	64663208
110496684	ENSELUG00000008094	cas2	18	64680203	64696004
110496687	ENSELUG00000007888	cas1	18	64734209	64741683
110496688	ENSELUG00000007815	cas1	18	64766115	64769287
110496690	ENSELUG00000007755	cas1	18	64777472	64818094
110496691	ENSELUG00000007721	cas1	18	64828329	64833323
110496692	ENSELUG00000007639	cas1	18	64843908	64935741
110496693	ENSELUG00000007499	cas1	18	64946543	64973202
110496694	ENSELUG00000007459	cas1	18	64973831	64987996
110496696	ENSELUG00000007368	cas1	18	65013004	65028121
110496697	ENSELUG00000007350	cas3	18	65042864	65046557
110496698	ENSELUG00000007314	cas1	18	65056656	65121056
110496700	ENSELUG00000007183	cas1	18	65372738	65378982
110496701	ENSELUG00000017305	cas1	18	65491769	65497528
110496704	ENSELUG00000017448	cas1	18	65717169	65749387
110496705	ENSELUG00000017374	cas1	18	65702971	65713958
110496708	ENSELUG00000017551	cas2	18	65780444	65798684
110496711	ENSELUG00000022930	cas1	2	77697226	77716788
110496714	ENSELUG00000000696	cas2	18	66051635	66068096
110496728	ENSELUG00000023054	cas1	2	77760727	77764403
110496729	ENSELUG00000000774	cas1	18	67325870	67337196
110496734	ENSELUG00000001191	cas1	18	67624729	67627615
110496735	ENSELUG00000018566	cas5	18	67702541	67729353
110496740	ENSELUG00000000795	cas2	18	67670088	67684423
110496743	ENSELUG00000018597	cas1	18	68275439	68295886
110496744	ENSELUG00000018697	cas1	18	68332248	68355140
110496746	ENSELUG00000018796	cas1	18	68363499	68366067
110496750	ENSELUG00000018965	cas1	18	68787320	68888940
110496753	ENSELUG00000017171	cas2	18	73005896	73016843
110496759	ENSELUG00000015600	cas1	18	73396445	73418514
110496761	ENSELUG00000016160	cas1	18	74147399	74158031
110496767	ENSELUG00000016790	cas2	18	69622962	69625389
110496773	ENSELUG00000015223	cas2	18	69270957	69292895
110496776	ENSELUG00000015436	cas6	18	69360411	69374409
110496780	ENSELUG00000023294	cas1	2	77892823	77915984
110496796	ENSELUG00000000248	cas1	18	33172426	33309331
110496805	ENSELUG00000005546	cas1	18	36147703	36158391
110496833	ENSELUG00000013686	cas1	18	44630766	44654925
110496835	ENSELUG00000011894	cas1	18	46644587	46671070
110496838	ENSELUG00000010694	cas1	18	48391915	48661347
110496841	ENSELUG00000009433	cas4	18	49610507	49767463
110496864	ENSELUG00000005385	cas1	18	57390771	57420005
110496866	ENSELUG00000006080	cas1	18	57744249	57760416
110496867	ENSELUG00000006344	cas1	18	57996927	58019631
110496868	ENSELUG00000006418	cas1	18	58065484	58140619
110496870	ENSELUG00000006590	cas1	18	58238470	58295781
110496873	ENSELUG00000019810	cas3	18	59322624	59441836
110496898	ENSELUG00000000791	cas2	18	67636353	67660955
110496901	ENSELUG00000017228	cas1	18	68997269	69010704
110496903	ENSELUG00000017025	cas2	18	73201799	73281251
110496904	ENSELUG00000016078	cas2	18	73789518	73801888
110496914	ENSELUG00000011961	cas3	7	5156752	5160240
110496915	ENSELUG00000022517	cas2	18	14779090	14780827
110496917	ENSELUG00000002275	cas2	7	8585033	8586714
110496950	ENSELUG00000005188	cas1	18	57163125	57167993
110496955	ENSELUG00000001216	cas1	18	60355950	60361942
110496957	ENSELUG00000007830	cas1	18	64761475	64765904
110496963	ENSELUG00000002363	cas2	7	856561	874299
110496964	ENSELUG00000002383	cas5	18	6404433	6459931
110496968	ENSELUG00000010672	cas2	7	1335446	1356790
110496974	ENSELUG00000011923	cas4	18	8950376	8968786
110496975	ENSELUG00000014723	cas2	18	8907914	8927735
110496981	ENSELUG00000013630	cas2	18	7947159	8341696
110496986	ENSELUG00000011793	cas6	7	5310065	5328983
110496992	ENSELUG00000011259	cas5	18	6863131	6907469
110496998	ENSELUG00000022047	cas5	18	15276573	15332387
110497004	ENSELUG00000000960	cas2	18	14672166	14740105
110497021	ENSELUG00000001889	cas7	7	6298445	6319837
110497024	ENSELUG00000002103	cas2	18	9246827	9255405
110497026	ENSELUG00000002114	cas2	7	8018433	8060835
110497028	ENSELUG00000002142	cas2	7	8143904	8155600
110497036	ENSELUG00000002279	cas4	18	9856851	9859254
110497041	ENSELUG00000002436	cas3	18	10138344	10146845
110497052	ENSELUG00000003136	cas2	18	11780939	11791230
110497053	ENSELUG00000003136	cas2	7	6890359	6900941
110497054	ENSELUG00000003147	cas2	7	6864149	6890213
110497057	ENSELUG00000003332	cas4	7	6731927	6753438
110497058	ENSELUG00000003388	cas5	18	11885873	11926209
110497059	ENSELUG00000003909	cas2	18	15869734	15873958
110497060	ENSELUG00000004009	cas2	7	13058820	13074949
110497061	ENSELUG00000004009	cas2	18	15996966	16015860
110497062	ENSELUG00000004437	cas3	18	16288881	16332222
110497063	ENSELUG00000004484	cas3	18	16347536	16352967
110497065	ENSELUG00000006038	cas4	18	16973083	16984148
110497067	ENSELUG00000007203	cas3	18	18097563	18129363
110497071	ENSELUG00000007947	cas5	18	18448434	18480492
110497072	ENSELUG00000008056	cas2	18	18499826	18513863
110497075	ENSELUG00000007397	cas2	7	15530602	15575474
110497076	ENSELUG00000008056	cas2	7	15884871	15894803
110497078	ENSELUG00000008227	cas2	18	18555555	18564107
110497081	ENSELUG00000008837	cas2	18	18905515	18907958
110497085	ENSELUG00000009812	cas3	18	19562014	19570695
110497086	ENSELUG00000009680	cas2	18	19584834	19648751
110497093	ENSELUG00000022287	cas2	18	20558557	20595753
110497094	ENSELUG00000022060	cas2	18	20872500	20885233
110497099	ENSELUG00000020624	cas7	18	22680657	22690348
110497166	ENSELUG00000024421	cas1	1	17993047	18002431
110497184	ENSELUG00000017308	cas2	10	71337781	71372279
110497189	ENSELUG00000010919	cas2	10	75561915	75645371
110497198	ENSELUG00000011495	cas2	10	76862049	76870007
110497202	ENSELUG00000004249	cas4	2	80765955	80776358
110497203	ENSELUG00000011495	cas2	19	7552715	7560433
110497206	ENSELUG00000000438	cas2	10	77951359	77961077
110497211	ENSELUG00000012161	cas2	19	8538027	8599474
110497222	ENSELUG00000012376	cas2	19	8805462	8809619
110497264	ENSELUG00000018185	cas3	10	73860326	73910115
110497270	ENSELUG00000018165	cas2	10	73847000	73859046
110497289	ENSELUG00000017820	cas3	19	3483359	3492477
110497294	ENSELUG00000017650	cas3	19	3609578	3622792
110497295	ENSELUG00000017650	cas3	10	72648336	72661638
110497297	ENSELUG00000017626	cas2	19	3622947	3633016
110497298	ENSELUG00000017626	cas2	10	72637369	72648191
110497308	ENSELUG00000017188	cas7	10	71032015	71051680
110497312	ENSELUG00000017146	cas3	19	5424493	5428840
110497313	ENSELUG00000017146	cas3	10	71027566	71031915
110497315	ENSELUG00000017225	cas5	10	71054166	71062433
110497316	ENSELUG00000017102	cas3	19	5499157	5560224
110497321	ENSELUG00000016913	cas2	19	5846783	5864839
110497323	ENSELUG00000016801	cas2	10	70495169	70503220
110497324	ENSELUG00000016801	cas2	19	5966198	5973479
110497327	ENSELUG00000016785	cas2	10	70492879	70496296
110497328	ENSELUG00000016785	cas2	19	5972346	5975764
110497330	ENSELUG00000016592	cas5	19	6186278	6206025
110497332	ENSELUG00000016520	cas6	19	6206293	6222302
110497333	ENSELUG00000016613	cas2	10	70296354	70307998
110497334	ENSELUG00000016676	cas2	19	6122953	6151945
110497340	ENSELUG00000016613	cas2	19	6170059	6181437
110497341	ENSELUG00000016592	cas5	10	70274799	70291516
110497342	ENSELUG00000016520	cas6	10	70260477	70274842
110497343	ENSELUG00000016502	cas5	19	6222321	6243402
110497347	ENSELUG00000016067	cas3	10	69469331	69473969
110497358	ENSELUG00000015493	cas2	19	9870434	9880964
110497360	ENSELUG00000014698	cas2	19	10739032	10748924
110497361	ENSELUG00000014794	cas5	19	10665061	10734695
110497365	ENSELUG00000014503	cas2	19	11028823	11037696
110497367	ENSELUG00000014425	cas2	19	11089809	11101839
110497369	ENSELUG00000014301	cas2	19	11225326	11227282
110497370	ENSELUG00000014223	cas5	19	11398750	11402734
110497371	ENSELUG00000014189	cas2	19	11489498	11532249
110497372	ENSELUG00000000514	cas2	19	11548405	11562995
110497373	ENSELUG00000014151	cas2	19	11541421	11547672
110497374	ENSELUG00000014084	cas2	19	11563384	11631377
110497376	ENSELUG00000013864	cas4	19	12074092	12076009
110497378	ENSELUG00000013755	cas5	19	12277543	12301126
110497381	ENSELUG00000013584	cas7	19	12344938	12363994
110497382	ENSELUG00000013538	cas2	19	12364085	12365542
110497383	ENSELUG00000013437	cas2	19	12742072	12767164
110497384	ENSELUG00000013413	cas2	19	12943462	13174901
110497387	ENSELUG00000013261	cas2	19	13226169	13239221
110497388	ENSELUG00000013229	cas2	19	13268268	13270309
110497389	ENSELUG00000013171	cas2	19	13382038	13393385
110497390	ENSELUG00000013211	cas2	19	13367898	13382952
110497392	ENSELUG00000013036	cas2	19	13453299	13559522
110497393	ENSELUG00000018445	cas2	19	13672694	13754770
110497394	ENSELUG00000018654	cas2	19	13814235	13824838
110497395	ENSELUG00000018700	cas2	19	13883312	13944041
110497405	ENSELUG00000003761	cas6	2	81192564	81194099
110497425	ENSELUG00000024346	cas1	1	18010504	18058602
110497433	ENSELUG00000020103	cas2	19	17417688	17420058
110497437	ENSELUG00000020373	cas7	19	17494676	17506413
110497439	ENSELUG00000020411	cas3	19	17510213	17518355
110497445	ENSELUG00000020574	cas2	19	17605072	17613102
110497447	ENSELUG00000020667	cas2	19	17625425	17644614
110497454	ENSELUG00000020992	cas6	19	17937002	17941545
110497537	ENSELUG00000015792	cas1	19	24058372	24159732
110497538	ENSELUG00000015683	cas1	19	24031605	24056022
110497541	ENSELUG00000015947	cas1	19	24317333	24345566
110497542	ENSELUG00000016525	cas1	19	24374558	24385860
110497546	ENSELUG00000016680	cas1	19	24792012	24844151
110497547	ENSELUG00000016730	cas1	19	24847088	24908731
110497552	ENSELUG00000017964	cas2	19	26143425	26205201
110497554	ENSELUG00000017986	cas1	19	26213634	26224573
110497555	ENSELUG00000018065	cas1	19	26229014	26262882
110497556	ENSELUG00000003412	cas1	2	81414069	81475545
110497558	ENSELUG00000018169	cas1	19	26285418	26295775
110497562	ENSELUG00000018216	cas1	19	26313358	26326870
110497563	ENSELUG00000018257	cas1	19	26357713	26378065
110497565	ENSELUG00000000771	cas1	19	26414934	26427312
110497582	ENSELUG00000019166	cas4	19	26887874	26912468
110497601	ENSELUG00000020621	cas1	19	27512861	27522127
110497603	ENSELUG00000020827	cas1	19	27541848	27609849
110497610	ENSELUG00000021270	cas1	19	27733126	27769591
110497612	ENSELUG00000001109	cas1	19	27697629	27720722
110497620	ENSELUG00000021506	cas1	19	28376660	28381474
110497625	ENSELUG00000022690	cas6	19	28642333	28650251
110497626	ENSELUG00000022899	cas1	19	28759905	28796104
110497627	ENSELUG00000022761	cas1	19	28757259	28766203
110497632	ENSELUG00000023401	cas1	19	28935079	28957730
110497635	ENSELUG00000023448	cas1	19	29008815	29090489
110497641	ENSELUG00000023989	cas1	19	29816042	29851099
110497643	ENSELUG00000001021	cas1	19	29922711	29971647
110497649	ENSELUG00000001330	cas3	19	30896132	30904203
110497649	ENSELUG00000024495	cas4	19	30896132	30904203
110497653	ENSELUG00000002617	cas2	19	31717830	31724729
110497662	ENSELUG00000002888	cas6	19	31987475	31994210
110497665	ENSELUG00000003044	cas1	2	82366183	82393779
110497672	ENSELUG00000003145	cas3	19	32398834	32496416
110497676	ENSELUG00000003033	cas1	2	82401099	82405402
110497688	ENSELUG00000003567	cas1	19	32770921	33161896
110497691	ENSELUG00000003661	cas1	19	33413220	33422265
110497695	ENSELUG00000003779	cas1	19	33476462	33504862
110497700	ENSELUG00000024521	cas1	2	82607755	82644833
110497702	ENSELUG00000004243	cas1	19	33610892	33728505
110497704	ENSELUG00000004275	cas2	19	33843452	33845841
110497705	ENSELUG00000004390	cas1	19	33910609	33935156
110497707	ENSELUG00000004411	cas1	19	33941556	33957602
110497708	ENSELUG00000004430	cas1	19	33958280	33969217
110497711	ENSELUG00000004470	cas1	19	34015424	34020874
110497717	ENSELUG00000024356	cas1	2	82739598	82755517
110497720	ENSELUG00000004921	cas1	19	34238897	34243656
110497721	ENSELUG00000005030	cas1	19	34864846	34919404
110497723	ENSELUG00000005266	cas1	19	35328793	35336408
110497729	ENSELUG00000000176	cas1	19	35439126	35441887
110497740	ENSELUG00000006092	cas1	19	36136378	36196432
110497741	ENSELUG00000006210	cas1	19	36225227	36237234
110497745	ENSELUG00000006358	cas1	19	36368786	36370367
110497748	ENSELUG00000006400	cas1	19	36521062	36563281
110497749	ENSELUG00000006476	cas1	19	36641587	36674532
110497750	ENSELUG00000006635	cas1	19	36683652	36712733
110497753	ENSELUG00000006725	cas1	19	36764705	36840800
110497754	ENSELUG00000006807	cas1	19	37036589	37147627
110497755	ENSELUG00000006866	cas2	19	37166770	37243458
110497760	ENSELUG00000007210	cas1	19	37661432	37821260
110497761	ENSELUG00000007294	cas1	19	37834661	37916564
110497762	ENSELUG00000023870	cas1	1	18391121	18450517
110497763	ENSELUG00000007374	cas1	19	37924509	37957112
110497766	ENSELUG00000007599	cas3	19	38121434	38131297
110497771	ENSELUG00000024335	cas1	2	82806786	82848071
110497790	ENSELUG00000014192	cas1	19	38892389	38898821
110497797	ENSELUG00000024172	cas1	2	82893769	82954111
110497815	ENSELUG00000024066	cas1	2	83008120	83022102
110497816	ENSELUG00000012906	cas1	19	39520894	39550308
110497821	ENSELUG00000012568	cas4	19	39605610	39614388
110497827	ENSELUG00000012111	cas6	19	39955126	40097979
110497835	ENSELUG00000011477	cas1	19	40382584	40416025
110497836	ENSELUG00000011314	cas1	19	40465907	40468723
110497837	ENSELUG00000020374	cas1	2	83119221	83123796
110497842	ENSELUG00000020366	cas1	2	83155680	83169035
110497845	ENSELUG00000011102	cas1	19	40666686	40674956
110497857	ENSELUG00000020312	cas1	2	83224373	83239116
110497867	ENSELUG00000009596	cas1	19	41173033	41189809
110497871	ENSELUG00000009391	cas1	19	41211913	41254271
110497881	ENSELUG00000020066	cas1	2	83400959	83408768
110497890	ENSELUG00000020003	cas1	2	83410213	83422350
110497902	ENSELUG00000007951	cas1	19	42431984	42444258
110497903	ENSELUG00000019952	cas1	2	83433218	83471783
110497905	ENSELUG00000007894	cas1	19	42444439	42448291
110497918	ENSELUG00000007300	cas1	19	42636445	42666725
110497922	ENSELUG00000007282	cas1	19	42669036	42671081
110497928	ENSELUG00000019722	cas1	2	83661951	83682409
110497942	ENSELUG00000001323	cas3	19	43906403	43907894
110497951	ENSELUG00000005737	cas2	19	44135771	44160265
110497957	ENSELUG00000005477	cas1	19	44518914	44529276
110497959	ENSELUG00000005293	cas1	19	44561421	44603811
110497961	ENSELUG00000005126	cas1	19	45055679	45115686
110497968	ENSELUG00000019581	cas1	2	83823583	83979825
110497969	ENSELUG00000004575	cas1	19	45174289	45198342
110497970	ENSELUG00000004565	cas1	19	45199833	45206903
110497971	ENSELUG00000004541	cas1	19	45217001	45252828
110497974	ENSELUG00000019421	cas1	2	84001080	84025490
110497976	ENSELUG00000004399	cas1	19	45317764	45378227
110497977	ENSELUG00000004439	cas1	19	45298446	45301424
110497981	ENSELUG00000004217	cas1	19	45444826	45470840
110497982	ENSELUG00000004121	cas1	19	45561747	45613546
110497983	ENSELUG00000019402	cas1	2	84030716	84175738
110497985	ENSELUG00000004053	cas1	19	45643017	45662977
110497986	ENSELUG00000004005	cas1	19	45663142	45672367
110497988	ENSELUG00000001580	cas1	19	45684858	45720183
110497989	ENSELUG00000003936	cas1	19	45743060	45748073
110497994	ENSELUG00000003739	cas5	19	45867770	45871532
110497995	ENSELUG00000003729	cas1	19	45871839	45895860
110497996	ENSELUG00000003711	cas1	19	45914803	45918675
110497999	ENSELUG00000019334	cas1	2	84178072	84291132
110498002	ENSELUG00000003629	cas1	19	46013720	46016760
110498004	ENSELUG00000003592	cas1	19	46259628	46316653
110498005	ENSELUG00000003561	cas1	19	46333148	46415591
110498006	ENSELUG00000003544	cas1	19	46420728	46449566
110498007	ENSELUG00000019290	cas1	2	84296556	84382755
110498008	ENSELUG00000003508	cas1	19	46461757	46472164
110498009	ENSELUG00000003478	cas1	19	46478723	46481326
110498010	ENSELUG00000003465	cas1	19	46497790	46505960
110498011	ENSELUG00000004942	cas2	21	63823210	63832447
110498012	ENSELUG00000003433	cas1	19	46635957	46718146
110498013	ENSELUG00000003406	cas1	19	46752022	46781884
110498014	ENSELUG00000003385	cas1	19	46789732	46803061
110498015	ENSELUG00000001046	cas1	2	84424371	84541661
110498016	ENSELUG00000003348	cas1	19	46803721	46808821
110498018	ENSELUG00000003308	cas1	19	46819121	46824076
110498019	ENSELUG00000003247	cas1	19	46849573	46858039
110498021	ENSELUG00000003195	cas1	19	46879174	46895034
110498022	ENSELUG00000001319	cas1	2	84596933	84910878
110498024	ENSELUG00000003125	cas1	19	46922561	46926645
110498026	ENSELUG00000003106	cas6	19	46936326	46940595
110498032	ENSELUG00000002926	cas1	19	47514824	47519654
110498034	ENSELUG00000018946	cas1	2	85010068	85054392
110498035	ENSELUG00000002913	cas1	19	47727013	47747466
110498038	ENSELUG00000002857	cas1	19	47839885	47845749
110498041	ENSELUG00000018918	cas1	2	85058747	85102785
110498042	ENSELUG00000000075	cas1	19	47861863	47937951
110498044	ENSELUG00000002744	cas1	19	48122225	48129380
110498045	ENSELUG00000002752	cas1	19	48111907	48147142
110498047	ENSELUG00000002683	cas1	19	48680179	48683751
110498056	ENSELUG00000002571	cas5	19	49200093	49218555
110498063	ENSELUG00000002442	cas1	19	49565856	49611711
110498066	ENSELUG00000002411	cas1	19	49754968	49926745
110498067	ENSELUG00000002379	cas1	19	49927704	50024509
110498068	ENSELUG00000002362	cas3	19	50037765	50068382
110498069	ENSELUG00000002349	cas1	19	50088266	50144649
110498077	ENSELUG00000002308	cas1	19	50203069	50219807
110498078	ENSELUG00000002252	cas1	19	50243497	50265945
110498079	ENSELUG00000002224	cas1	19	50378118	50465911
110498080	ENSELUG00000002239	cas1	19	50357625	50378113
110498082	ENSELUG00000001438	cas6	19	50520395	50526363
110498083	ENSELUG00000018780	cas1	2	85206278	85367562
110498085	ENSELUG00000002177	cas1	19	50625461	50636974
110498090	ENSELUG00000001603	cas1	19	51185057	51475700
110498103	ENSELUG00000012502	cas1	19	52836104	52849167
110498104	ENSELUG00000018640	cas1	2	85515619	85594581
110498114	ENSELUG00000012971	cas1	19	53259730	53342222
110498122	ENSELUG00000013277	cas1	19	54704089	54710617
110498124	ENSELUG00000013359	cas1	19	54717773	54815955
110498127	ENSELUG00000013519	cas1	19	54941168	54949794
110498129	ENSELUG00000013900	cas1	19	54974692	54987042
110498132	ENSELUG00000014055	cas1	19	55069318	55096241
110498142	ENSELUG00000000531	cas1	19	55428446	55444908
110498144	ENSELUG00000014525	cas1	19	55454754	55459560
110498145	ENSELUG00000014577	cas1	19	55468907	55472622
110498146	ENSELUG00000014544	cas1	19	55465908	55467811
110498148	ENSELUG00000014689	cas1	19	55679068	55706728
110498149	ENSELUG00000014749	cas1	19	55759827	55785721
110498151	ENSELUG00000018420	cas1	2	85727984	85734628
110498152	ENSELUG00000014762	cas1	19	55788913	55861520
110498155	ENSELUG00000014842	cas1	19	56444523	56584678
110498160	ENSELUG00000014902	cas1	19	56805556	56812107
110498161	ENSELUG00000014941	cas1	19	56824036	56837037
110498167	ENSELUG00000015108	cas1	19	57215239	57274602
110498171	ENSELUG00000015552	cas1	19	57564277	57648271
110498172	ENSELUG00000018352	cas1	2	85766088	85802952
110498173	ENSELUG00000015626	cas1	19	57688558	57706181
110498175	ENSELUG00000015712	cas1	19	57721744	57750295
110498176	ENSELUG00000015789	cas1	19	57806776	57817395
110498177	ENSELUG00000015824	cas6	19	57830432	57848218
110498179	ENSELUG00000015848	cas1	19	57893957	57937905
110498180	ENSELUG00000015866	cas1	19	58034131	58040622
110498181	ENSELUG00000015872	cas3	19	58110510	58111944
110498183	ENSELUG00000015888	cas1	19	58142388	58192849
110498186	ENSELUG00000016070	cas1	19	58264945	58273174
110498187	ENSELUG00000016163	cas1	19	58277048	58283531
110498188	ENSELUG00000016215	cas6	19	58283662	58293283
110498190	ENSELUG00000016275	cas2	19	58300100	58308174
110498191	ENSELUG00000016309	cas1	19	58308695	58314589
110498194	ENSELUG00000016374	cas1	19	58606608	58625926
110498196	ENSELUG00000016453	cas1	19	58632136	58637905
110498199	ENSELUG00000016702	cas1	19	58709809	58813923
110498202	ENSELUG00000016835	cas1	19	58883806	58892741
110498210	ENSELUG00000017061	cas1	19	59220036	59227518
110498216	ENSELUG00000019382	cas4	19	60888364	60937197
110498232	ENSELUG00000019264	cas1	19	60849843	60866965
110498234	ENSELUG00000000654	cas4	19	59773968	59799587
110498241	ENSELUG00000018103	cas1	2	85915311	85920584
110498260	ENSELUG00000023918	cas1	1	18310688	18383077
110498265	ENSELUG00000019781	cas2	19	61899082	61923816
110498273	ENSELUG00000013561	cas1	2	85948772	85952899
110498283	ENSELUG00000000503	cas1	2	85955508	85974164
110498286	ENSELUG00000021100	cas1	19	63339785	63346292
110498289	ENSELUG00000021806	cas1	19	63634529	63647426
110498302	ENSELUG00000000950	cas2	19	64280575	64371210
110498308	ENSELUG00000001197	cas3	19	66426051	66484295
110498316	ENSELUG00000002028	cas2	19	65229684	65239437
110498319	ENSELUG00000023793	cas5	19	66986831	66995509
110498323	ENSELUG00000006675	cas2	21	64855210	64914698
110498325	ENSELUG00000023582	cas1	19	29278048	29396192
110498335	ENSELUG00000013714	cas1	2	86042800	86111227
110498337	ENSELUG00000006413	cas2	19	36605116	36609167
110498346	ENSELUG00000013727	cas1	2	86114625	86121138
110498369	ENSELUG00000003162	cas1	19	46895875	46903367
110498377	ENSELUG00000002246	cas1	19	50272044	50335206
110498378	ENSELUG00000002243	cas1	19	50335282	50342425
110498379	ENSELUG00000002182	cas1	19	50582713	50625321
110498381	ENSELUG00000002127	cas3	19	50685344	51171781
110498384	ENSELUG00000002075	cas1	19	52004125	52035886
110498385	ENSELUG00000013418	cas1	19	54816851	54850493
110498389	ENSELUG00000015037	cas1	19	57176839	57196955
110498391	ENSELUG00000013828	cas1	2	86141721	86420584
110498395	ENSELUG00000015996	cas1	19	58192979	58248705
110498407	ENSELUG00000013901	cas1	2	86423710	86477838
110498419	ENSELUG00000001995	cas1	19	65332220	65436708
110498423	ENSELUG00000006675	cas2	9	3851852	3901549
110498425	ENSELUG00000012376	cas2	10	78294588	78300233
110498428	ENSELUG00000015312	cas6	10	69095408	69171473
110498429	ENSELUG00000015372	cas3	19	9963207	9998413
110498432	ENSELUG00000015121	cas2	19	10134147	10145900
110498433	ENSELUG00000015121	cas2	10	69029989	69040484
110498434	ENSELUG00000015172	cas2	19	10077141	10124264
110498437	ENSELUG00000014972	cas2	19	10210950	10242481
110498439	ENSELUG00000014972	cas2	10	68942137	68964358
110498441	ENSELUG00000014942	cas5	10	68931484	68938354
110498442	ENSELUG00000014942	cas5	19	10263858	10270992
110498443	ENSELUG00000015079	cas7	10	69009057	69013589
110498444	ENSELUG00000015079	cas7	19	10158195	10163470
110498445	ENSELUG00000015113	cas6	19	10153859	10158927
110498446	ENSELUG00000015113	cas6	10	69013677	69018574
110498458	ENSELUG00000015372	cas3	10	69172414	69209009
110498551	ENSELUG00000009098	cas4	10	84835276	84841096
110498561	ENSELUG00000003752	cas2	19	20400331	20403400
110498579	ENSELUG00000006324	cas1	19	43583647	43587510
110498599	ENSELUG00000007248	cas2	11	5144231	5161121
110498601	ENSELUG00000009845	cas5	10	78816477	78862674
110498609	ENSELUG00000012201	cas3	19	8611926	8626846
110498611	ENSELUG00000012201	cas3	10	78031634	78053204
110498620	ENSELUG00000018165	cas2	19	1055792	1066163
110498622	ENSELUG00000018185	cas3	19	1034376	1054396
110498624	ENSELUG00000017418	cas2	19	4897551	4916135
110498626	ENSELUG00000017249	cas3	19	5249185	5281663
110498627	ENSELUG00000017249	cas3	10	71178373	71210855
110498628	ENSELUG00000017225	cas5	19	5393120	5401315
110498629	ENSELUG00000016817	cas3	10	70503337	70526627
110498641	ENSELUG00000015312	cas6	19	9998635	10076911
110498642	ENSELUG00000015172	cas2	10	69050738	69095175
110498644	ENSELUG00000014653	cas6	19	10749019	10759249
110498645	ENSELUG00000014604	cas2	19	10759730	10811449
110498649	ENSELUG00000014023	cas2	19	11817950	11927219
110498652	ENSELUG00000018578	cas2	19	13782890	13813897
110498670	ENSELUG00000000639	cas2	26	4370382	4390993
110498671	ENSELUG00000015280	cas4	19	23424239	23567099
110498682	ENSELUG00000014626	cas1	2	86787804	86873265
110498689	ENSELUG00000017060	cas1	19	25217809	25645572
110498693	ENSELUG00000014869	cas1	2	86938295	86967505
110498698	ENSELUG00000022738	cas1	19	28704168	28735490
110498723	ENSELUG00000024195	cas6	20	3639092	3705213
110498736	ENSELUG00000024563	cas1	20	9483623	9502788
110498737	ENSELUG00000024623	cas1	20	9677900	9986739
110498739	ENSELUG00000002222	cas2	20	10763790	10780446
110498740	ENSELUG00000002256	cas1	20	10805103	10825427
110498741	ENSELUG00000002559	cas1	20	11372725	11404820
110498743	ENSELUG00000004659	cas2	20	13298615	13305053
110498751	ENSELUG00000006357	cas1	20	15636400	15680564
110498755	ENSELUG00000007068	cas1	20	16536661	16540437
110498757	ENSELUG00000007411	cas1	20	16704773	16773689
110498761	ENSELUG00000019468	cas1	20	21806703	21848442
110498762	ENSELUG00000020189	cas1	20	21444791	21496435
110498765	ENSELUG00000001494	cas1	20	19797750	19842089
110498769	ENSELUG00000009260	cas1	20	19438591	19555924
110498771	ENSELUG00000019151	cas5	20	22252131	22318724
110498774	ENSELUG00000017952	cas1	20	23333421	23350557
110498787	ENSELUG00000011068	cas1	20	30608566	31165271
110498788	ENSELUG00000010231	cas1	20	392240	411918
110498789	ENSELUG00000010193	cas1	20	426261	500477
110498790	ENSELUG00000010065	cas1	20	535487	574538
110498792	ENSELUG00000007396	cas1	20	662693	712981
110498794	ENSELUG00000007564	cas1	20	742811	806226
110498796	ENSELUG00000008003	cas1	20	927421	946869
110498797	ENSELUG00000008183	cas1	20	1015211	1047919
110498798	ENSELUG00000008702	cas1	20	1071658	1094268
110498799	ENSELUG00000008718	cas1	20	1111352	1133314
110498801	ENSELUG00000008808	cas1	20	1486853	1489531
110498803	ENSELUG00000022034	cas1	20	2090341	2105851
110498817	ENSELUG00000015452	cas1	2	87170110	87259603
110498821	ENSELUG00000024627	cas6	20	2931873	3043226
110498823	ENSELUG00000024364	cas2	20	3095894	3183859
110498831	ENSELUG00000012032	cas1	20	4761286	4788799
110498833	ENSELUG00000011968	cas1	20	4944360	4949279
110498834	ENSELUG00000011948	cas1	20	4977262	4980126
110498836	ENSELUG00000011637	cas1	20	5073940	5161314
110498854	ENSELUG00000015674	cas1	2	87288762	87323586
110498866	ENSELUG00000015748	cas2	2	87345598	87351199
110498872	ENSELUG00000021077	cas5	20	6836679	6893619
110498887	ENSELUG00000022024	cas1	20	7699285	7836281
110498899	ENSELUG00000022427	cas1	20	8178596	8193448
110498902	ENSELUG00000001480	cas1	2	87565328	87689612
110498906	ENSELUG00000022542	cas1	20	8224090	8246266
110498920	ENSELUG00000023549	cas3	20	8527358	8531341
110498923	ENSELUG00000023571	cas2	20	8536386	8570780
110498926	ENSELUG00000016322	cas1	2	87859357	87900425
110498934	ENSELUG00000024612	cas1	20	9506374	9513698
110498936	ENSELUG00000002213	cas1	20	10609747	10668872
110498938	ENSELUG00000002265	cas1	20	10826764	10828429
110498939	ENSELUG00000002270	cas1	20	10829218	10837113
110498940	ENSELUG00000002282	cas1	20	10850770	10866995
110498942	ENSELUG00000002301	cas1	20	10874496	10881864
110498943	ENSELUG00000002292	cas1	20	10871100	10874293
110498945	ENSELUG00000002350	cas1	20	10904484	10917705
110498949	ENSELUG00000002433	cas1	20	11000957	11041454
110498952	ENSELUG00000002470	cas1	20	11135515	11144237
110498955	ENSELUG00000016565	cas1	2	88050098	88070895
110498960	ENSELUG00000002528	cas1	20	11336117	11343196
110498961	ENSELUG00000002540	cas1	20	11348007	11358125
110498965	ENSELUG00000002680	cas1	20	11498540	11509265
110498968	ENSELUG00000002769	cas4	20	11555259	11564924
110498969	ENSELUG00000002727	cas1	20	11547443	11549694
110498972	ENSELUG00000002834	cas1	20	11603242	11619572
110498973	ENSELUG00000002964	cas1	20	11648480	11716073
110498974	ENSELUG00000003019	cas1	20	11733768	11753603
110498979	ENSELUG00000003159	cas1	20	12362140	12371474
110498980	ENSELUG00000003250	cas1	20	12388383	12402840
110498981	ENSELUG00000003262	cas1	20	12426882	12435584
110498983	ENSELUG00000003303	cas1	20	12447747	12458329
110498985	ENSELUG00000003363	cas1	20	12579652	12592830
110498992	ENSELUG00000003625	cas1	20	12693063	12728120
110498993	ENSELUG00000003659	cas1	20	12733052	12744298
110498994	ENSELUG00000003666	cas1	20	12745694	12750665
110498996	ENSELUG00000003750	cas1	20	12805293	12811417
110499000	ENSELUG00000003815	cas1	20	12861668	12895798
110499005	ENSELUG00000004023	cas1	20	13030131	13050931
110499006	ENSELUG00000004174	cas1	20	13056633	13137389
110499008	ENSELUG00000004245	cas1	20	13157784	13170700
110499013	ENSELUG00000004677	cas1	20	13312143	13315281
110499017	ENSELUG00000004797	cas1	20	14222149	14224562
110499019	ENSELUG00000005046	cas1	20	14351918	14382699
110499020	ENSELUG00000008505	cas1	20	14397658	14411805
110499022	ENSELUG00000005174	cas1	20	14440983	14462278
110499024	ENSELUG00000005569	cas1	20	14492995	14520103
110499026	ENSELUG00000016653	cas1	2	88363311	88389495
110499029	ENSELUG00000005725	cas1	20	14544596	14558620
110499031	ENSELUG00000005655	cas1	20	14520289	14528912
110499032	ENSELUG00000005869	cas1	20	14572562	14590050
110499033	ENSELUG00000005903	cas1	20	14616546	14647860
110499035	ENSELUG00000005943	cas1	20	14666085	14670807
110499037	ENSELUG00000006130	cas1	20	14774458	14816758
110499040	ENSELUG00000006186	cas1	20	14856302	14863712
110499042	ENSELUG00000006194	cas1	20	14884536	14898008
110499044	ENSELUG00000006230	cas1	20	15278768	15282727
110499045	ENSELUG00000006310	cas1	20	15607645	15612040
110499048	ENSELUG00000006323	cas1	20	15630588	15637109
110499052	ENSELUG00000000209	cas1	20	15918962	16012009
110499053	ENSELUG00000006672	cas1	20	16082734	16085908
110499054	ENSELUG00000006695	cas1	20	16091814	16133094
110499063	ENSELUG00000007234	cas4	20	16621771	16637170
110499065	ENSELUG00000007558	cas1	20	16784825	16789220
110499066	ENSELUG00000007695	cas1	20	16813114	16822670
110499067	ENSELUG00000000273	cas1	20	16805888	16813083
110499068	ENSELUG00000016773	cas1	2	88569351	88574203
110499069	ENSELUG00000007708	cas1	20	16824486	16840335
110499072	ENSELUG00000000284	cas1	20	16877451	16920896
110499073	ENSELUG00000009342	cas1	20	17052162	17176942
110499075	ENSELUG00000016872	cas1	2	88630479	88656952
110499076	ENSELUG00000009153	cas1	20	17274450	17285270
110499077	ENSELUG00000009216	cas1	20	17239865	17253625
110499079	ENSELUG00000019376	cas1	20	21876875	21894557
110499082	ENSELUG00000019356	cas1	20	21896705	21902217
110499083	ENSELUG00000019345	cas1	20	21902605	21907221
110499084	ENSELUG00000019323	cas1	20	21924825	21936465
110499087	ENSELUG00000000853	cas1	20	21756587	21786204
110499092	ENSELUG00000019633	cas1	20	21686744	21701763
110499096	ENSELUG00000019815	cas1	20	21573035	21586408
110499097	ENSELUG00000019796	cas1	20	21589006	21596518
110499099	ENSELUG00000020028	cas1	20	21437535	21442026
110499101	ENSELUG00000020301	cas1	20	21405522	21420610
110499102	ENSELUG00000020313	cas1	20	21386313	21401314
110499106	ENSELUG00000016802	cas1	2	88623369	88630357
110499110	ENSELUG00000007861	cas1	20	20766123	20807510
110499112	ENSELUG00000007955	cas1	20	20706399	20735339
110499114	ENSELUG00000008043	cas1	20	20654464	20688063
110499116	ENSELUG00000008126	cas1	20	20368996	20407349
110499117	ENSELUG00000008204	cas2	20	20308748	20314910
110499121	ENSELUG00000008379	cas1	20	20013073	20126587
110499122	ENSELUG00000001384	cas1	20	19941466	19961356
110499123	ENSELUG00000008527	cas1	20	19915972	19938321
110499124	ENSELUG00000008568	cas1	20	19907335	19913870
110499125	ENSELUG00000008672	cas1	20	19886553	19898320
110499126	ENSELUG00000000330	cas1	20	19878973	19886391
110499128	ENSELUG00000008701	cas1	20	19849403	19865429
110499129	ENSELUG00000008806	cas1	20	19728772	19731361
110499134	ENSELUG00000008959	cas1	20	19675177	19676923
110499135	ENSELUG00000017078	cas1	2	88738895	88750469
110499136	ENSELUG00000008996	cas1	20	19662557	19670039
110499137	ENSELUG00000009057	cas1	20	19654147	19660703
110499139	ENSELUG00000009092	cas1	20	19614542	19640508
110499140	ENSELUG00000009160	cas1	20	19584884	19613597
110499141	ENSELUG00000009200	cas1	20	19568972	19583925
110499142	ENSELUG00000009368	cas1	20	19401489	19422945
110499144	ENSELUG00000009393	cas1	20	19361616	19376232
110499147	ENSELUG00000009582	cas1	20	19277271	19294949
110499148	ENSELUG00000001598	cas1	20	19262991	19277123
110499149	ENSELUG00000009539	cas1	20	19295123	19303669
110499151	ENSELUG00000009686	cas1	20	19207252	19242695
110499154	ENSELUG00000009833	cas1	20	19054126	19095333
110499160	ENSELUG00000019189	cas1	20	21974338	22091580
110499161	ENSELUG00000019170	cas1	20	22204992	22252446
110499163	ENSELUG00000019087	cas1	20	22347917	22388445
110499165	ENSELUG00000019053	cas1	20	22461240	22465079
110499171	ENSELUG00000018904	cas1	20	22642425	22691724
110499176	ENSELUG00000018770	cas1	20	22741022	22743986
110499179	ENSELUG00000018675	cas1	20	22789760	22812764
110499185	ENSELUG00000018476	cas1	20	22918884	22938915
110499186	ENSELUG00000001192	cas1	20	22914122	22916645
110499187	ENSELUG00000018541	cas1	20	22910233	22914017
110499188	ENSELUG00000018448	cas1	20	22942515	22948650
110499192	ENSELUG00000018176	cas1	20	23252800	23269058
110499199	ENSELUG00000017775	cas1	20	23396037	23430183
110499200	ENSELUG00000017866	cas1	20	23353584	23363508
110499203	ENSELUG00000017796	cas6	20	23379584	23387585
110499205	ENSELUG00000017409	cas1	20	23768770	23800554
110499208	ENSELUG00000017329	cas1	20	23867339	23877641
110499211	ENSELUG00000017601	cas1	20	23509632	23518623
110499214	ENSELUG00000017214	cas1	20	23887264	23895702
110499215	ENSELUG00000017151	cas1	20	23894637	23905815
110499216	ENSELUG00000017653	cas4	20	23502714	23507658
110499218	ENSELUG00000017044	cas1	20	23972492	23977455
110499222	ENSELUG00000017341	cas1	20	23857695	23859943
110499227	ENSELUG00000016975	cas1	20	24006877	24022002
110499230	ENSELUG00000016873	cas1	20	24075041	24105854
110499232	ENSELUG00000016708	cas1	20	24146065	24169492
110499234	ENSELUG00000017736	cas1	2	89395057	89422438
110499236	ENSELUG00000016559	cas1	20	24286893	24404097
110499237	ENSELUG00000016533	cas2	20	24407485	24412883
110499244	ENSELUG00000016102	cas1	20	25807975	25836330
110499245	ENSELUG00000016089	cas1	20	25841005	25918436
110499248	ENSELUG00000015912	cas1	20	26234910	26261384
110499250	ENSELUG00000015554	cas2	20	26383505	26388284
110499252	ENSELUG00000017815	cas1	2	89477010	89493170
110499254	ENSELUG00000015538	cas1	20	26400137	26404966
110499258	ENSELUG00000015321	cas4	20	26638783	26654541
110499275	ENSELUG00000014700	cas1	20	27103050	27110603
110499287	ENSELUG00000013850	cas1	20	27814389	27858095
110499288	ENSELUG00000018066	cas1	2	89555573	89577445
110499303	ENSELUG00000012723	cas2	20	28536167	28548409
110499305	ENSELUG00000012653	cas1	20	28849051	28852328
110499306	ENSELUG00000012613	cas1	20	28888248	28891585
110499311	ENSELUG00000012471	cas1	20	29395784	29404585
110499312	ENSELUG00000012447	cas1	20	29423694	29428859
110499314	ENSELUG00000000459	cas1	20	29510861	29536419
110499315	ENSELUG00000012290	cas1	20	29541339	29571033
110499316	ENSELUG00000012256	cas2	20	29572397	29588171
110499322	ENSELUG00000010538	cas1	20	30108682	30158650
110499323	ENSELUG00000010645	cas1	20	30194269	30217647
110499324	ENSELUG00000010706	cas1	20	30219786	30241466
110499327	ENSELUG00000018083	cas1	2	89577794	89587145
110499331	ENSELUG00000011759	cas1	20	32123986	32143464
110499333	ENSELUG00000000431	cas1	20	32245903	32262177
110499336	ENSELUG00000018093	cas1	2	89610237	89709230
110499344	ENSELUG00000021545	cas1	20	32849697	32863389
110499350	ENSELUG00000021411	cas1	20	33204195	33210568
110499356	ENSELUG00000023619	cas1	1	18768284	18825716
110499363	ENSELUG00000020788	cas1	20	33949752	33958728
110499371	ENSELUG00000020247	cas1	20	34273867	34312150
110499373	ENSELUG00000020170	cas6	20	34390070	34406831
110499374	ENSELUG00000020228	cas1	20	34347154	34379366
110499377	ENSELUG00000020119	cas1	20	34454563	34498964
110499378	ENSELUG00000013485	cas1	2	89751743	89763372
110499381	ENSELUG00000019960	cas1	20	34569055	34573880
110499382	ENSELUG00000019935	cas1	20	34583316	34591320
110499384	ENSELUG00000019783	cas1	20	34615700	34626578
110499386	ENSELUG00000019800	cas1	20	34607155	34612817
110499389	ENSELUG00000019699	cas1	20	34636155	34648964
110499390	ENSELUG00000019551	cas1	20	34656043	34671430
110499394	ENSELUG00000019202	cas1	20	35338449	35374027
110499397	ENSELUG00000019061	cas1	20	35387849	35405611
110499400	ENSELUG00000018856	cas1	20	35438980	35446541
110499404	ENSELUG00000018731	cas1	20	35473620	35479099
110499408	ENSELUG00000018583	cas1	20	35561250	35567621
110499409	ENSELUG00000013246	cas1	2	89830922	89883245
110499410	ENSELUG00000018553	cas1	20	35571254	35605240
110499411	ENSELUG00000018505	cas1	20	35622634	35641168
110499414	ENSELUG00000018323	cas1	20	35675782	35679430
110499424	ENSELUG00000017999	cas1	20	36047077	36073126
110499425	ENSELUG00000023396	cas1	20	36084938	36109840
110499426	ENSELUG00000023348	cas1	20	36125503	36157782
110499428	ENSELUG00000023258	cas1	20	36161203	36170899
110499431	ENSELUG00000023147	cas1	20	36173188	36179601
110499432	ENSELUG00000023081	cas1	20	36207378	36247512
110499433	ENSELUG00000022999	cas1	20	36344254	36387672
110499435	ENSELUG00000022837	cas1	20	36553879	36564830
110499442	ENSELUG00000009835	cas1	20	36965177	36985560
110499447	ENSELUG00000009989	cas1	20	38083895	38203970
110499449	ENSELUG00000010009	cas1	20	38216877	38320114
110499451	ENSELUG00000010797	cas1	20	38515602	38527974
110499453	ENSELUG00000010765	cas1	20	38489508	38492111
110499455	ENSELUG00000010997	cas1	20	38753757	38762601
110499458	ENSELUG00000011349	cas1	20	39006786	39026027
110499459	ENSELUG00000023491	cas1	1	18841198	18852954
110499467	ENSELUG00000011826	cas1	20	39671050	39678438
110499468	ENSELUG00000011862	cas1	20	39683595	39687922
110499469	ENSELUG00000012577	cas1	2	90183281	90196936
110499470	ENSELUG00000011895	cas1	20	39797003	39800146
110499472	ENSELUG00000012449	cas2	20	40331665	40350083
110499475	ENSELUG00000000462	cas1	20	40439921	40443984
110499479	ENSELUG00000011302	cas4	17	8384381	8392496
110499482	ENSELUG00000012526	cas1	2	90300546	90321779
110499495	ENSELUG00000015120	cas1	20	42573806	42578705
110499498	ENSELUG00000015238	cas2	20	42597760	42645259
110499507	ENSELUG00000015896	cas1	20	43558407	43586489
110499508	ENSELUG00000016197	cas1	20	44402023	44537718
110499513	ENSELUG00000016554	cas2	20	44057447	44081042
110499516	ENSELUG00000016732	cas2	20	43990389	44016464
110499524	ENSELUG00000017360	cas1	20	45046754	45059248
110499525	ENSELUG00000018249	cas1	20	45696182	45702569
110499526	ENSELUG00000017583	cas2	20	45473148	45496223
110499529	ENSELUG00000018955	cas4	20	46157634	46174248
110499530	ENSELUG00000019225	cas5	20	46412512	46495498
110499536	ENSELUG00000020142	cas1	20	34414349	34435461
110499540	ENSELUG00000023062	cas1	20	36259840	36336452
110499543	ENSELUG00000010713	cas1	20	38445288	38478951
110499544	ENSELUG00000010972	cas1	20	38594819	38638772
110499545	ENSELUG00000011471	cas1	20	39070043	39101170
110499558	ENSELUG00000013037	cas1	20	42339532	42365494
110499567	ENSELUG00000016461	cas1	20	44135009	44181809
110499568	ENSELUG00000017163	cas2	20	44885773	44922697
110499569	ENSELUG00000011931	cas1	2	90938346	90971318
110499577	ENSELUG00000011536	cas1	20	5161588	5176857
110499591	ENSELUG00000011884	cas1	2	91046731	91157443
110499615	ENSELUG00000011497	cas1	2	91239744	91254841
110499692	ENSELUG00000011438	cas1	2	91560700	91581306
110499693	ENSELUG00000011425	cas1	2	91582584	91591130
110499694	ENSELUG00000009378	cas3	21	11851173	11861067
110499695	ENSELUG00000020926	cas2	21	11890730	11931253
110499697	ENSELUG00000020855	cas2	21	11863374	11887584
110499698	ENSELUG00000023485	cas3	1	18876547	18888907
110499700	ENSELUG00000021012	cas2	21	11933307	11954482
110499701	ENSELUG00000021012	cas2	15	71630292	71685611
110499702	ENSELUG00000011698	cas2	21	1476880	1487165
110499703	ENSELUG00000011698	cas2	15	66009871	66018682
110499705	ENSELUG00000011639	cas2	21	1448804	1453886
110499707	ENSELUG00000011639	cas2	15	65981641	65986435
110499711	ENSELUG00000012287	cas4	21	1991477	2085804
110499712	ENSELUG00000012308	cas7	21	2093766	2102425
110499724	ENSELUG00000011287	cas1	2	91754959	91779981
110499730	ENSELUG00000010628	cas4	15	72735016	72737438
110499731	ENSELUG00000000482	cas7	15	75332550	75366189
110499732	ENSELUG00000000482	cas7	21	4611882	4636535
110499733	ENSELUG00000012549	cas2	21	2509027	2531457
110499746	ENSELUG00000021059	cas3	15	71458807	71475849
110499751	ENSELUG00000022210	cas3	15	69881224	69891087
110499754	ENSELUG00000000949	cas6	15	69905421	69927631
110499755	ENSELUG00000022286	cas5	15	69831712	69881097
110499761	ENSELUG00000022531	cas2	21	14013772	14016243
110499768	ENSELUG00000022718	cas2	15	69492498	69502120
110499776	ENSELUG00000022760	cas2	21	14282052	14288120
110499778	ENSELUG00000022718	cas2	21	14128007	14140211
110499783	ENSELUG00000022760	cas2	15	69424840	69430808
110499786	ENSELUG00000022882	cas2	21	14478255	14482429
110499788	ENSELUG00000023020	cas2	21	14488418	14493003
110499789	ENSELUG00000010758	cas1	2	92065598	92072317
110499790	ENSELUG00000023074	cas2	21	14514419	14533522
110499791	ENSELUG00000009490	cas3	21	11630432	11660551
110499792	ENSELUG00000010157	cas5	21	11341636	11354995
110499794	ENSELUG00000009954	cas5	15	72210976	72225125
110499795	ENSELUG00000016752	cas4	6	94699882	94714516
110499796	ENSELUG00000010056	cas3	15	72229619	72236599
110499800	ENSELUG00000009785	cas7	21	11479780	11624211
110499802	ENSELUG00000016862	cas2	6	94715031	94759509
110499816	ENSELUG00000010719	cas1	2	92123060	92129748
110499817	ENSELUG00000023347	cas3	15	68246660	68353416
110499835	ENSELUG00000024334	cas2	15	67385803	67411812
110499838	ENSELUG00000024367	cas3	21	16291473	16298592
110499840	ENSELUG00000024367	cas3	15	67371382	67378695
110499843	ENSELUG00000024549	cas5	21	16573934	16593212
110499844	ENSELUG00000001775	cas3	21	16604259	16608641
110499846	ENSELUG00000001776	cas3	21	16613901	16700567
110499851	ENSELUG00000001776	cas3	15	66981465	67065448
110499854	ENSELUG00000024549	cas5	15	67086105	67105359
110499856	ENSELUG00000024555	cas5	21	16594427	16600458
110499862	ENSELUG00000023470	cas6	1	18890820	18895770
110499875	ENSELUG00000001798	cas2	21	17476135	17481386
110499877	ENSELUG00000010348	cas1	2	92388109	92392385
110499878	ENSELUG00000001810	cas3	21	18144533	18203141
110499892	ENSELUG00000001843	cas6	21	18613683	18617804
110499893	ENSELUG00000001846	cas3	21	18621177	18628411
110499894	ENSELUG00000001849	cas2	21	18630643	18654262
110499895	ENSELUG00000001850	cas2	21	18654035	18657692
110499897	ENSELUG00000010343	cas1	2	92398054	92439632
110499898	ENSELUG00000001857	cas2	21	18683391	18701775
110499899	ENSELUG00000001856	cas2	21	18671913	18683306
110499903	ENSELUG00000001863	cas4	21	18758459	18770532
110499906	ENSELUG00000010314	cas1	2	92454325	92460616
110499909	ENSELUG00000001897	cas2	21	19238118	19256001
110499940	ENSELUG00000001959	cas2	21	19861154	19885723
110499954	ENSELUG00000002013	cas3	21	20125598	20176686
110499955	ENSELUG00000023385	cas1	1	18905215	18921146
110499959	ENSELUG00000009893	cas1	2	93068836	93084885
110499971	ENSELUG00000002081	cas3	21	20423336	20432065
110499977	ENSELUG00000002126	cas2	21	20638017	20724888
110499980	ENSELUG00000002145	cas1	21	20954576	21004439
110499986	ENSELUG00000002230	cas2	21	21425570	21448889
110499989	ENSELUG00000009706	cas1	2	93477061	93606905
110499990	ENSELUG00000002269	cas5	21	21496754	21533441
110499992	ENSELUG00000002281	cas2	21	21535960	21546505
110499993	ENSELUG00000002288	cas2	21	21550330	21553820
110499995	ENSELUG00000002347	cas3	21	21582932	21591673
110499996	ENSELUG00000002332	cas2	21	21591663	21593204
110500001	ENSELUG00000002525	cas3	21	21986217	21990859
110500002	ENSELUG00000002545	cas2	21	22038489	22063856
110500004	ENSELUG00000001118	cas2	21	22175960	22180992
110500036	ENSELUG00000003000	cas2	21	22980135	22981529
110500037	ENSELUG00000003018	cas2	21	22983636	23014604
110500039	ENSELUG00000003080	cas2	21	23033725	23040825
110500040	ENSELUG00000003098	cas2	21	23041298	23053672
110500043	ENSELUG00000008952	cas1	2	94184199	94221146
110500046	ENSELUG00000003231	cas3	21	23164105	23189656
110500047	ENSELUG00000003258	cas2	21	23218944	23220765
110500049	ENSELUG00000003301	cas2	21	23295783	23313876
110500052	ENSELUG00000003382	cas4	21	23341188	23353769
110500053	ENSELUG00000003396	cas3	21	23352595	23355101
110500054	ENSELUG00000003410	cas3	21	23366099	23386794
110500056	ENSELUG00000001180	cas2	21	23393527	23397736
110500057	ENSELUG00000003556	cas2	21	23423739	23437795
110500058	ENSELUG00000003506	cas2	21	23405462	23423738
110500061	ENSELUG00000003655	cas2	21	23484221	23486168
110500067	ENSELUG00000003707	cas5	21	23501124	23504811
110500070	ENSELUG00000003944	cas2	21	23587254	23591599
110500072	ENSELUG00000003991	cas2	21	23644907	23648720
110500078	ENSELUG00000004034	cas2	21	23688978	23692894
110500079	ENSELUG00000004138	cas2	21	23733010	23791307
110500080	ENSELUG00000004160	cas2	21	23856038	23878138
110500082	ENSELUG00000004212	cas2	21	23910005	23936559
110500090	ENSELUG00000001606	cas2	21	24014016	24020328
110500093	ENSELUG00000004480	cas2	21	24147043	24157840
110500094	ENSELUG00000004779	cas2	21	24191659	24267164
110500095	ENSELUG00000004548	cas2	21	24176179	24190708
110500101	ENSELUG00000008742	cas1	2	94300169	94317655
110500102	ENSELUG00000005028	cas1	21	24383441	24384781
110500104	ENSELUG00000005082	cas2	21	24401158	24405538
110500106	ENSELUG00000005211	cas2	21	24481140	24517204
110500114	ENSELUG00000005547	cas3	21	24659827	24744884
110500117	ENSELUG00000000152	cas2	21	24754781	24787447
110500122	ENSELUG00000005916	cas2	21	25756791	25774311
110500125	ENSELUG00000008711	cas1	2	94348518	94359922
110500127	ENSELUG00000006020	cas2	21	25871821	25875841
110500129	ENSELUG00000006132	cas2	21	25910091	25927959
110500130	ENSELUG00000006232	cas2	21	25931590	25977279
110500132	ENSELUG00000008708	cas1	2	94364015	94367194
110500133	ENSELUG00000006385	cas2	21	26038289	26047407
110500134	ENSELUG00000006440	cas2	21	26049212	26062404
110500139	ENSELUG00000000332	cas6	2	94391364	94404520
110500141	ENSELUG00000006765	cas2	21	26238009	26247743
110500149	ENSELUG00000006965	cas2	21	26316534	26324591
110500153	ENSELUG00000008679	cas1	2	94412244	94417008
110500154	ENSELUG00000001341	cas2	21	26428656	26439619
110500168	ENSELUG00000001212	cas2	21	27357611	27370119
110500169	ENSELUG00000008664	cas1	2	94498952	94504181
110500177	ENSELUG00000019477	cas2	21	27656376	27685960
110500181	ENSELUG00000019293	cas2	21	27905081	27923178
110500189	ENSELUG00000000773	cas2	21	28403912	28475072
110500193	ENSELUG00000017679	cas6	21	29080304	29168271
110500198	ENSELUG00000017605	cas2	21	29168749	29173260
110500199	ENSELUG00000017571	cas2	21	29173599	29183951
110500200	ENSELUG00000017553	cas2	21	29189035	29194796
110500202	ENSELUG00000017481	cas2	21	29310312	29319384
110500205	ENSELUG00000000656	cas1	21	29887076	29910442
110500207	ENSELUG00000017244	cas2	21	29961116	29978815
110500220	ENSELUG00000015595	cas2	21	30808161	30821295
110500221	ENSELUG00000008613	cas1	2	94526548	94529608
110500228	ENSELUG00000015293	cas6	21	30879517	30881416
110500229	ENSELUG00000015026	cas2	21	30942609	30982749
110500235	ENSELUG00000014476	cas2	21	31046030	31065651
110500237	ENSELUG00000008439	cas1	2	94604044	94611792
110500243	ENSELUG00000013860	cas2	21	31648740	31657995
110500244	ENSELUG00000013738	cas2	21	31685407	31736831
110500252	ENSELUG00000012799	cas2	21	32153116	32162456
110500256	ENSELUG00000012435	cas2	21	32236387	32250579
110500258	ENSELUG00000012189	cas2	21	32310043	32343558
110500261	ENSELUG00000000444	cas2	21	32409872	32420565
110500269	ENSELUG00000011612	cas2	21	32603262	32604698
110500280	ENSELUG00000009542	cas2	21	33037901	33040808
110500283	ENSELUG00000008361	cas1	2	94665928	94686821
110500284	ENSELUG00000009067	cas2	21	33329927	33515988
110500285	ENSELUG00000008937	cas2	21	33709461	33869016
110500293	ENSELUG00000008160	cas2	21	34766720	34782583
110500299	ENSELUG00000011793	cas6	18	7320493	7339446
110500300	ENSELUG00000001409	cas4	18	7339391	7371473
110500301	ENSELUG00000013206	cas1	21	38076983	38083972
110500302	ENSELUG00000013403	cas1	21	37958017	38050782
110500304	ENSELUG00000013283	cas1	21	38048002	38068707
110500307	ENSELUG00000023050	cas1	1	19024216	19041967
110500310	ENSELUG00000013935	cas1	21	37670044	37685666
110500312	ENSELUG00000013985	cas1	21	37643702	37648915
110500314	ENSELUG00000014028	cas1	21	37545141	37602616
110500315	ENSELUG00000014415	cas1	21	37430796	37537824
110500321	ENSELUG00000010851	cas1	21	35719014	35735656
110500323	ENSELUG00000023008	cas1	21	35999821	36039069
110500325	ENSELUG00000012105	cas1	21	36189389	36237829
110500326	ENSELUG00000011845	cas1	21	36300905	36406587
110500328	ENSELUG00000008100	cas1	2	94814776	94872439
110500333	ENSELUG00000012169	cas1	21	36795734	36879858
110500336	ENSELUG00000007898	cas1	2	94890338	94956288
110500337	ENSELUG00000014480	cas1	21	37326163	37332721
110500339	ENSELUG00000013002	cas1	21	38202424	38294685
110500340	ENSELUG00000012804	cas1	21	38483403	38496665
110500343	ENSELUG00000011085	cas1	21	38662084	38720802
110500344	ENSELUG00000010968	cas1	21	38726432	38739708
110500345	ENSELUG00000007836	cas1	2	94959918	94974913
110500347	ENSELUG00000010826	cas1	21	38743077	38769087
110500348	ENSELUG00000010783	cas1	21	38857116	38864530
110500349	ENSELUG00000010757	cas1	21	38867935	38939119
110500350	ENSELUG00000010507	cas1	21	38969383	38986233
110500356	ENSELUG00000010478	cas1	21	39003738	39022864
110500358	ENSELUG00000010459	cas6	21	39034496	39059624
110500361	ENSELUG00000010366	cas1	21	39179147	39211035
110500364	ENSELUG00000010352	cas1	21	39322865	39331908
110500365	ENSELUG00000010337	cas1	21	39340638	39362844
110500366	ENSELUG00000010308	cas1	21	39363491	39371258
110500367	ENSELUG00000010241	cas1	21	39453536	39473815
110500368	ENSELUG00000007737	cas1	2	95015675	95020429
110500370	ENSELUG00000010192	cas1	21	39482847	39534959
110500374	ENSELUG00000010121	cas1	21	39571290	39579548
110500375	ENSELUG00000010042	cas1	21	39619379	39624943
110500379	ENSELUG00000010019	cas1	21	39656563	39673880
110500380	ENSELUG00000000360	cas1	21	39731630	39745450
110500383	ENSELUG00000009732	cas1	21	39780597	39811576
110500385	ENSELUG00000007641	cas1	2	95184896	95214670
110500393	ENSELUG00000001159	cas1	21	39972319	39997941
110500397	ENSELUG00000008653	cas1	21	40118291	40131867
110500398	ENSELUG00000008630	cas1	21	40137626	40158575
110500402	ENSELUG00000008552	cas1	21	40202070	40210631
110500404	ENSELUG00000008517	cas1	21	40229008	40285714
110500415	ENSELUG00000007578	cas1	2	95221223	95261034
110500424	ENSELUG00000005873	cas1	21	41050189	41058764
110500425	ENSELUG00000005586	cas1	21	41108446	41125934
110500432	ENSELUG00000005316	cas1	21	41203290	41215989
110500445	ENSELUG00000024096	cas3	15	67734074	67785202
110500446	ENSELUG00000004716	cas1	21	41888787	41919352
110500447	ENSELUG00000004690	cas1	21	41920300	41933484
110500449	ENSELUG00000004600	cas1	21	42052953	42063079
110500450	ENSELUG00000004494	cas1	21	42119272	42185004
110500451	ENSELUG00000004556	cas1	21	42091608	42102829
110500453	ENSELUG00000004442	cas1	21	42185854	42196438
110500456	ENSELUG00000004413	cas1	21	42213444	42220624
110500465	ENSELUG00000004200	cas1	21	42510011	42532922
110500469	ENSELUG00000001488	cas1	21	42596942	42619810
110500474	ENSELUG00000003943	cas1	21	42655361	42661095
110500477	ENSELUG00000003851	cas1	21	42790604	42800548
110500478	ENSELUG00000003795	cas1	21	42834803	42964916
110500479	ENSELUG00000003817	cas1	21	42821715	42834094
110500480	ENSELUG00000003747	cas1	21	43002686	43034963
110500482	ENSELUG00000003724	cas1	21	43039949	43041554
110500483	ENSELUG00000003713	cas1	21	43041766	43055080
110500486	ENSELUG00000003680	cas1	21	43062367	43071400
110500487	ENSELUG00000003657	cas1	21	43074285	43079143
110500488	ENSELUG00000003633	cas1	21	43079217	43082870
110500489	ENSELUG00000003587	cas1	21	43098737	43112481
110500490	ENSELUG00000003511	cas1	21	43112790	43144423
110500492	ENSELUG00000003415	cas1	21	43145083	43157529
110500495	ENSELUG00000003376	cas1	21	43172920	43197720
110500496	ENSELUG00000003357	cas1	21	43203539	43219682
110500504	ENSELUG00000003316	cas2	21	43335680	43345779
110500505	ENSELUG00000024593	cas1	21	43346414	43354437
110500506	ENSELUG00000024582	cas1	21	43354697	43371541
110500509	ENSELUG00000024492	cas1	21	43385207	43392387
110500511	ENSELUG00000024378	cas1	21	43447034	43456466
110500512	ENSELUG00000024374	cas1	21	43464823	43617802
110500514	ENSELUG00000024041	cas1	21	60509429	60520639
110500516	ENSELUG00000024012	cas1	21	44027866	44040155
110500518	ENSELUG00000023947	cas1	21	44097937	44099926
110500529	ENSELUG00000023178	cas1	21	44461338	44480565
110500532	ENSELUG00000023089	cas1	21	44727200	44746630
110500537	ENSELUG00000023025	cas1	21	44807670	44811740
110500539	ENSELUG00000022168	cas1	21	44863195	44868678
110500540	ENSELUG00000022162	cas1	21	44871242	44882009
110500555	ENSELUG00000000903	cas1	21	45247575	45359292
110500558	ENSELUG00000020129	cas1	21	45379310	45419173
110500560	ENSELUG00000020062	cas1	21	45444361	45449712
110500572	ENSELUG00000019567	cas2	21	45677661	45686049
110500590	ENSELUG00000019029	cas1	21	45981448	46003506
110500603	ENSELUG00000000688	cas1	21	47158123	47163199
110500604	ENSELUG00000017554	cas1	21	47163900	47169941
110500607	ENSELUG00000017340	cas1	21	48255526	48308373
110500608	ENSELUG00000017272	cas1	21	48326396	48337043
110500610	ENSELUG00000017252	cas1	21	48382854	48414134
110500611	ENSELUG00000006290	cas2	2	97528707	97596323
110500612	ENSELUG00000017200	cas2	21	48420635	48653464
110500613	ENSELUG00000000643	cas1	21	48675649	48732810
110500627	ENSELUG00000015599	cas1	21	49654692	49662658
110500628	ENSELUG00000015696	cas1	21	49680668	49772757
110500629	ENSELUG00000015889	cas1	21	49890587	50027397
110500632	ENSELUG00000015919	cas1	21	50053888	50056399
110500633	ENSELUG00000015934	cas1	21	50081554	50083324
110500640	ENSELUG00000016190	cas1	21	50257673	50263754
110500645	ENSELUG00000015450	cas1	21	50481842	50486101
110500649	ENSELUG00000015341	cas1	21	50508497	50518222
110500655	ENSELUG00000015302	cas1	21	50542604	50552598
110500656	ENSELUG00000015281	cas1	21	50562901	50578867
110500660	ENSELUG00000015175	cas1	21	50629412	50707579
110500661	ENSELUG00000015141	cas1	21	50711496	50732973
110500662	ENSELUG00000015071	cas1	21	50734723	50767433
110500664	ENSELUG00000014960	cas1	21	50902786	50905298
110500666	ENSELUG00000014924	cas1	21	50982246	50992851
110500667	ENSELUG00000014849	cas1	21	50996361	51002663
110500669	ENSELUG00000014789	cas1	21	51053386	51067912
110500671	ENSELUG00000014729	cas1	21	51101704	51107102
110500674	ENSELUG00000014654	cas1	21	51116362	51133346
110500675	ENSELUG00000014519	cas1	21	51145280	51153770
110500677	ENSELUG00000014487	cas1	21	51169316	51174187
110500678	ENSELUG00000000529	cas1	21	51174197	51194362
110500680	ENSELUG00000014436	cas1	21	51202043	51216929
110500682	ENSELUG00000014343	cas1	21	51241917	51253776
110500683	ENSELUG00000014302	cas1	21	51257437	51272871
110500684	ENSELUG00000014284	cas1	21	51274377	51298543
110500690	ENSELUG00000013965	cas1	21	51413375	51450488
110500694	ENSELUG00000013878	cas1	21	51501598	51507145
110500695	ENSELUG00000013820	cas1	21	51509283	51554830
110500698	ENSELUG00000000505	cas1	21	52888820	52954174
110500700	ENSELUG00000000109	cas7	21	52962132	52963960
110500701	ENSELUG00000000109	cas7	21	52969508	52971316
110500704	ENSELUG00000013376	cas1	21	53001655	53006323
110500706	ENSELUG00000013225	cas1	21	53028579	53041107
110500707	ENSELUG00000013205	cas1	21	53050824	53059769
110500709	ENSELUG00000013174	cas1	21	53067865	53094159
110500710	ENSELUG00000013101	cas1	21	53094313	53103236
110500717	ENSELUG00000012928	cas1	21	53164111	53214983
110500719	ENSELUG00000012856	cas1	21	53215229	53245179
110500724	ENSELUG00000012352	cas1	21	53406046	53418358
110500726	ENSELUG00000012156	cas1	21	53570165	53575953
110500728	ENSELUG00000011975	cas1	21	54008454	54039871
110500730	ENSELUG00000011916	cas1	21	54073119	54184652
110500735	ENSELUG00000011712	cas1	21	54206483	54342581
110500739	ENSELUG00000005794	cas1	2	98521998	98535690
110500744	ENSELUG00000011256	cas1	21	54955547	54960002
110500747	ENSELUG00000011174	cas1	21	55071555	55086712
110500753	ENSELUG00000001082	cas1	21	55277167	55295137
110500759	ENSELUG00000000384	cas3	21	57279508	57536784
110500762	ENSELUG00000010553	cas1	21	57865972	57896896
110500775	ENSELUG00000009825	cas6	21	59282169	59284125
110500777	ENSELUG00000010026	cas1	21	58851083	58904451
110500781	ENSELUG00000022805	cas1	1	19076824	19084655
110500784	ENSELUG00000010161	cas1	21	58441167	58443946
110500790	ENSELUG00000001246	cas1	21	59918360	59941835
110500796	ENSELUG00000009184	cas1	21	60333055	60343162
110500811	ENSELUG00000005380	cas6	2	99154259	99166352
110500826	ENSELUG00000014559	cas1	21	37248296	37311240
110500829	ENSELUG00000010289	cas7	21	39420130	39453254
110500830	ENSELUG00000009255	cas4	21	39872368	39883855
110500834	ENSELUG00000008260	cas4	21	40548191	40587814
110500835	ENSELUG00000007753	cas1	21	40763080	40792512
110500837	ENSELUG00000006489	cas1	21	41224772	41247133
110500846	ENSELUG00000003932	cas1	21	42676945	42690279
110500854	ENSELUG00000023166	cas1	21	44600863	44667561
110500870	ENSELUG00000020001	cas1	21	45485247	45517233
110500876	ENSELUG00000017678	cas1	21	47034102	47113062
110500877	ENSELUG00000005214	cas1	2	99221850	99503455
110500880	ENSELUG00000016268	cas1	21	50272053	50288270
110500881	ENSELUG00000016547	cas1	21	50356174	50389454
110500884	ENSELUG00000022752	cas1	1	19091225	19121925
110500885	ENSELUG00000014061	cas1	21	51370721	51413247
110500888	ENSELUG00000012394	cas1	21	53370137	53405755
110500891	ENSELUG00000011506	cas1	21	54349344	54508277
110500892	ENSELUG00000011332	cas1	21	54518078	54925493
110500894	ENSELUG00000011029	cas1	21	55170376	55268660
110500895	ENSELUG00000010866	cas1	21	55349915	55429706
110500908	ENSELUG00000001063	cas2	19	7886301	7908783
110500915	ENSELUG00000011970	cas2	21	1607414	1669220
110500919	ENSELUG00000004776	cas1	2	99897222	99899881
110500938	ENSELUG00000004577	cas1	21	42066013	42070702
110500946	ENSELUG00000000374	cas3	21	58056547	58068333
110500947	ENSELUG00000010419	cas2	21	58053125	58056083
110500948	ENSELUG00000010419	cas2	21	58043656	58052984
110500950	ENSELUG00000000343	cas1	21	60257181	60272808
110500953	ENSELUG00000006730	cas1	21	62880798	62903536
110500958	ENSELUG00000012584	cas2	21	2541008	2575182
110500960	ENSELUG00000021059	cas3	21	12126987	12145356
110500961	ENSELUG00000022160	cas4	21	13100668	13608900
110500963	ENSELUG00000000949	cas6	21	13698517	13725137
110500964	ENSELUG00000022286	cas5	21	13748328	13793281
110500967	ENSELUG00000022591	cas7	21	14103817	14115795
110500977	ENSELUG00000023045	cas2	21	14495890	14517767
110500989	ENSELUG00000009785	cas7	15	72022817	72150996
110500993	ENSELUG00000023347	cas3	21	15348430	15455875
110501005	ENSELUG00000001782	cas3	15	66905409	66924016
110501007	ENSELUG00000001783	cas3	21	16762397	16825929
110501015	ENSELUG00000001877	cas3	21	18863543	19171552
110501018	ENSELUG00000001905	cas2	21	19256160	19294094
110501019	ENSELUG00000001910	cas2	21	19294271	19302251
110501025	ENSELUG00000002258	cas7	21	21455845	21485720
110501032	ENSELUG00000003251	cas2	21	23179727	23212378
110501036	ENSELUG00000004495	cas2	21	24165061	24177940
110501039	ENSELUG00000005848	cas4	21	24875514	25103277
110501040	ENSELUG00000013390	cas2	3	9101425	9118437
110501041	ENSELUG00000006997	cas2	21	26324744	26333964
110501048	ENSELUG00000018936	cas2	21	28311018	28335924
110501049	ENSELUG00000018694	cas2	21	28344330	28351414
110501053	ENSELUG00000020851	cas1	2	100220031	100340996
110501058	ENSELUG00000016831	cas2	21	30075220	30093368
110501059	ENSELUG00000016748	cas3	21	30099370	30113179
110501060	ENSELUG00000016463	cas2	21	30169479	30218776
110501062	ENSELUG00000013523	cas2	21	31952607	31982502
110501063	ENSELUG00000012951	cas3	21	32114413	32144886
110501064	ENSELUG00000021274	cas1	2	100662972	100716213
110501065	ENSELUG00000012589	cas3	21	32189542	32217794
110501070	ENSELUG00000007904	cas2	21	34917692	34931171
110501108	ENSELUG00000021261	cas2	2	100638574	100655606
110501188	ENSELUG00000021313	cas1	2	100729190	100782512
110501239	ENSELUG00000011636	cas6	22	610227	615912
110501243	ENSELUG00000001692	cas3	22	902073	1041922
110501245	ENSELUG00000023805	cas1	22	1245440	1412460
110501253	ENSELUG00000024062	cas1	2	101482142	101553750
110501254	ENSELUG00000011464	cas1	22	2484121	2489060
110501261	ENSELUG00000011050	cas1	22	3888821	3918479
110501266	ENSELUG00000010723	cas1	22	4610896	4614658
110501269	ENSELUG00000009514	cas1	22	4675515	4756261
110501270	ENSELUG00000022755	cas5	2	101374491	101393565
110501271	ENSELUG00000022520	cas1	1	19128583	19131233
110501272	ENSELUG00000022851	cas1	2	101394024	101408837
110501273	ENSELUG00000009631	cas1	22	4763021	4775898
110501275	ENSELUG00000009884	cas1	22	5023900	5119712
110501278	ENSELUG00000009971	cas1	22	5177787	5195340
110501280	ENSELUG00000010067	cas1	22	5437037	5612283
110501281	ENSELUG00000010214	cas5	22	5668212	5739785
110501282	ENSELUG00000010258	cas1	22	5741280	5788668
110501287	ENSELUG00000010449	cas1	22	6018678	6042189
110501288	ENSELUG00000010471	cas1	22	6082380	6226566
110501290	ENSELUG00000000857	cas1	22	7323597	7326019
110501291	ENSELUG00000019568	cas1	22	7421304	7423921
110501295	ENSELUG00000019740	cas6	22	7480701	7488300
110501299	ENSELUG00000019792	cas1	22	7526258	7597443
110501302	ENSELUG00000019950	cas1	22	7719470	7736799
110501308	ENSELUG00000020190	cas1	22	7988815	7992218
110501309	ENSELUG00000020222	cas1	22	7992285	7996860
110501312	ENSELUG00000020293	cas1	22	8025363	8027524
110501313	ENSELUG00000020333	cas1	22	8027916	8076547
110501316	ENSELUG00000020485	cas1	22	8162076	8173878
110501318	ENSELUG00000020495	cas1	22	8254702	8258209
110501322	ENSELUG00000020579	cas1	22	8358225	8410070
110501323	ENSELUG00000020687	cas1	22	8624815	8684792
110501324	ENSELUG00000020674	cas1	22	8595156	8629992
110501327	ENSELUG00000020821	cas1	22	8770168	8783060
110501329	ENSELUG00000023624	cas2	2	103342831	103345931
110501330	ENSELUG00000020861	cas1	22	8790901	8798707
110501331	ENSELUG00000020833	cas1	22	8784782	8790324
110501335	ENSELUG00000020909	cas1	22	8827735	8851748
110501338	ENSELUG00000021069	cas1	22	8912652	8929500
110501339	ENSELUG00000021128	cas1	22	8941143	8953086
110501341	ENSELUG00000021232	cas1	22	8968202	9042477
110501344	ENSELUG00000023526	cas3	2	103317869	103330515
110501345	ENSELUG00000009758	cas3	22	9127369	9137539
110501349	ENSELUG00000023518	cas1	22	9295322	9316832
110501351	ENSELUG00000023252	cas1	22	9328988	9535916
110501352	ENSELUG00000022985	cas1	22	9384301	9387652
110501356	ENSELUG00000022933	cas1	22	9600179	9663466
110501358	ENSELUG00000022867	cas1	22	9676683	9698024
110501360	ENSELUG00000022429	cas1	22	9739829	9829553
110501362	ENSELUG00000022769	cas1	22	9735242	9737896
110501363	ENSELUG00000023136	cas5	2	103255746	103274597
110501370	ENSELUG00000018127	cas1	22	10108920	10116436
110501371	ENSELUG00000018068	cas4	22	10142947	10236029
110501375	ENSELUG00000017756	cas1	22	10439675	10498177
110501376	ENSELUG00000017717	cas1	22	10502550	10551497
110501377	ENSELUG00000017578	cas1	22	10775267	10840532
110501398	ENSELUG00000022484	cas1	1	19309705	19334685
110501401	ENSELUG00000004471	cas2	2	103134340	103141737
110501405	ENSELUG00000016210	cas1	22	12427570	12432961
110501408	ENSELUG00000016194	cas1	22	12514243	12534298
110501410	ENSELUG00000000609	cas1	22	12607309	12620201
110501411	ENSELUG00000000605	cas1	22	12620582	12624860
110501413	ENSELUG00000015958	cas1	22	12684208	12716652
110501414	ENSELUG00000016015	cas1	22	12648341	12683975
110501426	ENSELUG00000015662	cas1	22	12963389	12975845
110501428	ENSELUG00000014279	cas2	22	13135776	13142953
110501429	ENSELUG00000003554	cas3	2	102262117	102278883
110501439	ENSELUG00000022653	cas1	22	14522163	14532794
110501440	ENSELUG00000022630	cas1	22	14536302	14547161
110501443	ENSELUG00000022563	cas1	22	14583148	14588361
110501445	ENSELUG00000022548	cas3	22	14588535	14664001
110501447	ENSELUG00000022308	cas1	22	14793734	14841276
110501449	ENSELUG00000022459	cas1	22	14735308	14738738
110501450	ENSELUG00000022118	cas1	22	14851810	14885188
110501451	ENSELUG00000003368	cas1	2	102307497	102314434
110501452	ENSELUG00000021960	cas1	22	14903644	14934324
110501458	ENSELUG00000024307	cas2	2	102855890	102857341
110501461	ENSELUG00000021473	cas1	22	15122642	15148331
110501462	ENSELUG00000021370	cas1	22	15148842	15152914
110501463	ENSELUG00000021349	cas1	22	15165903	15187152
110501464	ENSELUG00000002785	cas2	2	102788284	102797795
110501469	ENSELUG00000020837	cas1	22	15361643	15365568
110501470	ENSELUG00000020820	cas1	22	15365708	15379144
110501472	ENSELUG00000020774	cas1	22	15394975	15401706
110501473	ENSELUG00000020744	cas1	22	15401792	15415120
110501474	ENSELUG00000020701	cas1	22	15414900	15423802
110501478	ENSELUG00000020362	cas1	22	15581319	15586397
110501491	ENSELUG00000020037	cas1	22	15990139	16000472
110501495	ENSELUG00000019835	cas1	22	16118186	16151990
110501497	ENSELUG00000019736	cas1	22	16328778	16338520
110501500	ENSELUG00000019585	cas1	22	16541255	16596674
110501506	ENSELUG00000019309	cas1	22	16739540	16745332
110501512	ENSELUG00000022358	cas1	1	19349172	19351119
110501539	ENSELUG00000014811	cas5	22	18617526	18767708
110501541	ENSELUG00000015137	cas1	22	18990520	19021140
110501565	ENSELUG00000013601	cas2	22	19530398	19544185
110501571	ENSELUG00000013282	cas1	22	19630160	19655758
110501574	ENSELUG00000013040	cas1	22	19743720	19763860
110501579	ENSELUG00000012944	cas1	22	19997839	20175660
110501580	ENSELUG00000012848	cas1	22	20195712	20203864
110501586	ENSELUG00000008615	cas1	22	20730910	20739954
110501587	ENSELUG00000008743	cas1	22	21143084	21447203
110501588	ENSELUG00000008916	cas1	22	21572564	21590999
110501592	ENSELUG00000022327	cas1	1	19359411	19368957
110501597	ENSELUG00000009179	cas1	22	21936514	21957704
110501598	ENSELUG00000009237	cas1	22	21969152	22021354
110501601	ENSELUG00000019530	cas1	22	22233264	22235783
110501605	ENSELUG00000004409	cas1	22	24406950	24423067
110501608	ENSELUG00000004460	cas1	22	24779405	24785002
110501610	ENSELUG00000004477	cas1	22	25099441	25149856
110501611	ENSELUG00000004499	cas1	22	25155097	25162839
110501614	ENSELUG00000004560	cas1	22	25193435	25223476
110501618	ENSELUG00000001736	cas1	2	44757398	45073140
110501619	ENSELUG00000004676	cas1	22	25344676	25387478
110501623	ENSELUG00000004714	cas1	22	25445076	25503851
110501625	ENSELUG00000004848	cas1	22	25653479	25658365
110501626	ENSELUG00000004857	cas1	22	25676037	25695731
110501627	ENSELUG00000004887	cas1	22	25709599	25744218
110501629	ENSELUG00000004869	cas1	22	25702896	25708893
110501630	ENSELUG00000004908	cas1	22	25769933	25789301
110501631	ENSELUG00000001542	cas1	22	25791818	25799792
110501633	ENSELUG00000004999	cas1	22	25844496	25891165
110501637	ENSELUG00000005049	cas1	22	25923432	25926978
110501638	ENSELUG00000005092	cas1	22	25945133	26001224
110501639	ENSELUG00000005100	cas1	22	26010941	26013975
110501640	ENSELUG00000005199	cas1	22	26054030	26062493
110501641	ENSELUG00000005213	cas1	22	26107150	26110516
110501657	ENSELUG00000005711	cas1	22	26936691	26967319
110501661	ENSELUG00000005773	cas1	22	26992735	27114222
110501662	ENSELUG00000005791	cas1	22	27132113	27138928
110501665	ENSELUG00000006026	cas1	22	27340833	27364593
110501666	ENSELUG00000006094	cas1	22	27461443	27465729
110501667	ENSELUG00000006128	cas1	22	27467742	27481972
110501669	ENSELUG00000006176	cas1	22	27486482	27493019
110501670	ENSELUG00000001076	cas1	22	27492474	27498625
110501673	ENSELUG00000002928	cas1	2	55241400	55426308
110501679	ENSELUG00000006395	cas1	22	27582427	27639134
110501682	ENSELUG00000006647	cas1	22	27688732	27696385
110501683	ENSELUG00000006630	cas1	22	27685606	27688574
110501688	ENSELUG00000006914	cas1	22	27880850	27882900
110501692	ENSELUG00000000250	cas1	22	28028462	28036764
110501696	ENSELUG00000007366	cas1	22	28538705	28548565
110501697	ENSELUG00000007453	cas6	22	28701867	28702664
110501704	ENSELUG00000005508	cas1	2	59900130	59922723
110501710	ENSELUG00000000289	cas1	22	29606063	29619908
110501725	ENSELUG00000008492	cas1	22	30364605	30382857
110501738	ENSELUG00000008886	cas1	22	30888653	30908521
110501751	ENSELUG00000006343	cas1	2	60627938	60639516
110501752	ENSELUG00000009860	cas1	22	31249607	31267129
110501758	ENSELUG00000010311	cas1	22	31544328	31567507
110501759	ENSELUG00000010347	cas1	22	31572817	31618605
110501764	ENSELUG00000010488	cas1	22	31944574	31998351
110501765	ENSELUG00000010536	cas1	22	32094174	32144432
110501767	ENSELUG00000010667	cas1	22	32317123	32374208
110501772	ENSELUG00000009310	cas1	2	63958607	63963969
110501773	ENSELUG00000022108	cas1	1	19452917	19464238
110501778	ENSELUG00000011603	cas1	22	32855959	32882104
110501779	ENSELUG00000011686	cas1	22	32882915	32899018
110501782	ENSELUG00000011841	cas1	22	32939577	32960500
110501783	ENSELUG00000011901	cas1	22	32964607	32993010
110501784	ENSELUG00000011946	cas1	22	32994900	33171144
110501791	ENSELUG00000008188	cas1	22	34585700	34592688
110501792	ENSELUG00000008161	cas1	22	34602879	34772042
110501793	ENSELUG00000008110	cas1	22	34781505	34790502
110501795	ENSELUG00000007936	cas2	22	35740427	35760519
110501797	ENSELUG00000007919	cas1	22	35769181	35780544
110501801	ENSELUG00000007669	cas1	22	36243155	36247834
110501802	ENSELUG00000007628	cas1	22	36353670	36359762
110501803	ENSELUG00000007583	cas1	22	36379506	36406219
110501805	ENSELUG00000007493	cas1	22	36435019	36520762
110501807	ENSELUG00000007299	cas1	22	36838714	36917226
110501808	ENSELUG00000007224	cas1	22	36949459	36970391
110501809	ENSELUG00000007215	cas1	22	36980096	37099621
110501810	ENSELUG00000007197	cas1	22	37105485	37117837
110501812	ENSELUG00000007099	cas1	22	37153568	37221890
110501814	ENSELUG00000007052	cas1	22	37222661	37238631
110501833	ENSELUG00000016433	cas1	2	69834632	69870691
110501835	ENSELUG00000005977	cas1	22	37972212	37995938
110501836	ENSELUG00000005921	cas1	22	37996085	38004691
110501838	ENSELUG00000005904	cas1	22	38004829	38012137
110501839	ENSELUG00000005798	cas1	22	38029502	38063991
110501840	ENSELUG00000005886	cas1	22	38011849	38015731
110501850	ENSELUG00000005587	cas1	22	38485821	38491495
110501854	ENSELUG00000005394	cas1	22	38899484	38929741
110501855	ENSELUG00000005420	cas1	22	38874414	38892741
110501856	ENSELUG00000005383	cas1	22	38998682	39154770
110501857	ENSELUG00000017424	cas1	2	70741422	70747049
110501863	ENSELUG00000005098	cas1	22	39850855	39853369
110501873	ENSELUG00000004778	cas1	22	40494866	40500658
110501878	ENSELUG00000004727	cas1	22	40775208	40813437
110501881	ENSELUG00000004633	cas1	22	40930259	40941980
110501885	ENSELUG00000004545	cas1	22	41286486	41363126
110501886	ENSELUG00000004474	cas1	22	41447899	41523764
110501891	ENSELUG00000009504	cas6	22	46511637	46534272
110501896	ENSELUG00000003853	cas1	22	42592218	42603449
110501901	ENSELUG00000003679	cas1	22	42884711	43037994
110501903	ENSELUG00000003620	cas1	22	43099332	43101649
110501906	ENSELUG00000003304	cas1	22	43346803	43486763
110501911	ENSELUG00000023700	cas1	22	44326910	44351877
110501914	ENSELUG00000023346	cas1	22	44376582	44387701
110501915	ENSELUG00000023532	cas1	22	44381552	44438653
110501918	ENSELUG00000023205	cas1	22	44566863	44573918
110501922	ENSELUG00000023096	cas1	22	44647142	44658569
110501923	ENSELUG00000023080	cas1	22	44659569	44664863
110501926	ENSELUG00000022940	cas1	22	44947662	44950370
110501927	ENSELUG00000022987	cas1	22	44943212	44945287
110501928	ENSELUG00000022931	cas1	22	44954300	44956065
110501930	ENSELUG00000022918	cas1	22	44959757	44962879
110501931	ENSELUG00000022797	cas1	22	45009747	45022170
110501942	ENSELUG00000022744	cas1	22	45172891	45175477
110501950	ENSELUG00000020542	cas1	2	75142002	75256839
110501951	ENSELUG00000015434	cas6	22	45932805	45940900
110501952	ENSELUG00000013416	cas1	22	47981470	48042867
110501956	ENSELUG00000013544	cas1	22	48139761	48220042
110501962	ENSELUG00000012915	cas2	22	47608147	47611856
110501969	ENSELUG00000022097	cas1	1	19474588	19483323
110501980	ENSELUG00000010785	cas2	22	51828273	51864161
110501989	ENSELUG00000010387	cas5	22	52155037	52189507
110501992	ENSELUG00000010440	cas3	22	52087979	52110797
110501995	ENSELUG00000009969	cas4	22	47042225	47061327
110501999	ENSELUG00000004344	cas1	22	24264331	24324757
110502002	ENSELUG00000019083	cas1	22	23699620	23713577
110502007	ENSELUG00000018871	cas1	22	23803577	23835647
110502008	ENSELUG00000004084	cas1	22	24141838	24147986
110502009	ENSELUG00000018660	cas1	22	23881233	23901983
110502012	ENSELUG00000018898	cas1	22	23791644	23799947
110502017	ENSELUG00000004002	cas1	22	24084901	24118246
110502021	ENSELUG00000019110	cas1	22	23607430	23618048
110502022	ENSELUG00000004092	cas1	22	24148044	24157384
110502026	ENSELUG00000004040	cas1	22	24125893	24137925
110502046	ENSELUG00000023670	cas1	22	9210510	9288763
110502050	ENSELUG00000014624	cas1	22	14157194	14392227
110502052	ENSELUG00000020630	cas1	22	15446052	15480514
110502054	ENSELUG00000020057	cas1	22	15922382	15988118
110502055	ENSELUG00000022037	cas2	1	19510957	19536556
110502056	ENSELUG00000023234	cas1	2	77838768	77882208
110502057	ENSELUG00000001378	cas1	22	16444036	16494451
110502059	ENSELUG00000000730	cas4	22	17444484	17486216
110502065	ENSELUG00000012563	cas1	22	20379465	20660978
110502069	ENSELUG00000019505	cas1	22	22239178	22636506
110502071	ENSELUG00000018437	cas1	22	24053262	24072305
110502077	ENSELUG00000023675	cas1	2	78047373	78066844
110502079	ENSELUG00000005744	cas1	22	26981803	26989772
110502082	ENSELUG00000006752	cas1	22	27706931	27740630
110502093	ENSELUG00000012275	cas1	22	33951053	33983502
110502097	ENSELUG00000007659	cas1	22	36248076	36318385
110502121	ENSELUG00000007635	cas1	22	28993333	28994549
110502127	ENSELUG00000006364	cas1	22	37830542	37831485
110502128	ENSELUG00000006339	cas1	22	37839001	37840676
110502133	ENSELUG00000004391	cas1	2	79304316	79350048
110502140	ENSELUG00000006353	cas1	22	37834053	37835172
110502157	ENSELUG00000003796	cas1	22	42688215	42734562
110502165	ENSELUG00000024054	cas1	2	83027054	83057970
110502170	ENSELUG00000023324	cas1	22	44452252	44463017
110502171	ENSELUG00000023307	cas1	22	44474718	44553607
110502187	ENSELUG00000020328	cas1	2	83219964	83223972
110502201	ENSELUG00000010966	cas2	22	51512776	51699385
110502207	ENSELUG00000009466	cas4	22	47170403	47260466
110502210	ENSELUG00000020124	cas1	2	83377647	83395033
110502224	ENSELUG00000019804	cas1	2	83498149	83611296
110502230	ENSELUG00000008785	cas1	23	12115099	12175948
110502232	ENSELUG00000018671	cas1	2	85470939	85487796
110502234	ENSELUG00000009918	cas1	23	11907827	11953940
110502235	ENSELUG00000010032	cas6	23	11734088	11765566
110502236	ENSELUG00000010054	cas3	23	11546873	11726447
110502237	ENSELUG00000010156	cas1	23	11529791	11546694
110502238	ENSELUG00000010189	cas1	23	11499127	11515983
110502242	ENSELUG00000021881	cas1	23	11191594	11206167
110502244	ENSELUG00000021791	cas1	23	11128133	11169825
110502247	ENSELUG00000021698	cas1	23	11080340	11111754
110502248	ENSELUG00000021650	cas1	23	11030762	11064352
110502249	ENSELUG00000021623	cas1	23	10974355	11010605
110502261	ENSELUG00000021210	cas1	23	10356692	10364503
110502264	ENSELUG00000020994	cas1	23	10219797	10241910
110502265	ENSELUG00000020953	cas1	23	10209501	10216489
110502269	ENSELUG00000020693	cas1	23	12392924	12411810
110502273	ENSELUG00000020494	cas1	23	12560405	12576330
110502276	ENSELUG00000020327	cas1	23	12653876	12687538
110502277	ENSELUG00000020311	cas1	23	12729848	12747357
110502278	ENSELUG00000020239	cas1	23	12827653	12864115
110502279	ENSELUG00000020231	cas1	23	13044356	13049486
110502281	ENSELUG00000020201	cas1	23	13067835	13084070
110502282	ENSELUG00000020177	cas1	23	13084587	13097908
110502284	ENSELUG00000019970	cas1	23	13123422	13146350
110502285	ENSELUG00000017774	cas1	2	89437266	89443644
110502286	ENSELUG00000000881	cas1	23	13119351	13122667
110502288	ENSELUG00000019869	cas1	23	13148827	13167879
110502290	ENSELUG00000019784	cas1	23	13197751	13213023
110502291	ENSELUG00000019741	cas1	23	13217619	13265816
110502297	ENSELUG00000019569	cas1	23	13454643	13481494
110502299	ENSELUG00000019460	cas1	23	13575337	13586172
110502300	ENSELUG00000000841	cas1	23	13663492	13671901
110502303	ENSELUG00000019438	cas1	23	13674463	13710049
110502304	ENSELUG00000019251	cas1	23	13824243	13889404
110502305	ENSELUG00000019294	cas1	23	13759653	13824191
110502307	ENSELUG00000019106	cas1	23	13960729	13967395
110502308	ENSELUG00000019076	cas1	23	13967514	13979770
110502310	ENSELUG00000012565	cas1	2	90197231	90298528
110502311	ENSELUG00000018930	cas1	23	14250138	14323534
110502317	ENSELUG00000018638	cas1	23	15237632	15429967
110502319	ENSELUG00000018652	cas1	23	15233371	15236034
110502320	ENSELUG00000018621	cas1	23	15475990	15491714
110502323	ENSELUG00000018549	cas3	23	15546010	15633653
110502325	ENSELUG00000000793	cas1	23	15648173	15659202
110502326	ENSELUG00000013790	cas4	18	8379880	8469372
110502332	ENSELUG00000015627	cas1	23	15799370	15804977
110502333	ENSELUG00000015760	cas1	23	15865071	15869051
110502334	ENSELUG00000015828	cas1	23	15911917	15915948
110502335	ENSELUG00000012353	cas1	2	90557570	90576473
110502337	ENSELUG00000000600	cas1	23	16053930	16057613
110502338	ENSELUG00000015957	cas1	23	16382393	16398281
110502339	ENSELUG00000015970	cas1	23	16410342	16417303
110502341	ENSELUG00000016004	cas2	23	16534553	16537430
110502347	ENSELUG00000016256	cas2	23	17019443	17024689
110502348	ENSELUG00000016522	cas1	23	17027749	17067517
110502354	ENSELUG00000016764	cas1	23	17444474	17453469
110502358	ENSELUG00000016819	cas1	23	17488998	17503651
110502359	ENSELUG00000016914	cas1	23	17672221	17704270
110502361	ENSELUG00000017007	cas1	23	17725335	17781515
110502363	ENSELUG00000011111	cas1	2	91853852	91933354
110502364	ENSELUG00000016957	cas1	23	17721666	17724320
110502365	ENSELUG00000017055	cas1	23	17792830	17807178
110502368	ENSELUG00000017206	cas1	23	17890891	17925131
110502370	ENSELUG00000017246	cas1	23	17943337	17947408
110502371	ENSELUG00000010824	cas1	2	91937152	92008067
110502373	ENSELUG00000017514	cas1	23	17997276	17999926
110502375	ENSELUG00000017789	cas1	23	18083941	18127862
110502377	ENSELUG00000017891	cas1	23	18189260	18241498
110502378	ENSELUG00000001190	cas1	23	18242698	18255850
110502380	ENSELUG00000018113	cas1	23	18310906	18327329
110502383	ENSELUG00000010376	cas1	2	92210330	92228748
110502384	ENSELUG00000000746	cas1	23	18373928	18434140
110502386	ENSELUG00000018351	cas1	23	18527366	18601530
110502388	ENSELUG00000015478	cas1	23	18740296	18760542
110502390	ENSELUG00000015472	cas1	23	18777758	18787759
110502394	ENSELUG00000015382	cas1	23	18849389	18854222
110502395	ENSELUG00000015373	cas1	23	18854957	18860989
110502396	ENSELUG00000009802	cas1	2	93373307	93376905
110502397	ENSELUG00000015360	cas1	23	18907082	18910807
110502398	ENSELUG00000015308	cas1	23	18995593	19002210
110502399	ENSELUG00000015291	cas1	23	19008236	19040034
110502401	ENSELUG00000015010	cas1	23	19083374	19092148
110502402	ENSELUG00000014991	cas1	23	19111958	19145332
110502405	ENSELUG00000014588	cas1	23	19193917	19226992
110502406	ENSELUG00000014562	cas1	23	19244295	19260880
110502413	ENSELUG00000014303	cas1	23	19640206	19659354
110502414	ENSELUG00000014254	cas1	23	19678988	19725376
110502417	ENSELUG00000007703	cas1	2	95097379	95124547
110502421	ENSELUG00000013841	cas1	23	20069197	20136003
110502422	ENSELUG00000013812	cas1	23	20156403	20169212
110502423	ENSELUG00000013835	cas1	23	20147607	20156413
110502425	ENSELUG00000013749	cas1	23	20204478	20207839
110502431	ENSELUG00000013409	cas1	23	20518811	20662857
110502434	ENSELUG00000013124	cas1	23	20765181	20774451
110502435	ENSELUG00000013113	cas1	23	20780780	20795640
110502437	ENSELUG00000012941	cas1	23	20801503	20803802
110502441	ENSELUG00000012778	cas1	23	20872869	20893097
110502442	ENSELUG00000012714	cas1	23	20901200	20942924
110502443	ENSELUG00000012593	cas1	23	20946200	21144084
110502446	ENSELUG00000012235	cas1	23	21318545	21460906
110502447	ENSELUG00000012095	cas1	23	21512971	21516875
110502450	ENSELUG00000011985	cas1	23	21560000	21604318
110502453	ENSELUG00000011910	cas1	23	21857563	21908057
110502455	ENSELUG00000011850	cas1	23	22816257	22870825
110502457	ENSELUG00000011690	cas1	23	22999239	23006480
110502458	ENSELUG00000007550	cas1	2	95296621	95359874
110502459	ENSELUG00000011664	cas1	23	23028909	23065743
110502460	ENSELUG00000008659	cas1	23	23153198	23207365
110502462	ENSELUG00000008462	cas1	23	23344353	23358461
110502463	ENSELUG00000008495	cas1	23	23282091	23344137
110502466	ENSELUG00000007748	cas1	23	23847056	23849143
110502467	ENSELUG00000001205	cas1	23	23867639	24036992
110502469	ENSELUG00000007546	cas1	23	24077908	24111417
110502475	ENSELUG00000007095	cas1	23	24292899	24361215
110502476	ENSELUG00000007063	cas1	23	24430642	24506556
110502478	ENSELUG00000007003	cas1	23	24701721	24731235
110502480	ENSELUG00000000233	cas1	23	24739716	24752950
110502481	ENSELUG00000000227	cas1	23	24754565	24766770
110502488	ENSELUG00000006780	cas1	23	25379373	25408777
110502489	ENSELUG00000006707	cas3	23	25554882	25701103
110502490	ENSELUG00000006659	cas1	23	25714085	25721003
110502495	ENSELUG00000006442	cas1	23	25884956	25932474
110502496	ENSELUG00000006421	cas1	23	25939726	25947986
110502498	ENSELUG00000006379	cas1	23	25965470	26003516
110502503	ENSELUG00000006336	cas1	23	26403613	26406554
110502507	ENSELUG00000006224	cas1	23	26515116	26545433
110502510	ENSELUG00000006185	cas1	23	26565286	26603085
110502514	ENSELUG00000005990	cas1	23	27380259	27398338
110502516	ENSELUG00000005983	cas1	23	27400913	27414490
110502517	ENSELUG00000005971	cas1	23	27423892	27435842
110502520	ENSELUG00000005576	cas1	2	98819781	98832865
110502523	ENSELUG00000005812	cas1	23	27765818	27769060
110502529	ENSELUG00000005673	cas1	2	98642990	98689136
110502531	ENSELUG00000005554	cas1	23	28098447	28140673
110502533	ENSELUG00000005539	cas1	23	28181086	28197583
110502534	ENSELUG00000005517	cas1	23	28203944	28227097
110502538	ENSELUG00000005472	cas1	2	98974844	98996174
110502539	ENSELUG00000005428	cas1	23	28462455	28466290
110502542	ENSELUG00000005259	cas1	23	28597913	28603119
110502544	ENSELUG00000005218	cas1	23	28634046	28652668
110502552	ENSELUG00000005117	cas1	23	28901697	28917406
110502555	ENSELUG00000005148	cas1	2	99543789	99582886
110502559	ENSELUG00000004979	cas1	23	30154069	30504037
110502560	ENSELUG00000004917	cas1	23	30584896	30659333
110502561	ENSELUG00000004859	cas1	23	30683457	30707617
110502562	ENSELUG00000004795	cas1	23	30707821	30716157
110502563	ENSELUG00000004886	cas1	23	30666544	30682724
110502565	ENSELUG00000004682	cas1	23	30728388	30816688
110502566	ENSELUG00000021906	cas1	1	19583179	19597535
110502569	ENSELUG00000004436	cas1	23	30908818	31010533
110502573	ENSELUG00000004863	cas1	2	99726231	99754890
110502577	ENSELUG00000004250	cas1	23	31356447	31380224
110502579	ENSELUG00000004193	cas1	23	31460669	31482046
110502581	ENSELUG00000004839	cas1	2	99777695	99818794
110502584	ENSELUG00000004119	cas1	23	31620398	31624184
110502585	ENSELUG00000004099	cas1	23	31638651	31643143
110502586	ENSELUG00000004077	cas1	23	31653358	31718950
110502588	ENSELUG00000004818	cas1	2	99835618	99877214
110502589	ENSELUG00000004000	cas1	23	31762824	31817656
110502592	ENSELUG00000003911	cas1	23	31866319	31869743
110502597	ENSELUG00000003759	cas1	23	31969957	31976036
110502612	ENSELUG00000021347	cas3	2	100785531	100848341
110502620	ENSELUG00000023687	cas4	23	33441958	33550430
110502628	ENSELUG00000023250	cas1	23	33833067	33836044
110502633	ENSELUG00000023085	cas1	23	34548636	34573061
110502634	ENSELUG00000023002	cas1	23	34584929	34618960
110502636	ENSELUG00000022926	cas1	23	34619377	34648281
110502638	ENSELUG00000022913	cas1	23	34659199	34792621
110502645	ENSELUG00000022693	cas1	23	34928834	34936602
110502646	ENSELUG00000022633	cas1	23	34945777	34979796
110502648	ENSELUG00000022430	cas1	23	35052896	35059019
110502651	ENSELUG00000022377	cas1	23	35196193	35222086
110502652	ENSELUG00000022252	cas1	23	35326690	35342828
110502653	ENSELUG00000022213	cas1	23	35400833	35500950
110502657	ENSELUG00000022076	cas1	23	35617676	35629221
110502659	ENSELUG00000022008	cas1	23	35687052	35735692
110502660	ENSELUG00000021966	cas1	23	35757462	35814701
110502662	ENSELUG00000021837	cas1	23	36123204	36162552
110502669	ENSELUG00000004154	cas4	2	102038038	102167821
110502673	ENSELUG00000021545	cas1	23	36823884	36850022
110502684	ENSELUG00000020788	cas1	23	37650532	37659575
110502694	ENSELUG00000020247	cas1	23	38007699	38021812
110502696	ENSELUG00000020228	cas1	23	38038007	38067483
110502698	ENSELUG00000020142	cas1	23	38082120	38100592
110502702	ENSELUG00000019960	cas1	23	38291991	38297106
110502703	ENSELUG00000019935	cas1	23	38315685	38349178
110502705	ENSELUG00000019783	cas1	23	38416903	38429372
110502706	ENSELUG00000019800	cas1	23	38408883	38416607
110502710	ENSELUG00000019699	cas1	23	38477123	38533846
110502711	ENSELUG00000019645	cas1	23	38536134	38585926
110502712	ENSELUG00000019551	cas1	23	38548824	38562634
110502717	ENSELUG00000019061	cas1	23	39457772	39473633
110502718	ENSELUG00000019202	cas1	23	39395982	39447726
110502722	ENSELUG00000018856	cas1	23	39493501	39514121
110502727	ENSELUG00000018731	cas1	23	39542179	39553315
110502732	ENSELUG00000018583	cas1	23	39660915	39666026
110502734	ENSELUG00000018553	cas1	23	39669158	39714197
110502735	ENSELUG00000018505	cas1	23	39745766	39762536
110502736	ENSELUG00000018377	cas6	23	39777382	39811785
110502738	ENSELUG00000018424	cas4	23	39766791	39772600
110502739	ENSELUG00000018323	cas1	23	39773339	39777630
110502740	ENSELUG00000018314	cas1	23	39847791	39849358
110502749	ENSELUG00000017999	cas1	23	40135822	40143175
110502753	ENSELUG00000023348	cas1	23	40196411	40231649
110502754	ENSELUG00000023258	cas1	23	40245226	40251129
110502759	ENSELUG00000023081	cas1	23	40342564	40380201
110502760	ENSELUG00000023062	cas1	23	40388146	40462847
110502762	ENSELUG00000022999	cas1	23	40475549	40529717
110502767	ENSELUG00000022837	cas1	23	40688299	40702021
110502773	ENSELUG00000009863	cas1	23	41061719	41180367
110502775	ENSELUG00000009835	cas1	23	41197062	41236680
110502783	ENSELUG00000009989	cas1	23	42197175	42354506
110502784	ENSELUG00000010009	cas1	23	42358361	42452955
110502786	ENSELUG00000000366	cas1	23	42477414	42495665
110502791	ENSELUG00000010713	cas1	23	42620672	42651866
110502793	ENSELUG00000010797	cas1	23	42731828	42750071
110502795	ENSELUG00000010972	cas1	23	42854075	42910334
110502797	ENSELUG00000010997	cas1	23	43017551	43026440
110502802	ENSELUG00000011349	cas1	23	43313733	43356243
110502805	ENSELUG00000011471	cas1	23	43408822	43433739
110502814	ENSELUG00000011826	cas1	23	43920287	43930412
110502815	ENSELUG00000011862	cas1	23	43931864	43956340
110502816	ENSELUG00000011895	cas1	23	44008133	44010949
110502819	ENSELUG00000021858	cas1	1	19605164	19620194
110502821	ENSELUG00000012449	cas2	23	44656958	44687275
110502823	ENSELUG00000012556	cas1	23	44758535	44773318
110502826	ENSELUG00000012761	cas1	23	44806316	44810370
110502837	ENSELUG00000013037	cas1	23	46334181	46363462
110502855	ENSELUG00000020313	cas1	23	46875863	46882508
110502857	ENSELUG00000020301	cas1	23	46884703	46890126
110502858	ENSELUG00000020189	cas1	23	46911510	46934903
110502860	ENSELUG00000020028	cas1	23	46903756	46909075
110502867	ENSELUG00000019891	cas1	23	47018190	47037071
110502868	ENSELUG00000019815	cas1	23	47050495	47063423
110502870	ENSELUG00000019796	cas1	23	47067897	47079813
110502873	ENSELUG00000019633	cas1	23	47159772	47174198
110502880	ENSELUG00000000853	cas1	23	47232147	47254435
110502883	ENSELUG00000019323	cas1	23	47471182	47501401
110502884	ENSELUG00000019356	cas1	23	47450667	47458009
110502886	ENSELUG00000019345	cas1	23	47458529	47461389
110502888	ENSELUG00000019243	cas1	23	47501608	47506336
110502889	ENSELUG00000019189	cas1	23	47518622	47694219
110502890	ENSELUG00000019170	cas1	23	47801102	47889311
110502891	ENSELUG00000019151	cas5	23	47894335	47933015
110502893	ENSELUG00000019087	cas1	23	48007176	48021129
110502894	ENSELUG00000019063	cas1	23	48040588	48079485
110502895	ENSELUG00000019053	cas1	23	48084738	48089012
110502898	ENSELUG00000018904	cas1	23	48388000	48440260
110502904	ENSELUG00000018675	cas1	23	48562471	48594868
110502906	ENSELUG00000018476	cas1	23	48699649	48715007
110502908	ENSELUG00000001192	cas1	23	48696420	48700034
110502909	ENSELUG00000018541	cas1	23	48686539	48696327
110502913	ENSELUG00000018176	cas1	23	49217473	49243566
110502920	ENSELUG00000017775	cas1	23	49402598	49427287
110502925	ENSELUG00000017329	cas1	23	50025694	50043368
110502927	ENSELUG00000017601	cas1	23	49523981	49532309
110502931	ENSELUG00000017214	cas1	23	50052834	50067792
110502934	ENSELUG00000017511	cas4	23	49584476	49587935
110502937	ENSELUG00000021813	cas1	1	19630376	19633058
110502940	ENSELUG00000017341	cas1	23	50010376	50019791
110502946	ENSELUG00000016873	cas1	23	50359283	50410527
110502948	ENSELUG00000016708	cas1	23	50457957	50487761
110502950	ENSELUG00000016599	cas1	23	50594746	50610431
110502951	ENSELUG00000016559	cas1	23	50615029	50766231
110502952	ENSELUG00000016533	cas2	23	50766291	50770335
110502957	ENSELUG00000016102	cas1	23	52271405	52312301
110502960	ENSELUG00000015538	cas1	23	52991464	53012988
110502997	ENSELUG00000012653	cas1	23	55935205	55938585
110502998	ENSELUG00000012613	cas1	23	55981267	55984852
110503002	ENSELUG00000012471	cas1	23	56760079	56780244
110503004	ENSELUG00000000459	cas1	23	56829056	56843475
110503005	ENSELUG00000012290	cas1	23	56856580	56886643
110503011	ENSELUG00000010538	cas1	23	57389610	57433456
110503012	ENSELUG00000010645	cas1	23	57499694	57540368
110503015	ENSELUG00000011759	cas1	23	59847111	59866775
110503018	ENSELUG00000011209	cas1	23	59346583	59351909
110503021	ENSELUG00000017409	cas1	23	49909824	49962893
110503022	ENSELUG00000017151	cas1	23	50069354	50079624
110503024	ENSELUG00000017044	cas1	23	50165215	50176914
110503025	ENSELUG00000016975	cas1	23	50215068	50253496
110503032	ENSELUG00000015912	cas1	23	52775151	52816006
110503042	ENSELUG00000000431	cas1	23	59962215	59972534
110503044	ENSELUG00000011068	cas1	23	58028658	58767213
110503062	ENSELUG00000003894	cas1	23	31871734	31891533
110503083	ENSELUG00000015618	cas1	23	15717449	15743397
110503086	ENSELUG00000018300	cas1	23	18434552	18502963
110503111	ENSELUG00000021368	cas1	23	37079965	37125397
110503120	ENSELUG00000012407	cas4	23	44521978	44646297
110503127	ENSELUG00000019468	cas1	23	47312009	47374126
110503128	ENSELUG00000019376	cas1	23	47435955	47446801
110503134	ENSELUG00000018448	cas1	23	48720060	48724580
110503158	ENSELUG00000013093	cas1	24	30438825	30447727
110503159	ENSELUG00000013062	cas2	24	30454260	30473873
110503180	ENSELUG00000011548	cas5	24	33621269	33626890
110503182	ENSELUG00000011345	cas2	24	33636127	33639797
110503185	ENSELUG00000001616	cas1	24	33678566	33680683
110503190	ENSELUG00000011064	cas2	24	33694095	33699233
110503195	ENSELUG00000010325	cas1	24	39984918	40001660
110503198	ENSELUG00000021756	cas1	1	19636713	19641888
110503214	ENSELUG00000008590	cas2	24	42358000	42370595
110503218	ENSELUG00000018281	cas1	9	74789989	74792632
110503239	ENSELUG00000009220	cas1	24	35309975	35331683
110503248	ENSELUG00000009842	cas1	24	36114887	36120364
110503254	ENSELUG00000020775	cas6	24	37410129	37413673
110503256	ENSELUG00000021212	cas4	24	37664514	37679090
110503264	ENSELUG00000021006	cas2	24	36985873	37079320
110503265	ENSELUG00000020608	cas3	24	37193636	37239498
110503266	ENSELUG00000009412	cas2	24	36673822	36749629
110503270	ENSELUG00000009327	cas1	24	36914877	36928284
110503276	ENSELUG00000021913	cas5	24	39020800	39049676
110503283	ENSELUG00000021719	cas3	24	38765339	38770808
110503300	ENSELUG00000013751	cas2	24	3985861	4029119
110503310	ENSELUG00000010126	cas2	24	7765942	7872302
110503313	ENSELUG00000019369	cas2	24	9657971	9730313
110503314	ENSELUG00000019444	cas2	24	9771424	9846389
110503317	ENSELUG00000017436	cas2	24	10160894	10263430
110503320	ENSELUG00000019019	cas2	24	11373433	11413851
110503346	ENSELUG00000000200	cas2	24	14687807	14697439
110503347	ENSELUG00000006371	cas3	24	14721462	14729123
110503348	ENSELUG00000006617	cas2	24	14971576	15082400
110503365	ENSELUG00000019686	cas1	24	20764008	20772363
110503375	ENSELUG00000021982	cas1	24	23752934	23766218
110503390	ENSELUG00000013937	cas1	24	28927758	28943440
110503399	ENSELUG00000012003	cas3	24	32476480	32635735
110503403	ENSELUG00000010315	cas2	24	40027973	40121905
110503425	ENSELUG00000018554	cas2	24	35075936	35257138
110503426	ENSELUG00000009917	cas2	24	35869076	35878491
110503437	ENSELUG00000021668	cas6	24	38531428	38570785
110503477	ENSELUG00000010415	cas5	24	39817311	39983434
110503500	ENSELUG00000013830	cas1	24	3710482	3721301
110503508	ENSELUG00000014075	cas2	24	3295694	3300801
110503511	ENSELUG00000000515	cas1	24	3258354	3267935
110503512	ENSELUG00000016910	cas1	24	171531	231770
110503516	ENSELUG00000016120	cas1	24	331315	387127
110503518	ENSELUG00000016061	cas5	24	391041	406349
110503519	ENSELUG00000016002	cas1	24	432445	460397
110503523	ENSELUG00000015930	cas1	24	537014	714783
110503526	ENSELUG00000015825	cas1	24	1058023	1084697
110503529	ENSELUG00000015751	cas1	24	1122732	1177173
110503531	ENSELUG00000015663	cas1	24	1202103	1204019
110503534	ENSELUG00000015489	cas2	24	1645792	1650608
110503535	ENSELUG00000015471	cas2	24	1654830	1671380
110503548	ENSELUG00000014808	cas1	24	2643414	2657812
110503549	ENSELUG00000014764	cas1	24	2663722	2670964
110503551	ENSELUG00000014694	cas1	24	2699912	2721824
110503553	ENSELUG00000014644	cas1	24	2726693	2729565
110503555	ENSELUG00000014521	cas2	24	2821296	2835036
110503556	ENSELUG00000014585	cas1	24	2803171	2820422
110503557	ENSELUG00000014466	cas1	24	2951862	2958426
110503571	ENSELUG00000021670	cas1	1	19839020	19840715
110503572	ENSELUG00000013214	cas2	24	4797194	4820061
110503574	ENSELUG00000013180	cas1	24	4981737	5103547
110503576	ENSELUG00000013158	cas1	24	5455761	5458351
110503581	ENSELUG00000013051	cas2	24	5874485	6033122
110503586	ENSELUG00000013019	cas1	24	6148189	6157661
110503591	ENSELUG00000012480	cas2	24	6457810	6460870
110503596	ENSELUG00000018666	cas3	3	12368841	12430981
110503597	ENSELUG00000012426	cas2	24	6537798	6544812
110503598	ENSELUG00000012404	cas2	24	6584749	6589001
110503599	ENSELUG00000000460	cas2	24	6596697	6601829
110503600	ENSELUG00000012387	cas2	24	6601980	6604021
110503606	ENSELUG00000012172	cas2	24	6859036	6896546
110503614	ENSELUG00000011700	cas2	24	7013086	7022523
110503626	ENSELUG00000011297	cas3	24	7193970	7256664
110503638	ENSELUG00000010921	cas2	24	7515001	7530936
110503642	ENSELUG00000010891	cas2	24	7532123	7563373
110503646	ENSELUG00000021677	cas3	1	19841521	19844225
110503656	ENSELUG00000009992	cas1	24	7872362	7875185
110503675	ENSELUG00000020891	cas2	3	13909746	13927861
110503676	ENSELUG00000009044	cas1	24	9482600	9495647
110503679	ENSELUG00000008810	cas1	24	9567633	9570777
110503680	ENSELUG00000008790	cas1	24	9570867	9579939
110503684	ENSELUG00000019332	cas2	24	9606325	9608246
110503686	ENSELUG00000019332	cas2	24	9652570	9654648
110503687	ENSELUG00000019422	cas2	24	9737092	9758681
110503692	ENSELUG00000019620	cas4	24	9898111	9904455
110503701	ENSELUG00000019735	cas1	24	10028287	10061910
110503708	ENSELUG00000017629	cas2	24	10352600	10363236
110503712	ENSELUG00000017753	cas2	24	10410751	10427770
110503713	ENSELUG00000001124	cas2	24	10431279	10437484
110503714	ENSELUG00000017809	cas2	24	10439268	10466799
110503715	ENSELUG00000017869	cas2	24	10477955	10495064
110503717	ENSELUG00000017913	cas2	24	10523008	10545646
110503722	ENSELUG00000018107	cas3	24	10636698	10701524
110503728	ENSELUG00000018521	cas2	24	10765892	10809404
110503733	ENSELUG00000018678	cas2	24	10905329	10912872
110503737	ENSELUG00000018825	cas2	24	11034019	11045548
110503738	ENSELUG00000018810	cas2	24	10986410	11027881
110503748	ENSELUG00000019172	cas2	24	11453367	11478299
110503749	ENSELUG00000019187	cas2	24	11480177	11482937
110503750	ENSELUG00000019217	cas2	24	11483426	11488826
110503767	ENSELUG00000023381	cas1	24	12422455	12423605
110503769	ENSELUG00000023478	cas1	24	12570052	12596692
110503775	ENSELUG00000023520	cas1	24	12716285	12724009
110503777	ENSELUG00000023542	cas1	24	12770857	12775243
110503779	ENSELUG00000023064	cas2	3	15939449	15973343
110503790	ENSELUG00000023950	cas5	24	13475481	13546234
110503801	ENSELUG00000024326	cas4	24	13985963	13994029
110503804	ENSELUG00000024452	cas6	24	14015443	14019214
110503805	ENSELUG00000022570	cas2	3	15711043	15788655
110503815	ENSELUG00000000180	cas4	24	14547717	14549440
110503821	ENSELUG00000006120	cas2	3	19416054	19652566
110503836	ENSELUG00000021624	cas4	1	19865882	19890280
110503847	ENSELUG00000007146	cas1	24	16073800	16092682
110503860	ENSELUG00000007492	cas2	24	16413685	16422281
110503873	ENSELUG00000007931	cas1	24	16763694	16798239
110503875	ENSELUG00000007982	cas2	24	16833518	16913657
110503877	ENSELUG00000007767	cas3	3	21240035	21263153
110503878	ENSELUG00000008181	cas1	3	21320192	21331512
110503881	ENSELUG00000008140	cas1	24	17217976	17233704
110503886	ENSELUG00000008223	cas1	24	17246615	17269750
110503889	ENSELUG00000008367	cas5	24	17321275	17322471
110503892	ENSELUG00000008516	cas1	24	17533121	17549493
110503893	ENSELUG00000008570	cas1	24	17602007	17610946
110503894	ENSELUG00000008549	cas1	24	17588974	17601813
110503900	ENSELUG00000008665	cas1	24	17681063	17702643
110503902	ENSELUG00000022684	cas1	24	17826192	17831204
110503904	ENSELUG00000022448	cas1	24	17894687	17910919
110503907	ENSELUG00000022194	cas1	24	18037588	18042701
110503912	ENSELUG00000022083	cas1	24	18113266	18165308
110503921	ENSELUG00000021708	cas2	24	18363095	18383190
110503925	ENSELUG00000021627	cas2	24	18450674	18455598
110503933	ENSELUG00000021364	cas1	24	18561930	18566131
110503944	ENSELUG00000021055	cas1	24	18971681	19185772
110503948	ENSELUG00000020984	cas1	24	19525896	19542981
110503949	ENSELUG00000020972	cas1	24	19545247	19576519
110503961	ENSELUG00000020478	cas1	24	20102464	20259284
110503965	ENSELUG00000020271	cas1	24	20431810	20447877
110503970	ENSELUG00000020157	cas1	24	20483265	20552148
110503972	ENSELUG00000020135	cas1	24	20666881	20676630
110503983	ENSELUG00000000582	cas2	3	26475098	26524060
110503989	ENSELUG00000019321	cas1	24	21067646	21081164
110503993	ENSELUG00000019191	cas1	24	21139516	21151675
110504008	ENSELUG00000018454	cas3	24	21543309	21557646
110504009	ENSELUG00000018329	cas1	24	21626681	21642328
110504014	ENSELUG00000018229	cas2	24	21710546	21712020
110504031	ENSELUG00000017868	cas1	24	22291019	22293860
110504037	ENSELUG00000017673	cas1	24	23152236	23187266
110504039	ENSELUG00000017643	cas1	24	23314403	23330065
110504040	ENSELUG00000017633	cas1	24	23330119	23341771
110504042	ENSELUG00000017612	cas1	24	23352112	23358660
110504051	ENSELUG00000017022	cas1	24	24501595	24514156
110504052	ENSELUG00000016987	cas2	24	24519546	24635677
110504053	ENSELUG00000016953	cas3	24	24653974	24670701
110504057	ENSELUG00000016597	cas1	24	24925126	24983766
110504059	ENSELUG00000016516	cas1	24	25034418	25079482
110504060	ENSELUG00000016483	cas2	24	25081702	25102142
110504062	ENSELUG00000016304	cas1	24	25185179	25189740
110504064	ENSELUG00000016319	cas1	24	25165782	25171980
110504071	ENSELUG00000016086	cas1	24	25760075	25839142
110504076	ENSELUG00000016021	cas1	24	25947655	25966234
110504077	ENSELUG00000015976	cas1	24	25969231	25973289
110504079	ENSELUG00000015803	cas1	24	26108751	26114582
110504080	ENSELUG00000015783	cas1	24	26115257	26126381
110504110	ENSELUG00000014767	cas1	24	27249335	27262824
110504111	ENSELUG00000014716	cas1	24	27263515	27281530
110504116	ENSELUG00000012563	cas1	3	44075822	44208105
110504118	ENSELUG00000014542	cas2	24	27862743	27892538
110504129	ENSELUG00000013891	cas1	24	29026037	29039608
110504130	ENSELUG00000013916	cas1	24	28948565	28955768
110504131	ENSELUG00000013959	cas1	24	28892998	28913906
110504149	ENSELUG00000014681	cas1	3	45852182	45884194
110504153	ENSELUG00000000730	cas4	3	47020995	47027946
110504157	ENSELUG00000023713	cas1	31	33233099	33238111
110504161	ENSELUG00000021877	cas1	31	35780832	35800576
110504165	ENSELUG00000024615	cas1	31	39955375	39958648
110504186	ENSELUG00000012971	cas1	25	10081654	10221904
110504187	ENSELUG00000012502	cas1	25	10551895	10578291
110504192	ENSELUG00000002182	cas1	25	12665023	12701323
110504195	ENSELUG00000002669	cas1	25	14531456	14536239
110504197	ENSELUG00000002857	cas1	25	15242601	15256297
110504214	ENSELUG00000007374	cas1	25	25044862	25111937
110504215	ENSELUG00000007294	cas1	25	25118159	25185867
110504216	ENSELUG00000006866	cas2	25	25999701	26089364
110504217	ENSELUG00000006476	cas1	25	26582859	26623165
110504222	ENSELUG00000003304	cas1	3	50960859	51059220
110504230	ENSELUG00000023582	cas1	25	34292468	34442343
110504236	ENSELUG00000021270	cas1	25	36031757	36093649
110504244	ENSELUG00000018257	cas1	25	37642855	37666215
110504245	ENSELUG00000018065	cas1	25	37797952	37900284
110504246	ENSELUG00000017986	cas1	25	37907969	37915886
110504251	ENSELUG00000016680	cas1	25	39464867	39499726
110504262	ENSELUG00000019487	cas3	25	40917719	40944573
110504264	ENSELUG00000019264	cas1	25	40829046	40860054
110504274	ENSELUG00000020074	cas2	25	41781271	41937779
110504277	ENSELUG00000020638	cas1	25	42284746	42418042
110504281	ENSELUG00000001995	cas1	25	45139642	45188855
110504282	ENSELUG00000001985	cas1	25	45223266	45227060
110504292	ENSELUG00000016538	cas2	18	70499475	70549993
110504297	ENSELUG00000016670	cas1	31	25304278	25308642
110504304	ENSELUG00000021223	cas2	1	20096398	20117301
110504318	ENSELUG00000002243	cas1	25	12962035	12963615
110504320	ENSELUG00000003348	cas1	25	16204181	16213226
110504330	ENSELUG00000012016	cas2	25	22892083	22893341
110504334	ENSELUG00000006368	cas1	25	26933403	26935735
110504351	ENSELUG00000019241	cas3	31	539183	615843
110504355	ENSELUG00000019765	cas2	31	4103741	4119373
110504356	ENSELUG00000021592	cas2	31	7858125	7871099
110504363	ENSELUG00000023213	cas2	31	9428983	9519457
110504365	ENSELUG00000012207	cas1	3	59870559	60052294
110504371	ENSELUG00000024375	cas2	31	10164582	10393419
110504376	ENSELUG00000010347	cas1	3	61590058	61647253
110504386	ENSELUG00000005905	cas4	31	16009354	16019227
110504389	ENSELUG00000008756	cas1	31	16856756	16910805
110504391	ENSELUG00000008342	cas1	31	16707115	16726476
110504394	ENSELUG00000011553	cas3	31	18236968	18307769
110504402	ENSELUG00000014038	cas1	31	21727131	21742081
110504407	ENSELUG00000015366	cas1	31	23804000	23826846
110504411	ENSELUG00000016891	cas1	31	25588351	25607112
110504418	ENSELUG00000017696	cas1	31	26213009	26276405
110504437	ENSELUG00000004598	cas1	31	28011845	28024269
110504441	ENSELUG00000003658	cas1	31	28890183	28919876
110504453	ENSELUG00000006395	cas1	3	65392849	65432153
110504458	ENSELUG00000005276	cas2	31	2091313	2108629
110504462	ENSELUG00000016652	cas2	18	70458975	70490901
110504466	ENSELUG00000004881	cas2	31	1532002	1539675
110504468	ENSELUG00000019967	cas4	31	4476926	4707303
110504469	ENSELUG00000019915	cas2	31	4589433	4594305
110504472	ENSELUG00000019723	cas2	31	4098767	4100716
110504479	ENSELUG00000021169	cas5	31	7663346	7683803
110504482	ENSELUG00000021328	cas2	31	7737498	7786459
110504484	ENSELUG00000021640	cas2	31	7871894	7892178
110504485	ENSELUG00000021716	cas2	31	7896711	7926759
110504488	ENSELUG00000019361	cas3	31	310354	327268
110504489	ENSELUG00000019985	cas2	31	5409145	5427810
110504492	ENSELUG00000003380	cas2	31	5731065	5742827
110504513	ENSELUG00000022031	cas2	31	8124657	8151793
110504514	ENSELUG00000005340	cas2	3	66732237	66747293
110504514	ENSELUG00000005327	cas3	3	66732237	66747293
110504515	ENSELUG00000022058	cas2	31	8153908	8157546
110504516	ENSELUG00000022073	cas5	31	8173221	8224552
110504522	ENSELUG00000004848	cas1	3	67599901	67603232
110504523	ENSELUG00000022441	cas2	31	9080162	9085964
110504531	ENSELUG00000004676	cas1	3	68058115	68114677
110504535	ENSELUG00000022305	cas2	31	8780500	8859214
110504536	ENSELUG00000023896	cas2	31	9642947	9714609
110504539	ENSELUG00000004477	cas1	3	68324426	68365482
110504542	ENSELUG00000023338	cas2	31	9560101	9586391
110504546	ENSELUG00000024021	cas2	31	9895102	9928873
110504553	ENSELUG00000022153	cas2	31	8501505	8601425
110504555	ENSELUG00000022270	cas2	31	8678751	8681239
110504560	ENSELUG00000004711	cas2	31	11550643	11559725
110504568	ENSELUG00000004417	cas2	31	11166067	11175395
110504569	ENSELUG00000018437	cas1	3	69712348	69731657
110504570	ENSELUG00000004441	cas2	31	11175508	11181715
110504573	ENSELUG00000024584	cas2	31	11067564	11085042
110504583	ENSELUG00000024503	cas2	31	10568879	11002218
110504586	ENSELUG00000004962	cas2	31	12332018	12486094
110504599	ENSELUG00000005318	cas1	31	12877258	12879461
110504612	ENSELUG00000007046	cas2	31	13444502	13447260
110504615	ENSELUG00000006819	cas1	31	13882367	13885098
110504642	ENSELUG00000007359	cas1	31	16189361	16193368
110504643	ENSELUG00000019505	cas1	3	71280049	71706686
110504647	ENSELUG00000000173	cas1	31	16144385	16147451
110504652	ENSELUG00000000857	cas1	3	71754279	71764744
110504654	ENSELUG00000008087	cas1	31	16586607	16596274
110504656	ENSELUG00000008869	cas1	31	16920549	16990970
110504659	ENSELUG00000007658	cas1	31	16481709	16498964
110504661	ENSELUG00000007921	cas1	31	16541485	16548329
110504663	ENSELUG00000009118	cas3	31	17063193	17132427
110504665	ENSELUG00000008607	cas1	31	16805931	16819520
110504669	ENSELUG00000007943	cas1	31	16548480	16552176
110504671	ENSELUG00000008830	cas1	31	16912772	16918172
110504673	ENSELUG00000008894	cas1	31	17015031	17025285
110504674	ENSELUG00000008106	cas1	31	16601492	16604639
110504676	ENSELUG00000008068	cas1	31	16598540	16600886
110504681	ENSELUG00000016569	cas3	1	237111	243619
110504684	ENSELUG00000008939	cas1	31	17055003	17061580
110504688	ENSELUG00000009180	cas1	31	17138490	17145498
110504690	ENSELUG00000009245	cas1	31	17156328	17176740
110504691	ENSELUG00000001407	cas1	31	17152777	17155039
110504693	ENSELUG00000009343	cas1	31	17266141	17272609
110504694	ENSELUG00000009392	cas1	31	17273292	17335505
110504696	ENSELUG00000009467	cas1	31	17719049	17735580
110504698	ENSELUG00000009501	cas1	31	17748643	17755837
110504700	ENSELUG00000020333	cas1	3	72699890	72771529
110504703	ENSELUG00000009676	cas6	31	17808296	17841207
110504708	ENSELUG00000009853	cas4	31	18011318	18037582
110504711	ENSELUG00000010001	cas1	31	18115165	18149361
110504715	ENSELUG00000010128	cas3	31	18220842	18224132
110504716	ENSELUG00000011751	cas5	31	18325631	18358581
110504728	ENSELUG00000012389	cas4	31	18754876	18857438
110504732	ENSELUG00000012575	cas6	31	18890000	18894740
110504735	ENSELUG00000023670	cas1	3	74031194	74104010
110504738	ENSELUG00000012825	cas1	31	18953321	18961807
110504742	ENSELUG00000023252	cas1	3	74165518	74438687
110504743	ENSELUG00000012854	cas1	31	18984434	18988046
110504745	ENSELUG00000012912	cas1	31	19138043	19145172
110504746	ENSELUG00000013004	cas1	31	19182662	19200820
110504747	ENSELUG00000012979	cas1	31	19175878	19184320
110504748	ENSELUG00000013048	cas1	31	19245810	19253829
110504752	ENSELUG00000013137	cas1	31	19374557	19378037
110504756	ENSELUG00000013219	cas1	31	19414396	19423107
110504757	ENSELUG00000000480	cas1	31	19943226	19948071
110504759	ENSELUG00000013325	cas1	31	20561652	20570457
110504760	ENSELUG00000022429	cas1	3	74683002	74778935
110504762	ENSELUG00000002103	cas2	7	8008932	8017366
110504765	ENSELUG00000013618	cas1	31	21010125	21015991
110504768	ENSELUG00000013931	cas1	31	21702067	21713619
110504769	ENSELUG00000013991	cas1	31	21713484	21723126
110504775	ENSELUG00000014326	cas1	31	21907924	21933970
110504776	ENSELUG00000018127	cas1	3	75152688	75163981
110504777	ENSELUG00000014369	cas1	31	21954414	21959164
110504781	ENSELUG00000014398	cas1	31	21968774	21971882
110504782	ENSELUG00000014407	cas1	31	21973044	21974847
110504784	ENSELUG00000014442	cas1	31	21984645	21998579
110504785	ENSELUG00000014560	cas1	31	22013480	22074417
110504786	ENSELUG00000014761	cas2	31	22156751	22602661
110504788	ENSELUG00000014865	cas1	31	22675981	22694009
110504789	ENSELUG00000015021	cas1	31	22922268	22944025
110504790	ENSELUG00000015049	cas1	31	22953593	22966396
110504791	ENSELUG00000015146	cas1	31	23048270	23138905
110504794	ENSELUG00000015225	cas1	31	23200874	23225284
110504795	ENSELUG00000015243	cas1	31	23403071	23407881
110504799	ENSELUG00000015276	cas1	31	23719242	23746499
110504801	ENSELUG00000000562	cas1	31	23776110	23797269
110504802	ENSELUG00000015392	cas1	31	23827356	23836857
110504806	ENSELUG00000000572	cas1	31	23855594	23859495
110504807	ENSELUG00000015464	cas5	31	23852494	23855249
110504810	ENSELUG00000015659	cas1	31	24108935	24127138
110504813	ENSELUG00000015800	cas1	31	24264136	24302453
110504818	ENSELUG00000016018	cas5	31	24816266	24822344
110504823	ENSELUG00000016231	cas1	31	25065488	25080226
110504826	ENSELUG00000016305	cas1	31	25091632	25181408
110504827	ENSELUG00000016424	cas1	31	25202079	25215380
110504828	ENSELUG00000016580	cas1	31	25215624	25244116
110504829	ENSELUG00000016404	cas1	31	25199203	25201978
110504831	ENSELUG00000016639	cas1	31	25244860	25283206
110504839	ENSELUG00000016751	cas1	31	25551577	25576248
110504840	ENSELUG00000016777	cas1	31	25582107	25586829
110504851	ENSELUG00000017051	cas1	31	25711019	25726707
110504853	ENSELUG00000017208	cas1	31	25930228	25939411
110504854	ENSELUG00000017195	cas1	31	25880623	25930604
110504855	ENSELUG00000017240	cas1	31	25961889	25964616
110504879	ENSELUG00000014624	cas1	3	80007885	80248467
110504897	ENSELUG00000018591	cas1	31	27175517	27191013
110504898	ENSELUG00000018447	cas1	31	27125620	27174120
110504899	ENSELUG00000018668	cas1	31	27191497	27200015
110504900	ENSELUG00000018715	cas1	31	27208454	27655647
110504902	ENSELUG00000018755	cas1	31	27699689	27711246
110504909	ENSELUG00000019017	cas1	31	27902697	27908430
110504913	ENSELUG00000019071	cas1	31	27961895	27984966
110504914	ENSELUG00000004646	cas1	31	27987952	28010322
110504918	ENSELUG00000004493	cas1	31	28066159	28090452
110504919	ENSELUG00000004554	cas1	31	28057412	28065727
110504921	ENSELUG00000004386	cas1	31	28098983	28127992
110504925	ENSELUG00000004167	cas1	31	28187757	28198633
110504930	ENSELUG00000004103	cas1	31	28328943	28358459
110504931	ENSELUG00000004079	cas1	31	28358692	28370507
110504932	ENSELUG00000004029	cas1	31	28370506	28381157
110504934	ENSELUG00000003989	cas1	31	28407018	28409839
110504935	ENSELUG00000003973	cas1	31	28410311	28425659
110504938	ENSELUG00000003756	cas1	31	28748309	28803449
110504939	ENSELUG00000003783	cas1	31	28728016	28748262
110504942	ENSELUG00000003688	cas1	31	28835262	28838678
110504943	ENSELUG00000003570	cas1	31	28928741	28947689
110504944	ENSELUG00000003600	cas1	31	28920299	28926005
110504945	ENSELUG00000003527	cas1	31	28950819	28954605
110504946	ENSELUG00000001516	cas1	31	29063764	29068534
110504947	ENSELUG00000003512	cas1	31	29049103	29054070
110504950	ENSELUG00000001589	cas1	31	29501548	29532327
110504954	ENSELUG00000003148	cas1	31	29714139	29715857
110504957	ENSELUG00000003107	cas1	31	29762841	29794188
110504959	ENSELUG00000003013	cas1	31	29838862	29847848
110504960	ENSELUG00000016115	cas2	26	1811256	1840909
110504962	ENSELUG00000003001	cas1	31	29848942	29853435
110504963	ENSELUG00000002983	cas1	31	29872871	29887511
110504968	ENSELUG00000002864	cas1	31	30224956	30230188
110504969	ENSELUG00000000087	cas1	31	30233067	30256177
110504971	ENSELUG00000000076	cas1	31	30283699	30286467
110504974	ENSELUG00000002798	cas1	31	30341127	30347505
110504976	ENSELUG00000002807	cas1	31	30321823	30383240
110504978	ENSELUG00000002776	cas1	31	30444529	30458967
110504979	ENSELUG00000002763	cas1	31	30460899	30474809
110504980	ENSELUG00000002754	cas1	31	30480533	30485003
110504981	ENSELUG00000002756	cas1	31	30476682	30479893
110504982	ENSELUG00000002747	cas1	31	30488564	30496448
110504985	ENSELUG00000002734	cas1	31	30502069	30516383
110504986	ENSELUG00000002724	cas1	31	30517331	30524440
110504989	ENSELUG00000002706	cas1	31	30579004	30592073
110504990	ENSELUG00000002676	cas1	31	30600029	30611248
110504991	ENSELUG00000002672	cas1	31	30612746	30623553
110504993	ENSELUG00000002689	cas1	31	30592218	30598862
110504998	ENSELUG00000002631	cas1	31	31118101	31122831
110505002	ENSELUG00000002613	cas1	31	31146263	31148092
110505004	ENSELUG00000002591	cas1	31	31172148	31175109
110505005	ENSELUG00000002566	cas1	31	31193702	31206251
110505008	ENSELUG00000002575	cas1	31	31183225	31186186
110505009	ENSELUG00000002562	cas5	31	31206566	31208147
110505010	ENSELUG00000002560	cas1	31	31217229	31234640
110505011	ENSELUG00000002546	cas1	31	31238912	31246185
110505012	ENSELUG00000002538	cas1	31	31249429	31251347
110505018	ENSELUG00000002428	cas2	31	32618619	32629538
110505023	ENSELUG00000002413	cas1	31	32687277	32711042
110505026	ENSELUG00000002371	cas1	31	32855833	32867907
110505027	ENSELUG00000002391	cas1	31	32851302	32855758
110505028	ENSELUG00000002318	cas1	31	32889438	32912507
110505029	ENSELUG00000002302	cas3	31	32917573	32921779
110505032	ENSELUG00000002278	cas2	31	32930841	32941664
110505034	ENSELUG00000024531	cas1	31	32952805	32964288
110505035	ENSELUG00000024456	cas1	31	32971709	32983276
110505036	ENSELUG00000024100	cas1	31	33089488	33099866
110505037	ENSELUG00000001353	cas1	31	33035658	33079748
110505039	ENSELUG00000024183	cas1	31	33085915	33089436
110505043	ENSELUG00000024007	cas1	31	33143080	33153275
110505044	ENSELUG00000023978	cas1	31	33156941	33167435
110505045	ENSELUG00000023967	cas1	31	33180497	33182128
110505049	ENSELUG00000023944	cas1	31	33187186	33216904
110505057	ENSELUG00000023372	cas1	31	33613850	33629271
110505059	ENSELUG00000023289	cas1	31	33635469	33643584
110505060	ENSELUG00000023295	cas1	31	33629607	33636213
110505061	ENSELUG00000023279	cas1	31	33653028	33673207
110505065	ENSELUG00000023015	cas1	31	33766376	33791582
110505068	ENSELUG00000022643	cas1	31	33803844	33816208
110505070	ENSELUG00000022582	cas1	31	33907013	33952613
110505071	ENSELUG00000022566	cas1	31	34008192	34106811
110505072	ENSELUG00000022519	cas1	31	34131207	34138567
110505073	ENSELUG00000022539	cas1	31	34111490	34130520
110505074	ENSELUG00000022486	cas1	31	34138600	34146903
110505076	ENSELUG00000022450	cas1	31	34173432	34176852
110505077	ENSELUG00000004686	cas2	3	4135306	4354126
110505078	ENSELUG00000022440	cas1	31	34183376	34189406
110505079	ENSELUG00000022415	cas1	31	34191785	34201742
110505080	ENSELUG00000022385	cas1	31	34202011	34204573
110505081	ENSELUG00000022354	cas1	31	34394445	34492722
110505082	ENSELUG00000022324	cas1	31	34531345	34569203
110505084	ENSELUG00000022279	cas1	31	34787163	34791756
110505086	ENSELUG00000022259	cas1	31	34923553	34939399
110505087	ENSELUG00000022219	cas1	31	34960586	34964956
110505090	ENSELUG00000022140	cas1	31	35108515	35126371
110505092	ENSELUG00000022123	cas1	31	35128286	35148561
110505093	ENSELUG00000022094	cas1	31	35165773	35176527
110505094	ENSELUG00000022082	cas1	31	35278946	35284186
110505095	ENSELUG00000022042	cas2	31	35290598	35293168
110505097	ENSELUG00000022032	cas1	31	35444560	35447184
110505098	ENSELUG00000022014	cas1	31	35593500	35600758
110505102	ENSELUG00000021776	cas1	31	35825946	35862217
110505103	ENSELUG00000009754	cas6	1	1015742	1040056
110505104	ENSELUG00000021763	cas1	31	35865364	35887639
110505105	ENSELUG00000021707	cas1	31	35888790	36110312
110505107	ENSELUG00000021590	cas1	31	36116540	36120337
110505113	ENSELUG00000021135	cas1	31	36529308	36935859
110505115	ENSELUG00000021108	cas1	31	37375536	37378710
110505116	ENSELUG00000021064	cas1	31	37674471	37689981
110505120	ENSELUG00000020925	cas1	31	37756601	37794098
110505123	ENSELUG00000020725	cas1	31	37901120	38082815
110505124	ENSELUG00000000908	cas1	31	38094562	38099366
110505128	ENSELUG00000020558	cas1	31	38162170	38249531
110505134	ENSELUG00000020314	cas1	31	38940637	38950778
110505135	ENSELUG00000020265	cas1	31	38963354	38967510
110505137	ENSELUG00000003294	cas1	31	39292185	39455774
110505140	ENSELUG00000003249	cas1	31	39487069	39509026
110505144	ENSELUG00000003139	cas1	31	39680141	39803189
110505146	ENSELUG00000003052	cas1	31	39804761	39806616
110505147	ENSELUG00000000091	cas1	31	39807054	39808293
110505148	ENSELUG00000002896	cas1	31	39865326	39870453
110505150	ENSELUG00000002853	cas1	31	39898790	39906839
110505153	ENSELUG00000024201	cas1	31	40158007	40234887
110505155	ENSELUG00000019388	cas1	31	40557116	40571228
110505157	ENSELUG00000019437	cas1	31	40574644	40578966
110505159	ENSELUG00000019574	cas1	31	40605237	40680370
110505160	ENSELUG00000019636	cas1	31	40740490	40789601
110505162	ENSELUG00000019663	cas1	31	40796317	40813587
110505166	ENSELUG00000019958	cas1	31	41027068	41067706
110505170	ENSELUG00000020042	cas1	31	41082640	41087797
110505171	ENSELUG00000000884	cas1	31	41096589	41099550
110505177	ENSELUG00000020281	cas1	31	41167574	41192351
110505179	ENSELUG00000020360	cas1	31	41208284	41215743
110505181	ENSELUG00000020389	cas1	31	41227590	41232363
110505182	ENSELUG00000020461	cas1	31	41242551	41244159
110505183	ENSELUG00000020499	cas1	31	41245345	41274161
110505185	ENSELUG00000020577	cas1	31	41279670	41284806
110505186	ENSELUG00000020560	cas1	31	41285430	41289716
110505189	ENSELUG00000020712	cas1	31	41396524	41515893
110505190	ENSELUG00000020739	cas1	31	41890490	41967303
110505193	ENSELUG00000016046	cas1	31	43165927	43276961
110505199	ENSELUG00000015888	cas1	25	78629	128513
110505200	ENSELUG00000016446	cas2	3	27203660	27205290
110505203	ENSELUG00000016070	cas1	25	212535	220600
110505204	ENSELUG00000016163	cas1	25	255566	272281
110505209	ENSELUG00000016453	cas1	25	681434	704871
110505212	ENSELUG00000016702	cas1	25	791605	887978
110505214	ENSELUG00000016754	cas1	25	936005	942485
110505216	ENSELUG00000016835	cas1	25	963874	969082
110505219	ENSELUG00000017061	cas1	25	1258134	1266505
110505222	ENSELUG00000016525	cas1	25	1751212	1761182
110505223	ENSELUG00000015947	cas1	25	1920133	1944546
110505226	ENSELUG00000015792	cas1	25	2165654	2280006
110505232	ENSELUG00000015280	cas4	25	2512028	2705344
110505238	ENSELUG00000013601	cas2	3	45028832	45035346
110505240	ENSELUG00000008727	cas1	25	3763399	3777077
110505243	ENSELUG00000008827	cas1	25	3797815	3893089
110505246	ENSELUG00000019806	cas1	25	4672808	4714274
110505251	ENSELUG00000023573	cas6	25	5416814	5470785
110505253	ENSELUG00000019751	cas1	25	5493396	5512067
110505255	ENSELUG00000015848	cas1	25	5615069	5692340
110505259	ENSELUG00000015789	cas1	25	5755558	5766130
110505260	ENSELUG00000015712	cas1	25	5812504	5824543
110505264	ENSELUG00000015552	cas1	25	5890290	5941073
110505266	ENSELUG00000015416	cas6	25	6058677	6060719
110505267	ENSELUG00000015286	cas1	25	6224156	6338282
110505269	ENSELUG00000015108	cas1	25	6358856	6414317
110505270	ENSELUG00000015037	cas1	25	6427175	6451410
110505274	ENSELUG00000014978	cas1	25	6533142	6534986
110505279	ENSELUG00000014941	cas1	25	6740441	6746166
110505280	ENSELUG00000014842	cas1	25	6947696	7033549
110505281	ENSELUG00000014815	cas5	25	7042662	7299905
110505283	ENSELUG00000014762	cas1	25	7523775	7605647
110505285	ENSELUG00000014749	cas1	25	7607720	7634896
110505286	ENSELUG00000014689	cas1	25	7685604	7688357
110505289	ENSELUG00000014577	cas1	25	7858249	7861156
110505290	ENSELUG00000014544	cas1	25	7875020	7878087
110505291	ENSELUG00000014525	cas1	25	7879827	7894951
110505292	ENSELUG00000000531	cas1	25	7929313	7947548
110505300	ENSELUG00000014055	cas1	25	8200364	8213907
110505304	ENSELUG00000013900	cas1	25	8285759	8310875
110505306	ENSELUG00000013519	cas1	25	8332426	8341516
110505310	ENSELUG00000013359	cas1	25	8475934	8574859
110505311	ENSELUG00000013418	cas1	25	8443499	8475632
110505313	ENSELUG00000013277	cas1	25	8584777	8591674
110505314	ENSELUG00000006353	cas1	3	55973695	55974792
110505316	ENSELUG00000013220	cas1	25	9121012	9123841
110505322	ENSELUG00000012736	cas1	25	10341523	10354208
110505334	ENSELUG00000019343	cas5	25	11021725	11214958
110505354	ENSELUG00000002075	cas1	25	11554492	11605144
110505358	ENSELUG00000002224	cas1	25	12825231	12898329
110505359	ENSELUG00000002206	cas1	25	12756249	12768426
110505361	ENSELUG00000002195	cas3	25	12745134	12755099
110505362	ENSELUG00000002187	cas1	25	12702062	12718303
110505365	ENSELUG00000002239	cas1	25	12897931	12918516
110505366	ENSELUG00000002177	cas1	25	12650925	12662628
110505367	ENSELUG00000002246	cas1	25	12966314	13016698
110505368	ENSELUG00000002252	cas1	25	13026626	13043048
110505369	ENSELUG00000007669	cas1	3	57409981	57414314
110505377	ENSELUG00000002349	cas1	25	13246829	13298455
110505382	ENSELUG00000002379	cas1	25	13350758	13440730
110505383	ENSELUG00000002411	cas1	25	13441639	13580515
110505385	ENSELUG00000002442	cas1	25	13681953	13764805
110505386	ENSELUG00000002472	cas6	25	13781747	13785778
110505387	ENSELUG00000007635	cas1	3	63881857	63886501
110505401	ENSELUG00000002683	cas1	25	14536977	14541477
110505405	ENSELUG00000000075	cas1	25	15171629	15227679
110505408	ENSELUG00000002744	cas1	25	14980588	14992420
110505409	ENSELUG00000002752	cas1	25	14947569	14994598
110505413	ENSELUG00000002913	cas1	25	15341610	15344356
110505415	ENSELUG00000002926	cas1	25	15530422	15535374
110505424	ENSELUG00000003083	cas1	25	16059437	16064685
110505426	ENSELUG00000003125	cas1	25	16088006	16091581
110505429	ENSELUG00000003195	cas1	25	16120039	16130534
110505430	ENSELUG00000003247	cas1	25	16142776	16154237
110505432	ENSELUG00000003308	cas1	25	16187731	16191595
110505433	ENSELUG00000003385	cas1	25	16221724	16238326
110505434	ENSELUG00000003406	cas1	25	16244284	16278878
110505435	ENSELUG00000003433	cas1	25	16321809	16392125
110505437	ENSELUG00000003465	cas1	25	16555521	16566788
110505438	ENSELUG00000003544	cas1	25	16592568	16623685
110505441	ENSELUG00000003508	cas1	25	16584283	16589274
110505442	ENSELUG00000003561	cas1	25	16628366	16683040
110505445	ENSELUG00000003592	cas1	25	16727548	16749731
110505448	ENSELUG00000003629	cas1	25	17025258	17028192
110505451	ENSELUG00000003711	cas1	25	17113983	17118007
110505452	ENSELUG00000003729	cas1	25	17131450	17154088
110505453	ENSELUG00000012915	cas2	3	82744854	82747734
110505458	ENSELUG00000003852	cas1	25	17231360	17233890
110505461	ENSELUG00000001580	cas1	25	17274519	17311595
110505463	ENSELUG00000004121	cas1	25	17372459	17399696
110505467	ENSELUG00000004005	cas1	25	17335469	17342300
110505472	ENSELUG00000004217	cas1	25	17534191	17553561
110505477	ENSELUG00000001276	cas1	25	17611871	17627724
110505479	ENSELUG00000004399	cas1	25	17629422	17676397
110505483	ENSELUG00000004439	cas1	25	17698417	17710695
110505486	ENSELUG00000004541	cas1	25	17774834	17821774
110505487	ENSELUG00000004565	cas1	25	17825342	17832318
110505488	ENSELUG00000004575	cas1	25	17839680	17850878
110505492	ENSELUG00000005126	cas1	25	17900530	17946354
110505498	ENSELUG00000005293	cas1	25	18266815	18314285
110505500	ENSELUG00000005477	cas1	25	18363274	18372886
110505509	ENSELUG00000005836	cas6	25	18927897	18977912
110505525	ENSELUG00000006324	cas1	25	19462760	19472995
110505546	ENSELUG00000007300	cas1	25	20326197	20357077
110505547	ENSELUG00000007401	cas4	25	20400012	20406260
110505553	ENSELUG00000007342	cas5	2	5901049	5911690
110505563	ENSELUG00000007894	cas1	25	20561926	20564294
110505571	ENSELUG00000008757	cas1	25	21101461	21135040
110505591	ENSELUG00000009567	cas1	25	21710791	21715301
110505609	ENSELUG00000023913	cas2	2	6056965	6076569
110505615	ENSELUG00000010519	cas3	25	22186199	22206709
110505616	ENSELUG00000011049	cas5	25	22297012	22318009
110505624	ENSELUG00000011286	cas1	25	22512594	22569987
110505627	ENSELUG00000011477	cas1	25	22604288	22655351
110505645	ENSELUG00000012906	cas1	25	23462235	23501934
110505658	ENSELUG00000013548	cas4	25	23746705	23756544
110505680	ENSELUG00000014568	cas2	25	24375827	24378263
110505681	ENSELUG00000014594	cas2	25	24385139	24391050
110505701	ENSELUG00000007210	cas1	25	25221998	25329784
110505709	ENSELUG00000006807	cas1	25	26106291	26234669
110505710	ENSELUG00000006725	cas1	25	26437115	26520383
110505715	ENSELUG00000006413	cas2	25	26687049	26689949
110505716	ENSELUG00000006400	cas1	25	26716542	26765410
110505720	ENSELUG00000006358	cas1	25	26952140	26953607
110505722	ENSELUG00000006210	cas1	25	27099673	27101550
110505724	ENSELUG00000006092	cas1	25	27118113	27167033
110505727	ENSELUG00000005973	cas1	25	27676570	27692575
110505735	ENSELUG00000000176	cas1	25	28006450	28009481
110505737	ENSELUG00000005598	cas1	25	28041601	28051126
110505743	ENSELUG00000005030	cas1	25	28548548	28601863
110505745	ENSELUG00000004921	cas1	25	29113615	29122177
110505754	ENSELUG00000004470	cas1	25	29334672	29339921
110505760	ENSELUG00000004430	cas1	25	29381713	29392098
110505762	ENSELUG00000004411	cas1	25	29392556	29405607
110505763	ENSELUG00000004390	cas1	25	29408807	29451622
110505764	ENSELUG00000004275	cas2	25	29522690	29525076
110505765	ENSELUG00000004243	cas1	25	29716602	29766891
110505770	ENSELUG00000003779	cas1	25	29942119	29979525
110505771	ENSELUG00000020850	cas1	1	20227187	20310115
110505776	ENSELUG00000003567	cas1	25	30336535	30846679
110505812	ENSELUG00000001021	cas1	25	33839834	33888222
110505815	ENSELUG00000023989	cas1	25	33989997	34016972
110505822	ENSELUG00000023448	cas1	25	34681732	34685739
110505824	ENSELUG00000023401	cas1	25	34750884	34771020
110505829	ENSELUG00000022899	cas1	25	34970065	35000444
110505830	ENSELUG00000022738	cas1	25	35012695	35056944
110505834	ENSELUG00000021506	cas1	25	35399388	35402421
110505842	ENSELUG00000001109	cas1	25	36101284	36112211
110505844	ENSELUG00000020827	cas1	25	36222621	36282138
110505846	ENSELUG00000020621	cas1	25	36314846	36322426
110505856	ENSELUG00000019358	cas4	25	36645560	36655878
110505885	ENSELUG00000000771	cas1	25	37587727	37600297
110505889	ENSELUG00000018216	cas1	25	37714129	37720857
110505891	ENSELUG00000018138	cas1	25	37774491	37792377
110505895	ENSELUG00000017060	cas1	25	38633438	39248183
110505898	ENSELUG00000016747	cas3	25	39427675	39436646
110505940	ENSELUG00000002028	cas2	25	44233129	44902465
110505942	ENSELUG00000000950	cas2	25	43999168	44064271
110505948	ENSELUG00000021989	cas2	25	43410955	43436311
110505963	ENSELUG00000024506	cas4	2	6402676	6499698
110505990	ENSELUG00000021100	cas1	25	42739235	42747065
110506000	ENSELUG00000020730	cas2	25	42491973	42633124
110506002	ENSELUG00000021806	cas1	25	43092303	43109946
110506004	ENSELUG00000021777	cas2	25	43060008	43073929
110506012	ENSELUG00000001000	cas2	25	47301690	47404080
110506077	ENSELUG00000001199	cas2	26	43170678	43179902
110506087	ENSELUG00000002970	cas5	2	6855864	6866600
110506105	ENSELUG00000011663	cas5	26	28882890	28888785
110506107	ENSELUG00000011197	cas2	26	29214744	29241431
110506114	ENSELUG00000009443	cas2	26	33148817	33158655
110506118	ENSELUG00000007312	cas2	26	34933364	34980699
110506131	ENSELUG00000004253	cas5	26	40200315	40211243
110506132	ENSELUG00000004241	cas2	26	40213412	40269852
110506133	ENSELUG00000004175	cas5	6	79919963	79942131
110506139	ENSELUG00000003881	cas3	26	40680421	40736226
110506143	ENSELUG00000003428	cas5	26	41755021	41779868
110506144	ENSELUG00000003392	cas2	26	41806137	41824010
110506161	ENSELUG00000002828	cas3	26	42397706	42461764
110506164	ENSELUG00000001199	cas2	6	82877997	82887422
110506176	ENSELUG00000024388	cas3	26	44595437	44650972
110506192	ENSELUG00000023332	cas6	6	85604261	85643457
110506195	ENSELUG00000023313	cas2	26	45810164	45825416
110506198	ENSELUG00000022679	cas5	26	48149439	48226482
110506202	ENSELUG00000022394	cas2	6	87263597	87359594
110506206	ENSELUG00000022006	cas2	6	86614790	86829756
110506214	ENSELUG00000020845	cas2	26	50280099	50290735
110506216	ENSELUG00000020636	cas6	26	50360511	50371743
110506217	ENSELUG00000020566	cas2	26	50374843	50422761
110506219	ENSELUG00000020152	cas2	6	90759492	90780813
110506232	ENSELUG00000011617	cas2	26	28896096	28900150
110506246	ENSELUG00000012670	cas5	26	10588470	10645882
110506253	ENSELUG00000019751	cas1	26	10213534	10225704
110506262	ENSELUG00000020457	cas1	1	20367990	20481812
110506265	ENSELUG00000019806	cas1	26	12862989	12899263
110506267	ENSELUG00000019771	cas2	26	12838288	12845477
110506269	ENSELUG00000008727	cas1	26	13814549	13821198
110506275	ENSELUG00000007825	cas2	2	7472033	7474734
110506279	ENSELUG00000021358	cas5	2	5575366	5592253
110506282	ENSELUG00000005919	cas2	26	15272502	15365797
110506283	ENSELUG00000006187	cas5	26	15716748	15731540
110506286	ENSELUG00000006019	cas2	26	15800492	15809734
110506288	ENSELUG00000024525	cas1	26	15900960	16211028
110506291	ENSELUG00000024050	cas3	26	16226193	16233614
110506297	ENSELUG00000023739	cas2	26	16614782	16617168
110506298	ENSELUG00000007759	cas2	2	7496183	7531274
110506301	ENSELUG00000021407	cas2	2	5542994	5572618
110506309	ENSELUG00000020165	cas1	1	20528285	20565572
110506333	ENSELUG00000007833	cas2	2	7460838	7464707
110506361	ENSELUG00000019548	cas2	26	19818632	19821594
110506365	ENSELUG00000019665	cas2	26	19888694	19892061
110506373	ENSELUG00000019817	cas2	26	20479701	20482966
110506374	ENSELUG00000019823	cas2	26	20482359	20486561
110506383	ENSELUG00000019939	cas2	26	21317794	21329269
110506388	ENSELUG00000020178	cas2	26	21848030	21910477
110506399	ENSELUG00000021249	cas2	26	22222427	22236454
110506400	ENSELUG00000021225	cas2	26	22208484	22222222
110506403	ENSELUG00000021306	cas5	26	22402983	22405876
110506413	ENSELUG00000000775	cas2	26	22606405	22663238
110506414	ENSELUG00000018385	cas2	26	22600715	22603783
110506415	ENSELUG00000018489	cas2	26	22599119	22600708
110506416	ENSELUG00000018586	cas2	26	22572417	22599308
110506419	ENSELUG00000000761	cas2	26	22855141	22861393
110506434	ENSELUG00000020075	cas1	1	20927809	20932452
110506437	ENSELUG00000017709	cas2	26	23320081	23473212
110506479	ENSELUG00000015852	cas2	26	25723228	25732113
110506480	ENSELUG00000015985	cas3	26	25659579	25675669
110506482	ENSELUG00000015641	cas2	26	25991642	26009745
110506490	ENSELUG00000000576	cas2	26	26074715	26135545
110506494	ENSELUG00000016010	cas2	26	25649155	25651751
110506499	ENSELUG00000015339	cas2	26	26155997	26200337
110506506	ENSELUG00000014746	cas2	26	26280732	26288687
110506508	ENSELUG00000014660	cas2	26	26344232	26404304
110506509	ENSELUG00000014575	cas2	26	26414099	26425103
110506511	ENSELUG00000014509	cas2	26	26431395	26434512
110506512	ENSELUG00000014537	cas2	26	26425961	26430250
110506517	ENSELUG00000014331	cas7	26	26626173	26907118
110506519	ENSELUG00000014311	cas2	26	26933838	27127646
110506520	ENSELUG00000014242	cas2	26	27421915	27437652
110506522	ENSELUG00000014093	cas2	26	27510708	27538321
110506523	ENSELUG00000014036	cas3	26	27538674	27543070
110506524	ENSELUG00000000267	cas3	2	7732957	7805441
110506525	ENSELUG00000014020	cas5	26	27547274	27595856
110506526	ENSELUG00000013947	cas2	26	27600225	27628845
110506527	ENSELUG00000013877	cas2	26	27628848	27642552
110506532	ENSELUG00000013642	cas2	26	27766212	27768873
110506538	ENSELUG00000013199	cas2	26	28102766	28128354
110506541	ENSELUG00000013010	cas2	26	28265840	28362095
110506543	ENSELUG00000012864	cas2	26	28367860	28381771
110506544	ENSELUG00000012830	cas2	26	28388072	28393750
110506545	ENSELUG00000012813	cas2	26	28394852	28429695
110506549	ENSELUG00000012469	cas4	26	28664422	28668440
110506553	ENSELUG00000012370	cas2	26	28674032	28689297
110506556	ENSELUG00000012247	cas4	26	28693184	28693585
110506557	ENSELUG00000012020	cas2	26	28726744	28739343
110506558	ENSELUG00000011986	cas2	26	28757369	28767322
110506559	ENSELUG00000011996	cas2	26	28744813	28756391
110506562	ENSELUG00000011848	cas2	26	28791015	28802011
110506563	ENSELUG00000011809	cas2	26	28802882	28815359
110506564	ENSELUG00000011890	cas2	26	28774905	28782415
110506565	ENSELUG00000020090	cas5	1	20922980	20931337
110506567	ENSELUG00000011786	cas2	26	28816797	28824217
110506568	ENSELUG00000011758	cas2	26	28839979	28849024
110506573	ENSELUG00000011681	cas2	26	28874031	28875806
110506574	ENSELUG00000007172	cas2	3	1960781	1987480
110506578	ENSELUG00000000417	cas2	26	28956165	28967757
110506579	ENSELUG00000011538	cas2	26	28986440	28995458
110506580	ENSELUG00000011478	cas2	26	28997771	29007448
110506581	ENSELUG00000011466	cas2	26	29008348	29013729
110506585	ENSELUG00000011338	cas5	26	29057330	29069490
110506587	ENSELUG00000015813	cas2	26	29259359	29265508
110506592	ENSELUG00000010879	cas2	26	29467564	29536864
110506594	ENSELUG00000010861	cas2	26	29537984	29540755
110506596	ENSELUG00000010740	cas3	26	29551539	29555425
110506598	ENSELUG00000010670	cas3	26	29605119	29609137
110506599	ENSELUG00000010664	cas3	26	29615707	29621775
110506600	ENSELUG00000010644	cas2	26	29643508	29654928
110506601	ENSELUG00000010657	cas2	26	29625445	29643368
110506602	ENSELUG00000006998	cas7	3	2243487	2249509
110506603	ENSELUG00000010630	cas2	26	29659772	29697553
110506606	ENSELUG00000010525	cas3	26	29736045	29748130
110506609	ENSELUG00000010435	cas2	26	29978982	29992052
110506612	ENSELUG00000010382	cas4	26	29993772	29996508
110506615	ENSELUG00000010263	cas2	26	30478555	30481821
110506616	ENSELUG00000006950	cas2	3	2286294	2292006
110506617	ENSELUG00000010237	cas4	26	30517114	30523783
110506618	ENSELUG00000010232	cas3	26	30529945	30540948
110506620	ENSELUG00000010206	cas2	26	30551509	30556040
110506621	ENSELUG00000001080	cas2	26	30556981	30604748
110506629	ENSELUG00000006950	cas2	2	8507579	8513361
110506639	ENSELUG00000009978	cas2	26	32146180	32165255
110506640	ENSELUG00000009958	cas2	26	32179730	32196429
110506642	ENSELUG00000006678	cas4	2	9074773	9087920
110506648	ENSELUG00000009899	cas2	26	32323127	32337305
110506650	ENSELUG00000009830	cas2	26	32363834	32402339
110506652	ENSELUG00000009733	cas2	26	32585636	32607761
110506653	ENSELUG00000009772	cas2	26	32530346	32585639
110506655	ENSELUG00000009682	cas2	26	32625357	32641587
110506656	ENSELUG00000009664	cas1	26	32643488	32648715
110506667	ENSELUG00000009546	cas5	26	32836026	32878789
110506670	ENSELUG00000009456	cas3	26	32900561	32926267
110506672	ENSELUG00000009369	cas2	26	33177875	33182436
110506673	ENSELUG00000009191	cas2	26	33196133	33344864
110506675	ENSELUG00000008821	cas5	26	33354728	33556537
110506677	ENSELUG00000000210	cas2	2	9116566	9141714
110506678	ENSELUG00000008654	cas2	26	33933574	33941282
110506679	ENSELUG00000008713	cas2	26	33812551	33845325
110506681	ENSELUG00000008604	cas2	26	33944018	33997723
110506682	ENSELUG00000008558	cas3	26	34002679	34108588
110506685	ENSELUG00000008493	cas6	26	34152676	34184095
110506686	ENSELUG00000008431	cas2	26	34376186	34390655
110506687	ENSELUG00000008419	cas2	26	34389649	34417992
110506688	ENSELUG00000008374	cas2	26	34418201	34492100
110506691	ENSELUG00000008233	cas2	26	34499589	34523950
110506694	ENSELUG00000006145	cas4	3	2997993	3004668
110506698	ENSELUG00000007743	cas2	26	34636786	34642474
110506699	ENSELUG00000005933	cas5	3	3022808	3058765
110506700	ENSELUG00000007720	cas2	26	34642734	34674418
110506701	ENSELUG00000007681	cas2	26	34685224	34703832
110506704	ENSELUG00000007566	cas2	26	34786384	34829547
110506708	ENSELUG00000007502	cas3	26	34860076	34863104
110506709	ENSELUG00000007414	cas2	26	34878659	34891131
110506712	ENSELUG00000007341	cas2	26	34899785	34905525
110506714	ENSELUG00000007238	cas2	26	34992692	35036017
110506715	ENSELUG00000007192	cas2	26	35038585	35049686
110506716	ENSELUG00000001225	cas5	15	68398641	68886663
110506717	ENSELUG00000007147	cas5	26	35141567	35350210
110506718	ENSELUG00000006027	cas4	3	3017105	3021667
110506720	ENSELUG00000007118	cas4	26	35367891	35396430
110506721	ENSELUG00000007106	cas6	26	35401501	35548790
110506723	ENSELUG00000000230	cas2	26	35562415	35607286
110506724	ENSELUG00000006857	cas2	26	35608206	35625906
110506726	ENSELUG00000006770	cas5	26	35681082	35684650
110506728	ENSELUG00000006740	cas2	26	35688053	35690950
110506731	ENSELUG00000006551	cas4	26	35736475	35812918
110506733	ENSELUG00000006406	cas3	26	35912755	35950964
110506735	ENSELUG00000006267	cas2	26	36011326	36042447
110506737	ENSELUG00000006159	cas2	26	36144492	36159531
110506741	ENSELUG00000005867	cas3	26	36914774	36923482
110506743	ENSELUG00000005837	cas4	26	37021575	37243475
110506746	ENSELUG00000005786	cas2	26	37718220	37724879
110506753	ENSELUG00000005421	cas2	26	38335951	38373760
110506756	ENSELUG00000005398	cas3	26	38353289	38354528
110506757	ENSELUG00000005322	cas2	26	38411123	38504156
110506758	ENSELUG00000004701	cas5	26	39084335	39102425
110506760	ENSELUG00000004701	cas5	6	78734754	78751924
110506762	ENSELUG00000004832	cas6	26	39015931	39033316
110506764	ENSELUG00000004751	cas2	26	39034944	39042496
110506765	ENSELUG00000004725	cas2	26	39060300	39068583
110506775	ENSELUG00000004580	cas2	6	79524809	79531505
110506777	ENSELUG00000004549	cas2	26	39809065	39812580
110506779	ENSELUG00000004580	cas2	26	39750736	39757471
110506782	ENSELUG00000004175	cas5	26	40271612	40292407
110506796	ENSELUG00000003934	cas5	6	80318688	80323070
110506799	ENSELUG00000003934	cas5	26	40663518	40667842
110506804	ENSELUG00000003712	cas2	6	80415414	80430972
110506809	ENSELUG00000003585	cas2	6	81120998	81128689
110506810	ENSELUG00000003585	cas2	26	41431262	41439598
110506811	ENSELUG00000003550	cas2	6	81140223	81152829
110506813	ENSELUG00000005681	cas5	2	9315853	9321654
110506821	ENSELUG00000003404	cas6	6	81524807	81547341
110506822	ENSELUG00000003428	cas5	6	81503758	81524895
110506823	ENSELUG00000003392	cas2	6	81551186	81568248
110506825	ENSELUG00000003404	cas6	26	41779780	41802684
110506836	ENSELUG00000005601	cas3	3	3152009	3162923
110506838	ENSELUG00000002994	cas2	6	81860488	81883263
110506854	ENSELUG00000002791	cas3	26	42512280	42516373
110506855	ENSELUG00000002778	cas2	26	42510777	42512275
110506858	ENSELUG00000000065	cas2	26	43180007	43198177
110506859	ENSELUG00000002580	cas2	6	82815184	82861792
110506862	ENSELUG00000000065	cas2	6	82887425	82907933
110506869	ENSELUG00000002503	cas2	26	43592888	43597540
110506885	ENSELUG00000005435	cas2	2	9548702	9551644
110506886	ENSELUG00000002490	cas2	26	43883923	43895635
110506889	ENSELUG00000024626	cas4	26	44198470	44231491
110506899	ENSELUG00000024164	cas5	26	44957515	44962855
110506900	ENSELUG00000024128	cas5	6	84734164	84744342
110506902	ENSELUG00000005435	cas2	3	3310514	3313472
110506919	ENSELUG00000023862	cas5	6	85124191	85126313
110506920	ENSELUG00000023862	cas5	26	45332778	45334899
110506930	ENSELUG00000023332	cas6	26	45775803	45803547
110506935	ENSELUG00000023276	cas5	6	85664502	85669785
110506937	ENSELUG00000023276	cas5	26	45825626	45830907
110506940	ENSELUG00000023267	cas3	26	45834697	45843007
110506941	ENSELUG00000023049	cas7	26	45978422	46083419
110506942	ENSELUG00000023040	cas2	26	46083258	46104713
110506948	ENSELUG00000022394	cas2	26	47401844	47498113
110506952	ENSELUG00000005370	cas5	2	9701990	9742723
110506955	ENSELUG00000022128	cas3	26	47124572	47133453
110506956	ENSELUG00000022069	cas2	26	47100651	47118376
110506960	ENSELUG00000022128	cas3	6	86971824	86981256
110506961	ENSELUG00000022069	cas2	6	86947442	86965625
110506963	ENSELUG00000022006	cas2	26	46808523	47019862
110506964	ENSELUG00000021970	cas5	6	86602667	86612241
110506978	ENSELUG00000021269	cas7	6	88956590	88964509
110506981	ENSELUG00000020845	cas2	6	90257244	90267943
110506983	ENSELUG00000020636	cas6	6	90345783	90353348
110506991	ENSELUG00000020566	cas2	6	90360429	90403385
110506993	ENSELUG00000020071	cas1	1	20950107	20983313
110506999	ENSELUG00000019142	cas2	26	7048931	7061551
110507000	ENSELUG00000019125	cas5	6	92687123	92710683
110507001	ENSELUG00000019125	cas5	26	7068612	7086951
110507004	ENSELUG00000018254	cas3	26	3491895	3496478
110507011	ENSELUG00000018254	cas3	6	96993129	96997805
110507054	ENSELUG00000014954	cas2	27	5619097	5634015
110507056	ENSELUG00000013751	cas2	27	6936909	6974629
110507063	ENSELUG00000012440	cas4	27	9209754	9212063
110507067	ENSELUG00000010891	cas2	27	10251889	10282214
110507072	ENSELUG00000009044	cas1	27	12353557	12368584
110507074	ENSELUG00000019369	cas2	27	12483779	12575898
110507077	ENSELUG00000018521	cas2	27	13581151	13629857
110507105	ENSELUG00000024452	cas6	27	16687901	16691160
110507112	ENSELUG00000012784	cas7	12	94135129	94138662
110507114	ENSELUG00000006617	cas2	27	17670454	17780391
110507136	ENSELUG00000019686	cas1	27	23576754	23582331
110507137	ENSELUG00000019996	cas1	1	21134277	21141851
110507147	ENSELUG00000016177	cas1	27	28491585	28513616
110507161	ENSELUG00000023478	cas1	27	15326868	15358375
110507166	ENSELUG00000019172	cas2	27	14391299	14432847
110507169	ENSELUG00000023542	cas1	27	15553670	15558545
110507170	ENSELUG00000019187	cas2	27	14435013	14436968
110507173	ENSELUG00000019217	cas2	27	14437400	14442421
110507176	ENSELUG00000023515	cas1	27	15483075	15487764
110507189	ENSELUG00000013916	cas1	27	31774359	31779748
110507210	ENSELUG00000012003	cas3	27	35169232	35330617
110507228	ENSELUG00000014482	cas1	27	41008439	41012482
110507232	ENSELUG00000009220	cas1	27	41485189	41506611
110507239	ENSELUG00000021006	cas2	27	43573336	43700703
110507250	ENSELUG00000022876	cas5	27	46579620	46758317
110507297	ENSELUG00000016910	cas1	27	695191	731585
110507301	ENSELUG00000007998	cas1	27	861498	1020971
110507306	ENSELUG00000004191	cas1	27	1122000	1124154
110507323	ENSELUG00000021304	cas3	27	1977082	2171787
110507328	ENSELUG00000007079	cas1	27	2518713	2542284
110507329	ENSELUG00000004923	cas2	3	3719700	3725695
110507330	ENSELUG00000006955	cas3	27	2567766	2650546
110507340	ENSELUG00000017314	cas6	27	3064902	3073180
110507346	ENSELUG00000006270	cas1	27	3247810	3255113
110507347	ENSELUG00000006307	cas1	27	3255364	3259878
110507348	ENSELUG00000006338	cas2	27	3282492	3308039
110507350	ENSELUG00000016120	cas1	27	3383361	3428112
110507353	ENSELUG00000016037	cas6	27	3452204	3483683
110507354	ENSELUG00000016061	cas5	27	3429300	3451905
110507355	ENSELUG00000016002	cas1	27	3485279	3517446
110507356	ENSELUG00000015930	cas1	27	3539029	3718487
110507358	ENSELUG00000015825	cas1	27	3976652	4124981
110507361	ENSELUG00000015751	cas1	27	4200942	4268979
110507365	ENSELUG00000015663	cas1	27	4291400	4298680
110507368	ENSELUG00000015596	cas3	27	4437387	4447253
110507370	ENSELUG00000004899	cas7	3	3725954	3733696
110507375	ENSELUG00000015489	cas2	27	4695722	4703620
110507376	ENSELUG00000015471	cas2	27	4709049	4724979
110507380	ENSELUG00000004866	cas3	2	10020586	10035867
110507390	ENSELUG00000014808	cas1	27	5720390	5734365
110507391	ENSELUG00000014764	cas1	27	5741262	5751139
110507392	ENSELUG00000014694	cas1	27	5769612	5794438
110507395	ENSELUG00000014644	cas1	27	5798613	5801513
110507397	ENSELUG00000014585	cas1	27	5874691	5896127
110507398	ENSELUG00000014521	cas2	27	5897208	5910058
110507403	ENSELUG00000014466	cas1	27	6002715	6007384
110507408	ENSELUG00000014266	cas3	27	6217939	6223022
110507414	ENSELUG00000000515	cas1	27	6334332	6341809
110507422	ENSELUG00000014075	cas2	27	6358173	6363321
110507430	ENSELUG00000013830	cas1	27	6725669	6734192
110507448	ENSELUG00000013214	cas2	27	7574803	7605568
110507449	ENSELUG00000013180	cas1	27	7803655	7904639
110507450	ENSELUG00000019905	cas1	1	21148112	21191181
110507452	ENSELUG00000013158	cas1	27	8219844	8222436
110507455	ENSELUG00000013129	cas6	27	8277245	8282386
110507458	ENSELUG00000013051	cas2	27	8606550	8741529
110507461	ENSELUG00000013019	cas1	27	8823209	8831598
110507468	ENSELUG00000012480	cas2	27	9123596	9126312
110507474	ENSELUG00000012426	cas2	27	9212347	9224934
110507476	ENSELUG00000000460	cas2	27	9266783	9271687
110507478	ENSELUG00000012404	cas2	27	9259881	9264630
110507479	ENSELUG00000012387	cas2	27	9271841	9273709
110507484	ENSELUG00000012172	cas2	27	9506485	9538992
110507495	ENSELUG00000011700	cas2	27	9705630	9714582
110507505	ENSELUG00000011297	cas3	27	9903819	9962821
110507508	ENSELUG00000004615	cas2	2	10626586	10710360
110507515	ENSELUG00000004475	cas5	2	13046879	13061306
110507519	ENSELUG00000010921	cas2	27	10236369	10250613
110507529	ENSELUG00000013541	cas1	1	10104169	10107888
110507530	ENSELUG00000019850	cas1	1	21194656	21267654
110507533	ENSELUG00000010126	cas2	27	10494894	10582606
110507535	ENSELUG00000009992	cas1	27	10582420	10586015
110507557	ENSELUG00000008823	cas1	27	12423403	12427303
110507558	ENSELUG00000008790	cas1	27	12439520	12448356
110507559	ENSELUG00000008810	cas1	27	12436060	12439501
110507563	ENSELUG00000019422	cas2	27	12582256	12593139
110507564	ENSELUG00000019444	cas2	27	12606898	12668902
110507577	ENSELUG00000019735	cas1	27	12817186	12855301
110507584	ENSELUG00000017436	cas2	27	12965551	13066049
110507593	ENSELUG00000017753	cas2	27	13233531	13264437
110507595	ENSELUG00000001124	cas2	27	13266374	13273447
110507596	ENSELUG00000017809	cas2	27	13275977	13312400
110507597	ENSELUG00000017869	cas2	27	13324076	13338182
110507598	ENSELUG00000004229	cas2	3	4704539	4763137
110507599	ENSELUG00000017913	cas2	27	13368251	13379725
110507602	ENSELUG00000019805	cas1	1	21271127	21303061
110507606	ENSELUG00000018107	cas3	27	13474581	13527504
110507610	ENSELUG00000018825	cas2	27	13921993	13937776
110507611	ENSELUG00000018810	cas2	27	13873541	13917963
110507612	ENSELUG00000004210	cas2	2	13324937	13330676
110507615	ENSELUG00000018678	cas2	27	13738862	13748179
110507616	ENSELUG00000001446	cas2	27	13818342	13854914
110507618	ENSELUG00000018453	cas1	27	13554250	13573640
110507624	ENSELUG00000019019	cas2	27	14262055	14344492
110507629	ENSELUG00000023950	cas5	27	16193245	16260045
110507631	ENSELUG00000004164	cas2	2	13383188	13387921
110507633	ENSELUG00000024060	cas5	27	16304086	16305367
110507660	ENSELUG00000000200	cas2	27	17382038	17399975
110507679	ENSELUG00000007146	cas1	27	18770826	18789238
110507681	ENSELUG00000004087	cas2	3	4975047	4983487
110507682	ENSELUG00000007205	cas2	27	18795383	18802992
110507706	ENSELUG00000007982	cas2	27	19571623	19641866
110507709	ENSELUG00000003990	cas2	3	5018589	5026840
110507710	ENSELUG00000001050	cas5	3	5027793	5039155
110507711	ENSELUG00000001529	cas3	3	5042896	5054330
110507714	ENSELUG00000008140	cas1	27	19981007	19989638
110507716	ENSELUG00000000300	cas1	27	19989691	20003329
110507718	ENSELUG00000008223	cas1	27	20015076	20035765
110507731	ENSELUG00000008516	cas1	27	20307603	20323469
110507732	ENSELUG00000010526	cas3	3	6794547	6811294
110507733	ENSELUG00000008549	cas1	27	20353347	20389568
110507734	ENSELUG00000008570	cas1	27	20393540	20400243
110507740	ENSELUG00000008665	cas1	27	20465522	20470291
110507742	ENSELUG00000022684	cas1	27	20649879	20652780
110507743	ENSELUG00000010437	cas5	3	6754839	6773064
110507744	ENSELUG00000022448	cas1	27	20697519	20708634
110507752	ENSELUG00000022194	cas1	27	20872760	20877228
110507756	ENSELUG00000022083	cas1	27	20952373	20995634
110507762	ENSELUG00000021708	cas2	27	21203957	21228344
110507766	ENSELUG00000021627	cas2	27	21280128	21288075
110507768	ENSELUG00000021426	cas1	27	21324649	21326703
110507770	ENSELUG00000021364	cas1	27	21414351	21419368
110507774	ENSELUG00000010472	cas4	3	6774977	6776480
110507777	ENSELUG00000021055	cas1	27	21841461	22067487
110507781	ENSELUG00000020972	cas1	27	22413260	22445607
110507788	ENSELUG00000010398	cas3	3	6714243	6744673
110507802	ENSELUG00000019511	cas1	1	21605024	21631294
110507806	ENSELUG00000020157	cas1	27	23330022	23409999
110507807	ENSELUG00000020196	cas2	27	23317087	23328694
110507808	ENSELUG00000020478	cas1	27	22979706	23145646
110507811	ENSELUG00000020271	cas1	27	23300975	23309608
110507819	ENSELUG00000019494	cas1	27	23805105	23810553
110507821	ENSELUG00000019321	cas1	27	23875335	23885622
110507822	ENSELUG00000019274	cas2	27	23885648	23889607
110507825	ENSELUG00000019191	cas1	27	23950793	23962065
110507831	ENSELUG00000018454	cas3	27	24262684	24280342
110507838	ENSELUG00000018329	cas1	27	24336443	24356532
110507850	ENSELUG00000017868	cas1	27	24937043	24940325
110507851	ENSELUG00000010185	cas3	3	6624575	6631601
110507859	ENSELUG00000017673	cas1	27	25765286	25804067
110507862	ENSELUG00000000697	cas1	27	25896741	25899857
110507863	ENSELUG00000017643	cas1	27	25910768	25920363
110507864	ENSELUG00000017633	cas1	27	25921888	25935908
110507865	ENSELUG00000017612	cas1	27	25945588	25952206
110507870	ENSELUG00000017532	cas3	27	26276430	26287356
110507876	ENSELUG00000010160	cas5	3	6622171	6623967
110507881	ENSELUG00000017022	cas1	27	26938800	26953641
110507882	ENSELUG00000016987	cas2	27	26955611	27086578
110507885	ENSELUG00000016597	cas1	27	27333102	27404380
110507887	ENSELUG00000016516	cas1	27	27448217	27500051
110507888	ENSELUG00000009442	cas4	2	14981044	15004730
110507889	ENSELUG00000016483	cas2	27	27517351	27534236
110507893	ENSELUG00000009442	cas4	3	6398174	6425294
110507894	ENSELUG00000016304	cas1	27	27972086	27975216
110507895	ENSELUG00000016319	cas1	27	27963781	27967676
110507902	ENSELUG00000009673	cas2	3	6479543	6491729
110507903	ENSELUG00000016086	cas1	27	28562984	28655618
110507907	ENSELUG00000016021	cas1	27	28720093	28742467
110507908	ENSELUG00000009744	cas5	3	6499545	6510342
110507910	ENSELUG00000015803	cas1	27	28856049	28862570
110507911	ENSELUG00000015783	cas1	27	28863097	28897338
110507922	ENSELUG00000015027	cas2	27	29777772	29821755
110507929	ENSELUG00000009673	cas2	2	15053776	15066163
110507936	ENSELUG00000014542	cas2	27	30651240	30680551
110507943	ENSELUG00000010927	cas1	24	33782854	33788571
110507944	ENSELUG00000010927	cas1	27	36552844	36560132
110507950	ENSELUG00000009287	cas2	2	14940678	14974356
110507951	ENSELUG00000013891	cas1	27	31853996	31868300
110507952	ENSELUG00000013937	cas1	27	31748676	31770765
110507953	ENSELUG00000013959	cas1	27	31715386	31739414
110507968	ENSELUG00000012834	cas6	27	34767416	34776229
110507971	ENSELUG00000000442	cas2	27	34970520	35009804
110507976	ENSELUG00000011616	cas1	27	35804534	35822884
110507980	ENSELUG00000009322	cas2	2	14974341	14980923
110507984	ENSELUG00000013742	cas3	27	32677963	32920800
110507990	ENSELUG00000009630	cas2	2	15029445	15053639
110507997	ENSELUG00000013062	cas2	27	33131529	33151950
110508005	ENSELUG00000001616	cas1	27	36438225	36440709
110508013	ENSELUG00000010415	cas5	27	37576199	37655431
110508019	ENSELUG00000010325	cas1	27	37778910	37807050
110508020	ENSELUG00000010315	cas2	27	37820452	37869522
110508021	ENSELUG00000014800	cas3	1	89007456	89018270
110508024	ENSELUG00000010579	cas4	27	37296427	37317523
110508025	ENSELUG00000010594	cas3	27	37277694	37295837
110508026	ENSELUG00000010562	cas4	27	37318716	37357606
110508028	ENSELUG00000008238	cas2	27	39667989	39681560
110508029	ENSELUG00000008215	cas2	27	39601755	39617690
110508030	ENSELUG00000008512	cas1	27	39835004	39848132
110508052	ENSELUG00000018157	cas2	27	41140451	41145077
110508054	ENSELUG00000018554	cas2	27	41362562	41413292
110508055	ENSELUG00000009181	cas4	27	41521446	41571922
110508060	ENSELUG00000009842	cas1	27	42484856	42492905
110508062	ENSELUG00000009917	cas2	27	42262030	42285545
110508066	ENSELUG00000000858	cas1	1	21587517	21604429
110508068	ENSELUG00000009474	cas2	27	43096643	43111668
110508082	ENSELUG00000009412	cas2	27	43193515	43293841
110508083	ENSELUG00000020608	cas3	27	43801102	43844791
110508110	ENSELUG00000024501	cas1	27	45703165	45791795
110508113	ENSELUG00000022833	cas4	27	46536201	46571673
110508117	ENSELUG00000022908	cas5	27	46946870	46959779
110508119	ENSELUG00000022889	cas5	27	46821927	46897922
110508127	ENSELUG00000009861	cas5	3	6527175	6550398
110508133	ENSELUG00000022735	cas1	27	50465883	50476608
110508149	ENSELUG00000008563	cas2	3	5822391	5895533
110508151	ENSELUG00000008563	cas2	2	14430901	14497781
110508154	ENSELUG00000005408	cas1	28	9348424	9369671
110508156	ENSELUG00000008766	cas2	2	14550685	14556207
110508159	ENSELUG00000003941	cas1	28	10504714	10508349
110508162	ENSELUG00000003178	cas1	28	11070901	11087632
110508165	ENSELUG00000022141	cas1	28	13526617	13528884
110508167	ENSELUG00000008737	cas2	3	5927299	5932957
110508175	ENSELUG00000017991	cas1	28	17196734	17236598
110508176	ENSELUG00000015087	cas1	28	18880690	18927013
110508179	ENSELUG00000013696	cas1	28	19531043	19542347
110508186	ENSELUG00000009056	cas1	28	23692367	23753592
110508187	ENSELUG00000008817	cas1	28	23787854	24045482
110508188	ENSELUG00000008478	cas1	28	24145942	24159318
110508190	ENSELUG00000008737	cas2	2	14528061	14533240
110508192	ENSELUG00000007240	cas1	28	25283026	25331225
110508195	ENSELUG00000006374	cas1	28	26782925	26909897
110508196	ENSELUG00000006126	cas1	28	26925269	26973311
110508204	ENSELUG00000012967	cas1	28	1205775	1208298
110508208	ENSELUG00000008775	cas2	2	14556397	14565113
110508215	ENSELUG00000019463	cas1	1	21733594	21747189
110508217	ENSELUG00000019990	cas1	28	30629942	30649835
110508218	ENSELUG00000018944	cas1	28	31374369	31397685
110508220	ENSELUG00000008775	cas2	3	5957257	5963980
110508221	ENSELUG00000022431	cas1	28	31594783	31643462
110508222	ENSELUG00000024070	cas1	28	32374691	32403493
110508226	ENSELUG00000004612	cas1	28	33176752	33212483
110508229	ENSELUG00000005115	cas1	28	33626451	33797286
110508231	ENSELUG00000000583	cas1	28	34499546	34568352
110508236	ENSELUG00000015622	cas1	28	34352592	34409491
110508238	ENSELUG00000016295	cas1	28	34868513	34888930
110508249	ENSELUG00000006734	cas2	28	39492643	39494885
110508261	ENSELUG00000007887	cas3	28	40783606	40842867
110508269	ENSELUG00000012520	cas2	28	42294380	42340868
110508274	ENSELUG00000006241	cas1	28	8976699	8978156
110508277	ENSELUG00000010539	cas4	3	6901478	6905286
110508278	ENSELUG00000018339	cas1	28	16809471	16813125
110508301	ENSELUG00000014572	cas1	28	144329	158876
110508304	ENSELUG00000010662	cas3	3	6929457	6932661
110508305	ENSELUG00000013872	cas1	28	533868	543047
110508309	ENSELUG00000014198	cas2	1	87773812	87825477
110508311	ENSELUG00000013597	cas1	28	874311	896282
110508312	ENSELUG00000013526	cas1	28	897589	947373
110508314	ENSELUG00000000497	cas1	28	970023	984192
110508315	ENSELUG00000010800	cas5	3	6976163	6979189
110508322	ENSELUG00000012509	cas1	28	1458212	1562320
110508323	ENSELUG00000010813	cas2	3	6979495	6987767
110508324	ENSELUG00000012276	cas1	28	1648049	1650308
110508326	ENSELUG00000012164	cas1	28	1684105	1696435
110508328	ENSELUG00000012069	cas4	28	1742504	1746031
110508330	ENSELUG00000012004	cas1	28	1773385	1791353
110508331	ENSELUG00000011987	cas1	28	1791719	1798195
110508333	ENSELUG00000010878	cas3	3	6993067	6996424
110508335	ENSELUG00000011833	cas1	28	2204774	2362002
110508337	ENSELUG00000000421	cas1	28	2459632	2464135
110508341	ENSELUG00000011670	cas1	28	2465366	2477607
110508342	ENSELUG00000011545	cas3	28	2522834	2628565
110508345	ENSELUG00000001261	cas1	28	2661880	2665151
110508348	ENSELUG00000011224	cas6	28	2900784	2969598
110508349	ENSELUG00000011178	cas1	28	2972383	2980305
110508351	ENSELUG00000011040	cas1	28	3310736	3327252
110508354	ENSELUG00000010905	cas1	28	3400259	3416450
110508359	ENSELUG00000000381	cas1	28	3573151	3639849
110508361	ENSELUG00000010535	cas1	28	3671574	3694823
110508364	ENSELUG00000010390	cas1	28	3713128	3730133
110508366	ENSELUG00000010370	cas1	28	3776296	3786634
110508369	ENSELUG00000011001	cas2	3	7063618	7079482
110508375	ENSELUG00000015983	cas1	28	4495053	4526091
110508377	ENSELUG00000001894	cas1	28	4676566	4679451
110508379	ENSELUG00000001179	cas1	28	4682499	4713630
110508381	ENSELUG00000001901	cas1	28	4836463	4838186
110508382	ENSELUG00000001911	cas1	28	5106652	5112806
110508384	ENSELUG00000001915	cas1	28	5271069	5373904
110508385	ENSELUG00000001919	cas1	28	5392397	5496496
110508390	ENSELUG00000011072	cas5	3	7080450	7084314
110508394	ENSELUG00000001940	cas1	28	5968920	6071924
110508395	ENSELUG00000001950	cas1	28	6200172	6206298
110508396	ENSELUG00000001952	cas1	28	6285145	6340959
110508403	ENSELUG00000008700	cas1	28	6752808	6799814
110508406	ENSELUG00000008634	cas1	28	6826588	6831152
110508407	ENSELUG00000008591	cas1	28	6834257	6891325
110508409	ENSELUG00000008541	cas1	28	6985740	7016472
110508413	ENSELUG00000000313	cas1	28	7140153	7200444
110508416	ENSELUG00000008388	cas1	28	7303866	7322195
110508420	ENSELUG00000008232	cas1	28	7386812	7392377
110508421	ENSELUG00000008214	cas1	28	7397243	7406462
110508432	ENSELUG00000000286	cas1	28	7688645	7705872
110508435	ENSELUG00000007732	cas1	28	7842253	7857118
110508447	ENSELUG00000007089	cas1	28	8312481	8324892
110508450	ENSELUG00000006858	cas1	28	8391054	8408792
110508451	ENSELUG00000006538	cas1	28	8470115	8480564
110508454	ENSELUG00000011541	cas2	3	7517195	7524544
110508456	ENSELUG00000006174	cas1	28	8993922	8995746
110508458	ENSELUG00000006007	cas1	28	9107174	9123547
110508460	ENSELUG00000005635	cas1	28	9180376	9209023
110508462	ENSELUG00000005469	cas1	28	9255946	9263669
110508478	ENSELUG00000004579	cas1	28	10030793	10041031
110508483	ENSELUG00000000130	cas1	28	10152976	10174843
110508484	ENSELUG00000004389	cas1	28	10178396	10195465
110508485	ENSELUG00000004366	cas1	28	10224398	10228469
110508486	ENSELUG00000004345	cas1	28	10228449	10237267
110508489	ENSELUG00000004214	cas1	28	10282905	10291309
110508492	ENSELUG00000004172	cas1	28	10306711	10323084
110508493	ENSELUG00000004151	cas1	28	10326728	10348191
110508494	ENSELUG00000011642	cas4	3	7554786	7573519
110508495	ENSELUG00000004132	cas1	28	10362934	10385494
110508497	ENSELUG00000004105	cas1	28	10418527	10463830
110508498	ENSELUG00000011655	cas3	3	7573853	7575614
110508499	ENSELUG00000004094	cas1	28	10467328	10487029
110508500	ENSELUG00000003890	cas1	28	10510527	10524470
110508501	ENSELUG00000003856	cas1	28	10535026	10540345
110508502	ENSELUG00000003847	cas1	28	10552313	10558506
110508503	ENSELUG00000003807	cas1	28	10564205	10588319
110508505	ENSELUG00000003722	cas1	28	10669340	10678831
110508506	ENSELUG00000003743	cas1	28	10653059	10668838
110508510	ENSELUG00000003565	cas1	28	10826889	10837111
110508519	ENSELUG00000001428	cas1	28	10845215	10852874
110508520	ENSELUG00000003422	cas1	28	10869116	10884590
110508523	ENSELUG00000003383	cas1	28	10905527	10911512
110508526	ENSELUG00000019404	cas1	1	21792456	21802903
110508527	ENSELUG00000003293	cas1	28	10991095	10994103
110508528	ENSELUG00000003221	cas1	28	10999076	11007365
110508529	ENSELUG00000003190	cas1	28	11037198	11063179
110508532	ENSELUG00000024630	cas1	28	11153632	11175930
110508534	ENSELUG00000024620	cas1	28	11179677	11196463
110508546	ENSELUG00000024247	cas1	28	11528149	11546135
110508549	ENSELUG00000024178	cas1	28	11590108	11631741
110508550	ENSELUG00000024112	cas1	28	11647272	11702699
110508552	ENSELUG00000023949	cas1	28	11754075	11786100
110508555	ENSELUG00000023929	cas1	28	11836647	11843807
110508557	ENSELUG00000013579	cas2	3	9376499	9390272
110508559	ENSELUG00000023772	cas1	28	12000501	12020205
110508562	ENSELUG00000023363	cas1	28	12206077	12221835
110508567	ENSELUG00000023063	cas1	28	12510680	12515518
110508568	ENSELUG00000023004	cas1	28	12544539	12630837
110508574	ENSELUG00000022622	cas1	28	12749686	12756386
110508575	ENSELUG00000013624	cas2	3	9390287	9401122
110508576	ENSELUG00000022668	cas1	28	12746019	12750292
110508578	ENSELUG00000022562	cas1	28	12981805	13010377
110508580	ENSELUG00000022509	cas1	28	13066815	13081622
110508581	ENSELUG00000022500	cas1	28	13080598	13102331
110508582	ENSELUG00000013661	cas2	3	9446264	9451249
110508585	ENSELUG00000022336	cas1	28	13240562	13262111
110508588	ENSELUG00000022201	cas1	28	13287034	13481207
110508592	ENSELUG00000019363	cas1	1	21809564	21911516
110508593	ENSELUG00000021998	cas1	28	13837357	13879169
110508595	ENSELUG00000021947	cas1	28	13883555	13910267
110508600	ENSELUG00000021720	cas1	28	14123020	14138016
110508602	ENSELUG00000021574	cas1	28	14234709	14252720
110508603	ENSELUG00000021517	cas1	28	14259507	14292549
110508611	ENSELUG00000014490	cas4	3	9893261	9900476
110508617	ENSELUG00000021011	cas1	28	14943509	14945337
110508620	ENSELUG00000019766	cas1	28	14984792	15024992
110508622	ENSELUG00000019719	cas3	28	15313703	15315936
110508625	ENSELUG00000019275	cas1	28	15519330	15540665
110508627	ENSELUG00000018913	cas1	28	15703333	15793545
110508629	ENSELUG00000018779	cas1	28	15831164	15896168
110508630	ENSELUG00000014601	cas2	3	9943081	9960032
110508631	ENSELUG00000018679	cas1	28	15900655	15903661
110508633	ENSELUG00000018646	cas1	28	15934185	16017950
110508635	ENSELUG00000018595	cas1	28	16073550	16132563
110508637	ENSELUG00000000788	cas1	28	16143163	16151757
110508638	ENSELUG00000018430	cas1	28	16170026	16193127
110508640	ENSELUG00000018289	cas1	28	16824259	16839283
110508643	ENSELUG00000018184	cas1	28	16901891	16921869
110508644	ENSELUG00000018226	cas1	28	16889532	16901564
110508645	ENSELUG00000018072	cas1	28	17010525	17154942
110508647	ENSELUG00000000725	cas1	28	17263223	17285064
110508649	ENSELUG00000017672	cas1	28	17397397	17410663
110508650	ENSELUG00000014636	cas2	3	9973958	9993427
110508652	ENSELUG00000001151	cas1	28	17497781	17553987
110508655	ENSELUG00000009344	cas1	1	22024629	22107857
110508656	ENSELUG00000014743	cas2	3	10005877	10018441
110508657	ENSELUG00000017474	cas1	28	17867728	17986867
110508658	ENSELUG00000016994	cas1	28	18102546	18175572
110508659	ENSELUG00000000628	cas4	28	18190804	18215071
110508661	ENSELUG00000016775	cas1	28	18316616	18354743
110508662	ENSELUG00000016734	cas1	28	18361064	18365995
110508663	ENSELUG00000016683	cas1	28	18366089	18370884
110508666	ENSELUG00000015437	cas1	28	18484345	18517197
110508667	ENSELUG00000015380	cas1	28	18579463	18658560
110508669	ENSELUG00000015216	cas1	28	18726254	18816586
110508670	ENSELUG00000000546	cas1	28	18838313	18849139
110508676	ENSELUG00000014759	cas1	28	19015141	19025982
110508677	ENSELUG00000000528	cas1	28	19081538	19095065
110508678	ENSELUG00000014405	cas1	28	19116082	19185326
110508679	ENSELUG00000014225	cas1	28	19205372	19209070
110508682	ENSELUG00000014056	cas1	28	19333067	19341851
110508683	ENSELUG00000014024	cas1	28	19347306	19359854
110508686	ENSELUG00000013853	cas1	28	19372009	19374568
110508688	ENSELUG00000014711	cas3	3	10002886	10005885
110508689	ENSELUG00000013770	cas1	28	19439625	19458620
110508692	ENSELUG00000001573	cas1	28	19490721	19517290
110508693	ENSELUG00000013473	cas1	28	19541912	19558555
110508696	ENSELUG00000014667	cas2	3	10001445	10002941
110508697	ENSELUG00000013384	cas1	28	19657025	19667196
110508704	ENSELUG00000012875	cas1	28	20338223	20364502
110508705	ENSELUG00000012826	cas1	28	20422383	20423841
110508708	ENSELUG00000012755	cas1	28	20498485	20503690
110508709	ENSELUG00000012702	cas1	28	20508264	20518432
110508710	ENSELUG00000012572	cas1	28	20533785	20621097
110508713	ENSELUG00000014936	cas3	3	10053535	10062470
110508714	ENSELUG00000012562	cas1	28	20629353	20637091
110508717	ENSELUG00000012433	cas1	28	20685926	20730656
110508718	ENSELUG00000012307	cas1	28	20808650	20813055
110508719	ENSELUG00000012317	cas1	28	20803211	20808573
110508720	ENSELUG00000012284	cas1	28	20815693	20840194
110508724	ENSELUG00000014820	cas3	3	10019313	10024005
110508725	ENSELUG00000000443	cas1	28	21237164	21239672
110508726	ENSELUG00000000439	cas1	28	21261123	21348624
110508728	ENSELUG00000011983	cas1	28	21368128	21373297
110508729	ENSELUG00000011960	cas1	28	21376698	21521909
110508731	ENSELUG00000014964	cas2	3	10063117	10072855
110508733	ENSELUG00000011871	cas1	28	21630620	21648803
110508737	ENSELUG00000011647	cas3	28	21864614	21867035
110508741	ENSELUG00000011066	cas1	28	21966295	22125301
110508742	ENSELUG00000014880	cas2	3	10047635	10053368
110508743	ENSELUG00000010913	cas1	28	22202448	22212426
110508746	ENSELUG00000010709	cas1	28	22547186	22663983
110508750	ENSELUG00000010625	cas1	28	22822072	22828641
110508751	ENSELUG00000010633	cas1	28	22816873	22820125
110508753	ENSELUG00000010512	cas1	28	22914656	22934260
110508756	ENSELUG00000015000	cas2	3	10074725	10077392
110508758	ENSELUG00000010331	cas1	28	23042538	23055346
110508759	ENSELUG00000010293	cas1	28	23056778	23087821
110508760	ENSELUG00000009854	cas1	28	23104071	23118323
110508762	ENSELUG00000009824	cas1	28	23144219	23154829
110508763	ENSELUG00000009801	cas1	28	23160156	23190193
110508764	ENSELUG00000015077	cas2	3	10078045	10094991
110508766	ENSELUG00000009622	cas1	28	23246667	23253906
110508768	ENSELUG00000009604	cas1	28	23262870	23286417
110508769	ENSELUG00000009430	cas1	28	23356313	23407721
110508771	ENSELUG00000009227	cas1	28	23590037	23639543
110508778	ENSELUG00000008002	cas1	28	24336167	24343111
110508779	ENSELUG00000007989	cas1	28	24609479	24611957
110508780	ENSELUG00000007977	cas1	28	24623953	24627150
110508781	ENSELUG00000007966	cas1	28	24628922	24657867
110508782	ENSELUG00000015169	cas2	3	10135891	10140365
110508783	ENSELUG00000007886	cas1	28	24664869	24677152
110508784	ENSELUG00000007807	cas1	28	24687485	24915445
110508790	ENSELUG00000015196	cas3	3	10144533	10151145
110508791	ENSELUG00000006935	cas1	28	25682318	26069268
110508795	ENSELUG00000006739	cas1	28	26628352	26656110
110508798	ENSELUG00000015222	cas3	3	10160334	10163967
110508799	ENSELUG00000006607	cas1	28	26695459	26702918
110508800	ENSELUG00000006586	cas1	28	26707377	26709568
110508801	ENSELUG00000006542	cas1	28	26714593	26741871
110508802	ENSELUG00000006403	cas1	28	26757098	26763629
110508805	ENSELUG00000006240	cas1	28	26837942	26842853
110508808	ENSELUG00000000171	cas1	28	27051258	27055816
110508818	ENSELUG00000000161	cas1	28	27141544	27243306
110508819	ENSELUG00000005666	cas1	28	27303745	27316749
110508823	ENSELUG00000015357	cas5	3	10226896	10229409
110508824	ENSELUG00000020006	cas1	28	27512201	27517367
110508825	ENSELUG00000020133	cas1	28	27591771	27595809
110508828	ENSELUG00000020173	cas1	28	27730318	27745041
110508829	ENSELUG00000001762	cas1	28	27751152	27820731
110508831	ENSELUG00000022992	cas1	28	27833360	27837602
110508834	ENSELUG00000023840	cas1	28	27909214	27924382
110508836	ENSELUG00000023756	cas1	28	27923767	27930096
110508838	ENSELUG00000015376	cas2	3	10233152	10239964
110508839	ENSELUG00000023714	cas1	28	27937837	27944746
110508841	ENSELUG00000023100	cas1	28	27964886	27984136
110508843	ENSELUG00000023911	cas1	28	27999061	28002198
110508844	ENSELUG00000015611	cas1	28	28079201	28087195
110508845	ENSELUG00000015406	cas2	3	10267749	10276176
110508848	ENSELUG00000015741	cas1	28	28160483	28170310
110508851	ENSELUG00000015804	cas1	28	28522217	28550195
110508855	ENSELUG00000007212	cas1	28	28654372	28685734
110508861	ENSELUG00000015398	cas2	3	10245328	10266902
110508869	ENSELUG00000021721	cas1	28	29073723	29093410
110508874	ENSELUG00000021618	cas1	28	29203564	29220510
110508875	ENSELUG00000015420	cas3	3	10278141	10287089
110508879	ENSELUG00000021595	cas1	28	29264829	29269523
110508881	ENSELUG00000021515	cas1	28	29283916	29293425
110508882	ENSELUG00000021543	cas1	28	29276406	29283154
110508883	ENSELUG00000021493	cas1	28	29300650	29315173
110508886	ENSELUG00000015468	cas3	3	10306848	10314535
110508890	ENSELUG00000021197	cas1	28	29682605	29806734
110508892	ENSELUG00000021181	cas1	28	29821881	29872184
110508893	ENSELUG00000000931	cas1	28	29873489	29877319
110508895	ENSELUG00000021107	cas1	28	29888003	29893380
110508897	ENSELUG00000000920	cas1	28	29929002	29960541
110508901	ENSELUG00000020843	cas1	28	29981103	29984528
110508905	ENSELUG00000009405	cas1	1	22212332	22226104
110508906	ENSELUG00000020539	cas1	28	30100641	30114984
110508907	ENSELUG00000001241	cas1	28	30144035	30187260
110508908	ENSELUG00000020448	cas1	28	30188885	30253370
110508915	ENSELUG00000020250	cas1	28	30374871	30395912
110508919	ENSELUG00000020168	cas1	28	30442013	30447448
110508920	ENSELUG00000020117	cas1	28	30534338	30592397
110508922	ENSELUG00000020070	cas1	28	30595929	30608022
110508925	ENSELUG00000019968	cas1	28	30658482	30666503
110508926	ENSELUG00000019941	cas1	28	30679644	30700351
110508927	ENSELUG00000019865	cas1	28	30700542	30704777
110508929	ENSELUG00000019824	cas1	28	30707254	30716642
110508930	ENSELUG00000000868	cas1	28	30721098	30751910
110508933	ENSELUG00000019480	cas1	28	30905879	30907975
110508934	ENSELUG00000019485	cas1	28	30883060	30902488
110508938	ENSELUG00000019381	cas1	28	30995095	31004289
110508939	ENSELUG00000019370	cas1	28	31077818	31080589
110508940	ENSELUG00000019364	cas1	28	31084315	31136167
110508941	ENSELUG00000019316	cas1	28	31138086	31169294
110508942	ENSELUG00000019263	cas1	28	31173927	31214079
110508944	ENSELUG00000001575	cas2	3	10769638	10827121
110508953	ENSELUG00000018804	cas1	28	31398667	31406181
110508956	ENSELUG00000018769	cas1	28	31421371	31431243
110508957	ENSELUG00000015899	cas2	3	10865535	10876129
110508958	ENSELUG00000018617	cas1	28	31471294	31490838
110508962	ENSELUG00000018507	cas1	28	31524273	31540827
110508964	ENSELUG00000022269	cas1	28	31569613	31576840
110508966	ENSELUG00000015850	cas5	3	10853702	10865262
110508969	ENSELUG00000022561	cas1	28	31794423	31804053
110508970	ENSELUG00000022704	cas1	28	31822142	31859100
110508971	ENSELUG00000022826	cas1	28	31870378	31874729
110508974	ENSELUG00000023038	cas1	28	31933762	31935806
110508981	ENSELUG00000023138	cas1	28	32029589	32032860
110508983	ENSELUG00000023172	cas1	28	32034823	32063453
110508985	ENSELUG00000023228	cas1	28	32074971	32087594
110508986	ENSELUG00000023337	cas1	28	32087652	32098796
110508989	ENSELUG00000023369	cas2	28	32100303	32104711
110508991	ENSELUG00000023419	cas1	28	32119973	32129371
110508993	ENSELUG00000015906	cas4	3	10876796	10878635
110509000	ENSELUG00000023926	cas1	28	32280903	32292193
110509004	ENSELUG00000024318	cas1	28	32581133	32589881
110509019	ENSELUG00000004449	cas1	28	32875439	32919614
110509022	ENSELUG00000004421	cas1	28	32872931	32911932
110509029	ENSELUG00000004698	cas1	28	33248650	33274764
110509035	ENSELUG00000004988	cas1	28	33526684	33552442
110509036	ENSELUG00000004949	cas1	28	33518704	33526697
110509038	ENSELUG00000005037	cas1	28	33572110	33575991
110509039	ENSELUG00000005051	cas1	28	33583098	33616039
110509043	ENSELUG00000005223	cas1	28	33953697	33972737
110509045	ENSELUG00000005237	cas1	28	33977576	33990790
110509048	ENSELUG00000016350	cas2	3	11079975	11087129
110509054	ENSELUG00000015802	cas1	28	34640019	34646660
110509062	ENSELUG00000016372	cas2	3	11151396	11164970
110509067	ENSELUG00000015829	cas1	28	34692295	34700231
110509071	ENSELUG00000016054	cas1	28	34773755	34806814
110509072	ENSELUG00000015839	cas1	28	34713267	34728197
110509073	ENSELUG00000016234	cas1	28	34824969	34867323
110509075	ENSELUG00000016101	cas3	28	34812717	34824535
110509083	ENSELUG00000016382	cas6	28	34936526	34939328
110509087	ENSELUG00000016614	cas1	28	35372225	35384925
110509088	ENSELUG00000016643	cas1	28	35516740	35575981
110509090	ENSELUG00000016854	cas1	28	35782149	35813447
110509092	ENSELUG00000016887	cas1	28	35852550	35864073
110509094	ENSELUG00000016966	cas1	28	35985515	35998823
110509099	ENSELUG00000017142	cas1	28	36044041	36052176
110509101	ENSELUG00000017238	cas1	28	36108626	36178080
110509103	ENSELUG00000017313	cas1	28	36178766	36197438
110509111	ENSELUG00000017691	cas1	28	36526794	36557532
110509128	ENSELUG00000006012	cas6	28	38211276	38229238
110509134	ENSELUG00000016852	cas2	3	11365423	11368231
110509137	ENSELUG00000006784	cas1	28	39578217	39621092
110509143	ENSELUG00000016977	cas3	3	11399020	11406578
110509144	ENSELUG00000006963	cas1	28	39911999	39956702
110509148	ENSELUG00000006835	cas1	28	39719697	39763225
110509153	ENSELUG00000000272	cas2	28	40657477	40683270
110509159	ENSELUG00000007814	cas6	28	40752278	40758925
110509160	ENSELUG00000011370	cas4	28	41518103	41521386
110509162	ENSELUG00000011734	cas1	28	41551990	41568745
110509171	ENSELUG00000017094	cas3	3	11433118	11436628
110509188	ENSELUG00000013131	cas1	28	1125824	1160925
110509191	ENSELUG00000012396	cas1	28	1571490	1640448
110509192	ENSELUG00000011887	cas1	28	2094076	2190557
110509193	ENSELUG00000011451	cas1	28	2734571	2810333
110509194	ENSELUG00000010990	cas4	28	3334957	3366824
110509205	ENSELUG00000000310	cas1	28	7226307	7253049
110509207	ENSELUG00000000231	cas1	28	8325895	8335344
110509211	ENSELUG00000006354	cas1	28	8781818	8910501
110509244	ENSELUG00000009813	cas1	1	22434675	22437595
110509245	ENSELUG00000017118	cas3	3	11449258	11454366
110509306	ENSELUG00000024165	cas1	Y	1935275	1935940
110509309	ENSELUG00000003173	cas1	Y	8102932	8135313
110509310	ENSELUG00000003331	cas1	Y	8761103	8889487
110509321	ENSELUG00000005368	cas1	Y	11746058	11776004
110509326	ENSELUG00000006875	cas1	Y	13539738	13633839
110509338	ENSELUG00000011802	cas1	Y	19271624	19273362
110509342	ENSELUG00000013395	cas1	Y	20216712	20323036
110509348	ENSELUG00000000650	cas1	Y	24753545	24914892
110509353	ENSELUG00000023451	cas2	Y	2273513	2308009
110509359	ENSELUG00000017384	cas5	3	11623965	11630699
110509364	ENSELUG00000012713	cas1	Y	19805362	19806854
110509374	ENSELUG00000016728	cas1	Y	29973566	29977591
110509377	ENSELUG00000000941	cas1	Y	32610829	32612398
110509380	ENSELUG00000005457	cas1	Y	34299885	34303347
110509401	ENSELUG00000013849	cas1	Y	27940621	28015435
110509407	ENSELUG00000000633	cas1	Y	30175504	30222112
110509412	ENSELUG00000000731	cas1	Y	30691961	30780818
110509413	ENSELUG00000001587	cas1	Y	31060271	31191126
110509418	ENSELUG00000018741	cas1	Y	31237429	31443740
110509421	ENSELUG00000019186	cas1	Y	31701698	31723025
110509426	ENSELUG00000022129	cas1	Y	32999306	33011236
110509436	ENSELUG00000022554	cas1	Y	33326710	33390385
110509437	ENSELUG00000022746	cas1	Y	33615518	33617217
110509440	ENSELUG00000023598	cas1	Y	34178831	34195217
110509444	ENSELUG00000024175	cas1	Y	36371517	36383533
110509446	ENSELUG00000024152	cas1	Y	36358144	36359228
110509453	ENSELUG00000005639	cas1	Y	35911028	35950373
110509457	ENSELUG00000006119	cas1	Y	38085518	38092927
110509472	ENSELUG00000009503	cas2	Y	42579603	42607075
110509486	ENSELUG00000020934	cas1	Y	131779	149258
110509488	ENSELUG00000021202	cas1	Y	287196	291026
110509490	ENSELUG00000021056	cas1	Y	398511	425356
110509496	ENSELUG00000021638	cas1	Y	632021	650126
110509500	ENSELUG00000022080	cas1	Y	721969	726945
110509501	ENSELUG00000017619	cas2	3	11683066	11708251
110509502	ENSELUG00000022368	cas1	Y	843748	937986
110509504	ENSELUG00000001472	cas5	26	5834982	5847737
110509505	ENSELUG00000001472	cas5	6	91436202	91456697
110509508	ENSELUG00000022586	cas1	Y	1470826	1477901
110509509	ENSELUG00000000966	cas1	Y	1519416	1532574
110509510	ENSELUG00000023023	cas1	Y	1551060	1554641
110509516	ENSELUG00000024299	cas1	Y	1783138	1821590
110509520	ENSELUG00000000712	cas5	3	11776055	11779268
110509528	ENSELUG00000001251	cas2	2	20326378	20337673
110509531	ENSELUG00000000844	cas1	Y	4208866	4430679
110509537	ENSELUG00000001251	cas2	3	11737950	11747921
110509539	ENSELUG00000017221	cas1	Y	5169862	5257753
110509542	ENSELUG00000018951	cas1	Y	5514891	5523585
110509543	ENSELUG00000018120	cas6	3	11957772	11966128
110509547	ENSELUG00000023615	cas1	Y	2221879	2256249
110509549	ENSELUG00000023495	cas1	Y	2257328	2263656
110509550	ENSELUG00000023799	cas1	Y	2124528	2180665
110509551	ENSELUG00000023881	cas1	Y	2058546	2121341
110509552	ENSELUG00000023900	cas1	Y	2042907	2044519
110509554	ENSELUG00000024156	cas1	Y	1935597	1941376
110509557	ENSELUG00000024202	cas1	Y	1873013	1876963
110509560	ENSELUG00000024561	cas1	Y	6599060	6622505
110509563	ENSELUG00000017977	cas2	2	20452782	20462007
110509564	ENSELUG00000001275	cas1	Y	6756610	6763472
110509566	ENSELUG00000002557	cas1	Y	6767077	6771817
110509567	ENSELUG00000000069	cas1	Y	6798103	6816600
110509568	ENSELUG00000002753	cas1	Y	6999640	7072615
110509571	ENSELUG00000002806	cas1	Y	7104205	7108489
110509573	ENSELUG00000000085	cas1	Y	7191640	7288353
110509574	ENSELUG00000002873	cas1	Y	7502280	7504108
110509575	ENSELUG00000002989	cas1	Y	7525042	7636893
110509581	ENSELUG00000003037	cas1	Y	7907598	7917474
110509582	ENSELUG00000018167	cas2	3	11980307	11985113
110509586	ENSELUG00000003185	cas1	Y	8140782	8168089
110509587	ENSELUG00000003199	cas1	Y	8173842	8201360
110509589	ENSELUG00000003223	cas1	Y	8209282	8216845
110509590	ENSELUG00000003244	cas1	Y	8224378	8232643
110509592	ENSELUG00000017787	cas4	3	11808113	11811663
110509593	ENSELUG00000003481	cas1	Y	9028146	9130315
110509594	ENSELUG00000003539	cas1	Y	9137291	9141371
110509595	ENSELUG00000003557	cas1	Y	9141989	9150865
110509596	ENSELUG00000003584	cas1	Y	9166240	9170359
110509597	ENSELUG00000000124	cas1	Y	9177169	9241546
110509600	ENSELUG00000000762	cas4	3	11987253	12004723
110509605	ENSELUG00000003808	cas1	Y	10473432	10496533
110509607	ENSELUG00000004063	cas1	Y	10974442	11003230
110509608	ENSELUG00000018148	cas5	3	11966198	11977986
110509609	ENSELUG00000004078	cas1	Y	11004090	11018061
110509611	ENSELUG00000004116	cas1	Y	11025749	11044674
110509614	ENSELUG00000000726	cas2	3	11858718	11862407
110509616	ENSELUG00000004822	cas1	Y	11310457	11313974
110509620	ENSELUG00000005013	cas1	Y	11459925	11464582
110509623	ENSELUG00000004983	cas1	Y	11446394	11458975
110509624	ENSELUG00000000726	cas2	2	20462689	20465854
110509631	ENSELUG00000005422	cas1	Y	11821247	11850309
110509634	ENSELUG00000005582	cas3	Y	11885691	11915884
110509636	ENSELUG00000005654	cas1	Y	11961963	11966304
110509642	ENSELUG00000005718	cas1	Y	12113136	12116480
110509643	ENSELUG00000000175	cas1	Y	12116644	12126226
110509644	ENSELUG00000005752	cas1	Y	12126809	12127782
110509645	ENSELUG00000005845	cas1	Y	12142150	12144271
110509646	ENSELUG00000017767	cas2	2	20364572	20372023
110509647	ENSELUG00000005898	cas1	Y	12150366	12178844
110509649	ENSELUG00000006002	cas1	Y	12206283	12214718
110509650	ENSELUG00000006030	cas1	Y	12237703	12263143
110509651	ENSELUG00000006066	cas1	Y	12313141	12320957
110509652	ENSELUG00000006171	cas1	Y	12328752	12353472
110509653	ENSELUG00000006242	cas1	Y	12365542	12372347
110509655	ENSELUG00000017767	cas2	3	11791230	11808120
110509657	ENSELUG00000006312	cas1	Y	12557132	12627138
110509659	ENSELUG00000006377	cas1	Y	12982130	13001842
110509661	ENSELUG00000006436	cas1	Y	13018053	13088171
110509664	ENSELUG00000006487	cas1	Y	13165540	13171705
110509667	ENSELUG00000006588	cas1	Y	13262666	13336582
110509669	ENSELUG00000006692	cas1	Y	13377302	13442767
110509671	ENSELUG00000006749	cas1	Y	13498470	13504029
110509672	ENSELUG00000000226	cas1	Y	13633977	13643719
110509673	ENSELUG00000006977	cas1	Y	13728812	13731111
110509677	ENSELUG00000007082	cas1	Y	13753775	13757521
110509678	ENSELUG00000007103	cas1	Y	13779399	13782705
110509683	ENSELUG00000007510	cas1	Y	14035322	14041282
110509686	ENSELUG00000007569	cas1	Y	14122040	14148522
110509688	ENSELUG00000007577	cas1	Y	14171799	14175996
110509690	ENSELUG00000007729	cas1	Y	14215122	14231237
110509691	ENSELUG00000007783	cas1	Y	14289212	14396808
110509692	ENSELUG00000007879	cas1	Y	14449447	14492040
110509699	ENSELUG00000008489	cas1	Y	14956340	14970212
110509700	ENSELUG00000008574	cas1	Y	14973955	15000591
110509702	ENSELUG00000008627	cas1	Y	15038817	15077010
110509710	ENSELUG00000009020	cas1	Y	16438249	16451789
110509711	ENSELUG00000009143	cas1	Y	16630138	16656791
110509713	ENSELUG00000009249	cas1	Y	16658386	16701533
110509721	ENSELUG00000009635	cas1	Y	16872841	16878031
110509731	ENSELUG00000010424	cas1	Y	17391095	17394366
110509733	ENSELUG00000000379	cas1	Y	17412561	17415939
110509734	ENSELUG00000010679	cas1	Y	17419279	17425513
110509735	ENSELUG00000010787	cas1	Y	17428405	17477564
110509737	ENSELUG00000010862	cas1	Y	17517089	17597551
110509739	ENSELUG00000011011	cas4	Y	18275943	18282836
110509740	ENSELUG00000018333	cas2	3	12089901	12108140
110509742	ENSELUG00000011149	cas1	Y	18392939	18442193
110509743	ENSELUG00000011190	cas1	Y	18497932	18722649
110509745	ENSELUG00000011271	cas1	Y	18766479	18783952
110509746	ENSELUG00000011355	cas1	Y	18786846	18804561
110509748	ENSELUG00000011434	cas1	Y	18842370	18848232
110509749	ENSELUG00000011459	cas1	Y	18853270	18856153
110509751	ENSELUG00000011547	cas1	Y	18962089	19065920
110509758	ENSELUG00000011831	cas1	Y	19279996	19281486
110509759	ENSELUG00000011856	cas1	Y	19357793	19409443
110509760	ENSELUG00000011872	cas1	Y	19502531	19508829
110509762	ENSELUG00000011993	cas1	Y	19535663	19560763
110509763	ENSELUG00000012138	cas1	Y	19563521	19599545
110509765	ENSELUG00000012214	cas1	Y	19599862	19611225
110509767	ENSELUG00000012301	cas1	Y	19630925	19644968
110509768	ENSELUG00000018666	cas3	2	20990131	21058856
110509772	ENSELUG00000012675	cas1	Y	19780056	19792894
110509773	ENSELUG00000012735	cas1	Y	19807260	19835269
110509774	ENSELUG00000012795	cas1	Y	19839666	19844815
110509775	ENSELUG00000012753	cas1	Y	19837235	19840684
110509778	ENSELUG00000012852	cas1	Y	19860393	19873346
110509780	ENSELUG00000012914	cas1	Y	19946567	19950624
110509782	ENSELUG00000012955	cas1	Y	19956905	19969792
110509784	ENSELUG00000012993	cas1	Y	20025913	20042438
110509787	ENSELUG00000013067	cas1	Y	20050795	20063783
110509788	ENSELUG00000013130	cas4	Y	20088225	20093695
110509791	ENSELUG00000000490	cas1	Y	20636564	20646034
110509792	ENSELUG00000000495	cas1	Y	20692911	20712554
110509793	ENSELUG00000018737	cas5	2	21064067	21074205
110509794	ENSELUG00000013533	cas1	Y	20761661	20772043
110509795	ENSELUG00000013603	cas1	Y	20811736	20869832
110509796	ENSELUG00000013571	cas1	Y	20793882	20811225
110509800	ENSELUG00000013912	cas1	Y	20938438	20968130
110509801	ENSELUG00000013950	cas1	Y	20970332	20978032
110509802	ENSELUG00000018737	cas5	3	12432169	12438782
110509803	ENSELUG00000013966	cas1	Y	20981279	20983028
110509805	ENSELUG00000013980	cas1	Y	20983463	20985277
110509807	ENSELUG00000014271	cas1	Y	21004249	21096175
110509808	ENSELUG00000014591	cas2	Y	21138218	21146494
110509816	ENSELUG00000014976	cas5	Y	21985765	21990241
110509817	ENSELUG00000018799	cas2	2	21075240	21103699
110509831	ENSELUG00000018799	cas2	3	12439946	12460864
110509833	ENSELUG00000015632	cas1	Y	23703742	23707769
110509841	ENSELUG00000015902	cas1	Y	23853359	23878838
110509847	ENSELUG00000016411	cas4	Y	24209393	24226530
110509856	ENSELUG00000016974	cas1	Y	24410298	24432688
110509864	ENSELUG00000017301	cas1	Y	24915017	24925129
110509867	ENSELUG00000017727	cas1	Y	25304613	25362626
110509871	ENSELUG00000001308	cas1	Y	25584559	25607056
110509872	ENSELUG00000017926	cas1	Y	25628220	25645833
110509873	ENSELUG00000017881	cas1	Y	25616189	25627859
110509874	ENSELUG00000017980	cas1	Y	26123905	26263903
110509876	ENSELUG00000018143	cas1	Y	26463263	26464615
110509877	ENSELUG00000000728	cas1	Y	26504919	26532797
110509881	ENSELUG00000000790	cas1	Y	26699773	26720454
110509882	ENSELUG00000018555	cas1	Y	26729762	26733407
110509884	ENSELUG00000018565	cas1	Y	26747750	26756686
110509886	ENSELUG00000018929	cas1	Y	26811904	26825089
110509887	ENSELUG00000018945	cas1	Y	26897950	26936831
110509890	ENSELUG00000019249	cas1	Y	27020227	27056214
110509891	ENSELUG00000019289	cas1	Y	27056581	27072987
110509892	ENSELUG00000019310	cas1	Y	27082126	27099857
110509893	ENSELUG00000019330	cas1	Y	27113486	27132244
110509895	ENSELUG00000019346	cas1	Y	27145344	27147704
110509899	ENSELUG00000000849	cas1	Y	27182086	27187958
110509903	ENSELUG00000019540	cas1	Y	27238683	27256779
110509904	ENSELUG00000019615	cas1	Y	27279396	27289395
110509906	ENSELUG00000019651	cas1	Y	27308247	27318113
110509907	ENSELUG00000019704	cas1	Y	27322088	27339488
110509909	ENSELUG00000019777	cas1	Y	27368174	27380798
110509910	ENSELUG00000019802	cas1	Y	27381760	27384247
110509911	ENSELUG00000019822	cas1	Y	27390070	27392999
110509912	ENSELUG00000019873	cas1	Y	27429028	27456482
110509913	ENSELUG00000019892	cas1	Y	27467046	27490490
110509916	ENSELUG00000013683	cas1	Y	27708583	27758941
110509917	ENSELUG00000013705	cas1	Y	27763535	27768291
110509918	ENSELUG00000001456	cas1	Y	27781280	27788453
110509922	ENSELUG00000021062	cas2	6	89317125	89346431
110509923	ENSELUG00000014065	cas2	Y	28256809	28265547
110509929	ENSELUG00000000521	cas1	Y	28531997	28536813
110509932	ENSELUG00000014448	cas1	Y	28592328	28606205
110509934	ENSELUG00000000538	cas1	Y	28633897	28649733
110509935	ENSELUG00000014467	cas1	Y	28615685	28626007
110509937	ENSELUG00000014697	cas1	Y	28698895	28744025
110509938	ENSELUG00000014803	cas1	Y	28834579	28975487
110509940	ENSELUG00000019043	cas3	3	12864942	12875688
110509941	ENSELUG00000014838	cas1	Y	29050769	29098148
110509942	ENSELUG00000014856	cas4	Y	29098274	29099084
110509943	ENSELUG00000014872	cas1	Y	29102068	29110664
110509944	ENSELUG00000014898	cas1	Y	29129862	29173579
110509945	ENSELUG00000014919	cas1	Y	29177395	29211711
110509946	ENSELUG00000014965	cas1	Y	29214859	29235365
110509948	ENSELUG00000019040	cas2	3	12860738	12866559
110509949	ENSELUG00000015024	cas1	Y	29247188	29251878
110509955	ENSELUG00000015213	cas1	Y	29308144	29313233
110509956	ENSELUG00000015160	cas1	Y	29286398	29290760
110509959	ENSELUG00000015354	cas1	Y	29325241	29427868
110509961	ENSELUG00000015483	cas1	Y	29437145	29441719
110509964	ENSELUG00000015517	cas1	Y	29570335	29573444
110509965	ENSELUG00000015657	cas1	Y	29582037	29608134
110509968	ENSELUG00000015715	cas4	Y	29633391	29637493
110509969	ENSELUG00000015791	cas1	Y	29638568	29645471
110509973	ENSELUG00000015842	cas1	Y	29666670	29675086
110509974	ENSELUG00000015926	cas1	Y	29677784	29697939
110509975	ENSELUG00000015887	cas1	Y	29698344	29711347
110509977	ENSELUG00000015954	cas1	Y	29720966	29733340
110509980	ENSELUG00000016034	cas1	Y	29765481	29773626
110509981	ENSELUG00000016073	cas1	Y	29774285	29785731
110509984	ENSELUG00000000606	cas1	Y	29839912	29843350
110509989	ENSELUG00000016338	cas1	Y	29894065	29901124
110509991	ENSELUG00000016360	cas1	Y	29901166	29910366
110509997	ENSELUG00000016669	cas1	Y	29946000	29949253
110509998	ENSELUG00000016681	cas1	Y	29952492	29956193
110509999	ENSELUG00000016774	cas1	Y	29978474	30007461
110510003	ENSELUG00000010267	cas1	1	22655517	22696514
110510004	ENSELUG00000016941	cas1	Y	30139343	30147325
110510005	ENSELUG00000016828	cas1	Y	30120517	30127527
110510009	ENSELUG00000017065	cas1	Y	30264990	30291203
110510010	ENSELUG00000017145	cas1	Y	30302062	30312873
110510011	ENSELUG00000017173	cas1	Y	30319686	30332728
110510012	ENSELUG00000017488	cas1	Y	30336845	30437543
110510013	ENSELUG00000000717	cas1	Y	30456185	30503162
110510017	ENSELUG00000017823	cas1	Y	30549215	30551296
110510018	ENSELUG00000017855	cas1	Y	30575393	30651448
110510020	ENSELUG00000017880	cas1	Y	30652692	30669474
110510021	ENSELUG00000017966	cas1	Y	30669592	30681307
110510023	ENSELUG00000018277	cas1	Y	30845842	30863487
110510024	ENSELUG00000018368	cas2	Y	30921488	31017638
110510025	ENSELUG00000000784	cas1	Y	31044067	31057809
110510028	ENSELUG00000018917	cas1	Y	31610543	31613567
110510032	ENSELUG00000019011	cas1	Y	31653477	31659720
110510034	ENSELUG00000019081	cas1	Y	31679071	31682119
110510037	ENSELUG00000019210	cas1	Y	31727803	31731451
110510040	ENSELUG00000019250	cas6	Y	31747750	31750431
110510041	ENSELUG00000019308	cas1	Y	31757328	31761267
110510043	ENSELUG00000019472	cas1	Y	31771899	31778015
110510044	ENSELUG00000019393	cas1	Y	31761289	31771774
110510045	ENSELUG00000000850	cas6	Y	31778145	31789447
110510048	ENSELUG00000019572	cas1	Y	31814661	31820238
110510052	ENSELUG00000020317	cas1	Y	31943605	31992800
110510053	ENSELUG00000020371	cas1	Y	32003178	32021463
110510054	ENSELUG00000020391	cas1	Y	32021450	32037827
110510059	ENSELUG00000020713	cas1	Y	32202991	32219471
110510062	ENSELUG00000020768	cas1	Y	32240818	32244175
110510063	ENSELUG00000020802	cas1	Y	32246223	32252711
110510064	ENSELUG00000020969	cas1	Y	32252130	32282752
110510067	ENSELUG00000020985	cas2	Y	32318517	32342181
110510069	ENSELUG00000021070	cas1	Y	32343047	32346238
110510070	ENSELUG00000021178	cas1	Y	32368926	32378207
110510071	ENSELUG00000021240	cas1	Y	32380313	32390439
110510072	ENSELUG00000021271	cas1	Y	32394865	32397075
110510077	ENSELUG00000021440	cas1	Y	32480854	32486342
110510078	ENSELUG00000021472	cas1	Y	32486808	32499282
110510083	ENSELUG00000021523	cas1	Y	32635270	32642513
110510085	ENSELUG00000021549	cas1	Y	32646683	32650197
110510086	ENSELUG00000021687	cas4	Y	32662292	32669370
110510090	ENSELUG00000021758	cas1	Y	32689294	32697423
110510091	ENSELUG00000021774	cas1	Y	32706886	32718596
110510093	ENSELUG00000021834	cas1	Y	32728513	32779573
110510095	ENSELUG00000021853	cas3	Y	32783128	32793957
110510096	ENSELUG00000021884	cas2	Y	32794549	32796695
110510099	ENSELUG00000022018	cas1	Y	32827738	32836258
110510100	ENSELUG00000022043	cas1	Y	32851423	32857096
110510101	ENSELUG00000022081	cas1	Y	32860037	32892936
110510104	ENSELUG00000022152	cas1	Y	33011238	33019372
110510105	ENSELUG00000000956	cas1	Y	33020281	33037457
110510107	ENSELUG00000022317	cas1	Y	33040945	33058157
110510109	ENSELUG00000022406	cas1	Y	33066905	33196719
110510110	ENSELUG00000022490	cas1	Y	33196375	33205191
110510111	ENSELUG00000022501	cas1	Y	33212994	33235418
110510122	ENSELUG00000022863	cas1	Y	33638137	33651127
110510124	ENSELUG00000023105	cas1	Y	33845835	34089064
110510125	ENSELUG00000023270	cas1	Y	34105921	34135553
110510130	ENSELUG00000023633	cas1	Y	34218633	34226881
110510131	ENSELUG00000000997	cas1	Y	34235676	34250665
110510135	ENSELUG00000005494	cas1	Y	34338912	34342460
110510139	ENSELUG00000024077	cas1	Y	34362509	34384584
110510141	ENSELUG00000024029	cas1	Y	34447839	34455631
110510145	ENSELUG00000023815	cas1	Y	34516622	34521725
110510146	ENSELUG00000020191	cas5	3	13339193	13341845
110510153	ENSELUG00000005242	cas1	Y	34638233	34661249
110510155	ENSELUG00000005020	cas1	Y	34703325	34715546
110510156	ENSELUG00000004985	cas1	Y	34715939	34727232
110510158	ENSELUG00000004882	cas1	Y	34763682	34782858
110510159	ENSELUG00000004819	cas1	Y	34784319	34803941
110510161	ENSELUG00000004808	cas1	Y	34809871	34814939
110510164	ENSELUG00000004753	cas3	Y	34846451	34850826
110510166	ENSELUG00000004691	cas1	Y	34864106	34869495
110510168	ENSELUG00000004658	cas1	Y	34872715	34876341
110510170	ENSELUG00000004590	cas1	Y	34914257	34962958
110510173	ENSELUG00000004292	cas1	Y	35421966	35454525
110510176	ENSELUG00000004320	cas1	Y	35399336	35421812
110510179	ENSELUG00000004236	cas1	Y	35454702	35465919
110510193	ENSELUG00000004837	cas1	Y	37235305	37241163
110510197	ENSELUG00000003904	cas1	Y	37048213	37051629
110510201	ENSELUG00000003833	cas1	Y	36869593	36871603
110510202	ENSELUG00000024580	cas1	Y	36832263	36842130
110510204	ENSELUG00000001026	cas1	Y	36684066	36693105
110510206	ENSELUG00000020648	cas1	3	13517655	13520033
110510207	ENSELUG00000024267	cas1	Y	36614866	36635408
110510212	ENSELUG00000024198	cas3	Y	36424410	36447869
110510221	ENSELUG00000020671	cas1	3	13539000	13541326
110510225	ENSELUG00000005674	cas1	Y	35950589	35955683
110510229	ENSELUG00000005731	cas4	Y	37491883	37498898
110510230	ENSELUG00000000177	cas1	Y	37504513	37548113
110510231	ENSELUG00000020705	cas2	3	13558493	13678675
110510251	ENSELUG00000008432	cas1	Y	40443713	40672017
110510257	ENSELUG00000008569	cas1	Y	40748111	40771224
110510258	ENSELUG00000008609	cas2	Y	40799031	40812659
110510264	ENSELUG00000010409	cas1	1	22915370	22956393
110510276	ENSELUG00000009873	cas5	Y	42807994	42833923
110510308	ENSELUG00000000777	cas4	Y	47070742	47077583
110510309	ENSELUG00000011428	cas5	Y	47280097	47287013
110510354	ENSELUG00000020871	cas2	3	13886548	13902511
110510407	ENSELUG00000007776	cas3	4	45691397	45710259
110510413	ENSELUG00000006069	cas1	32	39216094	39221057
110510418	ENSELUG00000008858	cas5	9	8083612	8110566
110510426	ENSELUG00000013416	cas1	3	81994051	82040699
110510429	ENSELUG00000003138	cas2	30	1765747	1789588
110510445	ENSELUG00000007954	cas1	15	23387536	23399051
110510457	ENSELUG00000008858	cas5	21	61062101	61077407
110510458	ENSELUG00000007754	cas2	21	61151452	61181374
110510465	ENSELUG00000004942	cas2	9	1027341	1044929
110510474	ENSELUG00000008270	cas1	32	39519479	39521866
110510477	ENSELUG00000017402	cas6	26	5127777	5131151
110510498	ENSELUG00000016320	cas2	32	3495523	3879607
110510499	ENSELUG00000024569	cas4	30	2811893	2860702
110510505	ENSELUG00000014057	cas1	7	88790770	88852155
110510520	ENSELUG00000003537	cas3	2	12674085	12680150
110510526	ENSELUG00000012062	cas2	23	60012705	60174129
110510541	ENSELUG00000001075	cas2	7	596641	610641
110510551	ENSELUG00000016394	cas2	6	100792515	100852060
110510575	ENSELUG00000010573	cas1	1	23321071	23619775
110510589	ENSELUG00000014497	cas5	23	3950790	3974808
110510603	ENSELUG00000021239	cas2	3	14484922	14495193
110510724	ENSELUG00000013228	cas3	1	89270808	89288624
110510748	ENSELUG00000013414	cas2	15	75031834	75069209
110510766	ENSELUG00000005041	cas2	31	12493203	12539462
110510780	ENSELUG00000011845	cas1	9	6684654	6834904
110510792	ENSELUG00000011019	cas2	15	64702781	64824029
110510799	ENSELUG00000013649	cas2	17	11010117	11068307
110510810	ENSELUG00000001225	cas5	21	14828525	15310963
110510828	ENSELUG00000005933	cas5	2	9245445	9284745
110510834	ENSELUG00000002997	cas2	7	2154823	2176141
110510856	ENSELUG00000021637	cas2	3	14780067	14834031
110510910	ENSELUG00000016255	cas2	23	108027	192234
110510928	ENSELUG00000001233	cas1	1	23769293	23774865
110510930	ENSELUG00000018579	cas1	16	74825301	74845985
110510950	ENSELUG00000021724	cas5	3	14984771	14991394
110510956	ENSELUG00000004615	cas2	3	4382494	4448908
110510959	ENSELUG00000018057	cas2	19	1400041	1564792
110511038	ENSELUG00000014983	cas2	23	6339987	6367016
110511048	ENSELUG00000022501	cas1	10	47132135	47151344
110511052	ENSELUG00000012396	cas1	8	81808453	81922125
110511055	ENSELUG00000006644	cas1	Y	13347966	13366093
110511067	ENSELUG00000006440	cas2	15	55376420	55382696
110511121	ENSELUG00000016598	cas2	12	87851444	87870262
110511176	ENSELUG00000005828	cas3	3	19065512	19282368
110511230	ENSELUG00000003686	cas4	6	80431533	80468572
110511232	ENSELUG00000012238	cas2	21	5496219	5561423
110511268	ENSELUG00000005605	cas2	3	18801968	18813046
110511271	ENSELUG00000009062	cas2	10	80494096	80532152
110511302	ENSELUG00000019542	cas2	26	6298330	6302710
110511341	ENSELUG00000005471	cas2	3	18711636	18720405
110511352	ENSELUG00000005433	cas2	3	18697337	18706474
110511355	ENSELUG00000012293	cas5	18	7758036	7797212
110511356	ENSELUG00000012203	cas2	7	4879131	4882252
110511358	ENSELUG00000010714	cas1	1	23872914	23905175
110511366	ENSELUG00000005378	cas2	3	18687765	18692685
110511371	ENSELUG00000001636	cas7	15	65901742	65979435
110511372	ENSELUG00000011445	cas5	21	1319221	1348497
110511412	ENSELUG00000022815	cas2	26	46563095	46575546
110511494	ENSELUG00000013790	cas4	7	7245458	7268381
110511518	ENSELUG00000013740	cas6	13	3554145	3564093
110511522	ENSELUG00000024026	cas1	31	33119946	33123535
110511526	ENSELUG00000019872	cas2	6	91250192	91286961
110511547	ENSELUG00000019742	cas2	6	91490509	91699286
110511568	ENSELUG00000005274	cas2	3	18588699	18601905
110511600	ENSELUG00000010254	cas2	15	81534122	81554017
110511650	ENSELUG00000019656	cas2	13	8081380	8096851
110511665	ENSELUG00000001591	cas3	3	18343327	18348845
110511666	ENSELUG00000023679	cas2	17	20786463	20787989
110511667	ENSELUG00000023667	cas2	26	45501084	45647805
110511675	ENSELUG00000016641	cas4	1	94717155	95250071
110511683	ENSELUG00000016651	cas2	12	87788171	87796289
110511727	ENSELUG00000005039	cas2	3	18210021	18219582
110511737	ENSELUG00000012063	cas2	10	77885829	77889538
110511741	ENSELUG00000017279	cas2	6	99886363	99913097
110511771	ENSELUG00000005797	cas2	8	3081212	3120444
110511775	ENSELUG00000022591	cas7	15	69513903	69526128
110511819	ENSELUG00000017265	cas5	23	2313758	2316741
110511851	ENSELUG00000024425	cas2	3	18049746	18085029
110511852	ENSELUG00000013356	cas7	13	63827929	63837868
110511859	ENSELUG00000004529	cas2	6	79578522	79671531
110511860	ENSELUG00000001025	cas2	3	18033343	18048841
110511883	ENSELUG00000001896	cas2	18	12275263	12281375
110511884	ENSELUG00000014677	cas5	3	17968009	17969851
110511897	ENSELUG00000004700	cas2	12	85858200	85873796
110511902	ENSELUG00000024555	cas5	15	67079306	67084695
110511937	ENSELUG00000024199	cas5	3	17858276	17937430
110511950	ENSELUG00000010858	cas1	1	24050309	24072410
110511951	ENSELUG00000024188	cas5	3	17719737	17723597
110511972	ENSELUG00000017253	cas2	23	2250516	2255447
110511978	ENSELUG00000023639	cas2	3	16805002	16826110
110511982	ENSELUG00000012549	cas2	15	77583866	77609486
110511998	ENSELUG00000023618	cas2	3	16760501	16787227
110512007	ENSELUG00000005173	cas3	14	43227892	43233200
110512012	ENSELUG00000023506	cas2	3	16678893	16700834
110512013	ENSELUG00000013004	cas1	14	732078	751620
110512028	ENSELUG00000008238	cas2	24	42023482	42078730
110512045	ENSELUG00000022808	cas2	3	15889119	15898210
110512077	ENSELUG00000010793	cas1	1	24034225	24049433
110512127	ENSELUG00000006734	cas2	8	87687931	87691743
110512131	ENSELUG00000014657	cas5	3	15846220	15853237
110512181	ENSELUG00000005601	cas3	2	9392946	9403493
110512206	ENSELUG00000022593	cas2	3	15791844	15795523
110512269	ENSELUG00000015543	cas3	12	88996013	89070663
110512282	ENSELUG00000022443	cas3	3	15632563	15636625
110512290	ENSELUG00000020638	cas1	19	62655733	62771956
110512298	ENSELUG00000016199	cas2	26	1784882	1796285
110512308	ENSELUG00000024395	cas2	18	12857249	12862211
110512348	ENSELUG00000012792	cas2	23	61395693	61399289
110512355	ENSELUG00000002436	cas3	7	8902833	8910580
110512356	ENSELUG00000002443	cas2	7	8910691	8912800
110512403	ENSELUG00000024087	cas2	18	5923503	5949854
110512412	ENSELUG00000024388	cas3	6	84365689	84413230
110512482	ENSELUG00000015364	cas2	13	59728251	59783709
110512490	ENSELUG00000011445	cas5	15	65878010	65892365
110512505	ENSELUG00000006452	cas2	3	19821356	19844451
110512509	ENSELUG00000015364	cas2	12	89168437	89223819
110512521	ENSELUG00000016756	cas3	13	58049362	58052530
110512526	ENSELUG00000014723	cas2	7	7708177	7728376
110512529	ENSELUG00000010993	cas1	1	24105346	24114557
110512532	ENSELUG00000015324	cas5	13	59921477	59932329
110512558	ENSELUG00000006479	cas2	3	19852621	19857615
110512617	ENSELUG00000006915	cas7	10	82905730	82955813
110512620	ENSELUG00000010906	cas2	24	33813463	33876580
110512626	ENSELUG00000006492	cas2	3	19858980	19863882
110512633	ENSELUG00000001914	cas4	18	12241548	12245666
110512652	ENSELUG00000006760	cas3	3	20014592	20018502
110512655	ENSELUG00000016085	cas2	6	95760673	95766164
110512666	ENSELUG00000017444	cas3	6	98535638	98552338
110512697	ENSELUG00000003472	cas3	26	41600933	41643474
110512702	ENSELUG00000019758	cas1	1	21353302	21355858
110512703	ENSELUG00000007000	cas3	3	20262526	20270372
110512719	ENSELUG00000007016	cas3	3	20272374	20275308
110512743	ENSELUG00000016361	cas5	17	12547416	12607355
110512753	ENSELUG00000004954	cas1	Y	11351194	11448019
110512770	ENSELUG00000018501	cas1	9	75827228	76038072
110512774	ENSELUG00000020872	cas2	16	78104580	78137424
110512779	ENSELUG00000000479	cas2	12	100357004	100421823
110512783	ENSELUG00000014394	cas2	23	9406037	9611812
110512784	ENSELUG00000002363	cas2	18	6351916	6384414
110512846	ENSELUG00000020320	cas6	9	78447533	78488913
110512847	ENSELUG00000020377	cas1	9	78499887	78511152
110512886	ENSELUG00000007261	cas2	3	20490868	20508431
110512888	ENSELUG00000001202	cas2	3	4096749	4135152
110512899	ENSELUG00000007274	cas2	3	20509292	20531339
110512912	ENSELUG00000007283	cas2	3	20563648	20581532
110512929	ENSELUG00000007008	cas2	10	87474829	87572991
110512935	ENSELUG00000023600	cas2	6	85483592	85573173
110512943	ENSELUG00000009642	cas2	10	83560090	83562987
110512956	ENSELUG00000007347	cas2	3	20648378	20652052
110512959	ENSELUG00000013227	cas2	13	6152197	6167475
110512977	ENSELUG00000007398	cas2	3	20927954	20968368
110512982	ENSELUG00000024230	cas2	7	5725332	5728460
110512991	ENSELUG00000013309	cas2	13	72907046	72934615
110513011	ENSELUG00000011086	cas1	1	24127901	24151730
110513012	ENSELUG00000007486	cas2	3	21026137	21091292
110513019	ENSELUG00000001258	cas2	3	21091787	21100107
110513050	ENSELUG00000000410	cas2	10	76380267	76417797
110513063	ENSELUG00000007551	cas2	3	21112222	21133895
110513073	ENSELUG00000003990	cas2	2	13624633	13630579
110513117	ENSELUG00000016007	cas3	32	5509001	5525069
110513123	ENSELUG00000007620	cas5	3	21168140	21172480
110513128	ENSELUG00000010004	cas5	13	69233388	69379613
110513137	ENSELUG00000022663	cas2	6	87991498	87996888
110513173	ENSELUG00000003283	cas4	26	41926763	41977065
110513174	ENSELUG00000000744	cas2	6	97536534	97670291
110513177	ENSELUG00000023667	cas2	6	85332022	85482833
110513219	ENSELUG00000023152	cas2	13	12516336	12589984
110513279	ENSELUG00000014959	cas2	13	5028078	5055105
110513280	ENSELUG00000014977	cas2	13	5058451	5061519
110513288	ENSELUG00000006121	cas1	32	39140310	39160745
110513322	ENSELUG00000019243	cas1	20	21936590	21959526
110513333	ENSELUG00000014149	cas3	12	91850565	91879167
110513336	ENSELUG00000007883	cas1	32	39279326	39290813
110513400	ENSELUG00000004229	cas2	2	13250306	13324680
110513412	ENSELUG00000008156	cas1	32	39420362	39443345
110513484	ENSELUG00000002808	cas1	32	10404372	10427604
110513500	ENSELUG00000011267	cas1	1	24233216	24288176
110513504	ENSELUG00000008674	cas2	3	21632340	21643258
110513516	ENSELUG00000017163	cas2	16	4418310	4463169
110513534	ENSELUG00000008845	cas2	3	21733107	21737376
110513545	ENSELUG00000008487	cas1	32	40031984	40041977
110513561	ENSELUG00000012591	cas4	1	85304274	85351424
110513571	ENSELUG00000009642	cas2	10	79167704	79171045
110513572	ENSELUG00000009625	cas2	10	79159507	79164674
110513592	ENSELUG00000013227	cas2	17	10425824	10440953
110513600	ENSELUG00000016469	cas2	6	100772404	100779690
110513603	ENSELUG00000006172	cas1	32	39118540	39135446
110513605	ENSELUG00000011309	cas1	1	24297698	24343156
110513614	ENSELUG00000009040	cas3	3	21846132	21855155
110513655	ENSELUG00000016394	cas2	26	1461029	1499385
110513668	ENSELUG00000007075	cas5	3	2010277	2123904
110513674	ENSELUG00000001102	cas7	15	79618502	79623426
110513685	ENSELUG00000002795	cas4	2	1702951	1704863
110513717	ENSELUG00000011531	cas1	1	24368029	24406831
110513766	ENSELUG00000020976	cas6	6	89895320	89913857
110513768	ENSELUG00000009358	cas2	3	22017579	22037490
110513832	ENSELUG00000009552	cas2	3	22294867	22302014
110513834	ENSELUG00000021051	cas2	26	49615631	49620267
110513840	ENSELUG00000016235	cas2	6	93664665	93672827
110513842	ENSELUG00000016240	cas5	6	93674749	93689064
110513844	ENSELUG00000001414	cas2	3	22305939	22317533
110513865	ENSELUG00000022525	cas2	6	87546236	87693072
110513868	ENSELUG00000001395	cas1	21	10134288	10402746
110513878	ENSELUG00000009636	cas2	3	22341744	22357183
110513882	ENSELUG00000011214	cas4	17	370936	375525
110513904	ENSELUG00000013463	cas3	23	8025503	8055409
110513917	ENSELUG00000024103	cas3	18	12933662	13031321
110513918	ENSELUG00000019900	cas4	31	4236169	4290491
110513922	ENSELUG00000001868	cas2	18	12404859	12415478
110513923	ENSELUG00000009592	cas3	3	22336462	22341729
110513924	ENSELUG00000002685	cas3	26	42616750	42623307
110513925	ENSELUG00000002682	cas3	26	42624304	42627031
110513948	ENSELUG00000023152	cas2	17	20174047	20256671
110513958	ENSELUG00000014382	cas1	14	3568647	3577258
110513965	ENSELUG00000014070	cas2	12	92081486	92087514
110513996	ENSELUG00000014306	cas5	23	3708915	3779869
110514002	ENSELUG00000009766	cas2	3	22488821	22495904
110514011	ENSELUG00000017642	cas5	23	2975536	2990707
110514038	ENSELUG00000011600	cas1	1	24414999	24415804
110514051	ENSELUG00000015386	cas5	1	94227799	94232711
110514055	ENSELUG00000011054	cas2	15	65092596	65148702
110514094	ENSELUG00000007598	cas1	32	37625610	37636551
110514095	ENSELUG00000001756	cas2	3	22513124	22544099
110514102	ENSELUG00000024140	cas2	18	5988469	6000731
110514106	ENSELUG00000002921	cas2	7	2266347	2280014
110514125	ENSELUG00000018487	cas4	26	7765463	7794548
110514127	ENSELUG00000016150	cas2	26	7827705	7835252
110514133	ENSELUG00000009960	cas2	3	22575947	22603330
110514146	ENSELUG00000010060	cas2	3	22618094	22641761
110514148	ENSELUG00000024158	cas4	19	66718434	66723596
110514149	ENSELUG00000022085	cas2	13	11128608	11157190
110514161	ENSELUG00000011685	cas1	1	24455040	24496629
110514184	ENSELUG00000022191	cas2	17	18949455	18980894
110514188	ENSELUG00000000371	cas2	3	22643841	22848755
110514295	ENSELUG00000010375	cas2	3	22867615	22869747
110514297	ENSELUG00000016610	cas2	13	58312756	58347543
110514320	ENSELUG00000011259	cas5	7	1384741	1420576
110514322	ENSELUG00000010466	cas2	3	23037760	23051032
110514334	ENSELUG00000013606	cas2	15	74774447	74797613
110514401	ENSELUG00000023041	cas2	13	12399416	12401555
110514451	ENSELUG00000003938	cas2	15	1737162	1757942
110514470	ENSELUG00000019644	cas5	16	76705789	76774764
110514472	ENSELUG00000010807	cas3	3	23369004	23374440
110514481	ENSELUG00000017359	cas2	23	2576948	2647345
110514497	ENSELUG00000010004	cas5	12	98766105	98906443
110514501	ENSELUG00000017279	cas2	26	566552	610773
110514511	ENSELUG00000009340	cas5	10	84287378	84347895
110514524	ENSELUG00000000559	cas2	23	7237997	7363219
110514526	ENSELUG00000011000	cas2	3	23702665	23708816
110514534	ENSELUG00000009236	cas4	10	84654783	84660378
110514539	ENSELUG00000021269	cas7	26	49051044	49060147
110514542	ENSELUG00000016452	cas2	6	100779898	100786166
110514543	ENSELUG00000009819	cas2	15	81130263	81196289
110514547	ENSELUG00000022330	cas2	6	87224683	87258522
110514591	ENSELUG00000007075	cas5	2	8205100	8327730
110514611	ENSELUG00000020976	cas6	26	49969549	49986453
110514631	ENSELUG00000012697	cas4	1	85641603	85863008
110514653	ENSELUG00000013191	cas2	12	100307520	100352175
110514654	ENSELUG00000019843	cas5	6	91293659	91343222
110514668	ENSELUG00000011208	cas1	3	23820422	23832249
110514691	ENSELUG00000007992	cas2	10	86230780	86285648
110514693	ENSELUG00000023905	cas2	6	85084629	85092097
110514733	ENSELUG00000011519	cas2	3	23908888	23932207
110514781	ENSELUG00000001149	cas2	3	23946808	23950487
110514831	ENSELUG00000011842	cas3	3	24189209	24198813
110514837	ENSELUG00000004500	cas2	26	39907294	39961804
110514838	ENSELUG00000004478	cas4	26	39962360	39968218
110514842	ENSELUG00000011900	cas3	3	24217505	24221727
110514875	ENSELUG00000000639	cas2	6	99340747	99357939
110514880	ENSELUG00000000410	cas2	19	7050191	7086828
110514890	ENSELUG00000011994	cas2	3	24259081	24286618
110514895	ENSELUG00000010777	cas2	21	10730550	10791811
110514924	ENSELUG00000011912	cas1	1	24565999	24580991
110514930	ENSELUG00000012012	cas2	3	24299707	24313412
110514974	ENSELUG00000019872	cas2	26	5662576	5697259
110514975	ENSELUG00000003386	cas1	18	53713836	53730416
110514990	ENSELUG00000004253	cas5	6	79887514	79898351
110515018	ENSELUG00000004872	cas1	8	4646360	4672117
110515022	ENSELUG00000013659	cas3	1	90116501	90141830
110515023	ENSELUG00000013681	cas2	1	90142444	90150699
110515024	ENSELUG00000013699	cas5	1	90151430	90156318
110515025	ENSELUG00000013652	cas3	23	8283147	8289116
110515053	ENSELUG00000006891	cas4	10	82961071	82976330
110515059	ENSELUG00000022283	cas2	26	47333807	47336126
110515093	ENSELUG00000006916	cas2	13	56227043	56250925
110515105	ENSELUG00000016221	cas3	26	7863456	7873075
110515109	ENSELUG00000001150	cas5	23	1517507	1557129
110515118	ENSELUG00000000181	cas1	32	37424742	37463299
110515126	ENSELUG00000006834	cas1	32	38633801	38640212
110515152	ENSELUG00000002921	cas2	18	332802	346491
110515215	ENSELUG00000015075	cas2	23	6376624	6394234
110515217	ENSELUG00000015094	cas2	1	94073070	94089003
110515218	ENSELUG00000014983	cas2	1	94010679	94040287
110515238	ENSELUG00000012939	cas3	3	25058594	25072664
110515252	ENSELUG00000013466	cas2	17	7331517	7363773
110515267	ENSELUG00000000473	cas2	3	25076339	25101218
110515300	ENSELUG00000002580	cas2	26	43084632	43160907
110515322	ENSELUG00000009410	cas2	21	11724426	11797595
110515325	ENSELUG00000013945	cas2	18	8481189	8498270
110515341	ENSELUG00000016885	cas2	23	1305547	1344732
110515349	ENSELUG00000009776	cas2	15	81117196	81119754
110515350	ENSELUG00000009755	cas7	15	81078613	81101324
110515357	ENSELUG00000006606	cas2	10	83115456	83131029
110515392	ENSELUG00000003046	cas2	18	572125	578558
110515394	ENSELUG00000003046	cas2	7	2016743	2022878
110515400	ENSELUG00000016459	cas2	18	70723470	70754431
110515416	ENSELUG00000022525	cas2	26	47649407	47827344
110515419	ENSELUG00000013267	cas2	3	25262873	25270428
110515428	ENSELUG00000017393	cas3	10	71477149	71516366
110515455	ENSELUG00000000684	cas1	20	45324901	45444013
110515478	ENSELUG00000013407	cas3	17	1263796	1309357
110515531	ENSELUG00000018435	cas1	18	67366249	67386543
110515541	ENSELUG00000003712	cas2	26	40790618	40803973
110515550	ENSELUG00000013436	cas2	3	25577166	25584936
110515626	ENSELUG00000012102	cas2	8	90228661	90295350
110515629	ENSELUG00000013653	cas2	3	25760214	25771793
110515632	ENSELUG00000005374	cas5	13	53663502	53679228
110515633	ENSELUG00000005342	cas3	13	53658770	53662221
110515635	ENSELUG00000012747	cas2	15	77418263	77506802
110515651	ENSELUG00000003509	cas5	6	81153779	81265396
110515656	ENSELUG00000013678	cas2	3	25782275	25800223
110515667	ENSELUG00000019742	cas2	26	5865217	6022674
110515674	ENSELUG00000012656	cas5	23	60371446	60633294
110515682	ENSELUG00000017402	cas6	6	98587321	98591194
110515683	ENSELUG00000017345	cas2	26	5043780	5086440
110515721	ENSELUG00000024503	cas2	14	32890968	33341320
110515723	ENSELUG00000007150	cas1	Y	38655627	38707017
110515725	ENSELUG00000013927	cas2	12	92175187	92289193
110515744	ENSELUG00000012259	cas1	1	24610417	24616000
110515765	ENSELUG00000014187	cas2	3	25837637	25854424
110515783	ENSELUG00000003614	cas2	2	12924472	12934534
110515810	ENSELUG00000014355	cas2	3	25866173	25883288
110515815	ENSELUG00000013699	cas5	23	8315622	8319738
110515845	ENSELUG00000014422	cas5	3	25883818	25895863
110515850	ENSELUG00000007454	cas5	13	57090301	57092931
110515851	ENSELUG00000011199	cas1	15	13402093	13452046
110515869	ENSELUG00000012085	cas1	1	24602424	24616000
110515873	ENSELUG00000003509	cas5	26	41462716	41567947
110515874	ENSELUG00000014963	cas3	13	60431856	60458020
110515885	ENSELUG00000015075	cas2	1	94054281	94067997
110515887	ENSELUG00000015094	cas2	23	6398501	6414349
110515888	ENSELUG00000014705	cas2	3	26049321	26057011
110515892	ENSELUG00000012167	cas2	12	97078111	97137134
110515898	ENSELUG00000014821	cas3	3	26071056	26094219
110515910	ENSELUG00000023894	cas2	13	13356335	13360812
110515911	ENSELUG00000023894	cas2	17	21006743	21010684
110515914	ENSELUG00000014738	cas2	3	26068542	26070879
110515929	ENSELUG00000012287	cas4	15	66519718	66553585
110515934	ENSELUG00000002830	cas4	2	1427251	1457133
110515947	ENSELUG00000001477	cas1	15	12835920	13122551
110515971	ENSELUG00000012421	cas1	1	24625387	24667508
110515986	ENSELUG00000015107	cas2	3	26317574	26331168
110516015	ENSELUG00000015189	cas2	3	26389811	26392182
110516022	ENSELUG00000017345	cas2	6	98680420	98724380
110516029	ENSELUG00000015275	cas2	3	26396816	26401897
110516043	ENSELUG00000015322	cas2	3	26402996	26406411
110516073	ENSELUG00000012591	cas4	23	60325289	60371061
110516093	ENSELUG00000015727	cas2	3	26548090	26567630
110516104	ENSELUG00000012519	cas5	1	24712049	24716484
110516113	ENSELUG00000015493	cas2	10	69294996	69305007
110516127	ENSELUG00000016085	cas2	26	1931880	1936379
110516135	ENSELUG00000015672	cas3	3	26541714	26547841
110516183	ENSELUG00000007241	cas1	9	64443372	64453470
110516190	ENSELUG00000015882	cas2	3	26608152	26621798
110516202	ENSELUG00000012341	cas4	17	9809127	9871028
110516215	ENSELUG00000015274	cas5	23	6908070	6943623
110516224	ENSELUG00000015815	cas2	3	26605173	26608086
110516250	ENSELUG00000015918	cas2	3	26622661	26628082
110516285	ENSELUG00000016013	cas2	3	26691738	26715464
110516332	ENSELUG00000011970	cas2	15	66151307	66204144
110516353	ENSELUG00000009098	cas4	10	80353937	80358078
110516360	ENSELUG00000006304	cas1	4	43631401	43633639
110516366	ENSELUG00000017168	cas2	23	1872701	1912670
110516439	ENSELUG00000007805	cas2	13	57174996	57189319
110516453	ENSELUG00000018188	cas1	9	74302007	74346314
110516471	ENSELUG00000017955	cas1	9	73451871	73704799
110516493	ENSELUG00000012539	cas4	11	16444804	16478554
110516508	ENSELUG00000006084	cas1	32	39161762	39207900
110516533	ENSELUG00000012650	cas1	1	24784969	24796359
110516535	ENSELUG00000001154	cas2	21	12829169	12837237
110516540	ENSELUG00000008019	cas5	13	57303445	57459461
110516550	ENSELUG00000002772	cas2	2	1704889	1707675
110516560	ENSELUG00000011583	cas5	21	9868402	9870589
110516566	ENSELUG00000011344	cas5	21	824590	851766
110516570	ENSELUG00000024140	cas2	7	508379	520534
110516591	ENSELUG00000012167	cas2	13	71080389	71149006
110516605	ENSELUG00000010100	cas2	12	98976333	98977246
110516610	ENSELUG00000008019	cas5	12	86607875	86770336
110516616	ENSELUG00000016769	cas2	6	100424047	100483736
110516628	ENSELUG00000016200	cas3	6	93536089	93568621
110516629	ENSELUG00000016221	cas3	6	93576252	93584930
110516650	ENSELUG00000012293	cas5	7	4858173	4878929
110516668	ENSELUG00000012697	cas4	23	60646066	60907352
110516675	ENSELUG00000019497	cas2	26	6355006	6370795
110516695	ENSELUG00000024128	cas5	26	44963034	44971924
110516721	ENSELUG00000010550	cas2	12	98187732	98218285
110516737	ENSELUG00000011163	cas2	17	525760	593946
110516738	ENSELUG00000011115	cas2	17	594071	616131
110516739	ENSELUG00000010966	cas2	3	84312715	84624269
110516746	ENSELUG00000016641	cas4	23	277610	840685
110516757	ENSELUG00000016676	cas2	10	70328344	70355179
110516815	ENSELUG00000018525	cas2	16	74779046	74814478
110516816	ENSELUG00000013248	cas2	21	4384016	4441236
110516831	ENSELUG00000011380	cas4	17	8452099	8491706
110516868	ENSELUG00000009387	cas2	21	8024974	8047016
110516869	ENSELUG00000009374	cas5	15	80348246	80354306
110516875	ENSELUG00000012943	cas3	1	86764287	86783717
110516876	ENSELUG00000018803	cas2	6	93111509	93199047
110516884	ENSELUG00000012083	cas2	10	77913969	77919654
110516895	ENSELUG00000008486	cas2	2	14404395	14406810
110516900	ENSELUG00000016713	cas2	3	27588215	27592913
110516940	ENSELUG00000013606	cas2	21	5182911	5200193
110516942	ENSELUG00000013570	cas5	15	74800563	74805861
110516970	ENSELUG00000000467	cas1	1	24825285	24833428
110517039	ENSELUG00000016598	cas2	13	58352727	58371333
110517083	ENSELUG00000016416	cas2	6	94149171	94210240
110517107	ENSELUG00000019600	cas5	6	91764066	91789867
110517127	ENSELUG00000006784	cas1	8	87794124	87824786
110517131	ENSELUG00000001395	cas1	15	73258523	73536948
110517143	ENSELUG00000016733	cas3	23	1113638	1117176
110517149	ENSELUG00000016769	cas2	26	1154272	1226494
110517153	ENSELUG00000013662	cas2	15	74657149	74743482
110517154	ENSELUG00000013782	cas2	13	3533508	3554061
110517207	ENSELUG00000012961	cas4	1	24853824	24865158
110517212	ENSELUG00000009275	cas2	15	80268944	80284094
110517249	ENSELUG00000002514	cas3	7	2575267	2576579
110517253	ENSELUG00000014306	cas5	1	87953865	88022972
110517265	ENSELUG00000000248	cas1	32	37899942	37988524
110517300	ENSELUG00000007397	cas2	18	18176721	18224140
110517304	ENSELUG00000000624	cas1	9	37666342	37717107
110517310	ENSELUG00000013756	cas2	13	63307181	63309144
110517311	ENSELUG00000012987	cas1	1	24865541	24895157
110517362	ENSELUG00000023232	cas2	17	20273790	20306186
110517393	ENSELUG00000011344	cas5	15	65268990	65303134
110517398	ENSELUG00000021491	cas2	6	88485457	88531275
110517405	ENSELUG00000013466	cas2	17	1343353	1361846
110517412	ENSELUG00000013191	cas2	13	72804720	72833148
110517414	ENSELUG00000013112	cas2	13	72746744	72796030
110517473	ENSELUG00000002785	cas2	30	2673020	2688608
110517476	ENSELUG00000007822	cas1	30	14561897	14617511
110517556	ENSELUG00000011366	cas1	6	32021741	32033670
110517579	ENSELUG00000008962	cas4	32	40244662	40250463
110517586	ENSELUG00000017011	cas2	18	73304371	73363731
110517597	ENSELUG00000022784	cas2	26	46578514	46584215
110517600	ENSELUG00000011844	cas4	21	1517362	1600082
110517601	ENSELUG00000013600	cas2	13	5585054	5595560
110517608	ENSELUG00000011037	cas2	15	64839151	64929591
110517609	ENSELUG00000004087	cas2	2	13574497	13582605
110517611	ENSELUG00000012556	cas1	20	40421055	40439528
110517645	ENSELUG00000001513	cas2	13	7147638	7210032
110517726	ENSELUG00000010636	cas2	12	98283462	98316905
110517730	ENSELUG00000009168	cas2	15	80203140	80213290
110517746	ENSELUG00000012203	cas2	18	7755104	7757779
110517756	ENSELUG00000016200	cas3	26	7835698	7858490
110517792	ENSELUG00000013056	cas1	1	24898911	24905644
110517805	ENSELUG00000003881	cas3	6	80334803	80378973
110517830	ENSELUG00000023938	cas5	2	101745268	101746547
110517872	ENSELUG00000015209	cas4	23	6812803	6823775
110517891	ENSELUG00000006678	cas4	3	2856098	2869094
110517892	ENSELUG00000006628	cas2	3	2871412	2883602
110517899	ENSELUG00000002824	cas3	7	10009845	10052115
110517909	ENSELUG00000013104	cas6	1	24906865	24910476
110517912	ENSELUG00000011133	cas2	22	51059254	51085922
110517994	ENSELUG00000024164	cas5	6	84728501	84733986
110518030	ENSELUG00000019584	cas2	3	30726006	30742291
110518089	ENSELUG00000003306	cas2	7	6773698	6801462
110518105	ENSELUG00000015266	cas3	23	6885354	6901189
110518117	ENSELUG00000004475	cas5	3	4514323	4531079
110518132	ENSELUG00000013563	cas3	12	93286453	93311362
110518175	ENSELUG00000019621	cas2	6	91705434	91720120
110518194	ENSELUG00000014766	cas6	1	88981098	88992460
110518251	ENSELUG00000018605	cas2	17	13501240	13525139
110518388	ENSELUG00000006796	cas2	2	8820359	9072449
110518410	ENSELUG00000022663	cas2	26	48110914	48116507
110518411	ENSELUG00000010410	cas2	12	97979771	98001593
110518420	ENSELUG00000023921	cas3	21	15902931	15905674
110518428	ENSELUG00000004992	cas3	12	86227004	86230662
110518431	ENSELUG00000004097	cas2	6	80008833	80038224
110518435	ENSELUG00000018200	cas3	19	783571	794371
110518435	ENSELUG00000018193	cas4	19	783571	794371
110518436	ENSELUG00000000607	cas2	12	88336013	88375636
110518476	ENSELUG00000019600	cas5	26	6099538	6128259
110518527	ENSELUG00000001847	cas4	7	6037832	6038818
110518542	ENSELUG00000010886	cas2	13	69538537	69671764
110518551	ENSELUG00000000939	cas2	17	15898886	15917523
110518582	ENSELUG00000016320	cas2	18	71321529	71779541
110518584	ENSELUG00000004783	cas2	31	1010643	1033867
110518612	ENSELUG00000004735	cas2	13	53133550	53138298
110518683	ENSELUG00000000737	cas5	16	74387940	74450972
110518702	ENSELUG00000011191	cas2	2	15898225	15982097
110518729	ENSELUG00000010262	cas5	15	72381871	72404638
110518739	ENSELUG00000021612	cas2	17	15835434	15838685
110518747	ENSELUG00000019110	cas1	3	70231555	70314000
110518779	ENSELUG00000002309	cas2	18	6172823	6188926
110518781	ENSELUG00000017960	cas2	23	3100564	3172786
110518830	ENSELUG00000001344	cas2	7	4923178	4950963
110518831	ENSELUG00000012165	cas3	7	4896563	4916538
110518853	ENSELUG00000001348	cas3	26	2106751	2119548
110518863	ENSELUG00000016688	cas2	32	2525059	2686032
110518866	ENSELUG00000017177	cas2	26	787703	807661
110518873	ENSELUG00000017755	cas2	23	3018462	3021528
110518890	ENSELUG00000018785	cas2	17	14647842	14664571
110518911	ENSELUG00000016278	cas2	6	93820258	93825711
110518923	ENSELUG00000008358	cas2	1	3022610	3524283
110518928	ENSELUG00000009653	cas2	17	4995034	5004514
110518941	ENSELUG00000019031	cas1	14	8511996	8562493
110518949	ENSELUG00000024215	cas2	7	541923	566230
110518951	ENSELUG00000016139	cas2	26	1802957	1809120
110518952	ENSELUG00000016162	cas7	26	1796440	1802904
110518959	ENSELUG00000020126	cas2	26	50901176	50996758
110518980	ENSELUG00000007054	cas3	14	30507608	30513487
110519016	ENSELUG00000013613	cas1	1	25044445	25083238
110519057	ENSELUG00000012656	cas5	1	85358222	85624716
110519069	ENSELUG00000021558	cas6	3	33838962	33844810
110519098	ENSELUG00000006893	cas5	2	8769881	8782987
110519120	ENSELUG00000017700	cas2	26	121543	165889
110519138	ENSELUG00000016358	cas2	6	93907727	94015425
110519153	ENSELUG00000016688	cas2	18	70192261	70385585
110519157	ENSELUG00000003686	cas4	26	40804103	40832292
110519217	ENSELUG00000004097	cas2	26	40335544	40365947
110519228	ENSELUG00000013362	cas4	13	5794309	5799274
110519243	ENSELUG00000012161	cas2	10	77977609	78032604
110519246	ENSELUG00000017275	cas3	23	2322964	2324578
110519256	ENSELUG00000021932	cas2	3	34347129	34351764
110519284	ENSELUG00000022022	cas2	3	34363003	34384107
110519296	ENSELUG00000022137	cas3	3	34413649	34426171
110519300	ENSELUG00000023905	cas2	26	45296009	45302288
110519305	ENSELUG00000006915	cas7	10	87573667	87623845
110519306	ENSELUG00000022088	cas3	3	34401705	34413494
110519316	ENSELUG00000017919	cas4	19	3290812	3295531
110519325	ENSELUG00000022209	cas2	3	34428583	34456802
110519329	ENSELUG00000024161	cas3	18	6001744	6007442
110519331	ENSELUG00000013630	cas2	7	4355370	4725277
110519336	ENSELUG00000022220	cas2	3	34458503	34471595
110519348	ENSELUG00000012747	cas2	21	2588642	2667278
110519363	ENSELUG00000016255	cas2	1	94566008	94639453
110519411	ENSELUG00000024114	cas2	18	12912019	12922730
110519415	ENSELUG00000020038	cas4	26	51057124	51100470
110519426	ENSELUG00000016240	cas5	26	7943252	7965019
110519434	ENSELUG00000006711	cas4	7	14991829	15002558
110519453	ENSELUG00000001511	cas2	19	8014499	8038114
110519491	ENSELUG00000001452	cas3	31	1726757	1734414
110519502	ENSELUG00000002997	cas2	18	442796	467259
110519503	ENSELUG00000003644	cas2	6	80588358	80636021
110519516	ENSELUG00000011364	cas2	13	70471423	70508076
110519517	ENSELUG00000013649	cas2	13	5484170	5554917
110519518	ENSELUG00000013600	cas2	17	10956954	10973494
110519559	ENSELUG00000003644	cas2	26	40938030	40983650
110519573	ENSELUG00000022330	cas2	26	47363632	47396784
110519597	ENSELUG00000012105	cas1	9	6429685	6472475
110519667	ENSELUG00000015921	cas3	3	36112187	36117544
110519671	ENSELUG00000008908	cas1	32	40177584	40218209
110519740	ENSELUG00000007295	cas1	32	37756012	37762900
110519829	ENSELUG00000023168	cas2	21	14587560	14596988
110519875	ENSELUG00000001513	cas2	17	14781130	14843940
110519899	ENSELUG00000006333	cas4	4	43740263	43768983
110519917	ENSELUG00000021979	cas5	3	15184818	15204146
110519929	ENSELUG00000022207	cas7	3	15282905	15298123
110519935	ENSELUG00000000963	cas6	3	36731832	36754332
110519936	ENSELUG00000011464	cas1	3	37419106	37424336
110519940	ENSELUG00000011505	cas1	3	37688788	37691898
110519945	ENSELUG00000023805	cas1	3	38263798	38401288
110519951	ENSELUG00000014316	cas1	1	25372830	25381856
110519953	ENSELUG00000012218	cas1	3	39258791	39269466
110519954	ENSELUG00000009343	cas1	3	39388775	39393540
110519955	ENSELUG00000009392	cas1	3	39411232	39508811
110519956	ENSELUG00000009467	cas1	3	39608169	39621078
110519965	ENSELUG00000011050	cas1	3	39745774	39769426
110519968	ENSELUG00000010723	cas1	3	40396378	40405035
110519971	ENSELUG00000010471	cas1	3	41554471	41725755
110519972	ENSELUG00000010449	cas1	3	41740090	41767612
110519974	ENSELUG00000010258	cas1	3	41942099	41965241
110519975	ENSELUG00000010067	cas1	3	41987255	42160686
110519977	ENSELUG00000009971	cas1	3	42175881	42205548
110519981	ENSELUG00000009237	cas1	3	42616569	42682056
110519984	ENSELUG00000008743	cas1	3	43169785	43513887
110519986	ENSELUG00000014555	cas1	1	25448856	25458271
110519988	ENSELUG00000009514	cas1	3	42461537	42534154
110519989	ENSELUG00000008916	cas1	3	43051602	43083760
110519990	ENSELUG00000009179	cas1	3	42696546	42715828
110519994	ENSELUG00000008640	cas1	3	43830961	43845629
110519995	ENSELUG00000008615	cas1	3	43857089	43875820
110520002	ENSELUG00000012848	cas1	3	44470171	44475272
110520004	ENSELUG00000012944	cas1	3	44523710	44718478
110520005	ENSELUG00000013040	cas1	3	44904034	44930884
110520009	ENSELUG00000013282	cas1	3	44964412	44986254
110520011	ENSELUG00000013663	cas6	3	45041037	45092075
110520025	ENSELUG00000015137	cas1	3	45509465	45539298
110520031	ENSELUG00000014811	cas5	3	45726237	45823301
110520050	ENSELUG00000015006	cas1	1	26680211	26696018
110520063	ENSELUG00000019309	cas1	3	47855716	47861197
110520067	ENSELUG00000019585	cas1	3	47981052	48027085
110520069	ENSELUG00000015203	cas1	1	26944223	26951092
110520070	ENSELUG00000001378	cas1	3	48114234	48170057
110520071	ENSELUG00000019736	cas1	3	48233820	48269471
110520074	ENSELUG00000019835	cas1	3	48399830	48448287
110520076	ENSELUG00000020037	cas1	3	48562651	48577839
110520077	ENSELUG00000020057	cas1	3	48578036	48610361
110520078	ENSELUG00000015250	cas1	1	27152820	27171343
110520086	ENSELUG00000020630	cas1	3	48995197	49035203
110520088	ENSELUG00000020701	cas1	3	49043334	49046003
110520090	ENSELUG00000020774	cas1	3	49052384	49057523
110520091	ENSELUG00000020820	cas1	3	49062485	49070285
110520097	ENSELUG00000021349	cas1	3	49266948	49281964
110520099	ENSELUG00000021370	cas1	3	49296162	49300776
110520100	ENSELUG00000021473	cas1	3	49303033	49357448
110520109	ENSELUG00000021960	cas1	3	49529978	49557537
110520110	ENSELUG00000021984	cas2	3	49560085	49563837
110520111	ENSELUG00000015453	cas1	1	27271900	27308715
110520112	ENSELUG00000022118	cas1	3	49563841	49608114
110520113	ENSELUG00000022308	cas1	3	49629246	49676777
110520115	ENSELUG00000022459	cas1	3	49731876	49735462
110520117	ENSELUG00000022563	cas1	3	49862239	49865998
110520118	ENSELUG00000022548	cas3	3	49814771	49862076
110520121	ENSELUG00000022630	cas1	3	49895327	49901575
110520122	ENSELUG00000022653	cas1	3	49905433	49920328
110520123	ENSELUG00000015558	cas1	1	27332548	27342006
110520124	ENSELUG00000000967	cas1	3	49962467	49978892
110520125	ENSELUG00000022744	cas1	3	49979196	49981870
110520126	ENSELUG00000022797	cas1	3	50084100	50099697
110520127	ENSELUG00000022918	cas1	3	50139213	50141004
110520129	ENSELUG00000022931	cas1	3	50144655	50146492
110520130	ENSELUG00000022940	cas1	3	50146811	50153227
110520131	ENSELUG00000022987	cas1	3	50155835	50158848
110520134	ENSELUG00000023080	cas1	3	50316070	50321294
110520139	ENSELUG00000023205	cas1	3	50440201	50442930
110520140	ENSELUG00000023307	cas1	3	50455039	50519865
110520142	ENSELUG00000023324	cas1	3	50534079	50542288
110520143	ENSELUG00000023532	cas1	3	50546066	50585895
110520144	ENSELUG00000015638	cas1	1	27375840	27392581
110520145	ENSELUG00000023346	cas1	3	50588958	50592305
110520149	ENSELUG00000023700	cas1	3	50619021	50636522
110520151	ENSELUG00000024361	cas3	3	50652633	50665607
110520158	ENSELUG00000003443	cas6	3	51065174	51110275
110520163	ENSELUG00000003620	cas1	3	51228485	51230831
110520166	ENSELUG00000003679	cas1	3	51276921	51389582
110520172	ENSELUG00000003796	cas1	3	51630789	51680912
110520174	ENSELUG00000003853	cas1	3	51759256	51766986
110520180	ENSELUG00000004474	cas1	3	52708371	52760376
110520181	ENSELUG00000004422	cas2	3	52686923	52692178
110520182	ENSELUG00000004422	cas2	3	52704952	52708746
110520183	ENSELUG00000004545	cas1	3	52827783	52875770
110520189	ENSELUG00000004633	cas1	3	53235543	53253493
110520191	ENSELUG00000004727	cas1	3	53347656	53375674
110520199	ENSELUG00000004956	cas3	3	53817111	53864985
110520206	ENSELUG00000015860	cas1	1	27490544	27498055
110520223	ENSELUG00000005383	cas1	3	54859520	54931543
110520224	ENSELUG00000005394	cas1	3	54993444	55001733
110520225	ENSELUG00000005420	cas1	3	55021730	55045043
110520236	ENSELUG00000005904	cas1	3	55792359	55800630
110520237	ENSELUG00000005798	cas1	3	55741697	55779314
110520240	ENSELUG00000005977	cas1	3	55833743	55849324
110520247	ENSELUG00000006339	cas1	3	55968189	55970943
110520249	ENSELUG00000006364	cas1	3	55980352	55981350
110520258	ENSELUG00000016074	cas1	1	27560102	27564306
110520263	ENSELUG00000007099	cas1	3	56600804	56650953
110520264	ENSELUG00000007052	cas1	3	56589557	56600573
110520266	ENSELUG00000007197	cas1	3	56668133	56680567
110520267	ENSELUG00000016104	cas1	1	27566356	27575092
110520269	ENSELUG00000007224	cas1	3	56832398	56844653
110520270	ENSELUG00000007299	cas1	3	56867209	56917413
110520273	ENSELUG00000007493	cas1	3	57143435	57206958
110520276	ENSELUG00000007583	cas1	3	57232633	57260239
110520278	ENSELUG00000007628	cas1	3	57321238	57330396
110520279	ENSELUG00000007659	cas1	3	57335037	57405623
110520286	ENSELUG00000007919	cas1	3	57909607	57919306
110520287	ENSELUG00000007936	cas2	3	57934070	57943312
110520288	ENSELUG00000008110	cas1	3	58743901	58761841
110520290	ENSELUG00000008161	cas1	3	58775631	58932254
110520291	ENSELUG00000008188	cas1	3	58936477	58948624
110520295	ENSELUG00000012275	cas1	3	59556678	59581956
110520296	ENSELUG00000011946	cas1	3	60292403	60416303
110520298	ENSELUG00000011901	cas1	3	60421641	60463431
110520299	ENSELUG00000011841	cas1	3	60545104	60560296
110520304	ENSELUG00000011603	cas1	3	60634539	60654313
110520305	ENSELUG00000011686	cas1	3	60620486	60633884
110520311	ENSELUG00000010667	cas1	3	60974920	61013177
110520314	ENSELUG00000010536	cas1	3	61202903	61254638
110520315	ENSELUG00000010488	cas1	3	61331359	61370875
110520321	ENSELUG00000010311	cas1	3	61648705	61663408
110520323	ENSELUG00000016340	cas1	1	27850552	27978660
110520341	ENSELUG00000009006	cas1	3	62200831	62203750
110520344	ENSELUG00000008886	cas1	3	62254960	62272829
110520352	ENSELUG00000008492	cas1	3	62622919	62648515
110520358	ENSELUG00000008344	cas3	3	62855879	62858995
110520365	ENSELUG00000016545	cas1	1	28106386	28220829
110520382	ENSELUG00000007366	cas1	3	64380591	64382791
110520385	ENSELUG00000016486	cas1	1	28098876	28106017
110520393	ENSELUG00000006914	cas1	3	65106729	65108799
110520395	ENSELUG00000006895	cas4	3	65146520	65150171
110520401	ENSELUG00000006752	cas1	3	65260200	65311166
110520402	ENSELUG00000006647	cas1	3	65320894	65326014
110520403	ENSELUG00000001582	cas1	3	65330832	65362601
110520404	ENSELUG00000006630	cas1	3	65326162	65330529
110520405	ENSELUG00000006409	cas1	3	65387523	65390331
110520409	ENSELUG00000006176	cas1	3	65503985	65508384
110520410	ENSELUG00000001076	cas1	3	65491959	65503791
110520412	ENSELUG00000006128	cas1	3	65520214	65535280
110520413	ENSELUG00000006094	cas1	3	65535814	65549415
110520414	ENSELUG00000016570	cas1	1	28242570	28288088
110520416	ENSELUG00000006026	cas1	3	65614185	65637086
110520418	ENSELUG00000005791	cas1	3	65821455	65840478
110520419	ENSELUG00000005773	cas1	3	65853721	65963713
110520420	ENSELUG00000005744	cas1	3	65973480	65978709
110520436	ENSELUG00000005213	cas1	3	67020454	67023408
110520437	ENSELUG00000005199	cas1	3	67066357	67078648
110520439	ENSELUG00000005100	cas1	3	67170253	67173369
110520441	ENSELUG00000005092	cas1	3	67177361	67223961
110520442	ENSELUG00000005069	cas1	3	67224861	67236245
110520446	ENSELUG00000004999	cas1	3	67309297	67362976
110520448	ENSELUG00000001542	cas1	3	67397151	67409646
110520449	ENSELUG00000004908	cas1	3	67418016	67428372
110520450	ENSELUG00000004887	cas1	3	67461512	67504224
110520451	ENSELUG00000004869	cas1	3	67524601	67542329
110520452	ENSELUG00000004857	cas1	3	67545597	67568698
110520461	ENSELUG00000004714	cas1	3	67944878	67980956
110520466	ENSELUG00000004560	cas1	3	68227272	68253241
110520467	ENSELUG00000004499	cas1	3	68278572	68292750
110520472	ENSELUG00000004460	cas1	3	68846508	68850315
110520474	ENSELUG00000004409	cas1	3	69260503	69277276
110520476	ENSELUG00000004344	cas1	3	69380467	69469698
110520477	ENSELUG00000004092	cas1	3	69595837	69614655
110520478	ENSELUG00000004084	cas1	3	69625755	69635303
110520480	ENSELUG00000004040	cas1	3	69641266	69644739
110520481	ENSELUG00000004002	cas1	3	69649537	69675010
110520482	ENSELUG00000016964	cas1	1	28346541	28385332
110520488	ENSELUG00000018660	cas1	3	69933697	69938856
110520491	ENSELUG00000018871	cas1	3	69980268	70034757
110520492	ENSELUG00000018898	cas1	3	70035040	70048393
110520496	ENSELUG00000019083	cas1	3	70125298	70135532
110520499	ENSELUG00000006796	cas2	3	2606023	2853339
110520517	ENSELUG00000019530	cas1	3	71708482	71716359
110520519	ENSELUG00000019560	cas6	3	71774030	71785013
110520520	ENSELUG00000019568	cas1	3	71932421	71937033
110520523	ENSELUG00000019792	cas1	3	72010695	72114513
110520529	ENSELUG00000019950	cas1	3	72264378	72266650
110520532	ENSELUG00000020190	cas1	3	72660773	72664405
110520539	ENSELUG00000020485	cas1	3	72870852	72881264
110520540	ENSELUG00000020495	cas1	3	72970789	72973876
110520545	ENSELUG00000020579	cas1	3	73068745	73121183
110520548	ENSELUG00000020652	cas1	3	73162516	73266610
110520550	ENSELUG00000020674	cas1	3	73301032	73347439
110520551	ENSELUG00000020687	cas1	3	73338170	73505121
110520554	ENSELUG00000020795	cas3	3	73591784	73597306
110520555	ENSELUG00000020821	cas1	3	73597442	73614530
110520556	ENSELUG00000020861	cas1	3	73632046	73640482
110520558	ENSELUG00000020909	cas1	3	73661996	73697362
110520559	ENSELUG00000017355	cas1	1	28769968	28778739
110520562	ENSELUG00000004315	cas5	3	73720052	73732711
110520569	ENSELUG00000021069	cas1	3	73817483	73845136
110520570	ENSELUG00000017378	cas1	1	28781897	28786756
110520572	ENSELUG00000021128	cas1	3	73870489	73877576
110520574	ENSELUG00000021232	cas1	3	73889766	73948013
110520578	ENSELUG00000023518	cas1	3	74118329	74145750
110520581	ENSELUG00000022985	cas1	3	74272450	74274991
110520584	ENSELUG00000017397	cas1	1	28794166	28830947
110520585	ENSELUG00000022867	cas1	3	74586659	74645214
110520587	ENSELUG00000022769	cas1	3	74677651	74680783
110520593	ENSELUG00000017717	cas1	3	75582032	75628909
110520594	ENSELUG00000017756	cas1	3	75535014	75579525
110520598	ENSELUG00000017435	cas1	1	28844734	28860495
110520599	ENSELUG00000017578	cas1	3	75854733	75919692
110520608	ENSELUG00000017419	cas1	1	28835278	28842650
110520621	ENSELUG00000016210	cas1	3	77573159	77577004
110520623	ENSELUG00000016194	cas1	3	77679463	77706786
110520625	ENSELUG00000000609	cas1	3	77832447	77844072
110520626	ENSELUG00000000605	cas1	3	77844666	77850842
110520629	ENSELUG00000016015	cas1	3	77873788	77933327
110520630	ENSELUG00000015958	cas1	3	77934076	77964066
110520639	ENSELUG00000015662	cas1	3	78235039	78241184
110520642	ENSELUG00000014279	cas2	3	78459147	78475454
110520650	ENSELUG00000017424	cas1	1	28842592	28844660
110520665	ENSELUG00000011554	cas2	3	83483453	83539355
110520671	ENSELUG00000001093	cas2	3	84836875	84868307
110520673	ENSELUG00000017530	cas1	1	29074355	29084730
110520717	ENSELUG00000001311	cas5	2	5860711	5875088
110520720	ENSELUG00000007561	cas5	2	5615996	5753847
110520721	ENSELUG00000023115	cas5	2	4808713	4841402
110520728	ENSELUG00000006322	cas3	3	2950365	2963921
110520730	ENSELUG00000005681	cas5	3	3091532	3098159
110520732	ENSELUG00000005623	cas3	2	9330271	9349305
110520733	ENSELUG00000005370	cas5	3	3459132	3491968
110520734	ENSELUG00000005313	cas2	3	3494116	3507117
110520735	ENSELUG00000005306	cas2	2	9758328	9785173
110520736	ENSELUG00000005313	cas2	2	9744866	9757901
110520739	ENSELUG00000000700	cas1	1	29321672	29361563
110520755	ENSELUG00000021999	cas5	2	5275623	5295898
110520767	ENSELUG00000004686	cas2	2	10401919	10611447
110520770	ENSELUG00000001050	cas5	2	13632935	13643895
110520773	ENSELUG00000009861	cas5	2	15107754	15119441
110520775	ENSELUG00000009744	cas5	2	15079627	15091353
110520777	ENSELUG00000009630	cas2	3	6454833	6479408
110520778	ENSELUG00000008766	cas2	3	5951557	5957032
110520779	ENSELUG00000003952	cas4	3	5056537	5150464
110520780	ENSELUG00000003952	cas4	2	13663839	13756030
110520781	ENSELUG00000010691	cas5	3	6937600	6947976
110520784	ENSELUG00000010918	cas7	3	7016691	7045216
110520786	ENSELUG00000011191	cas2	3	7221996	7320978
110520788	ENSELUG00000011764	cas5	3	7577008	7617193
110520790	ENSELUG00000011893	cas3	3	8170634	8176258
110520794	ENSELUG00000011929	cas5	3	8214592	8243743
110520795	ENSELUG00000012367	cas2	3	8417943	8421019
110520800	ENSELUG00000013251	cas2	2	17532687	17603672
110520809	ENSELUG00000023006	cas2	2	5228057	5235894
110520810	ENSELUG00000023075	cas2	2	5195931	5227041
110520814	ENSELUG00000013251	cas2	3	8988084	9050862
110520816	ENSELUG00000013552	cas2	3	9347151	9371934
110520820	ENSELUG00000013948	cas2	3	9490333	9508263
110520822	ENSELUG00000014477	cas2	3	9886871	9888193
110520823	ENSELUG00000014531	cas5	3	9900809	9916529
110520825	ENSELUG00000015143	cas2	3	10099437	10128902
110520827	ENSELUG00000017981	cas1	1	30303619	30336415
110520836	ENSELUG00000012945	cas7	3	8772336	8800464
110520838	ENSELUG00000012523	cas5	3	8499728	8523217
110520840	ENSELUG00000012945	cas7	2	17426432	17452486
110520847	ENSELUG00000013090	cas2	2	17506575	17515027
110520852	ENSELUG00000012905	cas2	3	8767777	8771883
110520853	ENSELUG00000012905	cas2	2	17422056	17425996
110520855	ENSELUG00000013123	cas5	2	17515084	17523082
110520856	ENSELUG00000013123	cas5	3	8973956	8982283
110520857	ENSELUG00000022978	cas5	2	5235925	5238087
110520859	ENSELUG00000012211	cas3	3	8415151	8417910
110520867	ENSELUG00000011893	cas3	2	16759736	16767223
110520870	ENSELUG00000012801	cas2	3	8703710	8714435
110520878	ENSELUG00000023097	cas2	2	5180588	5195460
110520882	ENSELUG00000012801	cas2	2	17383063	17394790
110520885	ENSELUG00000001546	cas2	3	8345438	8350294
110520911	ENSELUG00000017311	cas3	3	11580308	11600483
110520928	ENSELUG00000016311	cas5	1	702526	736791
110520931	ENSELUG00000018082	cas3	1	30713838	30981725
110520933	ENSELUG00000018228	cas1	1	31137571	31292478
110520944	ENSELUG00000009294	cas1	30	16210122	16211888
110520945	ENSELUG00000009310	cas1	30	16212877	16220754
110520946	ENSELUG00000000758	cas1	30	17221180	17223647
110520950	ENSELUG00000015256	cas1	30	19585327	19587204
110520956	ENSELUG00000024244	cas1	30	36438612	36489124
110520963	ENSELUG00000001315	cas1	4	6796407	6835052
110520984	ENSELUG00000010720	cas1	4	31624089	31634203
110520989	ENSELUG00000007571	cas1	4	35911828	35919553
110520993	ENSELUG00000001966	cas1	30	35545576	35577047
110520994	ENSELUG00000024408	cas1	30	36003309	36062700
110521011	ENSELUG00000008722	cas2	30	44062053	44100935
110521013	ENSELUG00000023607	cas2	30	44432315	44466862
110521019	ENSELUG00000022367	cas2	30	46062883	46088097
110521024	ENSELUG00000018464	cas1	1	31352868	31426465
110521032	ENSELUG00000017834	cas1	4	5417154	5552625
110521035	ENSELUG00000015845	cas1	4	6871883	6970539
110521041	ENSELUG00000012843	cas1	4	10345677	10351736
110521046	ENSELUG00000017380	cas1	4	12928115	12981592
110521051	ENSELUG00000021428	cas1	4	17599211	17606551
110521055	ENSELUG00000003993	cas1	4	20493498	20651888
110521056	ENSELUG00000001405	cas1	4	21290133	21302196
110521057	ENSELUG00000004482	cas1	4	21316212	21352678
110521061	ENSELUG00000005604	cas1	4	22262381	22265570
110521064	ENSELUG00000016283	cas1	4	25382920	25520438
110521072	ENSELUG00000013215	cas1	4	28699067	28934753
110521077	ENSELUG00000010733	cas1	4	31607865	31623080
110521078	ENSELUG00000010654	cas1	4	31632668	31749603
110521079	ENSELUG00000010509	cas1	4	31746965	31790314
110521082	ENSELUG00000009730	cas1	4	33185746	33209279
110521089	ENSELUG00000008253	cas1	4	35249617	35418424
110521095	ENSELUG00000018878	cas2	4	37402614	37416975
110521096	ENSELUG00000018529	cas1	1	31455063	31461725
110521097	ENSELUG00000011914	cas5	7	5222340	5253269
110521098	ENSELUG00000019157	cas1	4	37879402	37897524
110521102	ENSELUG00000019697	cas1	4	38765813	38805759
110521105	ENSELUG00000020083	cas1	4	39035394	39186864
110521107	ENSELUG00000008679	cas1	1	52816161	52818942
110521109	ENSELUG00000008831	cas1	4	40650654	40674577
110521112	ENSELUG00000008538	cas1	4	40982856	40990428
110521117	ENSELUG00000001609	cas1	1	31553090	31563271
110521119	ENSELUG00000004884	cas1	4	41638027	41643171
110521120	ENSELUG00000005015	cas1	4	41686044	41705837
110521126	ENSELUG00000008250	cas2	4	46546747	46575079
110521134	ENSELUG00000003921	cas2	30	634965	664258
110521139	ENSELUG00000003554	cas3	30	943768	966771
110521141	ENSELUG00000000113	cas4	30	1167991	1240748
110521142	ENSELUG00000003452	cas2	30	1155519	1167894
110521143	ENSELUG00000003368	cas1	30	1279833	1284559
110521145	ENSELUG00000003084	cas5	30	1841153	1859700
110521155	ENSELUG00000018815	cas1	1	31601388	31609175
110521161	ENSELUG00000023617	cas3	30	3931206	3937155
110521162	ENSELUG00000023624	cas2	30	3936827	3940571
110521163	ENSELUG00000023578	cas2	30	3877899	3920914
110521169	ENSELUG00000018880	cas1	1	31614176	31638698
110521175	ENSELUG00000024062	cas1	30	4886618	4948125
110521176	ENSELUG00000022851	cas1	30	4970661	4994824
110521178	ENSELUG00000022597	cas6	30	5123501	5144889
110521179	ENSELUG00000021645	cas7	30	5150620	5187550
110521184	ENSELUG00000021347	cas3	30	5343940	5415904
110521185	ENSELUG00000021313	cas1	30	5430549	5453043
110521201	ENSELUG00000020564	cas6	30	6123088	6130144
110521202	ENSELUG00000018905	cas1	1	31639629	31662147
110521206	ENSELUG00000004818	cas1	30	6239621	6285310
110521207	ENSELUG00000004839	cas1	30	6297233	6323060
110521212	ENSELUG00000005035	cas2	30	6489532	6503146
110521216	ENSELUG00000005148	cas1	30	6535707	6576647
110521219	ENSELUG00000005245	cas6	30	6799889	6820213
110521224	ENSELUG00000005472	cas1	30	6899321	6916450
110521229	ENSELUG00000005576	cas1	30	6988853	7009656
110521236	ENSELUG00000002928	cas1	30	7536855	7718520
110521263	ENSELUG00000019359	cas1	1	31980285	31989249
110521282	ENSELUG00000004125	cas1	30	9415128	9419131
110521283	ENSELUG00000004057	cas1	30	9458616	9536679
110521284	ENSELUG00000003978	cas1	30	9624958	9825341
110521288	ENSELUG00000003917	cas1	30	9839621	9842507
110521291	ENSELUG00000003528	cas1	30	10142831	10151795
110521296	ENSELUG00000017786	cas1	30	10271569	10281015
110521299	ENSELUG00000017827	cas1	30	10260220	10265123
110521301	ENSELUG00000017585	cas1	30	10471852	10475563
110521302	ENSELUG00000017566	cas1	30	10477352	10595440
110521303	ENSELUG00000017524	cas1	30	10622559	10729404
110521304	ENSELUG00000000831	cas1	1	32099209	32204312
110521306	ENSELUG00000017450	cas1	30	10799756	10920504
110521324	ENSELUG00000016956	cas1	30	11935268	11949572
110521334	ENSELUG00000005367	cas1	30	12415118	12423578
110521337	ENSELUG00000005451	cas1	30	12461168	12475172
110521338	ENSELUG00000005508	cas1	30	12527612	12545633
110521342	ENSELUG00000005702	cas1	30	12893320	12896797
110521345	ENSELUG00000006023	cas1	30	13057030	13073884
110521347	ENSELUG00000006053	cas1	30	13094306	13103545
110521349	ENSELUG00000006122	cas5	30	13117567	13148519
110521350	ENSELUG00000006156	cas1	30	13159502	13186705
110521354	ENSELUG00000006343	cas1	30	13281624	13287124
110521362	ENSELUG00000006610	cas1	30	13426651	13435077
110521363	ENSELUG00000006582	cas1	30	13391307	13433028
110521364	ENSELUG00000006673	cas1	30	13435735	13447476
110521368	ENSELUG00000006919	cas1	30	13650858	13666753
110521371	ENSELUG00000006929	cas6	30	13666900	13671199
110521373	ENSELUG00000007033	cas1	30	13782517	13802632
110521376	ENSELUG00000007086	cas2	30	13813305	13814747
110521379	ENSELUG00000007138	cas1	30	13916667	13938633
110521383	ENSELUG00000007279	cas1	30	13982925	13991370
110521385	ENSELUG00000007349	cas1	30	14011108	14031100
110521386	ENSELUG00000007386	cas1	30	14155509	14164819
110521389	ENSELUG00000000274	cas1	30	14301881	14359284
110521391	ENSELUG00000007772	cas1	30	14383407	14427519
110521406	ENSELUG00000008387	cas1	30	15322978	15376606
110521407	ENSELUG00000008200	cas1	30	15277243	15322841
110521409	ENSELUG00000008484	cas1	30	15392329	15495337
110521411	ENSELUG00000008795	cas1	30	15536017	15577463
110521414	ENSELUG00000009175	cas1	30	16001869	16017794
110521416	ENSELUG00000009225	cas1	30	16137720	16175545
110521424	ENSELUG00000019027	cas1	30	16483058	16492506
110521429	ENSELUG00000018708	cas1	30	16982290	16992375
110521434	ENSELUG00000000785	cas1	30	17122863	17151215
110521437	ENSELUG00000018331	cas1	30	17168403	17187397
110521438	ENSELUG00000018209	cas1	30	17207651	17219232
110521440	ENSELUG00000018073	cas1	30	17339901	17354790
110521446	ENSELUG00000017856	cas1	30	17559772	17602241
110521447	ENSELUG00000017800	cas1	30	17603006	17611953
110521449	ENSELUG00000017649	cas1	30	17791605	17815091
110521451	ENSELUG00000017584	cas1	30	17843606	17847790
110521455	ENSELUG00000017500	cas1	30	17924927	17926809
110521459	ENSELUG00000017396	cas1	30	18019779	18039054
110521461	ENSELUG00000017087	cas1	30	18126527	18156515
110521462	ENSELUG00000017042	cas1	30	18199545	18226520
110521464	ENSELUG00000016902	cas1	30	18309037	18392555
110521465	ENSELUG00000016766	cas1	30	18472760	18543124
110521466	ENSELUG00000016820	cas1	30	18431183	18472493
110521467	ENSELUG00000016693	cas1	30	18560962	18588863
110521469	ENSELUG00000016587	cas1	30	18719765	18756168
110521470	ENSELUG00000016628	cas1	30	18682261	18719083
110521471	ENSELUG00000016436	cas1	30	18758247	18767416
110521472	ENSELUG00000016290	cas1	30	18781532	18798656
110521473	ENSELUG00000016343	cas1	30	18769385	18780322
110521474	ENSELUG00000016014	cas1	30	18805205	18834814
110521480	ENSELUG00000000594	cas1	30	18881435	18917404
110521481	ENSELUG00000011725	cas1	1	56535669	56544298
110521482	ENSELUG00000001066	cas1	30	18920767	18943534
110521483	ENSELUG00000015679	cas1	30	19154585	19168015
110521485	ENSELUG00000015644	cas1	30	19181899	19189612
110521491	ENSELUG00000015492	cas1	30	19357167	19382955
110521492	ENSELUG00000015377	cas1	30	19430388	19438939
110521497	ENSELUG00000015240	cas1	30	19593355	19595747
110521500	ENSELUG00000015150	cas1	30	19857504	19865915
110521501	ENSELUG00000015040	cas1	30	19874039	19920557
110521502	ENSELUG00000014877	cas1	30	19920560	19999174
110521509	ENSELUG00000014203	cas1	30	20201063	20210850
110521510	ENSELUG00000014142	cas1	30	20216853	20220196
110521513	ENSELUG00000014078	cas1	30	20249535	20265781
110521514	ENSELUG00000014000	cas1	30	20263346	20274281
110521515	ENSELUG00000013973	cas1	30	20277822	20320523
110521516	ENSELUG00000013777	cas1	30	20366480	20489547
110521525	ENSELUG00000013336	cas1	30	20638578	20644195
110521528	ENSELUG00000013386	cas1	30	20632806	20637984
110521529	ENSELUG00000013300	cas1	30	20648384	20655332
110521530	ENSELUG00000013274	cas1	30	20664615	20669847
110521531	ENSELUG00000013169	cas1	30	20672842	20682837
110521533	ENSELUG00000012638	cas1	30	20714375	20717560
110521537	ENSELUG00000013008	cas1	30	20942360	21124565
110521541	ENSELUG00000000468	cas2	30	21291300	21296626
110521543	ENSELUG00000012936	cas1	30	21302078	21307164
110521546	ENSELUG00000012841	cas1	30	21443912	21446237
110521549	ENSELUG00000012274	cas1	30	21919080	21926480
110521550	ENSELUG00000012378	cas1	30	21904213	21918248
110521551	ENSELUG00000007678	cas1	30	22010343	22107387
110521552	ENSELUG00000007590	cas1	30	21939083	22012496
110521553	ENSELUG00000020542	cas1	1	33534145	33596670
110521554	ENSELUG00000007716	cas1	30	22121775	22125310
110521555	ENSELUG00000007757	cas1	30	22127258	22141582
110521556	ENSELUG00000007775	cas1	30	22142796	22151716
110521559	ENSELUG00000008025	cas1	30	22663268	22745826
110521561	ENSELUG00000008044	cas1	30	22863375	22868980
110521562	ENSELUG00000008116	cas1	30	22875304	22963761
110521564	ENSELUG00000008168	cas1	30	22982517	23001306
110521565	ENSELUG00000008202	cas1	30	23001827	23025456
110521566	ENSELUG00000008258	cas1	30	23028618	23062275
110521567	ENSELUG00000008294	cas1	30	23062485	23066969
110521568	ENSELUG00000008314	cas1	30	23071673	23074069
110521570	ENSELUG00000008491	cas1	30	23087713	23122787
110521576	ENSELUG00000008898	cas1	30	23450130	23472394
110521577	ENSELUG00000008918	cas1	30	23475592	23508733
110521578	ENSELUG00000000341	cas1	30	23510569	23606507
110521580	ENSELUG00000009027	cas1	30	23612719	23622387
110521582	ENSELUG00000009193	cas1	30	23649029	23659489
110521584	ENSELUG00000009544	cas1	30	23670697	23742779
110521589	ENSELUG00000010098	cas1	30	24880941	24924635
110521591	ENSELUG00000010132	cas1	30	25073855	25086042
110521596	ENSELUG00000010234	cas1	30	25120648	25123578
110521597	ENSELUG00000010930	cas1	30	25246389	25254013
110521601	ENSELUG00000011151	cas1	30	25302954	25322133
110521606	ENSELUG00000001498	cas1	30	25429088	25483861
110521611	ENSELUG00000007355	cas1	30	25689442	25825503
110521612	ENSELUG00000007290	cas1	30	25779306	25805652
110521613	ENSELUG00000007270	cas1	30	25832288	25854360
110521616	ENSELUG00000001256	cas1	30	25971768	25973913
110521622	ENSELUG00000000254	cas1	30	26202239	26252093
110521629	ENSELUG00000006717	cas1	30	26446447	26457719
110521630	ENSELUG00000006700	cas1	30	26457805	26478401
110521634	ENSELUG00000006387	cas1	30	26847423	26906418
110521638	ENSELUG00000006209	cas1	30	27099817	27122682
110521643	ENSELUG00000005923	cas3	30	27249905	27252746
110521645	ENSELUG00000005857	cas1	30	27446045	27457563
110521647	ENSELUG00000005765	cas1	30	27521605	27537511
110521654	ENSELUG00000005521	cas1	30	27672920	27685270
110521656	ENSELUG00000005298	cas1	30	27823914	27844041
110521658	ENSELUG00000005255	cas1	30	27851805	27854587
110521659	ENSELUG00000004925	cas1	30	27962907	27971343
110521660	ENSELUG00000004883	cas1	30	27973144	27983258
110521661	ENSELUG00000004770	cas1	30	27990515	27997891
110521662	ENSELUG00000004689	cas1	30	28033166	28051936
110521663	ENSELUG00000004657	cas1	30	28093367	28096082
110521668	ENSELUG00000004607	cas1	30	28260830	28307538
110521678	ENSELUG00000004169	cas3	30	28925986	28944771
110521721	ENSELUG00000002890	cas1	30	31957648	31968644
110521732	ENSELUG00000002630	cas1	30	32488240	32491162
110521737	ENSELUG00000016256	cas2	1	66351411	66355894
110521744	ENSELUG00000002228	cas1	30	33835382	33919803
110521750	ENSELUG00000002069	cas1	30	34725626	34737477
110521760	ENSELUG00000002012	cas1	30	35405569	35492375
110521762	ENSELUG00000001984	cas1	30	35493954	35500738
110521765	ENSELUG00000001962	cas1	30	35543507	35545435
110521766	ENSELUG00000001958	cas1	30	35582273	35618259
110521767	ENSELUG00000001941	cas1	30	35642397	35717855
110521768	ENSELUG00000001938	cas1	30	35723896	35734960
110521770	ENSELUG00000001925	cas1	30	35800643	35805071
110521777	ENSELUG00000024167	cas1	30	36523459	36541228
110521778	ENSELUG00000024053	cas1	30	36603196	36614084
110521779	ENSELUG00000023997	cas1	30	36633518	36643925
110521780	ENSELUG00000023958	cas1	30	36644556	36660835
110521781	ENSELUG00000023830	cas1	30	36676157	36685931
110521782	ENSELUG00000023668	cas1	30	36691416	36705489
110521795	ENSELUG00000022567	cas1	30	38045531	38121078
110521798	ENSELUG00000022480	cas1	30	38216927	38221934
110521800	ENSELUG00000022457	cas1	30	38230452	38285097
110521803	ENSELUG00000022312	cas1	30	38384191	38464591
110521805	ENSELUG00000001058	cas1	30	38747442	38759963
110521808	ENSELUG00000022126	cas1	30	38862481	38864063
110521810	ENSELUG00000021944	cas1	30	39238610	39332571
110521812	ENSELUG00000021873	cas1	30	39348358	39607441
110521814	ENSELUG00000000944	cas1	30	39713024	39722927
110521816	ENSELUG00000021634	cas1	30	39764008	39771827
110521817	ENSELUG00000021518	cas1	30	39800038	39808650
110521818	ENSELUG00000021498	cas1	30	39815176	39849771
110521819	ENSELUG00000000934	cas1	30	39851589	39860924
110521820	ENSELUG00000021380	cas1	30	39877845	39906318
110521821	ENSELUG00000021218	cas1	30	39911517	39918494
110521822	ENSELUG00000021094	cas1	30	39920864	39924501
110521824	ENSELUG00000020939	cas3	30	40143590	40468579
110521825	ENSELUG00000020906	cas1	30	40605682	40773599
110521827	ENSELUG00000020779	cas1	30	41016925	41026679
110521828	ENSELUG00000020722	cas1	30	41101017	41158001
110521831	ENSELUG00000020260	cas1	30	41402397	41450125
110521833	ENSELUG00000020123	cas1	30	41564483	41585851
110521834	ENSELUG00000001536	cas1	30	42100595	42230862
110521835	ENSELUG00000021823	cas1	1	34490191	34507419
110521840	ENSELUG00000019683	cas1	30	42548328	42554269
110521842	ENSELUG00000019525	cas1	30	42656156	42664378
110521843	ENSELUG00000001297	cas1	30	42685813	42692514
110521844	ENSELUG00000019449	cas1	30	42693865	42705266
110521845	ENSELUG00000000826	cas1	30	42778403	42783111
110521848	ENSELUG00000018895	cas1	30	43064256	43082034
110521850	ENSELUG00000011362	cas1	30	43140718	43144980
110521854	ENSELUG00000011303	cas1	30	43193642	43275036
110521855	ENSELUG00000011198	cas1	30	43303838	43317446
110521857	ENSELUG00000011053	cas1	30	43333715	43400846
110521858	ENSELUG00000013041	cas1	30	43401184	43414113
110521874	ENSELUG00000024246	cas2	30	44113767	44124283
110521876	ENSELUG00000024221	cas2	30	44124407	44145448
110521877	ENSELUG00000024181	cas2	30	44146045	44162689
110521879	ENSELUG00000024031	cas2	30	44197377	44206470
110521883	ENSELUG00000023903	cas2	30	44253438	44255924
110521885	ENSELUG00000023792	cas2	30	44272549	44289275
110521888	ENSELUG00000023740	cas2	30	44316623	44403475
110521889	ENSELUG00000023638	cas2	30	44420522	44431709
110521891	ENSELUG00000023508	cas2	30	44481858	44496943
110521893	ENSELUG00000023397	cas2	30	44532419	44553025
110521895	ENSELUG00000023389	cas2	30	44555495	44563158
110521896	ENSELUG00000023340	cas2	30	44595021	44614287
110521898	ENSELUG00000023247	cas2	30	44636022	44653677
110521902	ENSELUG00000023184	cas2	30	44683730	44700582
110521904	ENSELUG00000022947	cas2	30	44721937	44733310
110521905	ENSELUG00000022771	cas2	30	44738189	44768317
110521912	ENSELUG00000004916	cas2	30	44872167	44894209
110521913	ENSELUG00000005091	cas3	30	45046984	45050466
110521930	ENSELUG00000022637	cas2	30	45890169	45913692
110521932	ENSELUG00000022546	cas2	30	45935243	45980319
110521933	ENSELUG00000022276	cas2	30	46104467	46114578
110521961	ENSELUG00000020400	cas1	4	1297946	1316141
110521983	ENSELUG00000022930	cas1	1	35709824	35731063
110521986	ENSELUG00000017949	cas2	4	5367436	5377547
110521995	ENSELUG00000001107	cas1	4	5917673	5939143
110521996	ENSELUG00000016225	cas1	4	6193276	6200262
110521997	ENSELUG00000023054	cas1	1	35750305	35753348
110522000	ENSELUG00000015946	cas1	4	6590264	6599823
110522001	ENSELUG00000016084	cas1	4	6573369	6587979
110522002	ENSELUG00000015908	cas1	4	6649115	6667036
110522004	ENSELUG00000015548	cas1	4	7440847	7534487
110522011	ENSELUG00000015457	cas1	4	7569902	7580876
110522013	ENSELUG00000015030	cas1	4	7690445	7692241
110522019	ENSELUG00000014621	cas1	4	8007344	8027043
110522022	ENSELUG00000014145	cas1	4	8183856	8190821
110522023	ENSELUG00000014120	cas1	4	8207113	8215755
110522024	ENSELUG00000014074	cas1	4	8223245	8308414
110522026	ENSELUG00000013921	cas1	4	8319746	8327014
110522027	ENSELUG00000013822	cas1	4	8330457	8456515
110522028	ENSELUG00000013675	cas1	4	8493696	8501149
110522029	ENSELUG00000013589	cas1	4	8529375	8591293
110522031	ENSELUG00000013530	cas1	4	8616337	8684888
110522033	ENSELUG00000013478	cas1	4	8738411	8802455
110522034	ENSELUG00000013461	cas1	4	8884552	8895426
110522035	ENSELUG00000000492	cas1	4	8916093	8919520
110522036	ENSELUG00000013415	cas1	4	9104333	9133947
110522047	ENSELUG00000013153	cas1	4	9546210	9555741
110522048	ENSELUG00000013109	cas1	4	9557541	9569492
110522049	ENSELUG00000013024	cas1	4	9658281	9660756
110522051	ENSELUG00000013006	cas1	4	9662956	9666102
110522053	ENSELUG00000012717	cas1	4	10443026	10485990
110522057	ENSELUG00000012487	cas1	4	10491263	10558788
110522059	ENSELUG00000023675	cas1	1	36087136	36116437
110522062	ENSELUG00000014062	cas1	4	10748114	10764516
110522064	ENSELUG00000014101	cas1	4	10777818	10790060
110522065	ENSELUG00000014215	cas1	4	10796592	10802406
110522067	ENSELUG00000014314	cas1	4	10817244	10867873
110522070	ENSELUG00000014329	cas1	4	10877808	10885269
110522072	ENSELUG00000014740	cas1	4	11037130	11102668
110522073	ENSELUG00000023234	cas1	1	35815461	35891531
110522074	ENSELUG00000014923	cas1	4	11120559	11163281
110522077	ENSELUG00000015136	cas1	4	11256307	11258518
110522079	ENSELUG00000015194	cas1	4	11376071	11378586
110522080	ENSELUG00000000552	cas1	4	11393703	11423546
110522084	ENSELUG00000015424	cas1	4	11587042	11593022
110522086	ENSELUG00000015523	cas1	4	11800390	11889971
110522088	ENSELUG00000015788	cas1	4	11891828	11893569
110522090	ENSELUG00000015895	cas1	4	11903826	11950513
110522091	ENSELUG00000015978	cas1	4	11954580	11974428
110522093	ENSELUG00000016055	cas1	4	11979221	12075119
110522096	ENSELUG00000016432	cas1	4	12369139	12398431
110522100	ENSELUG00000016600	cas1	4	12422340	12433780
110522107	ENSELUG00000000631	cas1	4	12605893	12610935
110522109	ENSELUG00000017300	cas1	4	12850899	12891430
110522110	ENSELUG00000017245	cas1	4	12820195	12827767
110522111	ENSELUG00000016906	cas1	4	12574316	12581049
110522112	ENSELUG00000017333	cas1	4	12893185	12922602
110522113	ENSELUG00000023351	cas4	1	35922982	35938680
110522114	ENSELUG00000017183	cas1	4	12794904	12798111
110522115	ENSELUG00000016631	cas1	4	12545956	12547113
110522117	ENSELUG00000016763	cas1	4	12548411	12549119
110522126	ENSELUG00000017701	cas1	4	13791984	13801419
110522127	ENSELUG00000017719	cas1	4	13809748	13821911
110522128	ENSELUG00000017732	cas1	4	13825800	13827498
110522129	ENSELUG00000017742	cas1	4	13829056	13858174
110522133	ENSELUG00000017840	cas1	4	13934592	13954337
110522134	ENSELUG00000017858	cas1	4	14064344	14131367
110522138	ENSELUG00000017915	cas1	4	14223008	14226550
110522144	ENSELUG00000000742	cas1	4	14504305	14541176
110522145	ENSELUG00000018218	cas2	4	14542974	14610190
110522147	ENSELUG00000000782	cas1	4	14622414	14672363
110522150	ENSELUG00000018518	cas1	4	14736721	14744356
110522151	ENSELUG00000018585	cas1	4	14745683	14768387
110522153	ENSELUG00000018703	cas1	4	14848537	14920627
110522154	ENSELUG00000023294	cas1	1	35892507	35914512
110522155	ENSELUG00000018728	cas1	4	14920366	14939272
110522156	ENSELUG00000018831	cas1	4	14964451	14969194
110522160	ENSELUG00000018869	cas1	4	14972970	14985618
110522162	ENSELUG00000018966	cas1	4	14985835	14992187
110522163	ENSELUG00000019001	cas1	4	14992265	15000570
110522172	ENSELUG00000019858	cas1	4	15612180	15635547
110522175	ENSELUG00000019988	cas1	4	15698804	15710542
110522176	ENSELUG00000020138	cas1	4	15740640	15826851
110522183	ENSELUG00000020431	cas1	4	16014431	16017046
110522185	ENSELUG00000020455	cas6	4	16068497	16073105
110522186	ENSELUG00000020510	cas1	4	16080986	16097031
110522189	ENSELUG00000020519	cas1	4	16102955	16125180
110522191	ENSELUG00000020548	cas1	4	16321616	16370330
110522192	ENSELUG00000005990	cas1	1	76404181	76416951
110522195	ENSELUG00000020575	cas1	4	16379356	16404610
110522198	ENSELUG00000020679	cas1	4	16438153	16459098
110522199	ENSELUG00000020745	cas1	4	16470263	16474122
110522200	ENSELUG00000020716	cas1	4	16465432	16470220
110522202	ENSELUG00000020815	cas6	4	16663179	16665325
110522203	ENSELUG00000020789	cas1	4	16660751	16662921
110522207	ENSELUG00000020946	cas1	4	16840426	17003919
110522211	ENSELUG00000021140	cas1	4	17312506	17425412
110522212	ENSELUG00000021162	cas1	4	17438361	17451037
110522213	ENSELUG00000021209	cas1	4	17463266	17472840
110522215	ENSELUG00000021293	cas1	4	17559268	17566213
110522218	ENSELUG00000021882	cas4	4	17794347	17800790
110522222	ENSELUG00000022596	cas1	4	17878608	17881468
110522224	ENSELUG00000022731	cas1	4	17907436	17913437
110522226	ENSELUG00000000971	cas1	4	17935989	17938575
110522227	ENSELUG00000022772	cas1	4	17932013	17935750
110522231	ENSELUG00000022880	cas1	4	18325504	18375225
110522234	ENSELUG00000022958	cas1	4	18396457	18401620
110522235	ENSELUG00000023024	cas1	4	18427318	18443722
110522236	ENSELUG00000023165	cas1	4	18473614	18497237
110522237	ENSELUG00000023222	cas1	4	18511917	18516804
110522238	ENSELUG00000023314	cas1	4	18523675	18545606
110522240	ENSELUG00000023386	cas1	4	18801292	18812642
110522243	ENSELUG00000023475	cas1	4	18831677	18879696
110522246	ENSELUG00000023576	cas1	4	19133942	19189868
110522249	ENSELUG00000023748	cas1	4	19228302	19232153
110522250	ENSELUG00000001002	cas1	4	19258560	19267164
110522253	ENSELUG00000023984	cas1	4	19455002	19482862
110522264	ENSELUG00000024380	cas1	4	19895886	19925270
110522282	ENSELUG00000004022	cas1	4	20654965	20667264
110522284	ENSELUG00000004049	cas1	4	20754870	20792592
110522285	ENSELUG00000004090	cas1	4	20923517	20957715
110522287	ENSELUG00000004098	cas1	4	20978294	21014126
110522288	ENSELUG00000004165	cas1	4	21071936	21172526
110522289	ENSELUG00000004208	cas1	4	21172284	21204980
110522298	ENSELUG00000004522	cas1	4	21399783	21473293
110522300	ENSELUG00000004824	cas1	4	21579744	21647839
110522302	ENSELUG00000004629	cas1	4	21481326	21498082
110522307	ENSELUG00000004907	cas1	4	21649885	21682197
110522310	ENSELUG00000004970	cas1	4	21701928	21747105
110522312	ENSELUG00000005078	cas1	4	21793780	21812915
110522316	ENSELUG00000005279	cas1	4	22099667	22106046
110522320	ENSELUG00000005429	cas2	4	22194509	22201030
110522324	ENSELUG00000005550	cas1	4	22211014	22218480
110522327	ENSELUG00000005625	cas1	4	22306958	22312299
110522328	ENSELUG00000005650	cas1	4	22420598	22432975
110522329	ENSELUG00000005668	cas1	4	22449866	22455767
110522331	ENSELUG00000005677	cas1	4	22491363	22494833
110522337	ENSELUG00000005724	cas1	4	22558143	22579944
110522340	ENSELUG00000004391	cas1	1	37287556	37347643
110522352	ENSELUG00000015594	cas1	4	27201542	27218948
110522353	ENSELUG00000017365	cas1	4	27186465	27195351
110522354	ENSELUG00000017338	cas1	4	27195347	27200692
110522355	ENSELUG00000017280	cas1	4	27054628	27185449
110522376	ENSELUG00000016390	cas1	4	25761890	26057813
110522386	ENSELUG00000021864	cas1	1	84760098	84781879
110522391	ENSELUG00000017392	cas1	4	24624615	24629266
110522398	ENSELUG00000017750	cas1	4	24164163	24166682
110522407	ENSELUG00000000743	cas5	4	24052548	24060425
110522414	ENSELUG00000014630	cas3	4	23835949	23837885
110522432	ENSELUG00000000557	cas1	4	27402097	27524388
110522437	ENSELUG00000013723	cas4	4	27790693	27802086
110522441	ENSELUG00000013592	cas1	4	28371011	28383232
110522443	ENSELUG00000013518	cas1	4	28485863	28498071
110522444	ENSELUG00000000500	cas1	4	28500354	28522613
110522446	ENSELUG00000013263	cas1	4	28630004	28636513
110522449	ENSELUG00000012934	cas1	4	29168303	29300635
110522450	ENSELUG00000013011	cas1	4	29153474	29163882
110522452	ENSELUG00000012603	cas1	4	29422294	29461382
110522454	ENSELUG00000012548	cas1	4	29480176	29632371
110522456	ENSELUG00000012382	cas1	4	29633676	29641117
110522457	ENSELUG00000012366	cas1	4	29655933	29682272
110522460	ENSELUG00000012251	cas1	4	29726744	29742907
110522461	ENSELUG00000012318	cas1	4	29717778	29727201
110522462	ENSELUG00000012223	cas1	4	29753224	29756907
110522464	ENSELUG00000012190	cas1	4	29766430	29787129
110522466	ENSELUG00000012080	cas1	4	29801681	29806349
110522467	ENSELUG00000012068	cas1	4	29838369	29842910
110522486	ENSELUG00000011607	cas1	4	31154408	31166278
110522490	ENSELUG00000011533	cas1	4	31187226	31227364
110522496	ENSELUG00000003601	cas1	1	39530168	39543311
110522500	ENSELUG00000010455	cas1	4	31809250	31853742
110522502	ENSELUG00000010350	cas6	4	32028040	32052842
110522543	ENSELUG00000008617	cas1	4	34627365	34630001
110522551	ENSELUG00000003412	cas1	1	39596545	39618668
110522557	ENSELUG00000007730	cas1	4	35772056	35800279
110522558	ENSELUG00000007687	cas1	4	35803948	35819308
110522561	ENSELUG00000007642	cas1	4	35855963	35882276
110522563	ENSELUG00000007491	cas1	4	36138956	36158325
110522566	ENSELUG00000007239	cas1	4	37153024	37167042
110522576	ENSELUG00000018914	cas2	4	37445368	37501952
110522577	ENSELUG00000011935	cas2	7	5203083	5220716
110522580	ENSELUG00000019518	cas1	4	38288197	38291538
110522581	ENSELUG00000003339	cas1	1	39741871	39754195
110522586	ENSELUG00000019532	cas1	4	38295052	38302700
110522588	ENSELUG00000019657	cas1	4	38626216	38651062
110522592	ENSELUG00000019933	cas2	4	38921338	38942012
110522614	ENSELUG00000020221	cas1	4	39393845	39441981
110522615	ENSELUG00000020407	cas2	4	39523336	39527140
110522617	ENSELUG00000001071	cas5	4	39563579	39651706
110522628	ENSELUG00000008716	cas2	4	40751754	40778147
110522636	ENSELUG00000004794	cas1	4	41426880	41445268
110522639	ENSELUG00000004872	cas1	4	41593794	41628173
110522640	ENSELUG00000003044	cas1	1	40518122	40558021
110522641	ENSELUG00000004896	cas1	4	41648792	41651426
110522643	ENSELUG00000004938	cas1	4	41676261	41681946
110522648	ENSELUG00000005290	cas1	4	42329742	42364354
110522649	ENSELUG00000005361	cas1	4	42365913	42370184
110522653	ENSELUG00000005524	cas1	4	42460358	42514461
110522656	ENSELUG00000005588	cas1	4	42678109	42755992
110522659	ENSELUG00000003033	cas1	1	40565319	40568730
110522668	ENSELUG00000008103	cas2	4	46575173	46607805
110522669	ENSELUG00000008066	cas5	4	46623809	46683558
110522670	ENSELUG00000008027	cas2	4	46694888	46745644
110522672	ENSELUG00000007999	cas4	4	46756091	46758420
110522682	ENSELUG00000003831	cas4	30	668057	678624
110522687	ENSELUG00000002907	cas4	30	2535960	2587854
110522690	ENSELUG00000024340	cas1	30	3256395	3270508
110522698	ENSELUG00000021645	cas7	30	5212366	5246288
110522700	ENSELUG00000021274	cas1	30	5473255	5529901
110522704	ENSELUG00000020851	cas1	30	5904002	5993318
110522708	ENSELUG00000004776	cas1	30	6229423	6236710
110522709	ENSELUG00000004863	cas1	30	6339992	6357546
110522711	ENSELUG00000013544	cas1	3	81802306	81876427
110522713	ENSELUG00000005214	cas1	30	6618506	6795179
110522714	ENSELUG00000005673	cas1	30	7195694	7251455
110522720	ENSELUG00000000090	cas1	30	8126323	8155499
110522730	ENSELUG00000024521	cas1	1	40759617	40788404
110522731	ENSELUG00000003559	cas1	30	10076243	10142527
110522733	ENSELUG00000000706	cas2	30	10322109	10458656
110522734	ENSELUG00000017387	cas1	30	10922341	11012095
110522741	ENSELUG00000006851	cas1	30	13582717	13650727
110522748	ENSELUG00000008913	cas1	30	15735776	15972887
110522759	ENSELUG00000015267	cas1	30	19549362	19554065
110522768	ENSELUG00000007543	cas1	30	25566527	25590680
110522770	ENSELUG00000006273	cas1	30	27023938	27076744
110522771	ENSELUG00000024356	cas1	1	40905544	40912342
110522804	ENSELUG00000024335	cas1	1	40948339	40984857
110522805	ENSELUG00000024172	cas1	1	41013294	41088082
110522809	ENSELUG00000024066	cas1	1	41132695	41160829
110522810	ENSELUG00000024054	cas1	1	41188896	41218768
110522811	ENSELUG00000024202	cas1	5	16754893	16757068
110522814	ENSELUG00000002989	cas1	5	18067350	18177035
110522815	ENSELUG00000003331	cas1	5	18962511	19098470
110522817	ENSELUG00000004063	cas1	5	20831111	20842676
110522818	ENSELUG00000004116	cas1	5	20881938	20897867
110522825	ENSELUG00000006312	cas1	5	22360248	22439554
110522826	ENSELUG00000020374	cas1	1	41282901	41292913
110522828	ENSELUG00000006875	cas1	5	23255224	23351406
110522829	ENSELUG00000006977	cas1	5	23421643	23422884
110522843	ENSELUG00000001275	cas1	5	17147848	17150076
110522845	ENSELUG00000006972	cas1	5	23409397	23414490
110522853	ENSELUG00000020366	cas1	1	41383791	41407137
110522864	ENSELUG00000020328	cas1	1	41431854	41441159
110522878	ENSELUG00000000758	cas1	5	63554638	63557123
110522881	ENSELUG00000020312	cas1	1	41443448	41459268
110522888	ENSELUG00000011149	cas1	5	27675362	27719165
110522892	ENSELUG00000011190	cas1	5	27764855	27944738
110522902	ENSELUG00000020166	cas1	1	41596979	41613433
110522912	ENSELUG00000020124	cas1	1	41616215	41632869
110522917	ENSELUG00000016974	cas1	5	33226370	33259075
110522923	ENSELUG00000019704	cas1	5	36203014	36225813
110522925	ENSELUG00000020551	cas1	5	36759162	36779406
110522926	ENSELUG00000020702	cas1	5	36957988	37014007
110522933	ENSELUG00000023791	cas1	5	39331157	39338343
110522935	ENSELUG00000024138	cas1	5	39411380	39502640
110522940	ENSELUG00000002219	cas1	5	40615938	40618293
110522946	ENSELUG00000003445	cas1	5	42042447	42188361
110522951	ENSELUG00000020003	cas1	1	41669344	41696426
110522958	ENSELUG00000009876	cas2	5	49736646	49742830
110522960	ENSELUG00000019952	cas1	1	41706592	41745681
110522961	ENSELUG00000004971	cas1	5	51436948	51560493
110522967	ENSELUG00000004755	cas1	5	52040408	52101949
110522988	ENSELUG00000008202	cas1	5	68979017	69023944
110522998	ENSELUG00000005521	cas1	5	73682666	73690888
110523000	ENSELUG00000019722	cas1	1	41956957	41981323
110523002	ENSELUG00000004689	cas1	5	74062228	74075591
110523006	ENSELUG00000003442	cas6	5	75740110	75743709
110523008	ENSELUG00000002890	cas1	5	77642662	77685275
110523020	ENSELUG00000024244	cas1	5	83171501	83230553
110523028	ENSELUG00000021944	cas1	5	87521705	87666404
110523029	ENSELUG00000021873	cas1	5	87685213	88049103
110523031	ENSELUG00000021380	cas1	5	88363230	88390229
110523033	ENSELUG00000020722	cas1	5	89720438	89762349
110523046	ENSELUG00000008597	cas2	5	99304545	99331120
110523048	ENSELUG00000019581	cas1	1	42139882	42292449
110523051	ENSELUG00000001077	cas3	5	96154718	96202354
110523059	ENSELUG00000019421	cas1	1	42295019	42324578
110523077	ENSELUG00000014097	cas5	5	790365	810113
110523083	ENSELUG00000019290	cas1	1	42565590	42657095
110523104	ENSELUG00000013092	cas2	5	2466131	2494286
110523106	ENSELUG00000013400	cas4	5	3156683	3185209
110523108	ENSELUG00000013451	cas2	5	3392167	3453780
110523110	ENSELUG00000001046	cas1	1	42677127	42815709
110523113	ENSELUG00000000523	cas2	5	940199	1004906
110523115	ENSELUG00000014455	cas2	5	1036859	1051078
110523120	ENSELUG00000015348	cas3	5	4615001	4638131
110523122	ENSELUG00000015365	cas2	5	4561350	4598776
110523123	ENSELUG00000015395	cas2	5	5945164	5954687
110523124	ENSELUG00000015534	cas2	5	6093969	6436847
110523126	ENSELUG00000015786	cas1	5	6488402	6555494
110523127	ENSELUG00000015768	cas1	5	6505381	6510017
110523129	ENSELUG00000015857	cas1	5	6755753	6763633
110523136	ENSELUG00000016027	cas6	5	7394813	7436919
110523152	ENSELUG00000016858	cas3	5	9041049	9046725
110523154	ENSELUG00000016990	cas4	5	9145137	9199533
110523156	ENSELUG00000017059	cas4	5	9287057	9303171
110523158	ENSELUG00000017139	cas4	5	9355221	9361224
110523162	ENSELUG00000017677	cas1	5	9694048	9731133
110523168	ENSELUG00000017152	cas5	5	10068877	10083381
110523170	ENSELUG00000017221	cas1	5	10127268	10180089
110523171	ENSELUG00000017239	cas4	5	10262705	10281350
110523172	ENSELUG00000017294	cas3	5	10303641	10318088
110523178	ENSELUG00000018457	cas6	5	10642857	10643948
110523180	ENSELUG00000017817	cas6	5	10871849	10907802
110523183	ENSELUG00000017873	cas2	5	10931536	10951201
110523192	ENSELUG00000000772	cas2	5	11507689	11513262
110523193	ENSELUG00000000776	cas1	5	11619804	11630126
110523197	ENSELUG00000018557	cas3	5	11787253	11794400
110523204	ENSELUG00000018828	cas2	5	12056952	12093392
110523212	ENSELUG00000018951	cas1	5	12265993	12281595
110523216	ENSELUG00000019147	cas3	5	12370910	12560586
110523220	ENSELUG00000019344	cas5	5	12647930	12734470
110523223	ENSELUG00000000844	cas1	5	12802832	12978339
110523243	ENSELUG00000020436	cas4	5	13892936	13973261
110523250	ENSELUG00000001319	cas1	1	42852829	43129052
110523255	ENSELUG00000020960	cas1	5	14255800	14259132
110523257	ENSELUG00000020934	cas1	5	14313714	14333305
110523259	ENSELUG00000021056	cas1	5	14351453	14367540
110523262	ENSELUG00000021173	cas3	5	14429469	14433766
110523264	ENSELUG00000018946	cas1	1	43236492	43278286
110523265	ENSELUG00000021202	cas1	5	14434246	14438495
110523269	ENSELUG00000008505	cas1	5	14642773	14672009
110523271	ENSELUG00000021638	cas1	5	14684594	14693573
110523272	ENSELUG00000021540	cas1	5	14678120	14684431
110523274	ENSELUG00000018918	cas1	1	43281251	43308356
110523285	ENSELUG00000018780	cas1	1	43455055	43632581
110523292	ENSELUG00000018671	cas1	1	43759688	43798728
110523299	ENSELUG00000022368	cas1	5	15149438	15225332
110523303	ENSELUG00000018467	cas1	1	44028708	44048292
110523304	ENSELUG00000022586	cas1	5	15723789	15734869
110523305	ENSELUG00000022659	cas1	5	15740073	15752753
110523307	ENSELUG00000000966	cas1	5	15756259	15772026
110523309	ENSELUG00000018640	cas1	1	43822071	43918842
110523310	ENSELUG00000022920	cas6	5	15775909	15786131
110523313	ENSELUG00000023023	cas1	5	15791511	15795413
110523327	ENSELUG00000023451	cas2	5	16454595	16470342
110523328	ENSELUG00000023615	cas1	5	16480148	16516827
110523330	ENSELUG00000023495	cas1	5	16474090	16479578
110523331	ENSELUG00000023799	cas1	5	16559410	16602933
110523332	ENSELUG00000023881	cas1	5	16614625	16678865
110523337	ENSELUG00000024156	cas1	5	16735640	16738410
110523338	ENSELUG00000024165	cas1	5	16741353	16744067
110523340	ENSELUG00000024396	cas1	5	16872284	16896878
110523343	ENSELUG00000024481	cas1	5	16980916	16983503
110523344	ENSELUG00000024561	cas1	5	16995394	17012011
110523350	ENSELUG00000002557	cas1	5	17153464	17158078
110523353	ENSELUG00000000069	cas1	5	17235812	17242911
110523355	ENSELUG00000002806	cas1	5	17714649	17722603
110523357	ENSELUG00000000085	cas1	5	17791860	17871592
110523361	ENSELUG00000002873	cas1	5	18032820	18034641
110523363	ENSELUG00000002891	cas1	5	18052970	18059970
110523365	ENSELUG00000003037	cas1	5	18396328	18410126
110523367	ENSELUG00000003173	cas1	5	18487620	18506142
110523369	ENSELUG00000003185	cas1	5	18506309	18539569
110523370	ENSELUG00000003199	cas1	5	18558152	18578228
110523371	ENSELUG00000003223	cas1	5	18587610	18589578
110523372	ENSELUG00000003244	cas1	5	18589654	18599366
110523375	ENSELUG00000003481	cas1	5	19214846	19335024
110523376	ENSELUG00000018420	cas1	1	44048888	44052979
110523377	ENSELUG00000003539	cas1	5	19358271	19364089
110523378	ENSELUG00000018352	cas1	1	44077317	44121090
110523379	ENSELUG00000003557	cas1	5	19363387	19375235
110523380	ENSELUG00000000124	cas1	5	19396185	19428814
110523386	ENSELUG00000018292	cas1	1	44134893	44155807
110523393	ENSELUG00000003808	cas1	5	20390530	20414156
110523394	ENSELUG00000004078	cas1	5	20843391	20851224
110523398	ENSELUG00000004244	cas1	5	20952149	20991376
110523401	ENSELUG00000004954	cas1	5	21361805	21441880
110523402	ENSELUG00000004695	cas3	5	21176148	21182983
110523404	ENSELUG00000004822	cas1	5	21277568	21288531
110523406	ENSELUG00000004983	cas1	5	21473853	21477171
110523407	ENSELUG00000005013	cas1	5	21478685	21493435
110523415	ENSELUG00000005368	cas1	5	21669421	21684268
110523424	ENSELUG00000000175	cas1	5	21954083	21958510
110523426	ENSELUG00000005898	cas1	5	22003337	22021560
110523429	ENSELUG00000006002	cas1	5	22045971	22053104
110523430	ENSELUG00000006030	cas1	5	22067901	22087866
110523431	ENSELUG00000018103	cas1	1	44233234	44236326
110523432	ENSELUG00000006171	cas1	5	22190368	22221369
110523434	ENSELUG00000006066	cas1	5	22177328	22179322
110523440	ENSELUG00000013561	cas1	1	44237269	44242207
110523441	ENSELUG00000006377	cas1	5	22721826	22730043
110523445	ENSELUG00000006436	cas1	5	22768665	22799421
110523446	ENSELUG00000006487	cas1	5	22862281	22867111
110523447	ENSELUG00000006530	cas1	5	22874170	22903435
110523448	ENSELUG00000000503	cas1	1	44246838	44282409
110523449	ENSELUG00000006588	cas1	5	22942205	23007315
110523450	ENSELUG00000006644	cas1	5	23026283	23045373
110523451	ENSELUG00000006692	cas1	5	23065654	23158020
110523452	ENSELUG00000006749	cas1	5	23208733	23214815
110523454	ENSELUG00000000226	cas1	5	23352028	23360493
110523455	ENSELUG00000013714	cas1	1	44306507	44347937
110523459	ENSELUG00000007082	cas1	5	23456339	23460601
110523463	ENSELUG00000007448	cas1	5	23713080	23735468
110523467	ENSELUG00000007569	cas1	5	23807037	23828218
110523468	ENSELUG00000007577	cas1	5	23838502	23842045
110523472	ENSELUG00000007696	cas4	5	23896074	23906001
110523473	ENSELUG00000007729	cas1	5	23906231	23929665
110523474	ENSELUG00000007783	cas1	5	24040145	24081954
110523475	ENSELUG00000013727	cas1	1	44353751	44360258
110523476	ENSELUG00000007879	cas1	5	24107682	24161635
110523483	ENSELUG00000008489	cas1	5	24635703	24644012
110523484	ENSELUG00000008598	cas1	5	24661702	24679325
110523486	ENSELUG00000013828	cas1	1	44384962	44409618
110523487	ENSELUG00000008574	cas1	5	24646032	24661551
110523488	ENSELUG00000008627	cas1	5	24781562	24823905
110523495	ENSELUG00000013901	cas1	1	44598632	44647421
110523504	ENSELUG00000009249	cas1	5	26191030	26231833
110523519	ENSELUG00000010424	cas1	5	26854071	26877217
110523522	ENSELUG00000010620	cas1	5	26892472	26895096
110523523	ENSELUG00000010679	cas1	5	26895242	26898873
110523524	ENSELUG00000010787	cas1	5	26901777	26937060
110523525	ENSELUG00000010862	cas1	5	26963001	27064380
110523528	ENSELUG00000011271	cas1	5	27982645	27994423
110523530	ENSELUG00000011355	cas1	5	28017746	28041548
110523532	ENSELUG00000011420	cas1	5	28075780	28080536
110523533	ENSELUG00000011434	cas1	5	28089671	28093393
110523534	ENSELUG00000011459	cas1	5	28109822	28112779
110523541	ENSELUG00000011547	cas1	5	28269837	28346918
110523549	ENSELUG00000011831	cas1	5	28481432	28483385
110523550	ENSELUG00000011856	cas1	5	28536287	28594968
110523552	ENSELUG00000011872	cas1	5	28659697	28665724
110523553	ENSELUG00000011993	cas1	5	28720277	28733042
110523554	ENSELUG00000012138	cas1	5	28737461	28780731
110523555	ENSELUG00000012214	cas1	5	28780462	28792050
110523556	ENSELUG00000012261	cas1	5	28796448	28804711
110523558	ENSELUG00000012301	cas1	5	28829715	28837189
110523561	ENSELUG00000012560	cas6	5	28926263	28931410
110523563	ENSELUG00000012675	cas1	5	28994099	29004636
110523564	ENSELUG00000012713	cas1	5	29004767	29009110
110523565	ENSELUG00000012735	cas1	5	29012019	29041380
110523566	ENSELUG00000012795	cas1	5	29045103	29055942
110523567	ENSELUG00000012753	cas1	5	29042325	29045213
110523569	ENSELUG00000012878	cas1	5	29070573	29092847
110523570	ENSELUG00000012896	cas1	5	29089525	29097342
110523571	ENSELUG00000012914	cas1	5	29103563	29116365
110523572	ENSELUG00000012955	cas1	5	29116491	29121227
110523576	ENSELUG00000012993	cas1	5	29174319	29187968
110523577	ENSELUG00000013067	cas1	5	29201750	29214984
110523581	ENSELUG00000013395	cas1	5	29341278	29446180
110523582	ENSELUG00000013603	cas1	5	29902987	29976678
110523583	ENSELUG00000000490	cas1	5	29712928	29722688
110523586	ENSELUG00000000495	cas1	5	29741863	29763439
110523589	ENSELUG00000013950	cas1	5	30082369	30095551
110523590	ENSELUG00000013571	cas1	5	29859609	29902923
110523618	ENSELUG00000014345	cas1	1	44787137	44792832
110523638	ENSELUG00000016809	cas1	5	33141270	33157682
110523639	ENSELUG00000014493	cas1	1	44821497	44835486
110523648	ENSELUG00000017301	cas1	5	33800292	33831611
110523652	ENSELUG00000017727	cas1	5	34153968	34221190
110523656	ENSELUG00000001308	cas1	5	34456153	34478805
110523658	ENSELUG00000017926	cas1	5	34502748	34517573
110523659	ENSELUG00000017881	cas1	5	34489789	34501809
110523660	ENSELUG00000017980	cas1	5	35086826	35198991
110523663	ENSELUG00000000727	cas3	5	35365365	35380100
110523664	ENSELUG00000000728	cas1	5	35386172	35426546
110523665	ENSELUG00000018143	cas1	5	35442526	35443774
110523666	ENSELUG00000014869	cas1	1	45115903	45142315
110523671	ENSELUG00000000790	cas1	5	35602601	35620548
110523672	ENSELUG00000018555	cas1	5	35646685	35657990
110523674	ENSELUG00000018565	cas1	5	35671060	35681052
110523678	ENSELUG00000018929	cas1	5	35759975	35804212
110523679	ENSELUG00000018945	cas1	5	35824213	35862626
110523680	ENSELUG00000016442	cas2	1	602103	617595
110523681	ENSELUG00000018958	cas1	5	35877313	35889755
110523684	ENSELUG00000019289	cas1	5	35963201	35966744
110523685	ENSELUG00000019310	cas1	5	35981756	35994887
110523688	ENSELUG00000019330	cas1	5	36006206	36019354
110523689	ENSELUG00000019379	cas1	5	36034909	36042304
110523692	ENSELUG00000019540	cas1	5	36085124	36120105
110523696	ENSELUG00000019615	cas1	5	36144642	36169437
110523698	ENSELUG00000019651	cas1	5	36183778	36198461
110523699	ENSELUG00000019777	cas1	5	36249116	36258915
110523700	ENSELUG00000019802	cas1	5	36260141	36262196
110523701	ENSELUG00000019822	cas1	5	36280294	36282607
110523702	ENSELUG00000019873	cas1	5	36313352	36330990
110523703	ENSELUG00000019892	cas1	5	36337640	36367108
110523704	ENSELUG00000019906	cas1	5	36371366	36376388
110523706	ENSELUG00000020200	cas1	5	36577628	36607051
110523708	ENSELUG00000019984	cas1	5	36458802	36469839
110523711	ENSELUG00000020372	cas1	5	36607402	36614580
110523714	ENSELUG00000020420	cas1	5	36639656	36645198
110523720	ENSELUG00000020568	cas1	5	36797363	36805752
110523721	ENSELUG00000020615	cas1	5	36808011	36822705
110523722	ENSELUG00000020633	cas1	5	36828476	36883225
110523723	ENSELUG00000020651	cas1	5	36931737	36957641
110523728	ENSELUG00000020838	cas1	5	37052680	37061075
110523730	ENSELUG00000020911	cas1	5	37092336	37108017
110523732	ENSELUG00000021186	cas1	5	37210658	37242720
110523733	ENSELUG00000021416	cas1	5	37334100	37358524
110523734	ENSELUG00000021354	cas1	5	37294773	37323309
110523738	ENSELUG00000000923	cas1	5	37110277	37116619
110523739	ENSELUG00000021471	cas1	5	37384835	37390026
110523740	ENSELUG00000020927	cas3	5	37108949	37110258
110523741	ENSELUG00000021021	cas1	5	37134748	37136668
110523744	ENSELUG00000021103	cas1	5	37161540	37166164
110523745	ENSELUG00000021439	cas1	5	37374494	37376343
110523746	ENSELUG00000000928	cas1	5	37137611	37140037
110523747	ENSELUG00000021520	cas1	5	37421164	37445198
110523748	ENSELUG00000021535	cas1	5	37520545	37549069
110523752	ENSELUG00000021601	cas1	5	37576263	37585810
110523753	ENSELUG00000021630	cas1	5	37591173	37604425
110523754	ENSELUG00000001554	cas1	5	37656590	37690760
110523755	ENSELUG00000015452	cas1	1	45325909	45414664
110523756	ENSELUG00000021787	cas1	5	37922840	37943931
110523757	ENSELUG00000021986	cas1	5	37943858	37964766
110523758	ENSELUG00000021669	cas1	5	37917781	37921282
110523760	ENSELUG00000022046	cas1	5	37984958	38018439
110523768	ENSELUG00000023233	cas1	5	38973438	39005816
110523769	ENSELUG00000023330	cas1	5	39008047	39064509
110523771	ENSELUG00000023371	cas1	5	39083292	39089253
110523772	ENSELUG00000023403	cas1	5	39148565	39166813
110523773	ENSELUG00000023427	cas1	5	39171107	39189730
110523776	ENSELUG00000023711	cas1	5	39269399	39280693
110523777	ENSELUG00000023720	cas1	5	39297942	39317727
110523782	ENSELUG00000024179	cas1	5	39522323	39525554
110523783	ENSELUG00000024278	cas1	5	39529982	39549797
110523785	ENSELUG00000024294	cas1	5	39572758	39577381
110523787	ENSELUG00000024348	cas1	5	39585517	39612603
110523789	ENSELUG00000024527	cas1	5	39762574	39773050
110523790	ENSELUG00000024536	cas1	5	39773061	39776378
110523791	ENSELUG00000002083	cas1	5	39783550	39793551
110523792	ENSELUG00000024603	cas4	5	39777911	39783326
110523793	ENSELUG00000002085	cas1	5	39797758	39808642
110523799	ENSELUG00000002108	cas1	5	39949581	39991805
110523800	ENSELUG00000002111	cas1	5	40041761	40061855
110523801	ENSELUG00000002125	cas1	5	40191185	40201205
110523803	ENSELUG00000002135	cas1	5	40215475	40230869
110523804	ENSELUG00000002144	cas1	5	40249873	40255654
110523806	ENSELUG00000002163	cas1	5	40419533	40426291
110523807	ENSELUG00000002184	cas1	5	40433933	40547668
110523811	ENSELUG00000017320	cas4	1	32649	197427
110523812	ENSELUG00000015674	cas1	1	45427670	45446413
110523820	ENSELUG00000002290	cas1	5	40755875	40765444
110523822	ENSELUG00000002300	cas1	5	40777459	40781451
110523824	ENSELUG00000002395	cas1	5	40917667	40921273
110523826	ENSELUG00000002462	cas1	5	41027818	41049292
110523827	ENSELUG00000002451	cas1	5	40995973	41018502
110523828	ENSELUG00000002460	cas1	5	41016201	41027823
110523831	ENSELUG00000002530	cas1	5	41090489	41104612
110523832	ENSELUG00000002567	cas1	5	41105411	41207218
110523833	ENSELUG00000002577	cas1	5	41213201	41254232
110523836	ENSELUG00000002590	cas1	5	41259817	41271627
110523837	ENSELUG00000000068	cas1	5	41271706	41275385
110523840	ENSELUG00000002625	cas1	5	41343546	41370262
110523858	ENSELUG00000003187	cas1	5	41893663	41897302
110523859	ENSELUG00000003241	cas1	5	41903356	41908707
110523861	ENSELUG00000003329	cas1	5	41961128	41985683
110523863	ENSELUG00000003276	cas1	5	41939180	41943111
110523864	ENSELUG00000003370	cas1	5	41986426	42003044
110523865	ENSELUG00000003391	cas1	5	42025293	42032015
110523870	ENSELUG00000003542	cas1	5	42276019	42291052
110523872	ENSELUG00000003641	cas1	5	42432069	42462750
110523889	ENSELUG00000004170	cas1	5	42985474	42996230
110523898	ENSELUG00000004348	cas1	5	43327910	43342600
110523899	ENSELUG00000014320	cas1	1	11433102	11514427
110523903	ENSELUG00000001480	cas1	1	45730235	45867098
110523905	ENSELUG00000004514	cas1	5	43476985	43531142
110523906	ENSELUG00000004663	cas1	5	43800087	43997360
110523909	ENSELUG00000004750	cas1	5	44368088	44394889
110523910	ENSELUG00000004768	cas1	5	44398741	44400129
110523914	ENSELUG00000004800	cas1	5	44465921	44501636
110523916	ENSELUG00000005054	cas1	5	44574333	44590062
110523917	ENSELUG00000005168	cas1	5	44610017	44623316
110523918	ENSELUG00000005224	cas1	5	44644141	44717457
110523921	ENSELUG00000016322	cas1	1	46025778	46076741
110523922	ENSELUG00000005475	cas1	5	44760550	44768046
110523924	ENSELUG00000005500	cas1	5	44779768	44853071
110523925	ENSELUG00000000154	cas1	5	44915184	44933176
110523926	ENSELUG00000001592	cas1	5	44905351	44915369
110523930	ENSELUG00000005932	cas1	5	45035746	45052242
110523931	ENSELUG00000006006	cas1	5	45142007	45152518
110523932	ENSELUG00000006105	cas1	5	45178730	45200727
110523941	ENSELUG00000006912	cas2	5	45709555	45836284
110523942	ENSELUG00000006976	cas1	5	45857237	45902006
110523944	ENSELUG00000006990	cas5	5	45926203	45928830
110523945	ENSELUG00000007023	cas1	5	45931578	45960076
110523946	ENSELUG00000007109	cas1	5	45982376	45989446
110523948	ENSELUG00000016565	cas1	1	46249719	46267255
110523951	ENSELUG00000007209	cas1	5	46115563	46134637
110523952	ENSELUG00000001121	cas1	5	46135412	46171517
110523953	ENSELUG00000007410	cas1	5	46223154	46300576
110523962	ENSELUG00000007761	cas1	5	46572673	46610314
110523965	ENSELUG00000007882	cas1	5	46911102	46926945
110523966	ENSELUG00000001166	cas1	5	47039185	47056548
110523967	ENSELUG00000008015	cas1	5	47090294	47108016
110523974	ENSELUG00000008773	cas1	5	47772417	47798660
110523976	ENSELUG00000015173	cas1	5	47956800	47983019
110523977	ENSELUG00000022549	cas1	5	48012995	48082406
110523984	ENSELUG00000001730	cas1	5	48478571	48486883
110523995	ENSELUG00000023663	cas1	5	49694223	49732545
110523998	ENSELUG00000005716	cas4	5	50825609	50987810
110524000	ENSELUG00000005556	cas1	5	51059834	51138384
110524001	ENSELUG00000016653	cas1	1	46525358	46575941
110524003	ENSELUG00000005110	cas1	5	51179758	51225817
110524004	ENSELUG00000005099	cas1	5	51283536	51291754
110524010	ENSELUG00000004843	cas1	5	52013567	52031827
110524011	ENSELUG00000004619	cas1	5	52106568	52109717
110524015	ENSELUG00000016773	cas1	1	46737435	46743033
110524017	ENSELUG00000013501	cas4	5	52230095	52235296
110524018	ENSELUG00000013541	cas1	5	52254713	52263056
110524019	ENSELUG00000013583	cas1	5	52264521	52286710
110524021	ENSELUG00000016802	cas1	1	46798486	46810016
110524022	ENSELUG00000021969	cas1	5	87505749	87520050
110524027	ENSELUG00000014320	cas1	5	53403769	53462256
110524028	ENSELUG00000016872	cas1	1	46817056	46839553
110524030	ENSELUG00000014372	cas1	5	53616527	53618565
110524036	ENSELUG00000014744	cas1	5	53929266	53940832
110524037	ENSELUG00000014770	cas1	5	53940943	53945602
110524077	ENSELUG00000001039	cas1	5	55487820	55504741
110524078	ENSELUG00000002944	cas3	5	55550621	55726193
110524081	ENSELUG00000002993	cas1	5	55838560	55848072
110524082	ENSELUG00000003025	cas3	5	55849213	55864861
110524084	ENSELUG00000003114	cas1	5	55884879	55921055
110524085	ENSELUG00000003131	cas1	5	55932977	56105281
110524086	ENSELUG00000003154	cas1	5	56105602	56136576
110524089	ENSELUG00000003188	cas1	5	56456115	56459513
110524091	ENSELUG00000003289	cas1	5	56505544	56525588
110524093	ENSELUG00000003309	cas1	5	56578635	56580493
110524095	ENSELUG00000003378	cas1	5	56602883	56628907
110524096	ENSELUG00000003434	cas1	5	56631796	56647090
110524097	ENSELUG00000017078	cas1	1	47383613	47401144
110524099	ENSELUG00000003491	cas1	5	56696618	56702156
110524100	ENSELUG00000003535	cas1	5	56726174	56729842
110524103	ENSELUG00000003725	cas1	5	56864450	56913656
110524106	ENSELUG00000003741	cas1	5	56923916	56929200
110524107	ENSELUG00000003854	cas1	5	56963978	56973388
110524108	ENSELUG00000003906	cas1	5	56985006	57002024
110524110	ENSELUG00000003949	cas1	5	57011622	57015940
110524111	ENSELUG00000003927	cas1	5	57007649	57011401
110524117	ENSELUG00000004246	cas1	5	57116340	57133661
110524121	ENSELUG00000004317	cas1	5	57380097	57427323
110524122	ENSELUG00000004360	cas1	5	57444176	57459501
110524123	ENSELUG00000004418	cas1	5	57460164	57537912
110524124	ENSELUG00000008597	cas2	1	2100172	2130819
110524129	ENSELUG00000013335	cas1	5	57641220	57750792
110524132	ENSELUG00000013279	cas1	5	57876328	57881714
110524135	ENSELUG00000013152	cas1	5	57989745	57998440
110524137	ENSELUG00000013029	cas1	5	58033672	58081875
110524140	ENSELUG00000012800	cas1	5	58158521	58160134
110524141	ENSELUG00000012788	cas1	5	58163918	58187049
110524144	ENSELUG00000012532	cas1	5	58379780	58409320
110524146	ENSELUG00000012497	cas1	5	58416872	58475233
110524147	ENSELUG00000012460	cas1	5	58484043	58491225
110524149	ENSELUG00000012419	cas1	5	58500105	58505933
110524151	ENSELUG00000012323	cas1	5	58546384	58567683
110524153	ENSELUG00000012202	cas1	5	58620518	58646110
110524162	ENSELUG00000012037	cas1	5	58726531	58735992
110524163	ENSELUG00000010444	cas1	5	58756244	58802663
110524164	ENSELUG00000010399	cas1	5	58808570	58828505
110524166	ENSELUG00000001267	cas1	5	58842449	58849428
110524168	ENSELUG00000010286	cas1	5	58863069	58878412
110524169	ENSELUG00000010197	cas1	5	58911909	58936361
110524173	ENSELUG00000024421	cas1	5	59038387	59050166
110524175	ENSELUG00000024346	cas1	5	59055120	59115105
110524176	ENSELUG00000023973	cas1	5	59131152	59138429
110524182	ENSELUG00000023870	cas1	5	59359886	59448197
110524188	ENSELUG00000023619	cas1	5	59665915	59709692
110524190	ENSELUG00000023491	cas1	5	59714706	59734498
110524192	ENSELUG00000023485	cas3	5	59745476	59754819
110524193	ENSELUG00000023462	cas1	5	59772761	59776656
110524194	ENSELUG00000023385	cas1	5	59787744	59801204
110524196	ENSELUG00000023140	cas1	5	59827075	59838227
110524197	ENSELUG00000023050	cas1	5	59869690	59880569
110524199	ENSELUG00000017736	cas1	1	47983046	48013346
110524200	ENSELUG00000022805	cas1	5	59920588	59930543
110524201	ENSELUG00000022861	cas1	5	59915582	59920176
110524202	ENSELUG00000022752	cas1	5	59930644	59968946
110524203	ENSELUG00000022520	cas1	5	59979007	59981619
110524205	ENSELUG00000017774	cas1	1	48043492	48049196
110524206	ENSELUG00000022484	cas1	5	60116530	60134272
110524208	ENSELUG00000022327	cas1	5	60165608	60180274
110524209	ENSELUG00000022108	cas1	5	60282374	60289431
110524211	ENSELUG00000022037	cas2	5	60368391	60395175
110524212	ENSELUG00000017815	cas1	1	48071829	48123356
110524216	ENSELUG00000021906	cas1	5	60435763	60452642
110524217	ENSELUG00000021883	cas1	5	60459847	60462194
110524218	ENSELUG00000021858	cas1	5	60471312	60476448
110524219	ENSELUG00000021813	cas1	5	60509679	60513480
110524220	ENSELUG00000021756	cas1	5	60534533	60543487
110524224	ENSELUG00000021670	cas1	5	60690473	60692763
110524229	ENSELUG00000021214	cas1	5	60902398	60914281
110524238	ENSELUG00000020850	cas1	5	60973143	61053401
110524240	ENSELUG00000020523	cas1	5	61082638	61096386
110524243	ENSELUG00000020457	cas1	5	61139319	61242006
110524245	ENSELUG00000020165	cas1	5	61267215	61285666
110524246	ENSELUG00000020134	cas1	5	61590603	61599332
110524247	ENSELUG00000020075	cas1	5	61617987	61622355
110524248	ENSELUG00000020071	cas1	5	61637104	61655195
110524249	ENSELUG00000020049	cas1	5	61660149	61679106
110524251	ENSELUG00000019996	cas1	5	61786447	61793643
110524252	ENSELUG00000020027	cas1	5	61763118	61786542
110524253	ENSELUG00000018066	cas1	1	48256867	48289561
110524254	ENSELUG00000019905	cas1	5	61808882	61840823
110524255	ENSELUG00000019850	cas1	5	61844016	62001312
110524256	ENSELUG00000019805	cas1	5	62006302	62030169
110524258	ENSELUG00000019758	cas1	5	62068198	62072769
110524259	ENSELUG00000019588	cas1	5	62084453	62092024
110524262	ENSELUG00000000858	cas1	5	62277289	62281739
110524264	ENSELUG00000018083	cas1	1	48291626	48304829
110524265	ENSELUG00000019511	cas1	5	62283054	62327772
110524268	ENSELUG00000019404	cas1	5	62476874	62490792
110524273	ENSELUG00000018093	cas1	1	48313665	48396381
110524278	ENSELUG00000019027	cas1	5	62885401	62892180
110524285	ENSELUG00000013485	cas1	1	48440247	48463655
110524287	ENSELUG00000018708	cas1	5	63314536	63319938
110524290	ENSELUG00000000785	cas1	5	63417964	63443429
110524292	ENSELUG00000018331	cas1	5	63462504	63491605
110524294	ENSELUG00000018209	cas1	5	63502616	63535065
110524297	ENSELUG00000018291	cas1	5	63492427	63502367
110524299	ENSELUG00000018073	cas1	5	63676409	63684848
110524302	ENSELUG00000013246	cas1	1	48552081	48590914
110524308	ENSELUG00000017856	cas1	5	63869346	63911602
110524309	ENSELUG00000017800	cas1	5	63912451	63925585
110524311	ENSELUG00000017649	cas1	5	64132577	64143786
110524312	ENSELUG00000017624	cas1	5	64146096	64158106
110524318	ENSELUG00000017500	cas1	5	64243519	64246283
110524320	ENSELUG00000017396	cas1	5	64297459	64325608
110524321	ENSELUG00000012999	cas1	1	48598178	48623416
110524323	ENSELUG00000017276	cas3	5	64407229	64416757
110524324	ENSELUG00000017087	cas1	5	64416798	64448606
110524325	ENSELUG00000017042	cas1	5	64460935	64494141
110524326	ENSELUG00000016902	cas1	5	64568484	64644074
110524329	ENSELUG00000016820	cas1	5	64664327	64701395
110524330	ENSELUG00000016766	cas1	5	64701867	64810664
110524331	ENSELUG00000016693	cas1	5	64811241	64842855
110524333	ENSELUG00000016628	cas1	5	64929844	64947418
110524334	ENSELUG00000016587	cas1	5	64939266	64982684
110524335	ENSELUG00000016436	cas1	5	64983341	64991007
110524336	ENSELUG00000016290	cas1	5	65011639	65022842
110524337	ENSELUG00000016343	cas1	5	64999666	65011606
110524339	ENSELUG00000016014	cas1	5	65030479	65051482
110524343	ENSELUG00000012565	cas1	1	48814805	48892487
110524345	ENSELUG00000000594	cas1	5	65091180	65109379
110524347	ENSELUG00000015679	cas1	5	65356112	65366865
110524349	ENSELUG00000012577	cas1	1	48804907	48815013
110524350	ENSELUG00000015644	cas1	5	65388061	65396176
110524355	ENSELUG00000015492	cas1	5	65551345	65571173
110524359	ENSELUG00000012526	cas1	1	48901602	48958061
110524361	ENSELUG00000015267	cas1	5	65678114	65681972
110524362	ENSELUG00000015256	cas1	5	65703567	65705429
110524363	ENSELUG00000015240	cas1	5	65713466	65715867
110524366	ENSELUG00000015150	cas1	5	66045863	66050198
110524369	ENSELUG00000015040	cas1	5	66059094	66106566
110524370	ENSELUG00000014877	cas1	5	66106837	66175123
110524376	ENSELUG00000014203	cas1	5	66340581	66349235
110524377	ENSELUG00000014142	cas1	5	66349573	66355573
110524379	ENSELUG00000014078	cas1	5	66401096	66412427
110524380	ENSELUG00000014000	cas1	5	66430271	66433596
110524382	ENSELUG00000013973	cas1	5	66434671	66480586
110524384	ENSELUG00000013777	cas1	5	66519837	66634272
110524388	ENSELUG00000012353	cas1	1	49180132	49208517
110524391	ENSELUG00000013386	cas1	5	66769014	66776718
110524392	ENSELUG00000013336	cas1	5	66776818	66785521
110524393	ENSELUG00000013169	cas1	5	66812879	66839267
110524394	ENSELUG00000013274	cas1	5	66792622	66800072
110524398	ENSELUG00000013300	cas1	5	66786837	66793995
110524400	ENSELUG00000012638	cas1	5	66881994	66884028
110524404	ENSELUG00000013008	cas1	5	67080011	67288985
110524405	ENSELUG00000011976	cas1	1	49435762	49440232
110524409	ENSELUG00000012841	cas1	5	67622271	67624355
110524413	ENSELUG00000011497	cas1	1	49848378	49876492
110524414	ENSELUG00000012378	cas1	5	67987179	67995354
110524415	ENSELUG00000012274	cas1	5	67996354	68000277
110524417	ENSELUG00000007678	cas1	5	68052908	68114236
110524418	ENSELUG00000008519	cas2	1	2212135	2258325
110524419	ENSELUG00000007590	cas1	5	68010191	68052897
110524422	ENSELUG00000007757	cas1	5	68193752	68200853
110524423	ENSELUG00000007775	cas1	5	68212224	68214236
110524424	ENSELUG00000007831	cas3	5	68215000	68231509
110524427	ENSELUG00000008025	cas1	5	68647816	68716531
110524428	ENSELUG00000008044	cas1	5	68815962	68819009
110524429	ENSELUG00000008116	cas1	5	68830415	68911632
110524432	ENSELUG00000008168	cas1	5	68944931	68978449
110524433	ENSELUG00000008258	cas1	5	69025921	69050378
110524435	ENSELUG00000008314	cas1	5	69066016	69076209
110524436	ENSELUG00000008491	cas1	5	69086959	69135091
110524441	ENSELUG00000011438	cas1	1	50260404	50270301
110524446	ENSELUG00000008898	cas1	5	69529529	69544049
110524447	ENSELUG00000008918	cas1	5	69551803	69619075
110524448	ENSELUG00000000341	cas1	5	69614131	69703272
110524449	ENSELUG00000009027	cas1	5	69704871	69714330
110524453	ENSELUG00000011287	cas1	1	50455556	50509791
110524454	ENSELUG00000009193	cas1	5	69744586	69751448
110524455	ENSELUG00000009544	cas1	5	69758226	69869326
110524456	ENSELUG00000011111	cas1	1	50530648	50592851
110524463	ENSELUG00000010098	cas1	5	70836815	70870397
110524467	ENSELUG00000010132	cas1	5	71021672	71033577
110524471	ENSELUG00000010930	cas1	5	71139770	71150100
110524478	ENSELUG00000011151	cas1	5	71226012	71242283
110524481	ENSELUG00000011263	cas3	5	71269872	71285310
110524482	ENSELUG00000010824	cas1	1	50600635	50674175
110524485	ENSELUG00000011714	cas1	5	71341502	71354918
110524486	ENSELUG00000001498	cas1	5	71371673	71423509
110524490	ENSELUG00000007543	cas1	5	71462777	71490438
110524494	ENSELUG00000007355	cas1	5	71552653	71687178
110524495	ENSELUG00000007290	cas1	5	71621173	71661464
110524496	ENSELUG00000010719	cas1	1	50792196	50800380
110524497	ENSELUG00000007270	cas1	5	71695892	71709750
110524503	ENSELUG00000000254	cas1	5	72136286	72167442
110524509	ENSELUG00000006700	cas1	5	72377782	72393450
110524510	ENSELUG00000006717	cas1	5	72362852	72377582
110524515	ENSELUG00000006423	cas1	5	72852068	72866268
110524516	ENSELUG00000006387	cas1	5	72875185	72918731
110524519	ENSELUG00000006273	cas1	5	73007857	73052550
110524520	ENSELUG00000006167	cas2	5	73106039	73109903
110524527	ENSELUG00000005857	cas1	5	73431563	73444514
110524529	ENSELUG00000005765	cas1	5	73514943	73524397
110524531	ENSELUG00000000172	cas6	5	73525297	73557332
110524533	ENSELUG00000005595	cas1	5	73583382	73600500
110524536	ENSELUG00000010376	cas1	1	50871475	50888496
110524541	ENSELUG00000005298	cas1	5	73806953	73826827
110524544	ENSELUG00000010348	cas1	1	51071696	51075445
110524545	ENSELUG00000005255	cas1	5	73843036	73846543
110524546	ENSELUG00000005238	cas1	5	73846843	73852319
110524549	ENSELUG00000004883	cas1	5	73993983	74008569
110524551	ENSELUG00000010343	cas1	1	51092525	51144745
110524552	ENSELUG00000004925	cas1	5	73974430	73995738
110524554	ENSELUG00000004657	cas1	5	74119478	74121745
110524555	ENSELUG00000004607	cas1	5	74360777	74383682
110524558	ENSELUG00000010314	cas1	1	51164077	51170344
110524599	ENSELUG00000009865	cas1	1	51673553	51674973
110524617	ENSELUG00000002817	cas1	5	77875620	77901062
110524621	ENSELUG00000002630	cas1	5	78239768	78245830
110524623	ENSELUG00000009802	cas1	1	51888400	51894917
110524632	ENSELUG00000002303	cas1	5	79157011	79189367
110524637	ENSELUG00000002228	cas1	5	79385540	79459507
110524646	ENSELUG00000009706	cas1	1	51992437	52100196
110524662	ENSELUG00000002012	cas1	5	81417392	81575395
110524663	ENSELUG00000001984	cas1	5	81580318	81589232
110524665	ENSELUG00000001966	cas1	5	81639462	81767595
110524668	ENSELUG00000001958	cas1	5	81781102	81825696
110524669	ENSELUG00000001941	cas1	5	81843519	81889913
110524675	ENSELUG00000024408	cas1	5	82747333	82775237
110524679	ENSELUG00000024252	cas5	5	83097156	83127964
110524685	ENSELUG00000024167	cas1	5	83804300	83825460
110524690	ENSELUG00000024053	cas1	5	84121349	84138828
110524692	ENSELUG00000024049	cas1	5	84145967	84151051
110524693	ENSELUG00000023997	cas1	5	84151778	84157364
110524694	ENSELUG00000023958	cas1	5	84158137	84173653
110524695	ENSELUG00000021907	cas6	5	84206298	84235575
110524697	ENSELUG00000023830	cas1	5	84279151	84309655
110524699	ENSELUG00000023668	cas1	5	84310222	84318455
110524706	ENSELUG00000023333	cas2	5	84478562	84488240
110524707	ENSELUG00000023142	cas3	5	84531415	84561458
110524724	ENSELUG00000022567	cas1	5	86087193	86174451
110524727	ENSELUG00000022480	cas1	5	86253504	86260188
110524729	ENSELUG00000022457	cas1	5	86264428	86343384
110524732	ENSELUG00000022312	cas1	5	86556730	86712442
110524734	ENSELUG00000001058	cas1	5	87055034	87067699
110524737	ENSELUG00000022163	cas1	5	87108000	87144341
110524739	ENSELUG00000022126	cas1	5	87151825	87153819
110524740	ENSELUG00000022092	cas1	5	87391661	87401413
110524742	ENSELUG00000014271	cas1	5	30133672	30217715
110524744	ENSELUG00000013966	cas1	5	30102342	30104688
110524750	ENSELUG00000000944	cas1	5	88171759	88177340
110524751	ENSELUG00000021634	cas1	5	88262575	88268140
110524752	ENSELUG00000021518	cas1	5	88287424	88297156
110524754	ENSELUG00000021498	cas1	5	88305928	88348088
110524755	ENSELUG00000000934	cas1	5	88348333	88355068
110524756	ENSELUG00000021218	cas1	5	88390467	88400339
110524759	ENSELUG00000021094	cas1	5	88412848	88417848
110524761	ENSELUG00000020939	cas3	5	88655985	88979889
110524763	ENSELUG00000020906	cas1	5	89151732	89465997
110524766	ENSELUG00000008952	cas1	1	52624357	52636698
110524768	ENSELUG00000020779	cas1	5	89628798	89639717
110524777	ENSELUG00000020260	cas1	5	90211082	90261824
110524778	ENSELUG00000007189	cas2	1	4128406	4257029
110524784	ENSELUG00000020123	cas1	5	90364241	90384094
110524793	ENSELUG00000001536	cas1	5	91131608	91291859
110524800	ENSELUG00000019683	cas1	5	91678060	91681757
110524807	ENSELUG00000019525	cas1	5	91896541	91919412
110524809	ENSELUG00000019502	cas5	5	92005276	92045022
110524811	ENSELUG00000019449	cas1	5	92080061	92089429
110524812	ENSELUG00000001297	cas1	5	92056502	92079881
110524813	ENSELUG00000008742	cas1	1	52707550	52722838
110524814	ENSELUG00000000826	cas1	5	92240666	92245192
110524818	ENSELUG00000018947	cas1	5	92606658	92628874
110524819	ENSELUG00000018895	cas1	5	92636855	92643037
110524821	ENSELUG00000018927	cas2	5	92632817	92634901
110524830	ENSELUG00000011362	cas1	5	93044898	93062301
110524831	ENSELUG00000011303	cas1	5	93100251	93164513
110524836	ENSELUG00000011198	cas1	5	93221830	93225006
110524838	ENSELUG00000008711	cas1	1	52744317	52753305
110524839	ENSELUG00000011053	cas1	5	93300490	93412367
110524843	ENSELUG00000008708	cas1	1	52766482	52769164
110524844	ENSELUG00000008664	cas1	1	52882870	52889860
110524848	ENSELUG00000011591	cas3	5	93809803	93934248
110524863	ENSELUG00000007189	cas2	5	96474920	96619822
110524867	ENSELUG00000008715	cas4	5	99159906	99178822
110524870	ENSELUG00000010836	cas3	5	95776948	95873366
110524876	ENSELUG00000000221	cas6	5	96128395	96149227
110524882	ENSELUG00000020582	cas4	5	94165238	94174003
110524896	ENSELUG00000008613	cas1	1	52943860	52955716
110524913	ENSELUG00000016844	cas2	5	100671950	100722515
110524918	ENSELUG00000016311	cas5	5	97796243	97840872
110524920	ENSELUG00000016271	cas2	5	97850978	97872968
110524931	ENSELUG00000000493	cas2	5	3258931	3329266
110524932	ENSELUG00000013574	cas2	5	3547948	3635115
110524937	ENSELUG00000008361	cas1	1	53047740	53059946
110524942	ENSELUG00000020033	cas3	5	6775405	6860173
110524944	ENSELUG00000016422	cas3	5	8383645	8507630
110524947	ENSELUG00000017099	cas2	5	9912012	10059149
110524956	ENSELUG00000022080	cas1	5	14891979	14911591
110525006	ENSELUG00000018552	cas1	6	10577529	10579664
110525010	ENSELUG00000008100	cas1	1	53187018	53233174
110525015	ENSELUG00000001960	cas1	6	22526767	22528403
110525016	ENSELUG00000023502	cas1	6	23494704	23497340
110525022	ENSELUG00000007898	cas1	1	53250609	53296485
110525023	ENSELUG00000011248	cas4	6	32074123	32080766
110525027	ENSELUG00000003653	cas1	6	39808201	39819427
110525034	ENSELUG00000007836	cas1	1	53298363	53310125
110525041	ENSELUG00000022102	cas3	6	57644667	57647053
110525044	ENSELUG00000017343	cas2	6	63730434	63757238
110525055	ENSELUG00000019531	cas2	6	92017222	92028355
110525056	ENSELUG00000017327	cas3	26	4973789	4975290
110525057	ENSELUG00000017327	cas3	6	98786714	98788298
110525058	ENSELUG00000016561	cas2	6	94324853	94566837
110525062	ENSELUG00000022604	cas2	6	2002088	2105141
110525078	ENSELUG00000007737	cas1	1	53337030	53338484
110525085	ENSELUG00000022002	cas1	6	7423076	7523301
110525087	ENSELUG00000000940	cas4	6	7913507	7954724
110525088	ENSELUG00000020787	cas6	6	9228570	9273994
110525089	ENSELUG00000007703	cas1	1	53373701	53384476
110525096	ENSELUG00000007641	cas1	1	53399050	53422754
110525107	ENSELUG00000016439	cas1	6	16174779	16286350
110525117	ENSELUG00000002123	cas5	6	21464228	21493923
110525133	ENSELUG00000011403	cas4	6	564277	602519
110525150	ENSELUG00000022984	cas2	6	3084681	3092690
110525151	ENSELUG00000007578	cas1	1	53437534	53485553
110525158	ENSELUG00000022827	cas2	6	2466474	2489239
110525161	ENSELUG00000024071	cas1	6	23359077	23392808
110525164	ENSELUG00000023181	cas2	6	3996133	4032894
110525165	ENSELUG00000023414	cas1	6	4049477	4122404
110525167	ENSELUG00000023827	cas4	6	4376212	4382959
110525169	ENSELUG00000024403	cas1	6	4643954	4650871
110525170	ENSELUG00000007550	cas1	1	53491846	53557609
110525171	ENSELUG00000024398	cas1	6	4601406	4616974
110525173	ENSELUG00000013888	cas1	6	4842875	4935449
110525177	ENSELUG00000013510	cas1	6	5656207	5968680
110525187	ENSELUG00000022413	cas1	6	6575971	6610320
110525190	ENSELUG00000001736	cas1	1	55901897	56147404
110525193	ENSELUG00000022240	cas1	6	6719880	6741493
110525201	ENSELUG00000018204	cas1	7	82872709	83038973
110525208	ENSELUG00000022044	cas1	6	7534540	7600051
110525209	ENSELUG00000021752	cas2	6	7678142	7685735
110525211	ENSELUG00000021711	cas4	6	7717090	7770312
110525215	ENSELUG00000021596	cas2	6	7844495	7850054
110525216	ENSELUG00000021614	cas5	6	7852745	7859709
110525234	ENSELUG00000020447	cas4	6	9644491	9957507
110525237	ENSELUG00000020179	cas1	6	10360765	10365694
110525240	ENSELUG00000020159	cas1	6	10369969	10381469
110525244	ENSELUG00000018449	cas1	6	10449684	10457941
110525249	ENSELUG00000018535	cas1	6	10509330	10534303
110525256	ENSELUG00000018712	cas2	6	11419779	11440310
110525265	ENSELUG00000000832	cas1	6	11824359	11837872
110525267	ENSELUG00000019632	cas1	6	11955217	11979397
110525269	ENSELUG00000000871	cas1	6	12040527	12063287
110525277	ENSELUG00000018336	cas1	6	12272561	12282625
110525278	ENSELUG00000018355	cas1	6	12258615	12271556
110525280	ENSELUG00000018147	cas1	6	12560316	12564798
110525282	ENSELUG00000018133	cas1	6	12583971	12586483
110525284	ENSELUG00000018067	cas1	6	12712292	12715896
110525289	ENSELUG00000017818	cas1	6	12896951	12925948
110525293	ENSELUG00000017788	cas1	6	12940770	12954059
110525299	ENSELUG00000017661	cas2	6	13726709	13733060
110525306	ENSELUG00000017159	cas2	6	14691564	14706855
110525314	ENSELUG00000016532	cas1	6	16017955	16048934
110525320	ENSELUG00000023254	cas1	1	53989527	54019550
110525336	ENSELUG00000024504	cas1	1	54113139	54223986
110525353	ENSELUG00000003146	cas1	6	17717399	17725579
110525355	ENSELUG00000002670	cas1	1	54308050	54354027
110525356	ENSELUG00000000101	cas1	6	17764923	17771661
110525376	ENSELUG00000002780	cas1	1	54373111	54382667
110525377	ENSELUG00000002820	cas1	6	18257995	18267571
110525426	ENSELUG00000014272	cas3	6	20537756	20551306
110525432	ENSELUG00000014435	cas6	6	20603073	20612601
110525447	ENSELUG00000015031	cas1	6	20850171	20866839
110525450	ENSELUG00000015295	cas1	6	20926969	20939719
110525470	ENSELUG00000002133	cas6	6	21445228	21453374
110525474	ENSELUG00000002109	cas1	6	21691111	21701749
110525476	ENSELUG00000006290	cas2	1	55071579	55128270
110525487	ENSELUG00000000056	cas1	6	22097493	22105104
110525489	ENSELUG00000002000	cas1	6	22380276	22395072
110525492	ENSELUG00000001990	cas1	6	22438886	22441136
110525493	ENSELUG00000001463	cas1	6	22441244	22457748
110525495	ENSELUG00000001963	cas1	6	22460769	22464361
110525496	ENSELUG00000001961	cas1	6	22466485	22507759
110525497	ENSELUG00000001951	cas1	6	22572786	22579398
110525498	ENSELUG00000001953	cas1	6	22550214	22572561
110525499	ENSELUG00000001944	cas1	6	22617119	22625917
110525500	ENSELUG00000001947	cas1	6	22593509	22617566
110525504	ENSELUG00000001931	cas1	6	22640897	22644893
110525507	ENSELUG00000001922	cas1	6	22692800	22721327
110525508	ENSELUG00000001907	cas1	6	22730507	22746609
110525509	ENSELUG00000001927	cas1	6	22682585	22692496
110525512	ENSELUG00000001895	cas1	6	22759441	22766009
110525519	ENSELUG00000001836	cas1	6	22897262	22935152
110525521	ENSELUG00000011744	cas1	1	56551748	56596653
110525526	ENSELUG00000001818	cas1	6	22992473	22998067
110525527	ENSELUG00000010601	cas5	1	56791621	56873384
110525529	ENSELUG00000024455	cas1	6	23061031	23064135
110525530	ENSELUG00000024478	cas1	6	23029762	23049799
110525535	ENSELUG00000023972	cas1	6	23397024	23410695
110525543	ENSELUG00000023316	cas1	6	23588230	23590352
110525546	ENSELUG00000010629	cas1	1	56894252	56904226
110525547	ENSELUG00000023262	cas1	6	23608673	23609827
110525548	ENSELUG00000023219	cas1	6	23644995	23668368
110525549	ENSELUG00000023191	cas1	6	23677474	23703291
110525551	ENSELUG00000023188	cas1	6	23706557	23710228
110525553	ENSELUG00000023149	cas1	6	23718380	23728979
110525554	ENSELUG00000023129	cas1	6	23730000	23750838
110525555	ENSELUG00000023095	cas1	6	23757804	23779720
110525558	ENSELUG00000001060	cas1	6	23814802	23832541
110525560	ENSELUG00000022802	cas1	6	23857854	23884968
110525561	ENSELUG00000022763	cas1	6	23888654	23911739
110525562	ENSELUG00000010820	cas1	1	57622267	57765398
110525563	ENSELUG00000022753	cas1	6	23911741	23914297
110525565	ENSELUG00000022705	cas1	6	23943886	23948503
110525566	ENSELUG00000022626	cas1	6	23970088	23972273
110525567	ENSELUG00000022578	cas1	6	24032069	24041920
110525571	ENSELUG00000010965	cas4	1	57806134	57937988
110525572	ENSELUG00000022494	cas1	6	24059911	24071705
110525573	ENSELUG00000022412	cas1	6	24080291	24122599
110525575	ENSELUG00000022183	cas1	6	24211144	24224260
110525576	ENSELUG00000022171	cas1	6	24301736	24314535
110525582	ENSELUG00000011123	cas1	1	58169490	58282805
110525584	ENSELUG00000020525	cas1	6	24597970	24634358
110525585	ENSELUG00000020297	cas1	6	24655788	24715090
110525588	ENSELUG00000019888	cas2	6	24873223	24885005
110525589	ENSELUG00000019866	cas1	6	24911627	24917852
110525590	ENSELUG00000019768	cas2	6	25115383	25162130
110525591	ENSELUG00000019701	cas1	6	25172861	25375482
110525595	ENSELUG00000019650	cas1	6	25439781	25449371
110525599	ENSELUG00000019410	cas1	6	25596649	25624515
110525601	ENSELUG00000019383	cas1	6	25643232	25660249
110525603	ENSELUG00000019338	cas1	6	25978954	26067633
110525605	ENSELUG00000011242	cas1	1	58565230	58569247
110525607	ENSELUG00000019036	cas1	6	26293688	26317316
110525609	ENSELUG00000019014	cas1	6	26339170	26345174
110525610	ENSELUG00000018948	cas1	6	26365973	26382809
110525611	ENSELUG00000018850	cas1	6	26382960	26391291
110525612	ENSELUG00000011523	cas1	1	58614154	58760541
110525613	ENSELUG00000018809	cas1	6	26391426	26394660
110525614	ENSELUG00000018757	cas1	6	26404186	26455420
110525617	ENSELUG00000018721	cas1	6	26502944	26530832
110525621	ENSELUG00000018682	cas1	6	26642261	26711398
110525626	ENSELUG00000018546	cas1	6	26813132	26818643
110525633	ENSELUG00000018128	cas1	6	27068246	27114676
110525634	ENSELUG00000018010	cas1	6	27128251	27139663
110525636	ENSELUG00000017970	cas1	6	27173753	27182788
110525637	ENSELUG00000017941	cas1	6	27194122	27221434
110525638	ENSELUG00000017908	cas1	6	27270821	27278551
110525639	ENSELUG00000017850	cas1	6	27342945	27351891
110525641	ENSELUG00000017843	cas1	6	27468536	27477211
110525645	ENSELUG00000001248	cas3	1	58591107	58599375
110525646	ENSELUG00000001164	cas1	6	27578882	27583298
110525648	ENSELUG00000017644	cas1	6	27652785	27705710
110525649	ENSELUG00000017603	cas1	6	27714131	27724003
110525654	ENSELUG00000017542	cas1	6	27798270	27812882
110525655	ENSELUG00000017437	cas1	6	27832252	27867280
110525656	ENSELUG00000017362	cas1	6	28019895	28025362
110525658	ENSELUG00000017353	cas1	6	28028176	28044300
110525660	ENSELUG00000017277	cas1	6	28110968	28180720
110525661	ENSELUG00000008745	cas1	1	58808370	58838199
110525662	ENSELUG00000017224	cas1	6	28193508	28247237
110525664	ENSELUG00000017076	cas1	6	28262796	28266718
110525665	ENSELUG00000017062	cas1	6	28276663	28309727
110525667	ENSELUG00000008785	cas1	1	58838261	58914347
110525668	ENSELUG00000016978	cas1	6	28356038	28370016
110525670	ENSELUG00000016946	cas1	6	28392387	28400323
110525672	ENSELUG00000016890	cas2	6	28414737	28425225
110525673	ENSELUG00000016857	cas1	6	28432359	28448183
110525685	ENSELUG00000016323	cas1	6	29526783	29575598
110525695	ENSELUG00000008976	cas1	1	59144373	59199471
110525699	ENSELUG00000015294	cas1	6	29863198	29870407
110525700	ENSELUG00000015255	cas1	6	29856728	29863079
110525701	ENSELUG00000015202	cas4	6	29871980	29880651
110525706	ENSELUG00000014463	cas1	6	30105365	30107695
110525712	ENSELUG00000014143	cas1	6	30247899	30283522
110525727	ENSELUG00000013399	cas1	6	30966155	31000403
110525736	ENSELUG00000013025	cas1	6	31428660	31445370
110525737	ENSELUG00000009045	cas1	1	59212580	59248510
110525739	ENSELUG00000012958	cas1	6	31458042	31464600
110525740	ENSELUG00000012932	cas1	6	31465833	31539790
110525742	ENSELUG00000012898	cas1	6	31545143	31607759
110525743	ENSELUG00000012827	cas1	6	31616647	31631197
110525744	ENSELUG00000012644	cas1	6	31644703	31654452
110525757	ENSELUG00000012224	cas1	6	31735854	31758504
110525759	ENSELUG00000012154	cas1	6	31800969	31824346
110525760	ENSELUG00000012115	cas4	7	7839247	7880289
110525761	ENSELUG00000009418	cas3	1	59284324	59299682
110525762	ENSELUG00000012114	cas1	6	31828730	31857288
110525766	ENSELUG00000011596	cas5	6	31947139	31955166
110525766	ENSELUG00000022017	cas1	6	31947139	31955166
110525768	ENSELUG00000011550	cas1	6	31955764	31976406
110525772	ENSELUG00000011327	cas1	6	32049187	32071847
110525776	ENSELUG00000009447	cas4	1	59310306	59318124
110525778	ENSELUG00000010983	cas1	6	32403411	32409712
110525780	ENSELUG00000000385	cas1	6	32485864	32507844
110525781	ENSELUG00000010805	cas1	6	32532765	32537679
110525782	ENSELUG00000010763	cas1	6	32647693	32667410
110525784	ENSELUG00000010716	cas1	6	32680037	32682899
110525785	ENSELUG00000010457	cas1	6	32690707	32730676
110525787	ENSELUG00000010405	cas1	6	32750665	32759951
110525788	ENSELUG00000010291	cas1	6	32883925	32924410
110525789	ENSELUG00000010355	cas1	6	32772583	32883818
110525790	ENSELUG00000010184	cas1	6	32926258	32936958
110525791	ENSELUG00000010168	cas1	6	32939914	32945504
110525796	ENSELUG00000010070	cas1	6	32969862	33004119
110525797	ENSELUG00000009878	cas1	6	33073701	33076106
110525798	ENSELUG00000009856	cas1	6	33099066	33103756
110525802	ENSELUG00000009007	cas1	6	33201417	33211246
110525803	ENSELUG00000009028	cas1	6	33213385	33227655
110525804	ENSELUG00000009060	cas1	6	33227813	33278199
110525805	ENSELUG00000009084	cas1	6	33279198	33280948
110525806	ENSELUG00000009207	cas1	6	33313355	33317175
110525807	ENSELUG00000009707	cas5	1	59349556	59368121
110525808	ENSELUG00000009312	cas1	6	33321939	33326388
110525813	ENSELUG00000009370	cas1	6	33337003	33344085
110525814	ENSELUG00000009417	cas1	6	33352672	33367435
110525815	ENSELUG00000009537	cas1	6	33420413	33439671
110525816	ENSELUG00000009557	cas1	6	33447246	33464776
110525819	ENSELUG00000009778	cas1	6	33515250	33568701
110525823	ENSELUG00000008803	cas1	6	33729096	33749929
110525827	ENSELUG00000008681	cas1	6	33800282	33877105
110525830	ENSELUG00000008440	cas1	6	33953576	33970203
110525831	ENSELUG00000008400	cas4	6	33970403	33973787
110525832	ENSELUG00000008596	cas1	6	33947962	33950833
110525838	ENSELUG00000007900	cas1	6	34543412	34632897
110525840	ENSELUG00000007797	cas1	6	34784985	35201448
110525841	ENSELUG00000007647	cas1	6	35234568	35245606
110525843	ENSELUG00000007469	cas1	6	35287066	35306444
110525848	ENSELUG00000007087	cas1	6	35334881	35415036
110525851	ENSELUG00000006944	cas1	6	35448724	35502463
110525852	ENSELUG00000006868	cas1	6	35506440	35740040
110525854	ENSELUG00000006506	cas6	6	35787045	35815869
110525855	ENSELUG00000006473	cas1	6	35821517	35831139
110525863	ENSELUG00000005968	cas1	6	36507843	36569143
110525870	ENSELUG00000005713	cas1	6	36713023	36718572
110525885	ENSELUG00000005305	cas1	6	37340705	37344084
110525893	ENSELUG00000005025	cas1	6	37869319	37907163
110525908	ENSELUG00000004384	cas3	6	38668479	38683603
110525909	ENSELUG00000004262	cas1	6	38746654	38857447
110525910	ENSELUG00000010156	cas1	1	59969512	59993651
110525913	ENSELUG00000006718	cas4	1	4948727	4957086
110525914	ENSELUG00000004102	cas1	6	38926899	38967540
110525916	ENSELUG00000004056	cas1	6	39005211	39015501
110525919	ENSELUG00000002272	cas6	6	39090231	39106621
110525927	ENSELUG00000001541	cas1	6	39673964	39678265
110525928	ENSELUG00000001485	cas1	6	39734703	39750180
110525929	ENSELUG00000003552	cas1	6	39751726	39778538
110525930	ENSELUG00000010189	cas1	1	59999410	60018695
110525931	ENSELUG00000003634	cas1	6	39790133	39805341
110525933	ENSELUG00000003774	cas1	6	39882777	39901525
110525935	ENSELUG00000003814	cas1	6	39901532	39905407
110525940	ENSELUG00000002312	cas1	6	40056011	40132392
110525941	ENSELUG00000002322	cas1	6	40136197	40139203
110525942	ENSELUG00000002331	cas1	6	40147336	40154986
110525945	ENSELUG00000002355	cas1	6	40185171	40191808
110525948	ENSELUG00000002386	cas3	6	40216155	40257079
110525949	ENSELUG00000002393	cas1	6	40256994	40259050
110525952	ENSELUG00000002403	cas1	6	40293960	40303383
110525953	ENSELUG00000002407	cas1	6	40286466	40309855
110525959	ENSELUG00000002634	cas1	6	40500657	40506112
110525961	ENSELUG00000002607	cas6	6	40520974	40524282
110525962	ENSELUG00000002552	cas1	6	40533321	40538393
110525963	ENSELUG00000002596	cas1	6	40527838	40533844
110525965	ENSELUG00000002536	cas1	6	40544850	40561617
110525967	ENSELUG00000002457	cas1	6	40975379	41084448
110525972	ENSELUG00000002427	cas1	6	41406077	41429279
110525973	ENSELUG00000002645	cas1	6	41431651	41459095
110525974	ENSELUG00000002654	cas2	6	41458287	41461918
110525975	ENSELUG00000002668	cas1	6	41474979	41540150
110525976	ENSELUG00000002721	cas1	6	41571004	41677673
110525977	ENSELUG00000021623	cas1	1	60130315	60172542
110525978	ENSELUG00000002684	cas3	6	41562084	41565993
110525979	ENSELUG00000002732	cas1	6	41678773	41700121
110525981	ENSELUG00000002775	cas1	6	41735103	41752960
110525982	ENSELUG00000002805	cas1	6	41771717	41773955
110525993	ENSELUG00000000095	cas1	6	42539864	42549214
110525994	ENSELUG00000003081	cas1	6	42576529	42587286
110525995	ENSELUG00000003150	cas1	6	42603308	42645904
110526003	ENSELUG00000004062	cas1	6	43689304	43813410
110526006	ENSELUG00000004155	cas1	6	44045046	44099131
110526009	ENSELUG00000004260	cas1	6	44284852	44295238
110526012	ENSELUG00000004280	cas1	6	44295614	44309360
110526013	ENSELUG00000004340	cas1	6	44345482	44348787
110526016	ENSELUG00000004420	cas3	6	44411696	44435774
110526017	ENSELUG00000004622	cas1	6	44536009	44592618
110526018	ENSELUG00000004767	cas6	6	44740939	44748610
110526033	ENSELUG00000021650	cas1	1	60183215	60218672
110526036	ENSELUG00000005740	cas1	6	45813398	45837739
110526038	ENSELUG00000005872	cas1	6	45915772	45954751
110526041	ENSELUG00000021698	cas1	1	60229471	60264209
110526042	ENSELUG00000006098	cas1	6	46076084	46190292
110526043	ENSELUG00000006278	cas1	6	46263121	46359982
110526044	ENSELUG00000006311	cas1	6	46367701	46430607
110526046	ENSELUG00000006599	cas3	6	46461363	46471132
110526047	ENSELUG00000021791	cas1	1	60281672	60301313
110526048	ENSELUG00000006620	cas1	6	46471484	46514756
110526060	ENSELUG00000021881	cas1	1	60301493	60370189
110526065	ENSELUG00000021089	cas1	6	49233584	49240694
110526068	ENSELUG00000004426	cas1	6	49195188	49220181
110526078	ENSELUG00000009832	cas2	6	48535685	48540886
110526088	ENSELUG00000009154	cas4	6	50051204	50054481
110526093	ENSELUG00000009063	cas3	6	50106792	50197130
110526095	ENSELUG00000008927	cas6	6	50300082	50312773
110526099	ENSELUG00000008746	cas1	6	50443516	50513889
110526102	ENSELUG00000022943	cas2	6	86353838	86366007
110526106	ENSELUG00000010363	cas1	1	60496970	60501618
110526110	ENSELUG00000003472	cas3	6	81302763	81350307
110526146	ENSELUG00000001669	cas5	6	51883283	52006875
110526161	ENSELUG00000005919	cas2	6	54793125	54954478
110526164	ENSELUG00000006019	cas2	6	55449107	55458630
110526168	ENSELUG00000024525	cas1	6	55568135	55703094
110526220	ENSELUG00000021360	cas6	1	61517953	61540937
110526229	ENSELUG00000021249	cas2	6	58112865	58136498
110526231	ENSELUG00000021225	cas2	6	58142460	58150986
110526236	ENSELUG00000021210	cas1	1	61549181	61561338
110526241	ENSELUG00000020178	cas2	6	58454448	58505295
110526251	ENSELUG00000019939	cas2	6	59049218	59060495
110526256	ENSELUG00000019823	cas2	6	59851162	59861646
110526258	ENSELUG00000019817	cas2	6	59862772	59864489
110526262	ENSELUG00000020181	cas3	17	17296873	17301197
110526298	ENSELUG00000018586	cas2	6	62467186	62490147
110526299	ENSELUG00000018385	cas2	6	62491676	62494804
110526300	ENSELUG00000018489	cas2	6	62490082	62491688
110526301	ENSELUG00000020953	cas1	1	61677780	61684168
110526302	ENSELUG00000000775	cas2	6	62500665	62566214
110526305	ENSELUG00000000761	cas2	6	62742187	62748381
110526306	ENSELUG00000020994	cas1	1	61652308	61676942
110526333	ENSELUG00000016699	cas1	6	28487813	28535585
110526347	ENSELUG00000020693	cas1	1	61746803	61755455
110526354	ENSELUG00000016531	cas2	6	65106709	65113071
110526366	ENSELUG00000016010	cas2	6	65768783	65771390
110526368	ENSELUG00000015985	cas3	6	65774787	65792680
110526370	ENSELUG00000015852	cas2	6	65833759	65843569
110526371	ENSELUG00000020494	cas1	1	61902276	61916579
110526376	ENSELUG00000000576	cas2	6	66184227	66252048
110526379	ENSELUG00000015339	cas2	6	66277162	66326558
110526382	ENSELUG00000020375	cas2	17	17237261	17248548
110526384	ENSELUG00000014814	cas2	6	66401753	66405909
110526385	ENSELUG00000014746	cas2	6	66448244	66452652
110526388	ENSELUG00000014660	cas2	6	66506911	66565353
110526389	ENSELUG00000014575	cas2	6	66575490	66591573
110526390	ENSELUG00000014509	cas2	6	66597778	66602137
110526391	ENSELUG00000014537	cas2	6	66592581	66596719
110526397	ENSELUG00000014331	cas7	6	66804358	66819558
110526399	ENSELUG00000014311	cas2	6	67005295	67176656
110526401	ENSELUG00000014242	cas2	6	67528142	67544856
110526403	ENSELUG00000014093	cas2	6	67600561	67639678
110526404	ENSELUG00000014020	cas5	6	67645260	67700057
110526405	ENSELUG00000013947	cas2	6	67703515	67736797
110526406	ENSELUG00000013877	cas2	6	67736810	67753397
110526416	ENSELUG00000013199	cas2	6	68165049	68188551
110526419	ENSELUG00000013010	cas2	6	68298165	68399974
110526420	ENSELUG00000012864	cas2	6	68409217	68433079
110526423	ENSELUG00000012813	cas2	6	68441334	68484719
110526424	ENSELUG00000020327	cas1	1	62006400	62027537
110526427	ENSELUG00000012370	cas2	6	68605596	68623888
110526428	ENSELUG00000012300	cas2	6	68623434	68627384
110526431	ENSELUG00000020311	cas1	1	62064250	62097505
110526432	ENSELUG00000012222	cas2	6	68640790	68644591
110526435	ENSELUG00000012020	cas2	6	68665174	68677702
110526438	ENSELUG00000011848	cas2	6	68729944	68743853
110526439	ENSELUG00000011809	cas2	6	68744664	68759926
110526440	ENSELUG00000020239	cas1	1	62153349	62168687
110526441	ENSELUG00000011890	cas2	6	68714053	68720434
110526442	ENSELUG00000011938	cas2	6	68707370	68713633
110526443	ENSELUG00000011786	cas2	6	68761554	68767262
110526446	ENSELUG00000011758	cas2	6	68786733	68792694
110526448	ENSELUG00000011681	cas2	6	68816939	68818769
110526449	ENSELUG00000020231	cas1	1	62310483	62315483
110526450	ENSELUG00000011663	cas5	6	68827577	68829756
110526451	ENSELUG00000000417	cas2	6	68881590	68899511
110526452	ENSELUG00000011538	cas2	6	68922838	68936761
110526454	ENSELUG00000011478	cas2	6	68938642	68946874
110526459	ENSELUG00000011197	cas2	6	69148330	69189966
110526460	ENSELUG00000020201	cas1	1	62323433	62351491
110526467	ENSELUG00000010879	cas2	6	69441369	69526649
110526469	ENSELUG00000010740	cas3	6	69541893	69550751
110526471	ENSELUG00000010664	cas3	6	69599153	69604659
110526472	ENSELUG00000010644	cas2	6	69642275	69654389
110526473	ENSELUG00000010657	cas2	6	69610562	69642119
110526474	ENSELUG00000010630	cas2	6	69658483	69695479
110526477	ENSELUG00000010525	cas3	6	69724498	69732656
110526478	ENSELUG00000010487	cas2	6	69735574	69739533
110526481	ENSELUG00000010452	cas2	6	69975945	70014932
110526482	ENSELUG00000010435	cas2	6	70015270	70024522
110526483	ENSELUG00000010382	cas4	6	70026162	70028929
110526485	ENSELUG00000010263	cas2	6	70551763	70558098
110526488	ENSELUG00000001080	cas2	6	70623828	70666213
110526492	ENSELUG00000020177	cas1	1	62360989	62366199
110526503	ENSELUG00000019970	cas1	1	62390293	62403103
110526509	ENSELUG00000009978	cas2	6	72074150	72098245
110526510	ENSELUG00000009958	cas2	6	72117738	72135463
110526511	ENSELUG00000000881	cas1	1	62383690	62390008
110526516	ENSELUG00000019869	cas1	1	62406508	62421062
110526519	ENSELUG00000009899	cas2	6	72256687	72267732
110526520	ENSELUG00000009830	cas2	6	72297993	72339964
110526523	ENSELUG00000009733	cas2	6	72570817	72595606
110526524	ENSELUG00000009682	cas2	6	72613695	72631381
110526527	ENSELUG00000009664	cas1	6	72632781	72638350
110526533	ENSELUG00000019784	cas1	1	62435282	62492911
110526536	ENSELUG00000009546	cas5	6	72831984	72884038
110526538	ENSELUG00000009456	cas3	6	72907574	72933603
110526539	ENSELUG00000009443	cas2	6	72990006	73001543
110526541	ENSELUG00000009369	cas2	6	73016213	73020001
110526543	ENSELUG00000009191	cas2	6	73037953	73182742
110526546	ENSELUG00000008713	cas2	6	73616828	73634948
110526548	ENSELUG00000019741	cas1	1	62505171	62526302
110526549	ENSELUG00000008654	cas2	6	73733797	73741617
110526550	ENSELUG00000008604	cas2	6	73744899	73789243
110526551	ENSELUG00000008558	cas3	6	73793635	73891778
110526552	ENSELUG00000008518	cas1	6	73892269	73897040
110526553	ENSELUG00000008493	cas6	6	73937364	73961097
110526555	ENSELUG00000019717	cas1	1	62585864	62608428
110526556	ENSELUG00000008419	cas2	6	74140155	74163008
110526557	ENSELUG00000008431	cas2	6	74130015	74135652
110526558	ENSELUG00000008374	cas2	6	74165158	74241774
110526560	ENSELUG00000008233	cas2	6	74247042	74267475
110526567	ENSELUG00000007743	cas2	6	74389782	74395037
110526568	ENSELUG00000007720	cas2	6	74395368	74430677
110526569	ENSELUG00000007681	cas2	6	74443137	74463814
110526570	ENSELUG00000007632	cas2	6	74505044	74509032
110526572	ENSELUG00000007566	cas2	6	74536945	74580991
110526573	ENSELUG00000007502	cas3	6	74609391	74612035
110526575	ENSELUG00000007414	cas2	6	74631019	74656748
110526577	ENSELUG00000007312	cas2	6	74672184	74732529
110526578	ENSELUG00000007341	cas2	6	74666476	74673302
110526579	ENSELUG00000007238	cas2	6	74777279	74795369
110526582	ENSELUG00000007147	cas5	6	74922396	75155528
110526583	ENSELUG00000007118	cas4	6	75168568	75194690
110526586	ENSELUG00000000230	cas2	6	75339530	75392831
110526588	ENSELUG00000006857	cas2	6	75393797	75408675
110526592	ENSELUG00000006762	cas2	6	75454987	75456513
110526593	ENSELUG00000006740	cas2	6	75456602	75459378
110526596	ENSELUG00000006551	cas4	6	75498696	75572903
110526599	ENSELUG00000006267	cas2	6	75779416	75815231
110526601	ENSELUG00000006159	cas2	6	75969021	75983688
110526607	ENSELUG00000005867	cas3	6	76724426	76732941
110526610	ENSELUG00000005786	cas2	6	77495753	77499433
110526614	ENSELUG00000000174	cas2	6	77814380	77847797
110526619	ENSELUG00000005421	cas2	6	78067960	78081297
110526620	ENSELUG00000005398	cas3	6	78088907	78090301
110526622	ENSELUG00000005322	cas2	6	78135030	78216154
110526623	ENSELUG00000005302	cas5	6	78220534	78224155
110526624	ENSELUG00000005194	cas5	6	78226363	78358769
110526625	ENSELUG00000005194	cas5	26	38516757	38658767
110526627	ENSELUG00000005302	cas5	26	38509222	38513114
110526628	ENSELUG00000019460	cas1	1	62864201	62874655
110526629	ENSELUG00000004915	cas2	6	78381384	78389020
110526633	ENSELUG00000004915	cas2	26	38681144	38687552
110526636	ENSELUG00000004897	cas2	26	38687960	38791413
110526640	ENSELUG00000004832	cas6	6	78657110	78676158
110526641	ENSELUG00000004751	cas2	6	78676195	78683406
110526643	ENSELUG00000000841	cas1	1	62923989	62948072
110526644	ENSELUG00000004725	cas2	6	78708959	78717130
110526647	ENSELUG00000004500	cas2	6	79672029	79699222
110526648	ENSELUG00000004478	cas4	6	79699361	79705604
110526651	ENSELUG00000004367	cas2	26	40138871	40150776
110526659	ENSELUG00000004367	cas2	6	79826235	79839511
110526664	ENSELUG00000002759	cas5	26	42565631	42576178
110526666	ENSELUG00000002722	cas5	26	42576377	42586798
110526668	ENSELUG00000002791	cas3	6	82253313	82257409
110526669	ENSELUG00000002778	cas2	6	82251852	82253308
110526674	ENSELUG00000002759	cas5	6	82307544	82318126
110526676	ENSELUG00000002722	cas5	6	82318325	82330373
110526678	ENSELUG00000019251	cas1	1	63075377	63145544
110526679	ENSELUG00000002710	cas2	6	82331797	82343201
110526680	ENSELUG00000002682	cas3	6	82362630	82365393
110526681	ENSELUG00000002674	cas2	26	42628678	42642253
110526682	ENSELUG00000002685	cas3	6	82355303	82361711
110526686	ENSELUG00000002665	cas2	6	82389441	82408265
110526691	ENSELUG00000002628	cas5	6	82481559	82505982
110526693	ENSELUG00000002628	cas5	26	42745514	42769251
110526696	ENSELUG00000002599	cas2	26	42906669	42916825
110526698	ENSELUG00000002599	cas2	6	82646723	82657356
110526710	ENSELUG00000002449	cas2	6	83736836	83738715
110526712	ENSELUG00000002449	cas2	26	43997725	44001493
110526713	ENSELUG00000002448	cas2	26	44007566	44015263
110526714	ENSELUG00000002448	cas2	6	83746728	83754385
110526720	ENSELUG00000024626	cas4	6	83925574	83954299
110526724	ENSELUG00000023600	cas2	26	45648555	45743048
110526726	ENSELUG00000023162	cas2	6	85781791	85806164
110526727	ENSELUG00000019106	cas1	1	63283327	63289901
110526728	ENSELUG00000019076	cas1	1	63293360	63325494
110526729	ENSELUG00000023162	cas2	26	45948406	45972488
110526730	ENSELUG00000023049	cas7	6	85812100	85935007
110526731	ENSELUG00000023040	cas2	6	85934678	85957181
110526733	ENSELUG00000022943	cas2	26	46501791	46513977
110526738	ENSELUG00000022784	cas2	6	86427532	86432060
110526739	ENSELUG00000022757	cas2	6	86434853	86439258
110526745	ENSELUG00000022650	cas2	6	87897481	87992459
110526767	ENSELUG00000021835	cas2	6	86534461	86544504
110526770	ENSELUG00000018977	cas1	1	63323902	63499450
110526771	ENSELUG00000021835	cas2	26	46729694	46739746
110526772	ENSELUG00000021784	cas2	26	46709115	46722158
110526773	ENSELUG00000021784	cas2	6	86513613	86526922
110526776	ENSELUG00000022757	cas2	26	46586328	46590317
110526778	ENSELUG00000018930	cas1	1	63565503	63598806
110526783	ENSELUG00000021321	cas3	6	88817071	88819232
110526784	ENSELUG00000021321	cas3	26	48926465	48928519
110526787	ENSELUG00000021260	cas2	26	49070252	49192670
110526789	ENSELUG00000021260	cas2	6	88974571	89111595
110526792	ENSELUG00000021039	cas2	6	89864444	89868058
110526794	ENSELUG00000020894	cas2	26	50041108	50048587
110526797	ENSELUG00000020347	cas2	26	50750153	50772510
110526798	ENSELUG00000020347	cas2	6	90675515	90698529
110526800	ENSELUG00000020423	cas5	26	50722907	50738186
110526801	ENSELUG00000020186	cas5	26	50804361	50833039
110526803	ENSELUG00000020269	cas7	26	50774076	50782640
110526806	ENSELUG00000020269	cas7	6	90700073	90707381
110526809	ENSELUG00000020126	cas2	6	90838122	90932867
110526812	ENSELUG00000019924	cas5	6	91170169	91196357
110526817	ENSELUG00000019453	cas2	6	92048098	92066565
110526824	ENSELUG00000018962	cas5	26	7183058	7190923
110526825	ENSELUG00000018912	cas1	1	63628235	63630418
110526828	ENSELUG00000018844	cas2	26	7402613	7404734
110526830	ENSELUG00000018827	cas2	6	93063218	93090631
110526832	ENSELUG00000018827	cas2	26	7406157	7439603
110526835	ENSELUG00000018743	cas4	26	7558011	7564844
110526840	ENSELUG00000016341	cas2	6	93868748	93896933
110526841	ENSELUG00000016301	cas2	26	8143737	8148499
110526842	ENSELUG00000016301	cas2	6	93863693	93868554
110526843	ENSELUG00000016341	cas2	26	8148660	8188025
110526844	ENSELUG00000018515	cas2	6	93430455	93437061
110526845	ENSELUG00000018526	cas2	26	7744352	7751407
110526846	ENSELUG00000018515	cas2	26	7751608	7760702
110526847	ENSELUG00000018526	cas2	6	93424554	93430194
110526872	ENSELUG00000016358	cas2	26	8202519	8276135
110526876	ENSELUG00000016150	cas2	6	93527742	93535652
110526877	ENSELUG00000018652	cas1	1	64468523	64471084
110526880	ENSELUG00000016199	cas2	6	95598381	95612222
110526881	ENSELUG00000016139	cas2	6	95617490	95622191
110526883	ENSELUG00000016162	cas7	6	95612224	95617480
110526888	ENSELUG00000010859	cas1	6	32508680	32520900
110526894	ENSELUG00000018638	cas1	1	64472402	64735581
110526899	ENSELUG00000002220	cas2	6	39521723	39526646
110526905	ENSELUG00000006216	cas1	6	46199519	46263098
110526912	ENSELUG00000018621	cas1	1	64773915	64783737
110526923	ENSELUG00000001671	cas6	6	51718652	51797647
110526949	ENSELUG00000014036	cas3	6	67643814	67644573
110526952	ENSELUG00000011986	cas2	6	68698250	68707033
110526955	ENSELUG00000011338	cas5	6	69007055	69018414
110526959	ENSELUG00000010237	cas4	6	70592558	70593481
110526960	ENSELUG00000010232	cas3	6	70600001	70613388
110526966	ENSELUG00000007106	cas6	6	75204424	75315717
110526967	ENSELUG00000006406	cas3	6	75664369	75702602
110526968	ENSELUG00000005837	cas4	6	76827001	77038395
110526969	ENSELUG00000018549	cas3	1	64809255	64946164
110526970	ENSELUG00000004897	cas2	6	78389458	78477958
110526974	ENSELUG00000003283	cas4	6	81681884	81734960
110526975	ENSELUG00000002828	cas3	6	82128769	82198551
110526987	ENSELUG00000002490	cas2	6	83633613	83646883
110526988	ENSELUG00000002473	cas2	26	43896015	43949012
110526991	ENSELUG00000000793	cas1	1	64972394	64984304
110526997	ENSELUG00000022679	cas5	6	88038097	88121871
110526998	ENSELUG00000022650	cas2	26	48025871	48110028
110527001	ENSELUG00000021372	cas2	6	88801678	88815746
110527005	ENSELUG00000000921	cas5	6	89933223	89950616
110527013	ENSELUG00000015618	cas1	1	65068088	65120931
110527015	ENSELUG00000019924	cas5	26	5597290	5617117
110527016	ENSELUG00000019497	cas2	6	92031197	92044815
110527020	ENSELUG00000019079	cas2	6	92760008	92767862
110527022	ENSELUG00000018968	cas2	26	7175082	7179679
110527023	ENSELUG00000018968	cas2	6	92796608	92800681
110527024	ENSELUG00000015635	cas1	1	65161658	65167877
110527031	ENSELUG00000016561	cas2	26	8564300	8805872
110527034	ENSELUG00000015627	cas1	1	65168842	65171950
110527035	ENSELUG00000017096	cas3	26	891282	936297
110527036	ENSELUG00000017096	cas3	6	100198536	100252879
110527037	ENSELUG00000016884	cas4	6	100256433	100334545
110527080	ENSELUG00000015760	cas1	1	65240256	65245210
110527082	ENSELUG00000015828	cas1	1	65291708	65296104
110527086	ENSELUG00000002348	cas2	18	6318901	6351781
110527087	ENSELUG00000013767	cas2	7	4332159	4350050
110527090	ENSELUG00000002523	cas4	7	9745341	9758984
110527092	ENSELUG00000000600	cas1	1	65478933	65482225
110527110	ENSELUG00000009367	cas1	7	42805342	42815037
110527124	ENSELUG00000010144	cas1	7	53820460	53835329
110527140	ENSELUG00000002517	cas1	7	68178856	68179755
110527143	ENSELUG00000015970	cas1	1	65826347	65828743
110527156	ENSELUG00000001075	cas2	18	6082293	6096601
110527158	ENSELUG00000024564	cas2	7	652106	663674
110527160	ENSELUG00000002309	cas2	7	683123	699508
110527161	ENSELUG00000002324	cas2	18	6189018	6201356
110527164	ENSELUG00000016004	cas2	1	65915581	65922285
110527173	ENSELUG00000002514	cas3	18	66104	67451
110527174	ENSELUG00000002958	cas5	7	2199892	2223368
110527176	ENSELUG00000002984	cas5	18	430551	439047
110527179	ENSELUG00000011652	cas2	18	7104264	7133750
110527180	ENSELUG00000011652	cas2	7	1611276	1636199
110527183	ENSELUG00000013767	cas2	18	8348476	8361744
110527185	ENSELUG00000001145	cas5	7	10805952	10894668
110527188	ENSELUG00000023204	cas5	7	10703668	10737335
110527202	ENSELUG00000001827	cas2	18	12829603	12833072
110527204	ENSELUG00000001827	cas2	7	5791307	5795601
110527205	ENSELUG00000001821	cas2	18	12749923	12829550
110527206	ENSELUG00000001821	cas2	7	5795586	5820427
110527208	ENSELUG00000001828	cas2	18	12683109	12695620
110527212	ENSELUG00000016522	cas1	1	66361198	66402069
110527216	ENSELUG00000001847	cas4	18	12552668	12553871
110527222	ENSELUG00000001864	cas4	7	6131292	6139140
110527226	ENSELUG00000001864	cas4	18	12460009	12467899
110527227	ENSELUG00000001866	cas2	7	6145010	6150517
110527230	ENSELUG00000001896	cas2	7	6325808	6332664
110527231	ENSELUG00000001892	cas2	7	6319076	6325551
110527232	ENSELUG00000001900	cas2	7	6335774	6345936
110527240	ENSELUG00000001914	cas4	7	6360981	6365038
110527242	ENSELUG00000001981	cas2	18	12179066	12181071
110527245	ENSELUG00000002031	cas2	18	12038742	12045602
110527248	ENSELUG00000002039	cas5	7	6607664	6621763
110527250	ENSELUG00000002039	cas5	18	12007954	12021342
110527257	ENSELUG00000002259	cas2	18	9767621	9785107
110527263	ENSELUG00000002266	cas3	18	9843565	9845412
110527265	ENSELUG00000002268	cas6	7	8571401	8575450
110527266	ENSELUG00000002275	cas2	18	9851453	9854072
110527269	ENSELUG00000002317	cas5	7	8627519	8634374
110527270	ENSELUG00000002305	cas3	7	8620663	8626882
110527273	ENSELUG00000002477	cas4	7	9153937	9159959
110527274	ENSELUG00000002486	cas2	7	9170694	9182728
110527275	ENSELUG00000002486	cas2	18	10374771	10387073
110527277	ENSELUG00000002523	cas4	18	10944403	10956829
110527282	ENSELUG00000002558	cas3	18	10973828	10979399
110527283	ENSELUG00000002675	cas2	7	9987756	9996037
110527289	ENSELUG00000002950	cas5	7	10173615	10233047
110527292	ENSELUG00000002965	cas5	7	7194081	7197946
110527293	ENSELUG00000011997	cas6	7	7802875	7815412
110527295	ENSELUG00000011997	cas6	18	9007457	9020620
110527298	ENSELUG00000003061	cas4	7	6934991	7184234
110527301	ENSELUG00000003388	cas5	7	6702072	6744771
110527307	ENSELUG00000003555	cas5	7	12549201	12556506
110527308	ENSELUG00000003581	cas3	7	12585556	12594004
110527309	ENSELUG00000003596	cas2	7	12593033	12599186
110527311	ENSELUG00000003618	cas3	7	12620863	12693768
110527312	ENSELUG00000003652	cas4	7	12735742	12741080
110527314	ENSELUG00000003684	cas5	7	12768350	12774730
110527315	ENSELUG00000003746	cas3	7	12781383	12794388
110527319	ENSELUG00000016764	cas1	1	66756214	66769374
110527321	ENSELUG00000003799	cas2	7	12888349	12892132
110527323	ENSELUG00000003810	cas2	7	12892819	12900177
110527326	ENSELUG00000003963	cas7	7	12925528	12972868
110527327	ENSELUG00000001229	cas2	7	13055457	13058826
110527334	ENSELUG00000004437	cas3	7	13371737	13421278
110527335	ENSELUG00000004466	cas3	7	13430523	13443490
110527336	ENSELUG00000004484	cas3	7	13443605	13451718
110527338	ENSELUG00000004613	cas5	7	13461730	13482918
110527339	ENSELUG00000004816	cas5	7	13486513	13510689
110527340	ENSELUG00000004957	cas5	7	13553095	13566497
110527342	ENSELUG00000016819	cas1	1	66793420	66802542
110527343	ENSELUG00000005067	cas2	7	13574849	13583653
110527344	ENSELUG00000005120	cas2	7	13584213	13594758
110527345	ENSELUG00000005160	cas2	7	13594715	13614003
110527346	ENSELUG00000000140	cas2	7	13572692	13574743
110527347	ENSELUG00000005447	cas2	7	13614672	13684344
110527350	ENSELUG00000005567	cas2	7	13684480	13709805
110527351	ENSELUG00000005738	cas5	7	13714651	13806043
110527354	ENSELUG00000005907	cas2	7	14082139	14106874
110527356	ENSELUG00000005979	cas3	7	14128409	14129707
110527357	ENSELUG00000006038	cas4	7	14131441	14143542
110527358	ENSELUG00000016914	cas1	1	66885437	66954091
110527359	ENSELUG00000006099	cas2	7	14146211	14159585
110527363	ENSELUG00000006350	cas2	7	14251286	14259513
110527364	ENSELUG00000006369	cas7	18	17551254	17554607
110527366	ENSELUG00000006369	cas7	7	14829976	14833322
110527369	ENSELUG00000006486	cas5	7	14903653	14912668
110527370	ENSELUG00000006486	cas5	18	17611532	17620435
110527371	ENSELUG00000006668	cas2	18	17675207	17684594
110527372	ENSELUG00000006668	cas2	7	14961205	14971661
110527373	ENSELUG00000006544	cas5	7	14921065	14923946
110527374	ENSELUG00000006526	cas2	18	17623786	17631132
110527375	ENSELUG00000006526	cas2	7	14914708	14921041
110527376	ENSELUG00000006570	cas2	7	14929201	14931750
110527377	ENSELUG00000006561	cas3	18	17631679	17636584
110527379	ENSELUG00000006580	cas2	7	14931999	14956912
110527385	ENSELUG00000006980	cas2	7	15238093	15292965
110527386	ENSELUG00000006859	cas2	18	17842367	17861866
110527387	ENSELUG00000006859	cas2	7	15097377	15120915
110527388	ENSELUG00000006900	cas2	7	15197254	15237838
110527389	ENSELUG00000001325	cas3	7	15087458	15091885
110527394	ENSELUG00000007021	cas2	18	18042733	18053825
110527397	ENSELUG00000009709	cas2	7	16801770	16807560
110527403	ENSELUG00000009208	cas2	7	17094545	17097529
110527404	ENSELUG00000009195	cas2	7	17108664	17158356
110527409	ENSELUG00000022937	cas3	7	17333699	17336419
110527415	ENSELUG00000016957	cas1	1	66958838	66962136
110527416	ENSELUG00000022353	cas2	7	17536318	17662496
110527418	ENSELUG00000022297	cas2	7	17726890	17750107
110527420	ENSELUG00000022287	cas2	7	17755326	17803651
110527422	ENSELUG00000022184	cas2	7	18002333	18079999
110527424	ENSELUG00000022060	cas2	7	18096457	18107236
110527425	ENSELUG00000021539	cas2	7	18123948	18164002
110527428	ENSELUG00000021398	cas2	7	18173554	18176952
110527429	ENSELUG00000021282	cas3	7	18178455	18193482
110527433	ENSELUG00000021199	cas2	7	18245987	18256261
110527434	ENSELUG00000021138	cas2	7	18300391	18311994
110527435	ENSELUG00000021078	cas2	7	18384671	18401796
110527436	ENSELUG00000017007	cas1	1	66965664	67010646
110527438	ENSELUG00000020888	cas2	7	18523603	18581511
110527442	ENSELUG00000020832	cas2	7	19183383	19192955
110527446	ENSELUG00000020729	cas3	7	19851804	19881758
110527449	ENSELUG00000017055	cas1	1	67014465	67038832
110527450	ENSELUG00000020624	cas7	7	19997356	20017679
110527453	ENSELUG00000020464	cas3	7	20093794	20098063
110527462	ENSELUG00000020097	cas2	7	20521527	20528893
110527469	ENSELUG00000019964	cas2	7	20780524	20837355
110527470	ENSELUG00000019946	cas1	7	20838415	20839399
110527484	ENSELUG00000018874	cas6	7	21176983	21183344
110527498	ENSELUG00000017206	cas1	1	67143452	67194726
110527502	ENSELUG00000017558	cas4	7	21737749	21744000
110527517	ENSELUG00000016655	cas2	7	22470835	22478890
110527518	ENSELUG00000017514	cas1	1	67288562	67291218
110527520	ENSELUG00000016500	cas2	7	22587846	22609469
110527527	ENSELUG00000016114	cas2	7	22797924	22807497
110527528	ENSELUG00000017789	cas1	1	67446441	67499228
110527529	ENSELUG00000016012	cas2	7	22807676	22812906
110527532	ENSELUG00000015840	cas2	7	23106642	23133644
110527537	ENSELUG00000015666	cas2	7	23271803	23289814
110527538	ENSELUG00000015556	cas2	7	23306816	23317470
110527539	ENSELUG00000015531	cas2	7	23317589	23320557
110527550	ENSELUG00000017645	cas1	1	67388041	67413285
110527551	ENSELUG00000020734	cas2	7	24738197	24800444
110527554	ENSELUG00000017692	cas3	1	67415739	67443770
110527555	ENSELUG00000020616	cas6	7	24721469	24723623
110527558	ENSELUG00000021033	cas2	7	24837284	24870911
110527561	ENSELUG00000021168	cas2	7	24997922	25115994
110527570	ENSELUG00000021611	cas6	7	25337411	25341310
110527613	ENSELUG00000017891	cas1	1	67528611	67575049
110527634	ENSELUG00000001190	cas1	1	67575054	67593740
110527642	ENSELUG00000010924	cas1	7	30461359	30499559
110527643	ENSELUG00000010948	cas1	7	30509261	30536127
110527646	ENSELUG00000011013	cas1	7	30604097	30611219
110527647	ENSELUG00000018786	cas1	7	30733583	30854816
110527649	ENSELUG00000018744	cas1	7	30949477	30953659
110527650	ENSELUG00000018723	cas1	7	30989859	31005163
110527651	ENSELUG00000018628	cas1	7	31027318	31037871
110527654	ENSELUG00000012309	cas1	7	32075882	32174536
110527664	ENSELUG00000019486	cas1	7	32792180	32822397
110527665	ENSELUG00000014347	cas5	7	32848895	32879742
110527668	ENSELUG00000014452	cas1	7	32959859	32998873
110527669	ENSELUG00000014499	cas1	7	33205314	33215912
110527677	ENSELUG00000015048	cas1	7	33801778	33807479
110527680	ENSELUG00000015103	cas3	7	33884249	33944568
110527685	ENSELUG00000010754	cas1	7	36538138	36559214
110527687	ENSELUG00000018113	cas1	1	67669673	67681775
110527688	ENSELUG00000010613	cas1	7	36668801	36679505
110527691	ENSELUG00000010496	cas1	7	36907551	36913012
110527696	ENSELUG00000010041	cas1	7	37239565	37248455
110527701	ENSELUG00000019248	cas1	7	37756561	37789849
110527702	ENSELUG00000019307	cas1	7	37803814	37932459
110527704	ENSELUG00000019365	cas1	7	38035996	38040937
110527705	ENSELUG00000000838	cas1	7	38063289	38079634
110527711	ENSELUG00000019528	cas1	7	38260379	38267346
110527712	ENSELUG00000019507	cas1	7	38264371	38269527
110527713	ENSELUG00000000746	cas1	1	67726138	67793350
110527714	ENSELUG00000019675	cas1	7	38304030	38499669
110527716	ENSELUG00000019820	cas1	7	38703237	38757485
110527718	ENSELUG00000019846	cas1	7	38770498	38793057
110527723	ENSELUG00000020026	cas1	7	39064214	39123578
110527729	ENSELUG00000020501	cas1	7	39228701	39240208
110527730	ENSELUG00000001273	cas1	7	39291656	39310234
110527731	ENSELUG00000020536	cas1	7	39315167	39369527
110527733	ENSELUG00000020596	cas1	7	39377108	39401955
110527735	ENSELUG00000020573	cas1	7	39370730	39376856
110527736	ENSELUG00000020642	cas1	7	39433189	39773724
110527738	ENSELUG00000021160	cas1	7	40027207	40101150
110527739	ENSELUG00000021134	cas1	7	39992766	40027458
110527740	ENSELUG00000021224	cas1	7	40115587	40134473
110527742	ENSELUG00000021388	cas1	7	40283553	40287403
110527743	ENSELUG00000021424	cas6	7	40305122	40314447
110527745	ENSELUG00000021598	cas1	7	40365303	40405801
110527748	ENSELUG00000021673	cas1	7	40418035	40439054
110527753	ENSELUG00000023479	cas1	7	40493653	40506453
110527756	ENSELUG00000023489	cas1	7	40585908	40596388
110527758	ENSELUG00000023494	cas1	7	40603451	40612049
110527765	ENSELUG00000015478	cas1	1	68078150	68086116
110527775	ENSELUG00000015472	cas1	1	68104128	68117689
110527782	ENSELUG00000022555	cas1	7	42000923	42059047
110527784	ENSELUG00000015413	cas1	1	68127865	68140839
110527790	ENSELUG00000009413	cas1	7	42768087	42773999
110527792	ENSELUG00000009390	cas1	7	42775477	42793038
110527807	ENSELUG00000008934	cas1	7	43003314	43027816
110527809	ENSELUG00000006901	cas1	7	43428379	43433682
110527814	ENSELUG00000023070	cas1	7	43545876	43572323
110527816	ENSELUG00000022988	cas1	7	43526702	43537037
110527817	ENSELUG00000015382	cas1	1	68157900	68162024
110527819	ENSELUG00000023109	cas1	7	43567660	43582311
110527820	ENSELUG00000023154	cas1	7	43600549	43639637
110527821	ENSELUG00000023167	cas1	7	43645370	43663650
110527823	ENSELUG00000023249	cas1	7	43831691	43849517
110527826	ENSELUG00000015373	cas1	1	68162832	68168957
110527829	ENSELUG00000023453	cas1	7	43987288	44000565
110527831	ENSELUG00000006082	cas1	1	6684099	6700304
110527832	ENSELUG00000023510	cas1	7	44071609	44083797
110527837	ENSELUG00000015360	cas1	1	68215999	68218542
110527838	ENSELUG00000023608	cas1	7	44157058	44164433
110527841	ENSELUG00000023693	cas1	7	44215534	44261277
110527843	ENSELUG00000023807	cas1	7	44276920	44290303
110527844	ENSELUG00000015308	cas1	1	68316332	68322937
110527845	ENSELUG00000023828	cas1	7	44291263	44294096
110527847	ENSELUG00000010977	cas2	7	44467594	44520451
110527849	ENSELUG00000024208	cas2	7	44546254	44551269
110527850	ENSELUG00000024212	cas1	7	44555019	44576832
110527851	ENSELUG00000024314	cas1	7	44577147	44586594
110527852	ENSELUG00000001539	cas4	7	44586310	44590398
110527853	ENSELUG00000015291	cas1	1	68339037	68396401
110527868	ENSELUG00000003425	cas2	7	45581833	45705499
110527871	ENSELUG00000003451	cas1	7	45734357	45750837
110527877	ENSELUG00000003626	cas1	7	46338813	46341970
110527878	ENSELUG00000003651	cas1	7	46341988	46374962
110527879	ENSELUG00000003740	cas1	7	46388958	46451934
110527882	ENSELUG00000003813	cas1	7	46583765	46596389
110527884	ENSELUG00000003888	cas1	7	46660325	46800771
110527885	ENSELUG00000001165	cas1	7	46806447	46810462
110527886	ENSELUG00000004030	cas1	7	46936288	47029549
110527887	ENSELUG00000004070	cas1	7	47045318	47141560
110527891	ENSELUG00000015010	cas1	1	68438073	68444855
110527892	ENSELUG00000001310	cas1	7	47345380	47357081
110527895	ENSELUG00000004375	cas1	7	47389606	47403739
110527900	ENSELUG00000004641	cas1	7	47529385	47535288
110527902	ENSELUG00000004665	cas1	7	47548957	47555818
110527903	ENSELUG00000004732	cas1	7	47621471	47639848
110527904	ENSELUG00000004726	cas1	7	47606510	47612614
110527905	ENSELUG00000014991	cas1	1	68448729	68460372
110527908	ENSELUG00000004758	cas1	7	47641229	47661989
110527909	ENSELUG00000004801	cas1	7	47686832	47696673
110527912	ENSELUG00000004927	cas1	7	47774785	47788931
110527913	ENSELUG00000004947	cas1	7	47790264	47794020
110527915	ENSELUG00000005071	cas1	7	47863997	47881064
110527917	ENSELUG00000005147	cas1	7	47881573	47936656
110527919	ENSELUG00000005365	cas1	7	48066923	48068196
110527922	ENSELUG00000005607	cas2	7	48214927	48243655
110527925	ENSELUG00000005693	cas1	7	48470687	48714043
110527926	ENSELUG00000005780	cas1	7	48737271	48740708
110527928	ENSELUG00000005799	cas1	7	48747496	48771720
110527930	ENSELUG00000014588	cas1	1	68519794	68548397
110527936	ENSELUG00000006086	cas1	7	48951647	48960790
110527937	ENSELUG00000006181	cas1	7	48997764	49004836
110527938	ENSELUG00000006142	cas1	7	48975264	48987002
110527939	ENSELUG00000014562	cas1	1	68555998	68575122
110527941	ENSELUG00000006341	cas1	7	49050765	49070495
110527942	ENSELUG00000006392	cas1	7	49078148	49107369
110527945	ENSELUG00000006470	cas1	7	49115044	49117838
110527947	ENSELUG00000006521	cas2	7	49130079	49135752
110527950	ENSELUG00000006579	cas1	7	49167003	49186969
110527952	ENSELUG00000006609	cas1	7	49275181	49289804
110527953	ENSELUG00000006648	cas1	7	49303156	49317531
110527960	ENSELUG00000006946	cas1	7	49571790	49620194
110527962	ENSELUG00000007029	cas1	7	50099564	50229651
110527963	ENSELUG00000007090	cas1	7	50279611	50300137
110527965	ENSELUG00000007164	cas1	7	50390538	50438666
110527969	ENSELUG00000007560	cas1	7	50880298	50957676
110527970	ENSELUG00000000278	cas1	7	50964092	51079129
110527971	ENSELUG00000007854	cas1	7	51097457	51152020
110527973	ENSELUG00000008054	cas1	7	51179203	51207209
110527974	ENSELUG00000008410	cas1	7	51429630	51433065
110527975	ENSELUG00000008455	cas1	7	51449031	51726478
110527977	ENSELUG00000008536	cas1	7	52445119	52489548
110527978	ENSELUG00000008553	cas1	7	52511270	52548815
110527979	ENSELUG00000008684	cas1	7	52659634	52669736
110527980	ENSELUG00000008767	cas1	7	52691341	52696843
110527982	ENSELUG00000008787	cas1	7	52736601	52783292
110527983	ENSELUG00000008866	cas1	7	52785667	52841769
110527984	ENSELUG00000009082	cas1	7	52922877	53091054
110527986	ENSELUG00000009324	cas1	7	53150043	53294684
110527990	ENSELUG00000009614	cas1	7	53530233	53546191
110527991	ENSELUG00000009837	cas1	7	53624264	53636278
110527992	ENSELUG00000009669	cas1	7	53552308	53563191
110527993	ENSELUG00000009728	cas1	7	53581935	53589470
110527994	ENSELUG00000009815	cas1	7	53613567	53623906
110527996	ENSELUG00000009920	cas1	7	53636783	53703957
110527997	ENSELUG00000010010	cas1	7	53704724	53732788
110528000	ENSELUG00000010203	cas1	7	53890375	54051092
110528003	ENSELUG00000010255	cas4	7	54183222	54190652
110528004	ENSELUG00000010268	cas1	7	54202674	54485213
110528005	ENSELUG00000010742	cas3	7	54998441	55036498
110528010	ENSELUG00000010868	cas1	7	55106749	55132386
110528017	ENSELUG00000011090	cas1	7	55209582	55225927
110528019	ENSELUG00000011152	cas1	7	55313448	55315903
110528021	ENSELUG00000011551	cas1	7	55567122	55571727
110528023	ENSELUG00000000418	cas3	7	55727429	55735021
110528025	ENSELUG00000011699	cas1	7	56107667	56295859
110528034	ENSELUG00000012128	cas4	7	56853811	56869607
110528035	ENSELUG00000012183	cas3	7	56881331	57017276
110528036	ENSELUG00000012267	cas1	7	57018545	57029242
110528037	ENSELUG00000012294	cas6	7	57038424	57046463
110528042	ENSELUG00000012430	cas1	7	57319669	57323047
110528043	ENSELUG00000012594	cas1	7	57405747	57441999
110528044	ENSELUG00000012614	cas6	7	57455837	57461702
110528045	ENSELUG00000012640	cas1	7	57461920	57505611
110528046	ENSELUG00000012687	cas1	7	57534277	57565272
110528048	ENSELUG00000012733	cas1	7	57652040	57702931
110528050	ENSELUG00000012806	cas1	7	57712894	57729317
110528051	ENSELUG00000012819	cas1	7	57752075	57758531
110528055	ENSELUG00000012952	cas1	7	57917801	58055214
110528056	ENSELUG00000000470	cas1	7	58121556	58138678
110528057	ENSELUG00000014303	cas1	1	68852438	68874903
110528059	ENSELUG00000013114	cas1	7	58195725	58200256
110528061	ENSELUG00000013339	cas1	7	58233456	58239552
110528062	ENSELUG00000013365	cas1	7	58242697	58253037
110528063	ENSELUG00000013447	cas1	7	58266735	58276595
110528066	ENSELUG00000013527	cas1	7	58283744	58286379
110528074	ENSELUG00000014139	cas1	7	58591066	58619101
110528078	ENSELUG00000014254	cas1	1	68941572	68989407
110528081	ENSELUG00000014250	cas1	7	58671063	58677554
110528083	ENSELUG00000014322	cas1	7	58693228	58695856
110528085	ENSELUG00000001085	cas2	1	69046945	69095234
110528086	ENSELUG00000014469	cas1	7	58737859	58800122
110528087	ENSELUG00000014540	cas1	7	58804760	58816086
110528092	ENSELUG00000014645	cas1	7	58915182	58920830
110528093	ENSELUG00000014684	cas1	7	58925940	58932441
110528094	ENSELUG00000014732	cas1	7	58948456	58970820
110528096	ENSELUG00000014832	cas1	7	59022694	59037726
110528097	ENSELUG00000014874	cas1	7	59035073	59042858
110528100	ENSELUG00000014943	cas1	7	59085102	59094461
110528101	ENSELUG00000015229	cas1	7	59116448	59128446
110528103	ENSELUG00000015299	cas1	7	59132559	59157301
110528105	ENSELUG00000015387	cas1	7	59299042	59317047
110528106	ENSELUG00000015445	cas1	7	59317841	59324089
110528107	ENSELUG00000015490	cas1	7	59331993	59338641
110528108	ENSELUG00000015499	cas1	7	59344623	59349054
110528109	ENSELUG00000015545	cas1	7	59388762	59435880
110528111	ENSELUG00000015691	cas1	7	59456533	59468742
110528113	ENSELUG00000000586	cas1	7	59504688	59516580
110528114	ENSELUG00000015811	cas1	7	59526159	59545751
110528116	ENSELUG00000001162	cas1	7	59556060	59599625
110528117	ENSELUG00000015961	cas1	7	59627772	59656300
110528118	ENSELUG00000016000	cas1	7	59656971	59664214
110528119	ENSELUG00000016028	cas1	7	59667401	59671567
110528122	ENSELUG00000016122	cas1	7	59705922	59712261
110528123	ENSELUG00000016185	cas3	7	59719638	59726418
110528124	ENSELUG00000016161	cas1	7	59726412	59729413
110528127	ENSELUG00000016357	cas1	7	59793537	59801990
110528134	ENSELUG00000016499	cas1	7	60045927	60075151
110528137	ENSELUG00000016632	cas1	7	60120427	60144066
110528138	ENSELUG00000016608	cas1	7	60109874	60122317
110528140	ENSELUG00000016644	cas1	7	60282644	60295290
110528141	ENSELUG00000016660	cas1	7	60331029	60336416
110528144	ENSELUG00000016845	cas1	7	60395964	60458245
110528152	ENSELUG00000017114	cas1	7	60639865	60669084
110528153	ENSELUG00000017535	cas1	7	60930301	60933747
110528155	ENSELUG00000017631	cas1	7	61055389	61128517
110528157	ENSELUG00000017659	cas1	7	61181265	61186850
110528159	ENSELUG00000017935	cas1	7	61255912	61376237
110528161	ENSELUG00000018029	cas1	7	61515356	61520408
110528163	ENSELUG00000013841	cas1	1	69288453	69363097
110528164	ENSELUG00000018081	cas1	7	61542003	61557188
110528165	ENSELUG00000000733	cas1	7	61634197	61749981
110528167	ENSELUG00000018290	cas1	7	62001553	62013335
110528171	ENSELUG00000018650	cas1	7	62194655	62228018
110528172	ENSELUG00000018713	cas1	7	62231721	62238483
110528173	ENSELUG00000013812	cas1	1	69386236	69400573
110528174	ENSELUG00000018868	cas1	7	62241985	62319111
110528176	ENSELUG00000013835	cas1	1	69375786	69385855
110528177	ENSELUG00000019010	cas1	7	62366941	62482607
110528178	ENSELUG00000001039	cas1	1	13734763	13753675
110528179	ENSELUG00000019116	cas6	7	62538333	62589748
110528182	ENSELUG00000019313	cas1	7	62646982	62822425
110528185	ENSELUG00000013778	cas6	1	69437322	69445733
110528188	ENSELUG00000019470	cas1	7	63008146	63011839
110528191	ENSELUG00000019556	cas1	7	63015402	63111773
110528194	ENSELUG00000019834	cas1	7	63223818	63288934
110528196	ENSELUG00000019859	cas1	7	63319140	63332492
110528197	ENSELUG00000019908	cas1	7	63371948	63446380
110528199	ENSELUG00000019981	cas1	7	63554057	63558322
110528200	ENSELUG00000013749	cas1	1	69445879	69452657
110528202	ENSELUG00000019989	cas1	7	63569803	63573270
110528206	ENSELUG00000020031	cas1	7	63619980	63622602
110528207	ENSELUG00000020039	cas1	7	63624070	63627576
110528210	ENSELUG00000001240	cas4	7	63682275	63685137
110528214	ENSELUG00000020379	cas1	7	63856731	63895232
110528219	ENSELUG00000020606	cas1	7	64074700	64106330
110528221	ENSELUG00000020673	cas1	7	64171785	64179968
110528222	ENSELUG00000020704	cas1	7	64193190	64199055
110528225	ENSELUG00000020863	cas1	7	64296947	64303825
110528226	ENSELUG00000020916	cas1	7	64338852	64346260
110528227	ENSELUG00000020904	cas1	7	64318200	64322309
110528228	ENSELUG00000020904	cas1	7	64333631	64338514
110528231	ENSELUG00000020932	cas1	7	64363887	64367851
110528232	ENSELUG00000020983	cas1	7	64368357	64434919
110528238	ENSELUG00000021074	cas1	7	64652754	64655750
110528239	ENSELUG00000021164	cas1	7	64669731	64689634
110528240	ENSELUG00000021179	cas1	7	64696508	64726237
110528243	ENSELUG00000021301	cas1	7	64815994	64831035
110528244	ENSELUG00000021330	cas1	7	64833274	64842996
110528245	ENSELUG00000021346	cas1	7	64843280	64858614
110528248	ENSELUG00000021569	cas1	7	64896568	64898856
110528249	ENSELUG00000021608	cas1	7	64901860	64908962
110528250	ENSELUG00000021879	cas1	7	64909653	64917427
110528251	ENSELUG00000022007	cas1	7	64927583	64942652
110528252	ENSELUG00000022087	cas1	7	64987665	65046519
110528254	ENSELUG00000022122	cas1	7	65077897	65081518
110528257	ENSELUG00000022241	cas1	7	65161964	65164712
110528258	ENSELUG00000022293	cas1	7	65229197	65236924
110528259	ENSELUG00000022320	cas1	7	65246585	65274020
110528260	ENSELUG00000022340	cas1	7	65280353	65288560
110528261	ENSELUG00000022331	cas1	7	65277220	65280416
110528263	ENSELUG00000022360	cas1	7	65308248	65323307
110528265	ENSELUG00000022434	cas1	7	65337198	65342766
110528268	ENSELUG00000000970	cas1	7	65437765	65447183
110528270	ENSELUG00000022819	cas1	7	65459431	65466804
110528274	ENSELUG00000022935	cas1	7	65687873	65700588
110528276	ENSELUG00000023047	cas1	7	65720054	65744788
110528278	ENSELUG00000023280	cas1	7	65811441	65857952
110528279	ENSELUG00000023319	cas1	7	65871734	65899387
110528289	ENSELUG00000023543	cas1	7	66002466	66038960
110528290	ENSELUG00000023614	cas1	7	66049287	66114558
110528292	ENSELUG00000023779	cas1	7	66127919	66132200
110528293	ENSELUG00000023735	cas1	7	66118666	66126878
110528297	ENSELUG00000013409	cas1	1	69771001	69903039
110528298	ENSELUG00000023995	cas1	7	66223592	66275633
110528299	ENSELUG00000024046	cas6	7	66311011	66319207
110528302	ENSELUG00000024323	cas1	7	67102102	67112227
110528303	ENSELUG00000024352	cas1	7	67122191	67130475
110528306	ENSELUG00000024592	cas1	7	67187876	67201857
110528309	ENSELUG00000002212	cas1	7	67285970	67332350
110528316	ENSELUG00000002320	cas1	7	67412780	67433416
110528317	ENSELUG00000002333	cas1	7	67433792	67444733
110528319	ENSELUG00000002351	cas1	7	67479725	67491992
110528322	ENSELUG00000002385	cas1	7	67542492	67562755
110528325	ENSELUG00000002397	cas1	7	67594742	67643116
110528326	ENSELUG00000002390	cas1	7	67563946	67594588
110528335	ENSELUG00000002439	cas1	7	67865136	67879560
110528336	ENSELUG00000002479	cas1	7	67970009	68059308
110528338	ENSELUG00000002529	cas1	7	68198935	68206574
110528340	ENSELUG00000002542	cas1	7	68206832	68221519
110528342	ENSELUG00000002551	cas1	7	68221971	68261576
110528346	ENSELUG00000013155	cas1	1	69972280	69979591
110528347	ENSELUG00000002733	cas1	7	69024830	69029850
110528349	ENSELUG00000002740	cas1	7	69037711	69042865
110528350	ENSELUG00000002750	cas1	7	69048152	69116021
110528353	ENSELUG00000002963	cas1	7	69272086	69276936
110528356	ENSELUG00000003014	cas1	7	69382887	69391634
110528359	ENSELUG00000003086	cas1	7	69429692	69500328
110528361	ENSELUG00000000105	cas1	7	69554159	69682851
110528363	ENSELUG00000003340	cas1	7	69708160	69796822
110528366	ENSELUG00000003602	cas1	7	70049291	70053772
110528367	ENSELUG00000003609	cas1	7	70082033	70113471
110528370	ENSELUG00000003755	cas1	7	70618951	70623505
110528371	ENSELUG00000003782	cas1	7	70650734	70662395
110528372	ENSELUG00000003770	cas1	7	70638178	70650621
110528373	ENSELUG00000003812	cas3	7	70662621	70677294
110528375	ENSELUG00000003843	cas1	7	70734084	70786210
110528376	ENSELUG00000013124	cas1	1	70000317	70022403
110528377	ENSELUG00000003951	cas1	7	70825561	70828984
110528380	ENSELUG00000003966	cas1	7	70838755	70872255
110528384	ENSELUG00000013113	cas1	1	70030045	70036532
110528386	ENSELUG00000004033	cas1	7	70920524	70942857
110528388	ENSELUG00000006889	cas1	7	71004440	71018901
110528389	ENSELUG00000006924	cas1	7	71018921	71028039
110528391	ENSELUG00000012941	cas1	1	70051483	70052917
110528396	ENSELUG00000007191	cas1	7	71150302	71167043
110528399	ENSELUG00000007465	cas1	7	71210241	71235844
110528404	ENSELUG00000007517	cas1	7	71274346	71278978
110528405	ENSELUG00000007570	cas1	7	71293904	71317539
110528406	ENSELUG00000007602	cas1	7	71321176	71333306
110528410	ENSELUG00000007751	cas1	7	71367150	71379759
110528411	ENSELUG00000007826	cas1	7	71383561	71392197
110528414	ENSELUG00000008091	cas1	7	71440153	71452686
110528415	ENSELUG00000008075	cas1	7	71437234	71439785
110528418	ENSELUG00000012778	cas1	1	70163191	70188938
110528421	ENSELUG00000008189	cas1	7	71496172	71498571
110528425	ENSELUG00000012714	cas1	1	70194295	70228504
110528429	ENSELUG00000008424	cas1	7	71884026	71912479
110528430	ENSELUG00000000312	cas1	7	71913900	71918751
110528431	ENSELUG00000008592	cas1	7	71922276	71934520
110528435	ENSELUG00000009131	cas1	7	72075112	72097393
110528443	ENSELUG00000009590	cas1	7	72529240	72536741
110528458	ENSELUG00000010395	cas1	7	72965547	73000710
110528461	ENSELUG00000010589	cas3	7	73197136	73206996
110528463	ENSELUG00000010729	cas1	7	73217266	73287242
110528465	ENSELUG00000010775	cas1	7	73288304	73299941
110528470	ENSELUG00000012593	cas1	1	70229959	70404623
110528491	ENSELUG00000011913	cas1	7	75530377	75542507
110528497	ENSELUG00000012103	cas1	7	75732351	75891871
110528505	ENSELUG00000012463	cas1	7	76231261	76266908
110528511	ENSELUG00000012235	cas1	1	70555702	70677191
110528512	ENSELUG00000012729	cas1	7	76470087	76608047
110528514	ENSELUG00000012786	cas1	7	76667990	76739985
110528519	ENSELUG00000012980	cas1	7	77008450	77016618
110528520	ENSELUG00000012989	cas1	7	77040538	77045012
110528521	ENSELUG00000013003	cas1	7	77051068	77052716
110528522	ENSELUG00000013079	cas1	7	77072817	77086911
110528525	ENSELUG00000013117	cas1	7	77092039	77096836
110528528	ENSELUG00000013181	cas1	7	77121611	77145722
110528533	ENSELUG00000012095	cas1	1	70710874	70713631
110528536	ENSELUG00000013412	cas1	7	77349078	77355461
110528538	ENSELUG00000013558	cas1	7	77404888	77463817
110528540	ENSELUG00000013810	cas1	7	77622568	77830065
110528543	ENSELUG00000014035	cas1	7	78075509	78130470
110528544	ENSELUG00000014154	cas1	7	78133098	78166277
110528547	ENSELUG00000014341	cas1	7	78255591	78312601
110528548	ENSELUG00000014370	cas1	7	78410565	78424121
110528550	ENSELUG00000012049	cas1	1	70733855	70745693
110528551	ENSELUG00000014423	cas1	7	78447783	78469157
110528559	ENSELUG00000011985	cas1	1	70772035	70840706
110528562	ENSELUG00000015012	cas1	7	79421285	79439915
110528566	ENSELUG00000015195	cas1	7	79786470	79821603
110528568	ENSELUG00000015329	cas1	7	79990599	80025187
110528570	ENSELUG00000015343	cas1	7	80031966	80046659
110528580	ENSELUG00000019242	cas1	7	80763670	80793513
110528591	ENSELUG00000018892	cas3	7	81606542	81652941
110528593	ENSELUG00000018922	cas2	7	81432052	81438192
110528595	ENSELUG00000019000	cas1	7	81360428	81380513
110528603	ENSELUG00000011910	cas1	1	71036440	71076239
110528624	ENSELUG00000018090	cas1	7	83554283	83616043
110528639	ENSELUG00000001070	cas1	7	85141224	85169972
110528640	ENSELUG00000018432	cas2	7	85171118	85184654
110528641	ENSELUG00000018389	cas4	7	85106971	85119900
110528649	ENSELUG00000015864	cas3	7	85649845	85744794
110528660	ENSELUG00000015820	cas2	7	85764638	85855852
110528664	ENSELUG00000000567	cas2	7	87007438	87053874
110528667	ENSELUG00000015340	cas3	7	87114104	87293966
110528668	ENSELUG00000000558	cas2	7	87169591	87198009
110528670	ENSELUG00000015264	cas6	7	87341189	87342665
110528673	ENSELUG00000015098	cas1	7	87410180	87422713
110528676	ENSELUG00000014879	cas4	7	87555290	87565881
110528677	ENSELUG00000014851	cas2	7	87567795	87603202
110528680	ENSELUG00000014623	cas2	7	87817031	87954027
110528682	ENSELUG00000011690	cas1	1	71994810	72001260
110528687	ENSELUG00000014280	cas4	7	88254110	88345745
110528701	ENSELUG00000011664	cas1	1	72008507	72040224
110528703	ENSELUG00000013454	cas5	7	90597013	90627553
110528707	ENSELUG00000013262	cas2	7	90413719	90458606
110528709	ENSELUG00000011620	cas4	1	72041913	72104027
110528713	ENSELUG00000013547	cas6	7	90740664	90885403
110528716	ENSELUG00000002507	cas2	7	2543172	2554006
110528717	ENSELUG00000002507	cas2	18	76907	89501
110528719	ENSELUG00000008659	cas1	1	72116682	72167413
110528721	ENSELUG00000013945	cas2	7	7295350	7311023
110528723	ENSELUG00000022047	cas5	7	12287588	12352864
110528724	ENSELUG00000000960	cas2	7	11655683	11730452
110528727	ENSELUG00000001828	cas2	7	5890321	5902616
110528748	ENSELUG00000002558	cas3	7	9776039	9781629
110528750	ENSELUG00000002965	cas5	18	11453014	11456879
110528752	ENSELUG00000003061	cas4	18	11463472	11746107
110528753	ENSELUG00000005556	cas1	1	7741562	7839934
110528754	ENSELUG00000003317	cas2	7	6761138	6767166
110528759	ENSELUG00000001490	cas2	7	13520273	13523716
110528763	ENSELUG00000006580	cas2	18	17641367	17671930
110528768	ENSELUG00000001325	cas3	18	17831450	17839017
110528772	ENSELUG00000006980	cas2	18	17939937	18012067
110528784	ENSELUG00000008998	cas5	7	16378356	16397842
110528786	ENSELUG00000023421	cas3	7	16457712	16463699
110528795	ENSELUG00000009680	cas2	7	16807666	16892819
110528796	ENSELUG00000009602	cas2	7	16906699	16920069
110528797	ENSELUG00000009319	cas2	7	17002517	17015547
110528804	ENSELUG00000021237	cas3	7	18194024	18199581
110528806	ENSELUG00000021124	cas2	7	18315416	18383323
110528809	ENSELUG00000019828	cas4	7	20874252	20893679
110528819	ENSELUG00000020100	cas2	7	25432371	25498133
110528827	ENSELUG00000000115	cas7	7	12364103	12392300
110528828	ENSELUG00000022214	cas2	7	11861168	12118392
110528830	ENSELUG00000022870	cas2	7	11536906	11628121
110528831	ENSELUG00000022110	cas5	7	12213138	12256113
110528832	ENSELUG00000023016	cas2	7	11469006	11526110
110528833	ENSELUG00000003482	cas3	7	12474267	12485521
110528836	ENSELUG00000013861	cas2	18	8475052	8479361
110528837	ENSELUG00000013861	cas2	7	7288918	7293507
110528838	ENSELUG00000003521	cas5	7	12487901	12520663
110528842	ENSELUG00000022062	cas2	7	12275646	12277419
110528845	ENSELUG00000022156	cas2	7	12179637	12187373
110528846	ENSELUG00000021761	cas2	7	12353848	12364044
110528850	ENSELUG00000022928	cas4	7	11529028	11535894
110528859	ENSELUG00000023594	cas5	7	16546315	16559294
110528870	ENSELUG00000008495	cas1	1	72419949	72508133
110528872	ENSELUG00000010433	cas2	7	16702131	16708491
110528875	ENSELUG00000023246	cas2	7	16431284	16435714
110528876	ENSELUG00000023355	cas3	7	16438652	16446786
110528880	ENSELUG00000008738	cas2	7	16305681	16311613
110528881	ENSELUG00000008265	cas2	7	16026218	16034502
110528883	ENSELUG00000010548	cas2	7	16655086	16663049
110528890	ENSELUG00000007021	cas2	7	15428476	15438667
110528892	ENSELUG00000008728	cas2	7	16284327	16299911
110528893	ENSELUG00000010477	cas2	7	16683082	16691072
110528901	ENSELUG00000008837	cas2	7	16321126	16326569
110528906	ENSELUG00000008227	cas2	7	15993464	16004665
110528926	ENSELUG00000001205	cas1	1	73140464	73290110
110528940	ENSELUG00000007748	cas1	1	73134653	73136850
110528941	ENSELUG00000011138	cas1	7	30648989	30686105
110528947	ENSELUG00000010560	cas1	7	36738691	36858144
110528948	ENSELUG00000019598	cas1	7	38214031	38260322
110528949	ENSELUG00000007615	cas1	1	73323452	73373737
110528956	ENSELUG00000003398	cas1	7	45419148	45489247
110528962	ENSELUG00000006763	cas1	7	49317584	49334930
110528970	ENSELUG00000011373	cas1	7	55333097	55416079
110528971	ENSELUG00000011677	cas1	7	55792291	55798284
110528972	ENSELUG00000011713	cas2	7	56375199	56376062
110528973	ENSELUG00000011814	cas1	7	56605892	56716813
110528980	ENSELUG00000014079	cas1	7	58502198	58589001
110528986	ENSELUG00000007546	cas1	1	73433053	73450455
110528991	ENSELUG00000000760	cas1	7	61800678	61921139
110528996	ENSELUG00000020724	cas1	7	64227619	64230970
110529003	ENSELUG00000024030	cas1	7	66293286	66297208
110529007	ENSELUG00000002501	cas1	7	68077450	68092440
110529019	ENSELUG00000008380	cas1	7	71794234	71824936
110529031	ENSELUG00000012937	cas1	7	76793582	76979155
110529037	ENSELUG00000013949	cas1	7	77963641	78044805
110529039	ENSELUG00000014956	cas1	7	79389098	79421631
110529040	ENSELUG00000015110	cas1	7	79457337	79724304
110529056	ENSELUG00000015892	cas2	7	85630978	85648641
110529079	ENSELUG00000007460	cas4	1	73600183	73637760
110529113	ENSELUG00000007095	cas1	1	73826424	73886957
110529121	ENSELUG00000007063	cas1	1	73952690	74008104
110529122	ENSELUG00000019485	cas1	8	53462034	53478913
110529129	ENSELUG00000013853	cas1	8	65691486	65692775
110529130	ENSELUG00000014056	cas1	8	65730055	65735374
110529131	ENSELUG00000014225	cas1	8	65893969	65895050
110529144	ENSELUG00000014416	cas1	8	83749584	83756895
110529159	ENSELUG00000005732	cas4	8	3266113	3318273
110529161	ENSELUG00000007003	cas1	1	74111112	74160271
110529164	ENSELUG00000004632	cas2	8	5187359	5204422
110529165	ENSELUG00000008538	cas1	8	5295169	5305313
110529176	ENSELUG00000019657	cas1	8	7670795	7689709
110529179	ENSELUG00000017834	cas1	8	9411372	9523043
110529180	ENSELUG00000001107	cas1	8	10506125	10534379
110529181	ENSELUG00000015908	cas1	8	11185737	11210434
110529185	ENSELUG00000000233	cas1	1	74171733	74183699
110529190	ENSELUG00000014740	cas1	8	14908875	14965313
110529197	ENSELUG00000000782	cas1	8	18469380	18582050
110529205	ENSELUG00000021428	cas1	8	21539882	21545761
110529207	ENSELUG00000022772	cas1	8	21921573	21926307
110529212	ENSELUG00000003993	cas1	8	24503815	24610563
110529220	ENSELUG00000005429	cas2	8	26087446	26094609
110529222	ENSELUG00000007037	cas4	8	28776437	28804357
110529231	ENSELUG00000009730	cas1	8	32503138	32516734
110529236	ENSELUG00000013215	cas1	8	36216234	36490738
110529238	ENSELUG00000010111	cas2	11	84235293	84426152
110529239	ENSELUG00000008250	cas2	8	2233985	2278437
110529242	ENSELUG00000008103	cas2	8	2061698	2096832
110529251	ENSELUG00000006304	cas1	8	2938819	2941312
110529253	ENSELUG00000006566	cas4	8	1479450	1498700
110529261	ENSELUG00000006809	cas6	1	74348790	74378154
110529265	ENSELUG00000005361	cas1	8	3968537	3975097
110529266	ENSELUG00000005290	cas1	8	3977332	3990108
110529270	ENSELUG00000005015	cas1	8	4573303	4576635
110529271	ENSELUG00000004938	cas1	8	4582547	4590496
110529274	ENSELUG00000004896	cas1	8	4618977	4621813
110529275	ENSELUG00000004884	cas1	8	4628403	4632477
110529286	ENSELUG00000008831	cas1	8	5535756	5551550
110529289	ENSELUG00000020407	cas2	8	6719222	6722788
110529290	ENSELUG00000020302	cas2	8	6761911	6786314
110529293	ENSELUG00000020221	cas1	8	6802054	6853052
110529294	ENSELUG00000004794	cas1	8	4845346	4881446
110529298	ENSELUG00000019697	cas1	8	7515258	7536929
110529299	ENSELUG00000006780	cas1	1	74682034	74709286
110529304	ENSELUG00000019933	cas2	8	7340699	7369522
110529306	ENSELUG00000020083	cas1	8	7000285	7234525
110529309	ENSELUG00000019532	cas1	8	7929359	7934995
110529310	ENSELUG00000019518	cas1	8	7943145	7944881
110529314	ENSELUG00000019157	cas1	8	8344022	8357681
110529319	ENSELUG00000018914	cas2	8	8685360	8731870
110529321	ENSELUG00000018878	cas2	8	8742539	8757466
110529327	ENSELUG00000017949	cas2	8	9201189	9213654
110529328	ENSELUG00000006707	cas3	1	74817707	74965855
110529343	ENSELUG00000006659	cas1	1	74975235	74981532
110529354	ENSELUG00000016373	cas4	8	10415176	10439101
110529357	ENSELUG00000016225	cas1	8	10786206	10792867
110529362	ENSELUG00000015946	cas1	8	11162434	11184353
110529363	ENSELUG00000016084	cas1	8	11148108	11162069
110529365	ENSELUG00000015898	cas1	8	11242033	11269909
110529366	ENSELUG00000001315	cas1	8	11278630	11326198
110529367	ENSELUG00000015845	cas1	8	11355345	11520698
110529369	ENSELUG00000006442	cas1	1	75112641	75133272
110529370	ENSELUG00000015689	cas1	8	11782664	11830121
110529374	ENSELUG00000015548	cas1	8	11919066	11984048
110529378	ENSELUG00000015457	cas1	8	12018534	12025748
110529387	ENSELUG00000015030	cas1	8	12161773	12163688
110529396	ENSELUG00000014621	cas1	8	12331195	12344847
110529401	ENSELUG00000014337	cas1	8	12414867	12431334
110529405	ENSELUG00000009333	cas1	8	12521395	12537133
110529408	ENSELUG00000014120	cas1	8	12604696	12610815
110529409	ENSELUG00000014074	cas1	8	12615879	12697323
110529412	ENSELUG00000006421	cas1	1	75135079	75148790
110529413	ENSELUG00000013921	cas1	8	12707389	12716018
110529414	ENSELUG00000013822	cas1	8	12716294	12793228
110529416	ENSELUG00000013589	cas1	8	12872839	12928556
110529418	ENSELUG00000013530	cas1	8	12951277	12999904
110529419	ENSELUG00000013478	cas1	8	13110959	13117525
110529420	ENSELUG00000013461	cas1	8	13164739	13175491
110529422	ENSELUG00000000492	cas1	8	13203591	13206686
110529423	ENSELUG00000013415	cas1	8	13320455	13331260
110529425	ENSELUG00000006379	cas1	1	75155168	75182737
110529432	ENSELUG00000013153	cas1	8	13516606	13526593
110529433	ENSELUG00000013109	cas1	8	13534945	13544522
110529434	ENSELUG00000013006	cas1	8	13598376	13601561
110529435	ENSELUG00000012982	cas1	8	13626761	13632856
110529438	ENSELUG00000012843	cas1	8	14227879	14270782
110529441	ENSELUG00000012717	cas1	8	14340500	14392658
110529444	ENSELUG00000012487	cas1	8	14396011	14471129
110529446	ENSELUG00000013909	cas1	8	14549681	14573584
110529449	ENSELUG00000014062	cas1	8	14651265	14675039
110529450	ENSELUG00000014101	cas1	8	14691283	14696121
110529451	ENSELUG00000014215	cas1	8	14698367	14706820
110529453	ENSELUG00000014314	cas1	8	14723772	14748569
110529457	ENSELUG00000014923	cas1	8	14984532	15020390
110529459	ENSELUG00000015064	cas1	8	15105954	15118998
110529462	ENSELUG00000015136	cas1	8	15135212	15138185
110529464	ENSELUG00000015194	cas1	8	15258311	15260331
110529465	ENSELUG00000000552	cas1	8	15277760	15323996
110529468	ENSELUG00000015424	cas1	8	15476954	15483621
110529470	ENSELUG00000015523	cas1	8	15682572	15784577
110529474	ENSELUG00000015895	cas1	8	15813750	15843613
110529475	ENSELUG00000015978	cas1	8	15854622	15888522
110529476	ENSELUG00000016055	cas1	8	15892576	16023051
110529478	ENSELUG00000016432	cas1	8	16246398	16271056
110529484	ENSELUG00000006336	cas1	1	75500710	75503281
110529487	ENSELUG00000016600	cas1	8	16293321	16301586
110529489	ENSELUG00000016631	cas1	8	16383314	16386645
110529492	ENSELUG00000016880	cas1	8	16406235	16411381
110529494	ENSELUG00000016906	cas1	8	16413775	16423971
110529495	ENSELUG00000000631	cas1	8	16439558	16445013
110529497	ENSELUG00000017183	cas1	8	16624843	16630268
110529498	ENSELUG00000017245	cas1	8	16639846	16674144
110529499	ENSELUG00000017300	cas1	8	16685761	16720691
110529501	ENSELUG00000017333	cas1	8	16721162	16758117
110529502	ENSELUG00000017380	cas1	8	16793718	16826016
110529506	ENSELUG00000006224	cas1	1	75656587	75693011
110529511	ENSELUG00000017701	cas1	8	17682064	17701475
110529512	ENSELUG00000017719	cas1	8	17706609	17720195
110529513	ENSELUG00000017732	cas1	8	17720967	17723873
110529514	ENSELUG00000017742	cas1	8	17728290	17756041
110529516	ENSELUG00000006185	cas1	1	75695432	75724153
110529518	ENSELUG00000017840	cas1	8	17845718	17857814
110529519	ENSELUG00000017858	cas1	8	17959151	18055728
110529520	ENSELUG00000017915	cas1	8	18069152	18072594
110529523	ENSELUG00000018218	cas2	8	18362788	18449484
110529527	ENSELUG00000018518	cas1	8	18676608	18687665
110529528	ENSELUG00000018585	cas1	8	18690451	18714820
110529530	ENSELUG00000018703	cas1	8	18806517	18876551
110529532	ENSELUG00000018728	cas1	8	18876734	18883562
110529533	ENSELUG00000018869	cas1	8	18913710	18922072
110529538	ENSELUG00000018966	cas1	8	18922233	18924820
110529539	ENSELUG00000019001	cas1	8	18924998	18936498
110529550	ENSELUG00000019858	cas1	8	19541948	19584426
110529553	ENSELUG00000019988	cas1	8	19664037	19672737
110529554	ENSELUG00000020138	cas1	8	19723181	19826538
110529556	ENSELUG00000005983	cas1	1	76420427	76433438
110529560	ENSELUG00000020431	cas1	8	20007226	20012105
110529561	ENSELUG00000020510	cas1	8	20061153	20084685
110529563	ENSELUG00000020519	cas1	8	20094391	20110377
110529565	ENSELUG00000020548	cas1	8	20294639	20379353
110529569	ENSELUG00000020575	cas1	8	20382501	20408928
110529572	ENSELUG00000020679	cas1	8	20440296	20466590
110529573	ENSELUG00000020716	cas1	8	20471157	20477447
110529578	ENSELUG00000020789	cas1	8	20642316	20644198
110529582	ENSELUG00000020946	cas1	8	20825514	20992358
110529587	ENSELUG00000021140	cas1	8	21247152	21385603
110529588	ENSELUG00000021162	cas1	8	21392338	21401110
110529590	ENSELUG00000021209	cas1	8	21406192	21422857
110529591	ENSELUG00000005971	cas1	1	76444408	76452168
110529593	ENSELUG00000021293	cas1	8	21499465	21504647
110529597	ENSELUG00000021987	cas1	8	21789216	21816690
110529600	ENSELUG00000022596	cas1	8	21874399	21876744
110529606	ENSELUG00000000971	cas1	8	21927010	21929650
110529608	ENSELUG00000000978	cas6	8	21961001	21970793
110529613	ENSELUG00000022880	cas1	8	22318493	22403025
110529617	ENSELUG00000023024	cas1	8	22446715	22459584
110529618	ENSELUG00000023165	cas1	8	22481780	22496418
110529619	ENSELUG00000023222	cas1	8	22506844	22512029
110529620	ENSELUG00000023314	cas1	8	22533156	22562329
110529622	ENSELUG00000023386	cas1	8	22789862	22803661
110529624	ENSELUG00000023475	cas1	8	22809882	22857289
110529627	ENSELUG00000023636	cas1	8	23151281	23155668
110529628	ENSELUG00000023576	cas1	8	23076384	23144537
110529630	ENSELUG00000023748	cas1	8	23177638	23181382
110529631	ENSELUG00000001002	cas1	8	23209228	23220811
110529636	ENSELUG00000023876	cas4	8	23253587	23259122
110529637	ENSELUG00000005913	cas1	1	76479199	76496251
110529639	ENSELUG00000023984	cas1	8	23368309	23405523
110529660	ENSELUG00000004022	cas1	8	24611307	24623866
110529662	ENSELUG00000004049	cas1	8	24739057	24795416
110529664	ENSELUG00000004090	cas1	8	24942086	24979444
110529665	ENSELUG00000004098	cas1	8	24992535	25010299
110529666	ENSELUG00000004165	cas1	8	25060687	25134641
110529668	ENSELUG00000001405	cas1	8	25254179	25273650
110529670	ENSELUG00000004208	cas1	8	25140777	25184652
110529677	ENSELUG00000004482	cas1	8	25310439	25320812
110529680	ENSELUG00000004522	cas1	8	25416277	25490274
110529681	ENSELUG00000005812	cas1	1	76697318	76804833
110529684	ENSELUG00000004629	cas1	8	25517487	25521324
110529687	ENSELUG00000004824	cas1	8	25607940	25651987
110529689	ENSELUG00000004907	cas1	8	25653300	25676087
110529691	ENSELUG00000004970	cas1	8	25693543	25733800
110529693	ENSELUG00000005078	cas1	8	25758877	25775028
110529703	ENSELUG00000005604	cas1	8	26172446	26175639
110529705	ENSELUG00000005625	cas1	8	26266259	26271258
110529706	ENSELUG00000005668	cas1	8	26381097	26393547
110529707	ENSELUG00000005650	cas1	8	26363177	26376176
110529708	ENSELUG00000005677	cas1	8	26422495	26426074
110529710	ENSELUG00000005724	cas1	8	26444117	26463361
110529733	ENSELUG00000000217	cas6	8	28050159	28177674
110529734	ENSELUG00000006634	cas1	8	28032401	28050434
110529739	ENSELUG00000006871	cas4	8	28326936	28388304
110529746	ENSELUG00000007013	cas3	8	28704849	28727911
110529747	ENSELUG00000005110	cas1	1	8372593	8419050
110529761	ENSELUG00000007375	cas3	8	29890555	29938331
110529763	ENSELUG00000007491	cas1	8	29972511	29986359
110529765	ENSELUG00000007571	cas1	8	30149988	30158324
110529767	ENSELUG00000007642	cas1	8	30175739	30190971
110529768	ENSELUG00000007730	cas1	8	30227409	30243300
110529769	ENSELUG00000007687	cas1	8	30217008	30227240
110529771	ENSELUG00000008253	cas1	8	30529289	30687478
110529780	ENSELUG00000005554	cas1	1	77027460	77048352
110529797	ENSELUG00000005539	cas1	1	77104366	77118912
110529804	ENSELUG00000009338	cas1	8	32214451	32217572
110529807	ENSELUG00000005099	cas1	1	8486654	8494344
110529809	ENSELUG00000009670	cas5	8	32287164	32289011
110529820	ENSELUG00000010210	cas2	8	32691529	32696670
110529822	ENSELUG00000005517	cas1	1	77128910	77142504
110529825	ENSELUG00000010313	cas3	8	33426517	33435877
110529830	ENSELUG00000010455	cas1	8	33656633	33680837
110529833	ENSELUG00000010509	cas1	8	33689214	33719635
110529834	ENSELUG00000010654	cas1	8	33719374	33822238
110529835	ENSELUG00000010720	cas1	8	33823071	33828774
110529836	ENSELUG00000010733	cas1	8	33831672	33841602
110529846	ENSELUG00000011607	cas1	8	34136558	34157637
110529847	ENSELUG00000011533	cas1	8	34178297	34218679
110529854	ENSELUG00000012068	cas1	8	35426316	35429137
110529856	ENSELUG00000012080	cas1	8	35454437	35462086
110529857	ENSELUG00000012190	cas1	8	35474492	35484606
110529858	ENSELUG00000012212	cas3	8	35489254	35502659
110529859	ENSELUG00000012223	cas1	8	35502866	35505831
110529860	ENSELUG00000012251	cas1	8	35514934	35538337
110529861	ENSELUG00000012318	cas1	8	35537689	35546844
110529863	ENSELUG00000012366	cas1	8	35574306	35596404
110529864	ENSELUG00000012382	cas1	8	35628152	35632437
110529865	ENSELUG00000012548	cas1	8	35633473	35705333
110529866	ENSELUG00000012603	cas1	8	35708041	35798020
110529869	ENSELUG00000012934	cas1	8	35936407	36051280
110529870	ENSELUG00000013011	cas1	8	36052936	36059371
110529872	ENSELUG00000013263	cas1	8	36543815	36552132
110529874	ENSELUG00000013378	cas1	8	36605568	36619010
110529876	ENSELUG00000000500	cas1	8	36642304	36662826
110529877	ENSELUG00000013581	cas1	8	36674680	36682338
110529878	ENSELUG00000013518	cas1	8	36665592	36674269
110529887	ENSELUG00000015594	cas1	8	37793008	37801035
110529898	ENSELUG00000016390	cas1	8	39463325	39796219
110529918	ENSELUG00000017280	cas1	8	41160943	41283719
110529921	ENSELUG00000005259	cas1	1	77460880	77468921
110529923	ENSELUG00000018279	cas4	8	42646260	42699086
110529938	ENSELUG00000017762	cas1	8	45651211	45676385
110529940	ENSELUG00000017641	cas4	8	45692358	45708512
110529943	ENSELUG00000005218	cas1	1	77494045	77502290
110529945	ENSELUG00000017398	cas4	8	45964664	45975008
110529947	ENSELUG00000017349	cas5	8	46061743	46074046
110529948	ENSELUG00000017310	cas6	8	46122744	46133988
110529953	ENSELUG00000017130	cas6	8	46352786	46356523
110529961	ENSELUG00000016843	cas1	8	46462625	46463692
110529968	ENSELUG00000016887	cas1	8	46916145	46931901
110529969	ENSELUG00000016966	cas1	8	46978079	47004330
110529970	ENSELUG00000017142	cas1	8	47027194	47035362
110529972	ENSELUG00000017101	cas6	8	47015885	47027075
110529974	ENSELUG00000017238	cas1	8	47140657	47194560
110529975	ENSELUG00000017313	cas1	8	47209551	47229335
110529981	ENSELUG00000017691	cas1	8	47397783	47439942
110529986	ENSELUG00000017758	cas1	8	47468480	47506234
110529992	ENSELUG00000005117	cas1	1	77752585	77763628
110529994	ENSELUG00000016614	cas1	8	49122049	49140712
110529997	ENSELUG00000016295	cas1	8	49387165	49420283
110529999	ENSELUG00000016234	cas1	8	49442708	49491248
110530001	ENSELUG00000016054	cas1	8	49506784	49564784
110530003	ENSELUG00000015839	cas1	8	49591230	49600103
110530004	ENSELUG00000015829	cas1	8	49601539	49612229
110530006	ENSELUG00000015802	cas1	8	49635475	49647848
110530007	ENSELUG00000005031	cas1	1	78541593	78625355
110530008	ENSELUG00000015785	cas4	8	49647933	49655158
110530011	ENSELUG00000015622	cas1	8	49866272	49937001
110530014	ENSELUG00000005223	cas1	8	50043342	50071991
110530016	ENSELUG00000005051	cas1	8	50337731	50366270
110530017	ENSELUG00000005115	cas1	8	50146364	50336325
110530018	ENSELUG00000004917	cas1	1	78995432	79054597
110530020	ENSELUG00000005037	cas1	8	50379771	50383088
110530021	ENSELUG00000004988	cas1	8	50412980	50434788
110530022	ENSELUG00000004949	cas1	8	50434935	50441957
110530028	ENSELUG00000004698	cas1	8	50678172	50685258
110530032	ENSELUG00000004859	cas1	1	79080754	79092872
110530034	ENSELUG00000004612	cas1	8	50740976	50767911
110530037	ENSELUG00000004518	cas1	8	50933532	50939589
110530038	ENSELUG00000004488	cas1	8	50955408	50957451
110530040	ENSELUG00000004421	cas1	8	51032565	51067801
110530041	ENSELUG00000004449	cas1	8	51001967	51066824
110530046	ENSELUG00000024318	cas1	8	51377904	51380863
110530049	ENSELUG00000024222	cas3	8	51496080	51516909
110530052	ENSELUG00000024070	cas1	8	51560800	51582355
110530055	ENSELUG00000004886	cas1	1	79057668	79080540
110530057	ENSELUG00000023926	cas1	8	51728048	51736153
110530059	ENSELUG00000023829	cas1	8	51756566	51760182
110530064	ENSELUG00000023419	cas1	8	51982632	51988327
110530065	ENSELUG00000023228	cas1	8	52019740	52023960
110530066	ENSELUG00000023337	cas1	8	52011929	52019435
110530067	ENSELUG00000023172	cas1	8	52030973	52048770
110530068	ENSELUG00000023138	cas1	8	52048380	52053315
110530069	ENSELUG00000023128	cas1	8	52053382	52059723
110530071	ENSELUG00000023038	cas1	8	52164117	52174262
110530074	ENSELUG00000022826	cas1	8	52212000	52218122
110530076	ENSELUG00000022704	cas1	8	52255134	52282393
110530077	ENSELUG00000022561	cas1	8	52303487	52313295
110530078	ENSELUG00000004795	cas1	1	79093139	79109337
110530081	ENSELUG00000022431	cas1	8	52379925	52436868
110530082	ENSELUG00000022332	cas2	8	52448271	52459617
110530083	ENSELUG00000022269	cas1	8	52465692	52475757
110530084	ENSELUG00000018507	cas1	8	52733010	52756602
110530085	ENSELUG00000004682	cas1	1	79126805	79207400
110530088	ENSELUG00000018617	cas1	8	52819122	52851107
110530090	ENSELUG00000018769	cas1	8	52906367	52917437
110530092	ENSELUG00000018944	cas1	8	52968196	52994389
110530094	ENSELUG00000018804	cas1	8	52949001	52967823
110530095	ENSELUG00000019016	cas6	8	53001160	53015071
110530101	ENSELUG00000019075	cas1	8	53054537	53059566
110530102	ENSELUG00000001471	cas1	8	53088713	53121268
110530103	ENSELUG00000019263	cas1	8	53122308	53152141
110530105	ENSELUG00000019316	cas1	8	53153881	53181479
110530106	ENSELUG00000019370	cas1	8	53255197	53258515
110530107	ENSELUG00000004527	cas1	1	79209864	79212568
110530108	ENSELUG00000019381	cas1	8	53325588	53336053
110530109	ENSELUG00000019409	cas1	8	53342603	53360245
110530110	ENSELUG00000019480	cas1	8	53452148	53455033
110530112	ENSELUG00000004436	cas1	1	79257290	79351404
110530113	ENSELUG00000000868	cas1	8	53599635	53635592
110530114	ENSELUG00000019824	cas1	8	53635788	53660006
110530115	ENSELUG00000019865	cas1	8	53674480	53680005
110530116	ENSELUG00000019941	cas1	8	53681608	53712234
110530117	ENSELUG00000019968	cas1	8	53722172	53728671
110530118	ENSELUG00000019990	cas1	8	53744528	53767156
110530119	ENSELUG00000020070	cas1	8	53806663	53812192
110530120	ENSELUG00000020168	cas1	8	53926018	53927959
110530121	ENSELUG00000020250	cas1	8	53965997	53995304
110530128	ENSELUG00000020448	cas1	8	54156108	54207822
110530129	ENSELUG00000001241	cas1	8	54211906	54270087
110530130	ENSELUG00000020539	cas1	8	54273196	54276106
110530131	ENSELUG00000020559	cas3	8	54277913	54280498
110530136	ENSELUG00000020843	cas1	8	54385550	54392076
110530137	ENSELUG00000000920	cas1	8	54407457	54442078
110530140	ENSELUG00000020996	cas1	8	54446219	54465716
110530141	ENSELUG00000021107	cas1	8	54477925	54485773
110530142	ENSELUG00000000931	cas1	8	54498363	54507488
110530143	ENSELUG00000021181	cas1	8	54526426	54556133
110530148	ENSELUG00000021493	cas1	8	55039018	55062662
110530149	ENSELUG00000021543	cas1	8	55074480	55084517
110530153	ENSELUG00000021618	cas1	8	55120291	55136638
110530156	ENSELUG00000021696	cas2	8	55184427	55190256
110530167	ENSELUG00000004250	cas1	1	79708170	79717946
110530174	ENSELUG00000007212	cas1	8	55730434	55764053
110530179	ENSELUG00000015804	cas1	8	55872953	55896342
110530180	ENSELUG00000004193	cas1	1	79766233	79782247
110530183	ENSELUG00000015741	cas1	8	56275091	56294377
110530186	ENSELUG00000015611	cas1	8	56374588	56386555
110530188	ENSELUG00000023100	cas1	8	56487054	56509308
110530192	ENSELUG00000023714	cas1	8	56522893	56526802
110530195	ENSELUG00000023840	cas1	8	56558346	56575547
110530196	ENSELUG00000023000	cas5	8	56601898	56604165
110530197	ENSELUG00000022992	cas1	8	56663849	56667934
110530198	ENSELUG00000020173	cas1	8	56783278	56793172
110530204	ENSELUG00000020133	cas1	8	56998428	57002561
110530207	ENSELUG00000020006	cas1	8	57081546	57086615
110530213	ENSELUG00000000161	cas1	8	57421244	57478855
110530217	ENSELUG00000000171	cas1	8	57558028	57572376
110530218	ENSELUG00000006126	cas1	8	57597835	57625254
110530219	ENSELUG00000004119	cas1	1	79924696	79928909
110530220	ENSELUG00000006207	cas2	8	57632382	57641650
110530221	ENSELUG00000006374	cas1	8	57641778	57720685
110530222	ENSELUG00000006240	cas1	8	57697014	57700551
110530223	ENSELUG00000006542	cas1	8	57766651	57798129
110530224	ENSELUG00000006586	cas1	8	57801838	57803851
110530227	ENSELUG00000006607	cas1	8	57805385	57811427
110530229	ENSELUG00000006739	cas1	8	57876797	57910140
110530233	ENSELUG00000006935	cas1	8	58335194	58649978
110530242	ENSELUG00000007807	cas1	8	59416408	59668443
110530243	ENSELUG00000004077	cas1	1	79956334	80033777
110530248	ENSELUG00000007886	cas1	8	59748668	59768093
110530249	ENSELUG00000007966	cas1	8	59775730	59825064
110530251	ENSELUG00000007977	cas1	8	59825297	59828412
110530252	ENSELUG00000007989	cas1	8	59834812	59837439
110530253	ENSELUG00000008002	cas1	8	60072133	60077499
110530256	ENSELUG00000008478	cas1	8	60232311	60268663
110530258	ENSELUG00000004000	cas1	1	80072570	80138452
110530261	ENSELUG00000008817	cas1	8	60353938	60597494
110530263	ENSELUG00000009056	cas1	8	60635104	60677201
110530264	ENSELUG00000009227	cas1	8	60714906	60775318
110530268	ENSELUG00000009430	cas1	8	60971600	61047289
110530271	ENSELUG00000009604	cas1	8	61118099	61140626
110530272	ENSELUG00000009622	cas1	8	61145742	61152933
110530274	ENSELUG00000003894	cas1	1	80248099	80263734
110530276	ENSELUG00000009701	cas1	8	61221771	61233430
110530278	ENSELUG00000009801	cas1	8	61245242	61296169
110530279	ENSELUG00000009824	cas1	8	61297688	61305678
110530280	ENSELUG00000009854	cas1	8	61327148	61339612
110530300	ENSELUG00000010293	cas1	8	62004172	62033993
110530301	ENSELUG00000010331	cas1	8	62034615	62046177
110530305	ENSELUG00000010625	cas1	8	62288570	62299158
110530306	ENSELUG00000010633	cas1	8	62299897	62312493
110530307	ENSELUG00000010709	cas1	8	62513304	62607766
110530310	ENSELUG00000010913	cas1	8	62971559	63003590
110530311	ENSELUG00000011066	cas1	8	63059524	63187183
110530317	ENSELUG00000011871	cas1	8	63475792	63494725
110530319	ENSELUG00000011960	cas1	8	63613362	63760514
110530321	ENSELUG00000000439	cas1	8	63802841	63885395
110530322	ENSELUG00000011999	cas1	8	63778335	63802563
110530323	ENSELUG00000000443	cas1	8	63889677	63892473
110530325	ENSELUG00000012284	cas1	8	64302481	64336545
110530326	ENSELUG00000012307	cas1	8	64336685	64341073
110530327	ENSELUG00000012317	cas1	8	64341284	64344020
110530328	ENSELUG00000012246	cas1	8	64300231	64301927
110530329	ENSELUG00000012337	cas1	8	64346751	64349881
110530330	ENSELUG00000012433	cas1	8	64433105	64498150
110530334	ENSELUG00000012562	cas1	8	64547680	64551206
110530335	ENSELUG00000012572	cas1	8	64557297	64620048
110530336	ENSELUG00000012702	cas1	8	64630945	64640936
110530338	ENSELUG00000012755	cas1	8	64649558	64653472
110530340	ENSELUG00000012808	cas3	8	64657845	64665706
110530341	ENSELUG00000012808	cas3	8	64669470	64685654
110530343	ENSELUG00000012826	cas1	8	64697289	64698526
110530344	ENSELUG00000012845	cas1	8	64711467	64719874
110530345	ENSELUG00000012875	cas1	8	64758400	64794173
110530346	ENSELUG00000003759	cas1	1	80359816	80364026
110530353	ENSELUG00000013384	cas1	8	65389548	65408613
110530357	ENSELUG00000013473	cas1	8	65511463	65520143
110530358	ENSELUG00000013696	cas1	8	65520250	65546632
110530359	ENSELUG00000001573	cas1	8	65561693	65587630
110530362	ENSELUG00000013770	cas1	8	65608778	65637987
110530365	ENSELUG00000013845	cas1	8	65676827	65680382
110530367	ENSELUG00000014024	cas1	8	65703263	65719986
110530370	ENSELUG00000014405	cas1	8	65931035	66005474
110530371	ENSELUG00000014294	cas1	8	65918298	65920176
110530372	ENSELUG00000000528	cas1	8	66010751	66027208
110530376	ENSELUG00000014759	cas1	8	66066012	66072799
110530381	ENSELUG00000014995	cas6	8	66100360	66125932
110530384	ENSELUG00000000546	cas1	8	66210003	66218844
110530388	ENSELUG00000015216	cas1	8	66273788	66332261
110530391	ENSELUG00000015380	cas1	8	66390204	66433725
110530392	ENSELUG00000015437	cas1	8	66437381	66509379
110530394	ENSELUG00000016683	cas1	8	66649863	66658816
110530395	ENSELUG00000016775	cas1	8	66672460	66682947
110530398	ENSELUG00000016994	cas1	8	66867515	66935353
110530403	ENSELUG00000017614	cas1	8	67430853	67474302
110530404	ENSELUG00000001151	cas1	8	67477992	67528795
110530405	ENSELUG00000017672	cas1	8	67537752	67570811
110530406	ENSELUG00000017640	cas1	8	67529805	67537441
110530410	ENSELUG00000000725	cas1	8	67693817	67726942
110530412	ENSELUG00000017991	cas1	8	67769749	67818199
110530414	ENSELUG00000018072	cas1	8	67941315	68125947
110530416	ENSELUG00000018184	cas1	8	68163368	68180025
110530418	ENSELUG00000018226	cas1	8	68185907	68198975
110530419	ENSELUG00000018289	cas1	8	68256933	68269843
110530421	ENSELUG00000018339	cas1	8	68303741	68311037
110530423	ENSELUG00000018430	cas1	8	68834340	68856034
110530424	ENSELUG00000000788	cas1	8	68873437	68898424
110530426	ENSELUG00000018595	cas1	8	68908995	68995260
110530428	ENSELUG00000018646	cas1	8	69046411	69116995
110530432	ENSELUG00000018913	cas1	8	69263522	69354693
110530438	ENSELUG00000019275	cas1	8	69537168	69553690
110530439	ENSELUG00000019302	cas1	8	69562986	69576816
110530442	ENSELUG00000019719	cas3	8	69725327	69727474
110530443	ENSELUG00000019766	cas1	8	70056503	70095135
110530447	ENSELUG00000020988	cas4	8	70186469	70198565
110530463	ENSELUG00000021517	cas1	8	70705074	70743483
110530464	ENSELUG00000021574	cas1	8	70758004	70771560
110530465	ENSELUG00000021720	cas1	8	70830711	70841350
110530470	ENSELUG00000021947	cas1	8	70982334	71000713
110530472	ENSELUG00000021998	cas1	8	71020813	71083266
110530476	ENSELUG00000022141	cas1	8	71434344	71436737
110530477	ENSELUG00000022201	cas1	8	71480964	71640255
110530479	ENSELUG00000022336	cas1	8	71659108	71682298
110530486	ENSELUG00000022509	cas1	8	71828037	71832556
110530488	ENSELUG00000022622	cas1	8	72081880	72097290
110530489	ENSELUG00000022668	cas1	8	72097392	72102520
110530494	ENSELUG00000022924	cas5	8	72146353	72155430
110530495	ENSELUG00000023004	cas1	8	72237331	72308215
110530496	ENSELUG00000023063	cas1	8	72341496	72345654
110530500	ENSELUG00000023363	cas1	8	72555633	72562473
110530506	ENSELUG00000023772	cas1	8	72730585	72772383
110530508	ENSELUG00000023929	cas1	8	72901218	72909612
110530509	ENSELUG00000023949	cas1	8	72951202	72975991
110530511	ENSELUG00000024178	cas1	8	73120829	73162119
110530513	ENSELUG00000024247	cas1	8	73199143	73216938
110530525	ENSELUG00000024630	cas1	8	73619218	73668677
110530527	ENSELUG00000024633	cas1	8	73692300	73696186
110530530	ENSELUG00000003153	cas1	8	73722986	73732929
110530531	ENSELUG00000003190	cas1	8	73754013	73761732
110530533	ENSELUG00000003178	cas1	8	73737869	73771648
110530534	ENSELUG00000003293	cas1	8	73834830	73837375
110530540	ENSELUG00000003383	cas1	8	73909778	73917998
110530541	ENSELUG00000003399	cas1	8	73924309	73931497
110530543	ENSELUG00000003422	cas1	8	73940094	73951207
110530544	ENSELUG00000003565	cas1	8	74043058	74052424
110530562	ENSELUG00000003722	cas1	8	74245924	74261189
110530566	ENSELUG00000003743	cas1	8	74282781	74296582
110530568	ENSELUG00000003807	cas1	8	74321330	74338406
110530569	ENSELUG00000003847	cas1	8	74346208	74351147
110530571	ENSELUG00000003856	cas1	8	74368137	74376776
110530573	ENSELUG00000003890	cas1	8	74396360	74403787
110530574	ENSELUG00000003941	cas1	8	74408385	74413205
110530581	ENSELUG00000004094	cas1	8	74453594	74467456
110530582	ENSELUG00000004105	cas1	8	74480507	74501122
110530586	ENSELUG00000004132	cas1	8	74535603	74540854
110530589	ENSELUG00000004151	cas1	8	74666438	74679594
110530591	ENSELUG00000004172	cas1	8	74697349	74712803
110530593	ENSELUG00000004214	cas1	8	74727769	74734258
110530595	ENSELUG00000004336	cas1	8	74766104	74770088
110530597	ENSELUG00000004366	cas1	8	74782388	74804043
110530598	ENSELUG00000004389	cas1	8	74804701	74812569
110530599	ENSELUG00000000130	cas1	8	74822494	74843597
110530608	ENSELUG00000004579	cas1	8	74958190	74964449
110530617	ENSELUG00000023250	cas1	1	82439142	82442325
110530621	ENSELUG00000004971	cas1	1	9309353	9384061
110530635	ENSELUG00000005354	cas6	8	75687909	75691966
110530639	ENSELUG00000005635	cas1	8	75930060	75937036
110530642	ENSELUG00000000158	cas4	8	75957975	75974053
110530646	ENSELUG00000006007	cas1	8	76073705	76101494
110530649	ENSELUG00000006174	cas1	8	76210540	76211899
110530655	ENSELUG00000006241	cas1	8	76451222	76453376
110530656	ENSELUG00000006354	cas1	8	76526810	76720528
110530660	ENSELUG00000006858	cas1	8	77048338	77080407
110530664	ENSELUG00000000231	cas1	8	77127486	77155564
110530665	ENSELUG00000007089	cas1	8	77157587	77181601
110530670	ENSELUG00000023002	cas1	1	83407651	83442131
110530681	ENSELUG00000007732	cas1	8	77731245	77738405
110530686	ENSELUG00000010535	cas1	8	79689267	79713549
110530692	ENSELUG00000008214	cas1	8	78197403	78204060
110530693	ENSELUG00000008232	cas1	8	78203647	78213033
110530696	ENSELUG00000008388	cas1	8	78288572	78294389
110530698	ENSELUG00000000313	cas1	8	78367821	78488705
110530703	ENSELUG00000008541	cas1	8	78626521	78634078
110530705	ENSELUG00000008634	cas1	8	78811836	78816910
110530706	ENSELUG00000008700	cas1	8	78830685	78861909
110530707	ENSELUG00000008730	cas1	8	78894591	78902977
110530716	ENSELUG00000010136	cas6	8	79066751	79093256
110530723	ENSELUG00000010339	cas1	8	79508381	79523706
110530724	ENSELUG00000023085	cas1	1	83386997	83409300
110530725	ENSELUG00000010370	cas1	8	79529692	79542945
110530727	ENSELUG00000010390	cas1	8	79587340	79596019
110530734	ENSELUG00000011040	cas1	8	80033624	80036953
110530738	ENSELUG00000011178	cas1	8	80328531	80339721
110530741	ENSELUG00000022926	cas1	1	83452248	83484011
110530748	ENSELUG00000011381	cas1	8	80506911	80525274
110530750	ENSELUG00000001261	cas1	8	80760515	80762724
110530751	ENSELUG00000011545	cas3	8	80771262	80873508
110530753	ENSELUG00000011833	cas1	8	81076665	81189157
110530757	ENSELUG00000012004	cas1	8	81621134	81632686
110530762	ENSELUG00000011987	cas1	8	81618193	81620701
110530763	ENSELUG00000022913	cas1	1	83511117	83667671
110530765	ENSELUG00000012164	cas1	8	81711167	81743458
110530767	ENSELUG00000012276	cas1	8	81783282	81802285
110530773	ENSELUG00000012967	cas1	8	82525950	82535140
110530777	ENSELUG00000013131	cas1	8	82571210	82613922
110530779	ENSELUG00000000497	cas1	8	82705603	82716285
110530781	ENSELUG00000013526	cas1	8	82728482	82758005
110530782	ENSELUG00000013597	cas1	8	82761989	82814035
110530787	ENSELUG00000013872	cas1	8	83223276	83228475
110530802	ENSELUG00000000421	cas1	8	80966233	80969248
110530803	ENSELUG00000011670	cas1	8	80938422	80965389
110530807	ENSELUG00000014446	cas1	8	83728069	83734239
110530810	ENSELUG00000014572	cas1	8	83814667	83842323
110530825	ENSELUG00000006129	cas2	8	85778394	85785672
110530828	ENSELUG00000016252	cas2	8	85663079	85681039
110530829	ENSELUG00000016241	cas2	8	85658600	85663057
110530831	ENSELUG00000016220	cas4	8	85532159	85638054
110530833	ENSELUG00000016129	cas4	8	85464402	85505892
110530834	ENSELUG00000016057	cas3	8	85418264	85462122
110530836	ENSELUG00000015983	cas1	8	85332365	85350362
110530846	ENSELUG00000021338	cas2	9	585248	588714
110530848	ENSELUG00000022084	cas1	32	41019472	41048657
110530856	ENSELUG00000006963	cas1	8	88017220	88059703
110530863	ENSELUG00000012606	cas4	8	90677241	90694420
110530871	ENSELUG00000007887	cas3	8	88991233	89060503
110530873	ENSELUG00000006835	cas1	8	87891226	87934005
110530874	ENSELUG00000007665	cas2	21	62456592	62465429
110530876	ENSELUG00000022633	cas1	1	83852566	83889994
110530885	ENSELUG00000007523	cas3	8	88864561	88883016
110530886	ENSELUG00000022693	cas1	1	83840756	83851899
110530895	ENSELUG00000000429	cas5	8	89790910	89837790
110530900	ENSELUG00000022430	cas1	1	83951057	83956958
110530902	ENSELUG00000008792	cas2	8	90952992	90972453
110530904	ENSELUG00000011324	cas2	8	91290700	91321429
110530906	ENSELUG00000013592	cas1	8	36758207	36767971
110530908	ENSELUG00000000557	cas1	8	37474229	37626960
110530916	ENSELUG00000016283	cas1	8	39070465	39235478
110530925	ENSELUG00000005237	cas1	8	50015178	50038484
110530927	ENSELUG00000022377	cas1	1	84031554	84048130
110530933	ENSELUG00000022507	cas3	8	52328150	52343803
110530934	ENSELUG00000020117	cas1	8	53818706	53880785
110530936	ENSELUG00000004360	cas1	1	15976376	15990475
110530945	ENSELUG00000001762	cas1	8	56669907	56763302
110530947	ENSELUG00000022252	cas1	1	84097627	84110671
110530949	ENSELUG00000007240	cas1	8	59111123	59146231
110530951	ENSELUG00000009644	cas6	8	61161483	61184967
110530962	ENSELUG00000011983	cas1	8	63771683	63777609
110530963	ENSELUG00000015087	cas1	8	66131102	66199626
110530965	ENSELUG00000022335	cas1	1	84082990	84097350
110530968	ENSELUG00000017474	cas1	8	67055158	67176168
110530970	ENSELUG00000018779	cas1	8	69183167	69232994
110530975	ENSELUG00000022562	cas1	8	71855465	71884542
110530977	ENSELUG00000024112	cas1	8	73015601	73104694
110530981	ENSELUG00000024620	cas1	8	73592840	73615791
110530983	ENSELUG00000003221	cas1	8	73811879	73833288
110530990	ENSELUG00000006538	cas1	8	76944429	76979843
110530993	ENSELUG00000000286	cas1	8	77863590	77884391
110530996	ENSELUG00000000310	cas1	8	78335901	78361471
110530999	ENSELUG00000008591	cas1	8	78709170	78807402
110531006	ENSELUG00000000381	cas1	8	79759338	79851151
110531008	ENSELUG00000010905	cas1	8	79982988	79997092
110531010	ENSELUG00000011451	cas1	8	80531597	80615963
110531011	ENSELUG00000011887	cas1	8	81202427	81333398
110531014	ENSELUG00000012136	cas1	8	81666646	81692412
110531015	ENSELUG00000012509	cas1	8	81946192	82034520
110531018	ENSELUG00000012894	cas2	8	82362119	82384858
110531029	ENSELUG00000014752	cas5	8	84966226	84970196
110531033	ENSELUG00000022213	cas1	1	84157529	84256949
110531056	ENSELUG00000012520	cas2	8	90591990	90652705
110531058	ENSELUG00000022538	cas1	32	40678082	40723700
110531059	ENSELUG00000011797	cas6	8	89853466	89854375
110531081	ENSELUG00000024380	cas1	8	23847189	23872593
110531082	ENSELUG00000005550	cas1	8	26120465	26122280
110531152	ENSELUG00000022076	cas1	1	84571863	84582823
110531160	ENSELUG00000018054	cas1	9	36941509	36953375
110531165	ENSELUG00000015831	cas1	9	39111355	39237408
110531166	ENSELUG00000015287	cas1	9	39415850	39444499
110531170	ENSELUG00000013121	cas1	9	40183970	40204192
110531174	ENSELUG00000022008	cas1	1	84613971	84650807
110531175	ENSELUG00000012089	cas1	9	40593513	40659439
110531183	ENSELUG00000006079	cas2	9	43591505	43647450
110531194	ENSELUG00000010627	cas1	9	48831069	48935332
110531201	ENSELUG00000015853	cas1	9	52681511	52684202
110531204	ENSELUG00000017503	cas1	9	54247726	54294920
110531206	ENSELUG00000017821	cas1	9	54518209	54797805
110531207	ENSELUG00000018039	cas1	9	54935460	55003862
110531212	ENSELUG00000019340	cas1	9	56246710	56463547
110531213	ENSELUG00000019659	cas1	9	56814445	56815434
110531214	ENSELUG00000000874	cas2	9	56948804	56950054
110531225	ENSELUG00000021837	cas1	1	84859937	84891485
110531227	ENSELUG00000003490	cas1	9	59953127	59969086
110531228	ENSELUG00000003964	cas1	9	60288691	60303422
110531229	ENSELUG00000004058	cas1	9	60636523	61072400
110531230	ENSELUG00000004372	cas1	9	61368257	61395923
110531234	ENSELUG00000013744	cas2	1	86235239	86287517
110531239	ENSELUG00000008435	cas1	9	65640625	65646547
110531240	ENSELUG00000009176	cas1	9	66228457	66430917
110531246	ENSELUG00000010417	cas1	9	67327762	67455661
110531250	ENSELUG00000011299	cas1	9	68194344	68207179
110531254	ENSELUG00000011866	cas1	9	68468891	68546684
110531255	ENSELUG00000012148	cas1	9	68626020	68641602
110531258	ENSELUG00000012582	cas1	9	68917184	68993072
110531260	ENSELUG00000013068	cas1	9	69643342	69745286
110531262	ENSELUG00000014236	cas1	9	70881668	71091917
110531264	ENSELUG00000013803	cas1	9	70554407	70613227
110531265	ENSELUG00000013532	cas2	9	70427951	70479312
110531270	ENSELUG00000016171	cas2	9	71703769	71764626
110531276	ENSELUG00000000704	cas3	9	73382836	73413824
110531280	ENSELUG00000017213	cas4	9	73070694	73232041
110531282	ENSELUG00000000737	cas5	9	73894981	74056126
110531288	ENSELUG00000018384	cas5	9	75351264	75450987
110531290	ENSELUG00000019126	cas1	9	76583026	76628296
110531323	ENSELUG00000007102	cas2	9	3518711	3562700
110531333	ENSELUG00000007665	cas2	9	2965467	2975380
110531337	ENSELUG00000017591	cas3	23	2932569	2963524
110531341	ENSELUG00000007661	cas5	9	2986811	3004194
110531342	ENSELUG00000007363	cas4	9	3408587	3465423
110531356	ENSELUG00000007835	cas2	9	5982772	6024749
110531358	ENSELUG00000000343	cas1	9	7228661	7248086
110531362	ENSELUG00000009184	cas1	9	7360909	7379032
110531368	ENSELUG00000012062	cas2	1	85012902	85159914
110531371	ENSELUG00000001765	cas3	9	8254795	8266598
110531385	ENSELUG00000014634	cas2	23	4007081	4038275
110531391	ENSELUG00000011606	cas2	9	8489987	8533713
110531395	ENSELUG00000013335	cas1	1	16181514	16295527
110531396	ENSELUG00000001769	cas4	9	6316034	6321158
110531406	ENSELUG00000011988	cas2	9	6525266	6530661
110531409	ENSELUG00000011447	cas2	9	8566556	8580576
110531412	ENSELUG00000012484	cas1	9	9104234	9107459
110531417	ENSELUG00000012169	cas1	9	9294764	9348258
110531420	ENSELUG00000013768	cas1	9	10367414	10375853
110531422	ENSELUG00000013002	cas1	9	10791193	10885360
110531425	ENSELUG00000014028	cas1	9	10140623	10213285
110531426	ENSELUG00000014415	cas1	9	10035349	10116361
110531427	ENSELUG00000013283	cas1	9	10671988	10695563
110531429	ENSELUG00000014480	cas1	9	9983492	9988450
110531432	ENSELUG00000013206	cas1	9	10695865	10701148
110531433	ENSELUG00000013985	cas1	9	10241225	10247265
110531434	ENSELUG00000012804	cas1	9	11116759	11125524
110531436	ENSELUG00000013935	cas1	9	10262293	10273980
110531441	ENSELUG00000010968	cas1	9	11478157	11493326
110531442	ENSELUG00000011085	cas1	9	11419722	11474854
110531444	ENSELUG00000010826	cas1	9	11495542	11535439
110531445	ENSELUG00000010783	cas1	9	11545088	11551356
110531448	ENSELUG00000010507	cas1	9	11682494	11697329
110531449	ENSELUG00000010757	cas1	9	11559998	11654454
110531451	ENSELUG00000010478	cas1	9	11701997	11711985
110531456	ENSELUG00000010352	cas1	9	12108564	12117887
110531457	ENSELUG00000010241	cas1	9	12263395	12282967
110531458	ENSELUG00000010192	cas1	9	12246389	12262264
110531459	ENSELUG00000010308	cas1	9	12147494	12153015
110531460	ENSELUG00000010366	cas1	9	11987658	12032241
110531465	ENSELUG00000010337	cas1	9	12126227	12144786
110531466	ENSELUG00000010121	cas1	9	12194769	12197756
110531469	ENSELUG00000010289	cas7	9	12317006	12403096
110531475	ENSELUG00000010042	cas1	9	12436340	12441768
110531477	ENSELUG00000010019	cas1	9	12484761	12507741
110531481	ENSELUG00000000360	cas1	9	12552125	12562614
110531484	ENSELUG00000009732	cas1	9	12595885	12635228
110531487	ENSELUG00000014497	cas5	1	88178952	88202158
110531495	ENSELUG00000001159	cas1	9	12984096	13006280
110531496	ENSELUG00000008882	cas6	9	13071396	13086133
110531498	ENSELUG00000008653	cas1	9	13167846	13177469
110531511	ENSELUG00000004755	cas1	1	8877591	8915400
110531513	ENSELUG00000008630	cas1	9	13179911	13199101
110531518	ENSELUG00000008517	cas1	9	13488039	13535479
110531542	ENSELUG00000007753	cas1	9	14154349	14191312
110531544	ENSELUG00000007714	cas1	9	14213446	14223844
110531547	ENSELUG00000013318	cas2	1	89797912	89803793
110531557	ENSELUG00000013318	cas2	23	7974919	7979808
110531561	ENSELUG00000006489	cas1	9	14449856	14458737
110531568	ENSELUG00000004716	cas1	9	15379329	15436702
110531576	ENSELUG00000013422	cas3	23	7999800	8023021
110531578	ENSELUG00000004843	cas1	1	8917868	9098569
110531579	ENSELUG00000014374	cas2	1	91090411	91119379
110531584	ENSELUG00000005873	cas1	9	14687934	14692367
110531585	ENSELUG00000005586	cas1	9	14633925	14646754
110531587	ENSELUG00000004690	cas1	9	15438506	15454319
110531592	ENSELUG00000004600	cas1	9	15553474	15569492
110531593	ENSELUG00000004577	cas1	9	15569635	15578714
110531594	ENSELUG00000004568	cas1	9	15595134	15599951
110531596	ENSELUG00000004494	cas1	9	15611575	15660094
110531598	ENSELUG00000004556	cas1	9	15605030	15608653
110531599	ENSELUG00000004442	cas1	9	15666490	15678852
110531602	ENSELUG00000004413	cas1	9	15692085	15697823
110531605	ENSELUG00000014334	cas4	1	88054545	88065123
110531612	ENSELUG00000004200	cas1	9	16095962	16117909
110531615	ENSELUG00000004140	cas1	9	16220150	16230807
110531616	ENSELUG00000001488	cas1	9	16263464	16289868
110531618	ENSELUG00000014318	cas5	1	88029528	88053890
110531620	ENSELUG00000003932	cas1	9	16454905	16473400
110531621	ENSELUG00000003851	cas1	9	16582409	16588385
110531622	ENSELUG00000003817	cas1	9	16589215	16593605
110531623	ENSELUG00000003747	cas1	9	16777534	16821342
110531624	ENSELUG00000003713	cas1	9	16828786	16839453
110531626	ENSELUG00000003724	cas1	9	16827133	16828583
110531628	ENSELUG00000003680	cas1	9	16886528	16891710
110531629	ENSELUG00000003587	cas1	9	16914070	16925975
110531630	ENSELUG00000003657	cas1	9	16892343	16907677
110531631	ENSELUG00000003633	cas1	9	16908838	16913948
110531632	ENSELUG00000012991	cas2	1	86736884	86756777
110531633	ENSELUG00000003511	cas1	9	16926212	16953583
110531634	ENSELUG00000003415	cas1	9	16953773	16966223
110531636	ENSELUG00000003376	cas1	9	16982710	17003093
110531637	ENSELUG00000003357	cas1	9	17006102	17014685
110531639	ENSELUG00000012991	cas2	23	62019428	62062283
110531642	ENSELUG00000024582	cas1	9	17306290	17317711
110531645	ENSELUG00000024492	cas1	9	17330334	17339133
110531648	ENSELUG00000024378	cas1	9	17390090	17397228
110531650	ENSELUG00000024041	cas1	9	18006633	18129483
110531656	ENSELUG00000023947	cas1	9	18187738	18190442
110531664	ENSELUG00000023178	cas1	9	18656177	18673318
110531665	ENSELUG00000023166	cas1	9	18718365	18833482
110531666	ENSELUG00000023089	cas1	9	18938595	18950268
110531673	ENSELUG00000023025	cas1	9	19010092	19017404
110531674	ENSELUG00000022162	cas1	9	19084032	19085999
110531692	ENSELUG00000020129	cas1	9	19771166	19806842
110531694	ENSELUG00000020062	cas1	9	19817663	19824539
110531697	ENSELUG00000020001	cas1	9	19876221	19914138
110531701	ENSELUG00000014141	cas2	23	8959567	8982682
110531710	ENSELUG00000014141	cas2	1	90870561	90896084
110531717	ENSELUG00000019029	cas1	9	20302051	20324316
110531728	ENSELUG00000018686	cas5	9	20550368	20555011
110531733	ENSELUG00000017678	cas1	9	21292701	21355731
110531734	ENSELUG00000000688	cas1	9	21405929	21414442
110531735	ENSELUG00000017554	cas1	9	21415207	21428695
110531744	ENSELUG00000017340	cas1	9	22562977	22627895
110531745	ENSELUG00000017272	cas1	9	22653113	22662757
110531747	ENSELUG00000017252	cas1	9	22728099	22756998
110531752	ENSELUG00000017200	cas2	9	22767730	23033993
110531754	ENSELUG00000000643	cas1	9	23043967	23095376
110531755	ENSELUG00000017046	cas6	9	23105173	23111380
110531758	ENSELUG00000016931	cas6	9	23702069	23727126
110531764	ENSELUG00000013840	cas5	1	86141873	86152727
110531767	ENSELUG00000016268	cas1	9	23995226	24013837
110531769	ENSELUG00000016190	cas1	9	24020010	24023690
110531775	ENSELUG00000015934	cas1	9	24207141	24208980
110531776	ENSELUG00000015919	cas1	9	24224829	24228209
110531778	ENSELUG00000015889	cas1	9	24270114	24367630
110531782	ENSELUG00000015696	cas1	9	24491320	24585820
110531784	ENSELUG00000015599	cas1	9	24593366	24601145
110531788	ENSELUG00000015175	cas1	9	24872772	24952098
110531793	ENSELUG00000015450	cas1	9	24720025	24726878
110531794	ENSELUG00000015141	cas1	9	24952826	24971460
110531795	ENSELUG00000015281	cas1	9	24825299	24845982
110531799	ENSELUG00000013490	cas3	23	8081754	8089912
110531801	ENSELUG00000015341	cas1	9	24783891	24792192
110531805	ENSELUG00000013463	cas3	1	89847626	89873986
110531807	ENSELUG00000014960	cas1	9	25194781	25197585
110531808	ENSELUG00000014924	cas1	9	25244197	25262199
110531809	ENSELUG00000014849	cas1	9	25262765	25267286
110531810	ENSELUG00000014827	cas1	9	25294038	25309252
110531811	ENSELUG00000014789	cas1	9	25323999	25339758
110531813	ENSELUG00000014729	cas1	9	25368192	25377186
110531817	ENSELUG00000014654	cas1	9	25399509	25410386
110531818	ENSELUG00000014596	cas1	9	25411771	25418108
110531819	ENSELUG00000014519	cas1	9	25426398	25433817
110531821	ENSELUG00000014210	cas2	23	8998440	9035634
110531822	ENSELUG00000000529	cas1	9	25451118	25484221
110531823	ENSELUG00000014487	cas1	9	25446153	25451114
110531824	ENSELUG00000014436	cas1	9	25508544	25523517
110531826	ENSELUG00000014343	cas1	9	25554016	25564891
110531827	ENSELUG00000014302	cas1	9	25570616	25582248
110531828	ENSELUG00000014284	cas1	9	25586530	25603298
110531831	ENSELUG00000014061	cas1	9	25680279	25712960
110531833	ENSELUG00000013965	cas1	9	25712971	25742721
110531835	ENSELUG00000014153	cas4	23	8986646	8995060
110531838	ENSELUG00000013878	cas1	9	25786096	25791195
110531839	ENSELUG00000013820	cas1	9	25792766	25832287
110531842	ENSELUG00000000505	cas1	9	27116955	27196041
110531843	ENSELUG00000013376	cas1	9	27222066	27234759
110531849	ENSELUG00000013205	cas1	9	27296476	27305400
110531850	ENSELUG00000013174	cas1	9	27305847	27327406
110531851	ENSELUG00000013101	cas1	9	27327518	27336080
110531853	ENSELUG00000014153	cas4	1	90903245	90911857
110531856	ENSELUG00000000475	cas1	9	27401836	27406685
110531857	ENSELUG00000012928	cas1	9	27407301	27438764
110531858	ENSELUG00000012856	cas1	9	27439042	27471435
110531864	ENSELUG00000012394	cas1	9	27601045	27623830
110531865	ENSELUG00000012352	cas1	9	27633636	27647365
110531868	ENSELUG00000012156	cas1	9	27894036	27896838
110531871	ENSELUG00000011975	cas1	9	28294175	28310607
110531873	ENSELUG00000011916	cas1	9	28342139	28432006
110531875	ENSELUG00000011763	cas1	9	28436541	28443621
110531876	ENSELUG00000011712	cas1	9	28448262	28548376
110531878	ENSELUG00000011506	cas1	9	28553769	28663634
110531879	ENSELUG00000011332	cas1	9	28667239	28993223
110531882	ENSELUG00000011256	cas1	9	29036455	29039588
110531884	ENSELUG00000011174	cas1	9	29140350	29174588
110531885	ENSELUG00000011029	cas1	9	29248127	29340353
110531887	ENSELUG00000001082	cas1	9	29344381	29353599
110531889	ENSELUG00000010866	cas1	9	29383092	29473789
110531890	ENSELUG00000016271	cas2	1	749441	771316
110531893	ENSELUG00000010262	cas5	21	11214204	11235532
110531894	ENSELUG00000010393	cas5	15	72416050	72481441
110531911	ENSELUG00000010393	cas5	21	11140170	11207072
110531918	ENSELUG00000010553	cas1	9	32002866	32027214
110531919	ENSELUG00000010161	cas1	9	32093194	32102718
110531922	ENSELUG00000010141	cas3	9	32111792	32114299
110531923	ENSELUG00000001246	cas1	9	32178279	32201170
110531928	ENSELUG00000010851	cas1	9	32494490	32498602
110531936	ENSELUG00000004426	cas1	9	36335384	36369350
110531941	ENSELUG00000023867	cas4	9	36249344	36262924
110531942	ENSELUG00000010436	cas1	9	33283869	33318989
110531946	ENSELUG00000001872	cas1	9	33779448	33801499
110531947	ENSELUG00000001870	cas1	9	33863184	33925784
110531948	ENSELUG00000001865	cas1	9	33940435	33999008
110531953	ENSELUG00000001837	cas1	9	34133570	34163176
110531955	ENSELUG00000001812	cas1	9	34344355	34349297
110531962	ENSELUG00000024611	cas1	9	34729334	34802834
110531964	ENSELUG00000024293	cas1	9	35215871	35360678
110531965	ENSELUG00000024192	cas1	9	35364052	35372459
110531968	ENSELUG00000024008	cas1	9	35421565	35469496
110531969	ENSELUG00000023595	cas1	9	35487368	35496138
110531971	ENSELUG00000023696	cas1	9	35544777	35551977
110531972	ENSELUG00000023499	cas1	9	35666422	35744420
110531975	ENSELUG00000018483	cas1	9	35885933	35893410
110531977	ENSELUG00000000786	cas1	9	35896429	35904384
110531979	ENSELUG00000018372	cas1	9	35948544	35979307
110531980	ENSELUG00000000751	cas1	9	36681295	36689171
110531981	ENSELUG00000018160	cas1	9	36721987	36820593
110531982	ENSELUG00000018122	cas1	9	36827882	36907700
110531987	ENSELUG00000018032	cas1	9	36961315	36970867
110531988	ENSELUG00000018004	cas1	9	37034299	37081769
110531990	ENSELUG00000017810	cas2	9	37179890	37360016
110531992	ENSELUG00000000698	cas1	9	37365677	37372883
110531996	ENSELUG00000016963	cas1	9	37441559	37476549
110531997	ENSELUG00000016892	cas1	9	37510543	37516918
110531998	ENSELUG00000016865	cas1	9	37567212	37581804
110532000	ENSELUG00000016782	cas1	9	37605201	37610174
110532001	ENSELUG00000016725	cas1	9	37628778	37634142
110532006	ENSELUG00000016466	cas1	9	37863680	37905930
110532009	ENSELUG00000016348	cas1	9	37977424	37979829
110532011	ENSELUG00000016276	cas1	9	38021681	38033223
110532012	ENSELUG00000016254	cas1	9	38052715	38440830
110532013	ENSELUG00000016066	cas1	9	38886624	38909718
110532014	ENSELUG00000016123	cas1	9	38868269	38884647
110532015	ENSELUG00000016142	cas1	9	38839265	38841685
110532019	ENSELUG00000015880	cas1	9	39064150	39072385
110532021	ENSELUG00000015746	cas1	9	39258488	39261833
110532023	ENSELUG00000015700	cas1	9	39272822	39315559
110532024	ENSELUG00000015624	cas1	9	39325986	39334154
110532025	ENSELUG00000015528	cas2	9	39337906	39354045
110532026	ENSELUG00000015397	cas1	9	39375368	39383225
110532031	ENSELUG00000015205	cas1	9	39465931	39513879
110532034	ENSELUG00000015002	cas1	9	39531459	39542666
110532036	ENSELUG00000014932	cas1	9	39545911	39556753
110532037	ENSELUG00000014906	cas1	9	39559947	39634862
110532040	ENSELUG00000014526	cas1	9	39717018	39724613
110532041	ENSELUG00000014868	cas1	9	39639241	39640889
110532044	ENSELUG00000014427	cas1	9	39747342	39773871
110532048	ENSELUG00000014135	cas1	9	39849751	39855939
110532053	ENSELUG00000013787	cas1	9	39952412	39959954
110532054	ENSELUG00000013735	cas1	9	39961471	39962986
110532056	ENSELUG00000013623	cas1	9	40051016	40055551
110532057	ENSELUG00000013604	cas1	9	40056808	40063855
110532058	ENSELUG00000013556	cas1	9	40086011	40090648
110532061	ENSELUG00000013312	cas1	9	40098734	40109207
110532062	ENSELUG00000013506	cas1	9	40094682	40098605
110532064	ENSELUG00000013281	cas1	9	40120481	40135587
110532066	ENSELUG00000013077	cas1	9	40207024	40219392
110532071	ENSELUG00000020049	cas1	1	20988056	21005209
110532072	ENSELUG00000012160	cas1	9	40504652	40574256
110532076	ENSELUG00000011834	cas1	9	40774165	40817548
110532078	ENSELUG00000011798	cas1	9	40844067	40866839
110532085	ENSELUG00000011592	cas1	9	41013379	41024793
110532087	ENSELUG00000011456	cas2	9	41041299	41053107
110532089	ENSELUG00000011405	cas3	9	41081452	41087171
110532104	ENSELUG00000002917	cas1	9	41693922	41756792
110532139	ENSELUG00000016229	cas1	1	27816479	27830578
110532152	ENSELUG00000006545	cas2	9	43131367	43198954
110532154	ENSELUG00000006527	cas6	9	43233130	43241220
110532156	ENSELUG00000017147	cas1	1	28535157	28661453
110532161	ENSELUG00000006155	cas6	9	43508978	43579823
110532162	ENSELUG00000005707	cas1	9	43676739	43696699
110532164	ENSELUG00000005631	cas2	9	43704023	43751545
110532172	ENSELUG00000005391	cas3	9	44151220	44166988
110532173	ENSELUG00000005154	cas2	9	44178463	44193341
110532185	ENSELUG00000003742	cas4	9	45180405	45191840
110532189	ENSELUG00000003497	cas1	9	45303366	45311274
110532191	ENSELUG00000003479	cas1	9	45406122	45424517
110532193	ENSELUG00000003458	cas1	9	45462628	45484801
110532194	ENSELUG00000003416	cas1	9	45497891	45513979
110532196	ENSELUG00000003334	cas1	9	45546593	45580976
110532197	ENSELUG00000003384	cas1	9	45518042	45541267
110532206	ENSELUG00000007559	cas4	9	45771365	45775008
110532207	ENSELUG00000007576	cas1	9	45793209	45805864
110532211	ENSELUG00000007594	cas1	9	46158949	46185603
110532215	ENSELUG00000007874	cas1	9	46258035	46263834
110532220	ENSELUG00000008219	cas1	9	46361013	46371475
110532223	ENSELUG00000008264	cas1	9	46393101	46525481
110532228	ENSELUG00000008405	cas1	9	46657987	46712041
110532232	ENSELUG00000008473	cas1	9	46856523	46956481
110532234	ENSELUG00000008668	cas1	9	47114170	47145785
110532245	ENSELUG00000009279	cas1	9	47744022	47765921
110532247	ENSELUG00000009306	cas1	9	47804705	47813223
110532248	ENSELUG00000009414	cas1	9	47986339	48023190
110532250	ENSELUG00000009486	cas1	9	48224647	48259337
110532251	ENSELUG00000009535	cas1	9	48263681	48276634
110532253	ENSELUG00000009866	cas1	9	48291412	48300323
110532254	ENSELUG00000022782	cas1	1	35286541	35287452
110532255	ENSELUG00000009881	cas1	9	48342605	48362195
110532256	ENSELUG00000010095	cas1	9	48404006	48428436
110532261	ENSELUG00000010175	cas1	9	48469219	48506892
110532266	ENSELUG00000010334	cas1	9	48585633	48588561
110532270	ENSELUG00000010529	cas1	9	48699212	48747524
110532271	ENSELUG00000010595	cas1	9	48747659	48782739
110532274	ENSELUG00000010641	cas1	9	48948875	48959112
110532290	ENSELUG00000007285	cas5	1	3825233	3847645
110532296	ENSELUG00000011755	cas3	9	49755020	49771887
110532298	ENSELUG00000020066	cas1	1	41658854	41668637
110532307	ENSELUG00000019804	cas1	1	41813183	41874983
110532311	ENSELUG00000012625	cas2	9	50445552	50557497
110532318	ENSELUG00000012908	cas4	9	51106327	51107746
110532319	ENSELUG00000019402	cas1	1	42351364	42461424
110532326	ENSELUG00000019334	cas1	1	42461938	42564726
110532332	ENSELUG00000013697	cas5	9	51921146	51924442
110532333	ENSELUG00000013896	cas4	9	52017943	52050543
110532343	ENSELUG00000014626	cas1	1	44961201	45062434
110532351	ENSELUG00000015207	cas1	9	52372062	52406309
110532379	ENSELUG00000016519	cas1	9	53043077	53121864
110532395	ENSELUG00000017544	cas1	9	54295022	54306173
110532400	ENSELUG00000017921	cas2	9	54926728	54934570
110532402	ENSELUG00000018144	cas1	9	55034944	55114740
110532403	ENSELUG00000018212	cas1	9	55155377	55184333
110532404	ENSELUG00000018349	cas1	9	55192353	55207365
110532405	ENSELUG00000018438	cas1	9	55210274	55217419
110532406	ENSELUG00000018452	cas1	9	55217606	55224372
110532408	ENSELUG00000018466	cas1	9	55328112	55372587
110532409	ENSELUG00000018477	cas1	9	55375175	55410299
110532411	ENSELUG00000018569	cas1	9	55440525	55466763
110532412	ENSELUG00000018599	cas1	9	55531033	55647541
110532413	ENSELUG00000018645	cas1	9	55648769	55683707
110532415	ENSELUG00000018702	cas1	9	55685254	55691748
110532416	ENSELUG00000018752	cas1	9	55703585	55827053
110532417	ENSELUG00000018775	cas1	9	55833535	55844058
110532418	ENSELUG00000019055	cas1	9	55957961	55959870
110532421	ENSELUG00000019159	cas1	9	56028537	56035153
110532422	ENSELUG00000019245	cas1	9	56052180	56099860
110532424	ENSELUG00000019175	cas1	9	56042832	56051988
110532425	ENSELUG00000019268	cas1	9	56112212	56118764
110532429	ENSELUG00000019318	cas1	9	56133124	56143405
110532435	ENSELUG00000019546	cas1	9	56645780	56652084
110532436	ENSELUG00000019591	cas2	9	56708553	56809173
110532438	ENSELUG00000019637	cas1	9	56809991	56812100
110532440	ENSELUG00000019694	cas1	9	56819882	56827075
110532442	ENSELUG00000019727	cas1	9	56830744	56839626
110532443	ENSELUG00000019860	cas1	9	56872904	56907222
110532445	ENSELUG00000019897	cas1	9	56914582	56946999
110532448	ENSELUG00000020069	cas1	9	56997307	57051295
110532450	ENSELUG00000020244	cas1	9	57120186	57136910
110532461	ENSELUG00000020680	cas1	9	57329424	57341210
110532470	ENSELUG00000021417	cas1	9	58286445	58290128
110532474	ENSELUG00000021483	cas1	9	58321601	58331563
110532480	ENSELUG00000021619	cas1	9	58392415	58398298
110532493	ENSELUG00000022364	cas1	9	58728598	58741270
110532495	ENSELUG00000022447	cas1	9	58763665	58814538
110532497	ENSELUG00000022452	cas1	9	58817004	58823053
110532498	ENSELUG00000022528	cas1	9	58856608	58863008
110532501	ENSELUG00000022601	cas1	9	58879549	58906297
110532502	ENSELUG00000022623	cas1	9	58928019	58937708
110532504	ENSELUG00000022706	cas1	9	58949965	58964280
110532505	ENSELUG00000022723	cas1	9	58965626	58973628
110532506	ENSELUG00000022768	cas1	9	58975469	58982674
110532508	ENSELUG00000022832	cas1	9	59006420	59013178
110532509	ENSELUG00000010353	cas1	1	60525419	60538921
110532511	ENSELUG00000022877	cas1	9	59018838	59024572
110532515	ENSELUG00000023198	cas1	9	59109495	59126975
110532518	ENSELUG00000023259	cas1	9	59168468	59178707
110532520	ENSELUG00000023408	cas1	9	59191113	59206965
110532521	ENSELUG00000023424	cas1	9	59208561	59222044
110532523	ENSELUG00000023562	cas1	9	59232222	59250725
110532527	ENSELUG00000000996	cas1	9	59303271	59316143
110532529	ENSELUG00000023767	cas1	9	59323575	59336156
110532530	ENSELUG00000001003	cas1	9	59374974	59382409
110532535	ENSELUG00000024045	cas1	9	59506303	59520371
110532536	ENSELUG00000019438	cas1	1	62954227	62974864
110532538	ENSELUG00000024091	cas1	9	59553907	59558082
110532539	ENSELUG00000024250	cas1	9	59567724	59581389
110532542	ENSELUG00000003149	cas1	9	59700071	59703279
110532545	ENSELUG00000003182	cas1	9	59714328	59734425
110532548	ENSELUG00000003265	cas1	9	59772699	59779743
110532549	ENSELUG00000003291	cas1	9	59808489	59823560
110532550	ENSELUG00000003323	cas1	9	59833582	59876513
110532551	ENSELUG00000003355	cas1	9	59878159	59889495
110532554	ENSELUG00000003403	cas1	9	59902321	59923039
110532555	ENSELUG00000003436	cas1	9	59923662	59926586
110532558	ENSELUG00000003553	cas1	9	60000738	60008497
110532560	ENSELUG00000003605	cas1	9	60038922	60047455
110532562	ENSELUG00000003574	cas1	9	60025979	60030510
110532564	ENSELUG00000003719	cas1	9	60079288	60088002
110532568	ENSELUG00000003933	cas1	9	60281781	60286078
110532569	ENSELUG00000004096	cas1	9	61103767	61156703
110532582	ENSELUG00000004625	cas6	9	61949549	61954543
110532588	ENSELUG00000004740	cas1	9	62173452	62186259
110532589	ENSELUG00000004815	cas1	9	62196903	62206569
110532592	ENSELUG00000018351	cas1	1	67872959	67899973
110532593	ENSELUG00000004943	cas1	9	62225784	62323683
110532595	ENSELUG00000005177	cas1	9	62347980	62355599
110532598	ENSELUG00000005251	cas1	9	62467050	62517414
110532599	ENSELUG00000005286	cas1	9	62579179	62606419
110532600	ENSELUG00000005317	cas1	9	62607951	62614891
110532604	ENSELUG00000005382	cas1	9	62639800	62756902
110532606	ENSELUG00000005436	cas1	9	62804198	62806118
110532609	ENSELUG00000005527	cas1	9	62897713	62904419
110532612	ENSELUG00000005599	cas1	9	63033474	63045519
110532614	ENSELUG00000005665	cas1	9	63359582	63363557
110532617	ENSELUG00000005760	cas1	9	63411204	63453087
110532618	ENSELUG00000005843	cas1	9	63460963	63513676
110532619	ENSELUG00000005868	cas1	9	63565587	63601970
110532623	ENSELUG00000006139	cas1	9	63708644	63709691
110532624	ENSELUG00000006198	cas1	9	63719206	63724971
110532625	ENSELUG00000006170	cas1	9	63710544	63716275
110532626	ENSELUG00000006309	cas1	9	63736770	63767705
110532627	ENSELUG00000006386	cas1	9	63767835	63791338
110532630	ENSELUG00000006428	cas1	9	63799545	63810713
110532631	ENSELUG00000006483	cas1	9	63845271	63863413
110532634	ENSELUG00000006558	cas1	9	63913817	63921472
110532635	ENSELUG00000011850	cas1	1	71824393	71872192
110532637	ENSELUG00000006637	cas1	9	63971833	63992008
110532638	ENSELUG00000006611	cas1	9	63967172	63971893
110532639	ENSELUG00000006661	cas1	9	63993156	64022233
110532648	ENSELUG00000006909	cas1	9	64134688	64166582
110532651	ENSELUG00000007038	cas1	9	64217060	64247646
110532652	ENSELUG00000007121	cas1	9	64308634	64312974
110532653	ENSELUG00000008462	cas1	1	72508958	72525721
110532654	ENSELUG00000007107	cas1	9	64280572	64308563
110532656	ENSELUG00000007136	cas1	9	64314077	64317172
110532657	ENSELUG00000007219	cas1	9	64424821	64438713
110532659	ENSELUG00000007301	cas1	9	64466967	64471290
110532661	ENSELUG00000007322	cas1	9	64482555	64490204
110532662	ENSELUG00000007372	cas2	9	64489692	64494639
110532663	ENSELUG00000007406	cas1	9	64494767	64500800
110532667	ENSELUG00000007508	cas1	9	64637597	64734159
110532668	ENSELUG00000007470	cas1	9	64662286	64666305
110532669	ENSELUG00000007497	cas1	9	64716626	64720395
110532670	ENSELUG00000007488	cas1	9	64710256	64713744
110532678	ENSELUG00000007692	cas1	9	65013877	65041263
110532679	ENSELUG00000007715	cas1	9	65052604	65061874
110532681	ENSELUG00000007741	cas1	9	65064473	65073406
110532682	ENSELUG00000007809	cas1	9	65077445	65094145
110532684	ENSELUG00000007892	cas1	9	65096621	65131339
110532685	ENSELUG00000008108	cas1	9	65406913	65498864
110532687	ENSELUG00000008254	cas1	9	65551960	65559680
110532691	ENSELUG00000009074	cas1	9	66110389	66129843
110532692	ENSELUG00000009102	cas1	9	66127916	66147617
110532693	ENSELUG00000005802	cas1	1	76812280	76864222
110532695	ENSELUG00000008965	cas1	9	66044662	66047730
110532696	ENSELUG00000008929	cas1	9	65946190	66041188
110532699	ENSELUG00000008807	cas1	9	65802777	65827900
110532701	ENSELUG00000008739	cas1	9	65754497	65801814
110532702	ENSELUG00000008624	cas1	9	65743168	65751861
110532703	ENSELUG00000008608	cas1	9	65706428	65733828
110532706	ENSELUG00000008415	cas1	9	65630064	65635839
110532708	ENSELUG00000009239	cas1	9	66478086	66481544
110532716	ENSELUG00000009956	cas1	9	67028029	67042094
110532719	ENSELUG00000009981	cas1	9	67045197	67049885
110532720	ENSELUG00000010080	cas1	9	67219928	67254596
110532721	ENSELUG00000010216	cas1	9	67258695	67263475
110532723	ENSELUG00000010323	cas6	9	67278849	67293936
110532724	ENSELUG00000004979	cas1	1	78636284	78959395
110532725	ENSELUG00000010359	cas1	9	67298005	67322378
110532727	ENSELUG00000010473	cas1	9	67543067	67560572
110532728	ENSELUG00000010505	cas1	9	67587799	67603010
110532731	ENSELUG00000010812	cas1	9	67718177	67755115
110532733	ENSELUG00000010904	cas1	9	67795057	67904020
110532740	ENSELUG00000011277	cas1	9	68182566	68193124
110532746	ENSELUG00000011711	cas1	9	68327935	68347188
110532747	ENSELUG00000011766	cas1	9	68421681	68444643
110532749	ENSELUG00000011908	cas1	9	68564136	68581098
110532751	ENSELUG00000012269	cas1	9	68654987	68736579
110532757	ENSELUG00000012684	cas1	9	69005427	69012208
110532780	ENSELUG00000014092	cas1	9	70800184	70829472
110532789	ENSELUG00000013731	cas2	9	70510123	70521031
110532792	ENSELUG00000013445	cas1	9	70371145	70376083
110532800	ENSELUG00000016075	cas1	9	71467717	71550293
110532808	ENSELUG00000016451	cas2	9	72144060	72206183
110532814	ENSELUG00000016616	cas2	9	72328908	72333131
110532817	ENSELUG00000016696	cas1	9	72376299	72380732
110532827	ENSELUG00000017323	cas1	9	73353127	73378131
110532843	ENSELUG00000018637	cas5	9	76127987	76169371
110532844	ENSELUG00000018525	cas2	9	76044060	76068966
110532845	ENSELUG00000021966	cas1	1	84661027	84705974
110532847	ENSELUG00000018579	cas1	9	76104169	76116631
110532852	ENSELUG00000019257	cas2	9	76864306	76895649
110532853	ENSELUG00000019198	cas1	9	76733451	76854410
110532854	ENSELUG00000001459	cas1	9	76678091	76720149
110532863	ENSELUG00000020249	cas2	9	78360205	78387000
110532877	ENSELUG00000020872	cas2	9	78758284	78787443
110532901	ENSELUG00000011660	cas1	9	8474151	8486010
110532908	ENSELUG00000014559	cas1	9	9874061	9954212
110532909	ENSELUG00000013403	cas1	9	10543441	10663118
110532927	ENSELUG00000013942	cas5	1	90482721	90498148
110532930	ENSELUG00000007679	cas2	9	14225785	14231094
110532933	ENSELUG00000005316	cas1	9	14484740	14508334
110532938	ENSELUG00000014374	cas2	23	9179686	9209336
110532940	ENSELUG00000003795	cas1	9	16595063	16751294
110532942	ENSELUG00000024593	cas1	9	17292470	17305629
110532943	ENSELUG00000024374	cas1	9	17402378	17547902
110532970	ENSELUG00000009340	cas5	10	79727061	79782057
110532974	ENSELUG00000016547	cas1	9	23886777	23914624
110532977	ENSELUG00000015071	cas1	9	24971751	25017445
110532979	ENSELUG00000013225	cas1	9	27278684	27292293
110532980	ENSELUG00000012615	cas3	9	27487648	27490438
110532996	ENSELUG00000013954	cas2	1	90530291	90542247
110533002	ENSELUG00000003943	cas1	9	16440652	16444014
110533011	ENSELUG00000001787	cas1	9	34715740	34721316
110533024	ENSELUG00000001111	cas1	9	58601874	58611803
110533028	ENSELUG00000004305	cas6	9	61323558	61330431
110533030	ENSELUG00000004655	cas3	9	61954682	61962117
110533032	ENSELUG00000007532	cas1	9	64768591	64772905
110533101	ENSELUG00000000326	cas1	10	36672367	36682903
110533103	ENSELUG00000001168	cas1	10	36733716	36746690
110533106	ENSELUG00000009608	cas5	10	37289035	37292481
110533116	ENSELUG00000014121	cas2	10	42863215	42866115
110533117	ENSELUG00000016034	cas1	10	44199178	44206845
110533119	ENSELUG00000017855	cas1	10	44878607	44978256
110533124	ENSELUG00000020371	cas1	10	45979756	45986099
110533130	ENSELUG00000023105	cas1	10	47426618	47849279
110533132	ENSELUG00000024029	cas1	10	48121001	48123528
110533133	ENSELUG00000005467	cas1	10	48247145	48255449
110533175	ENSELUG00000020667	cas2	10	61557751	61574173
110533186	ENSELUG00000013036	cas2	10	65522742	65632123
110533207	ENSELUG00000017393	cas3	19	4962696	5004867
110533214	ENSELUG00000018268	cas2	19	454476	497533
110533241	ENSELUG00000005276	cas2	14	43054499	43062453
110533247	ENSELUG00000018680	cas1	10	4088926	4107932
110533251	ENSELUG00000011298	cas2	10	4309807	4363958
110533266	ENSELUG00000007198	cas2	10	5503882	5515392
110533280	ENSELUG00000001125	cas4	10	5904316	5917247
110533281	ENSELUG00000019107	cas1	10	5872303	5876717
110533287	ENSELUG00000019430	cas1	10	6347245	6349456
110533288	ENSELUG00000019440	cas1	10	6361892	6376512
110533296	ENSELUG00000019831	cas1	10	7049633	7051901
110533306	ENSELUG00000020257	cas1	10	7693849	7725035
110533307	ENSELUG00000020217	cas1	10	7684889	7693572
110533310	ENSELUG00000020285	cas1	10	7732937	7783382
110533311	ENSELUG00000022138	cas1	10	10053482	10132012
110533317	ENSELUG00000020765	cas1	10	8302180	8308063
110533320	ENSELUG00000000917	cas1	10	8629301	8635959
110533321	ENSELUG00000021110	cas1	10	8761091	8893969
110533324	ENSELUG00000022212	cas1	10	10146911	10155242
110533325	ENSELUG00000022258	cas1	10	10155757	10184490
110533327	ENSELUG00000022383	cas1	10	10201169	10507915
110533329	ENSELUG00000022544	cas1	10	10742123	10760598
110533331	ENSELUG00000013501	cas4	1	10087300	10096757
110533333	ENSELUG00000022756	cas1	10	10946164	10974596
110533335	ENSELUG00000000976	cas1	10	10983624	10986427
110533336	ENSELUG00000022818	cas1	10	10988789	10993793
110533338	ENSELUG00000022898	cas1	10	11098800	11139648
110533341	ENSELUG00000022939	cas1	10	11155082	11205916
110533342	ENSELUG00000022966	cas1	10	11294107	11299192
110533360	ENSELUG00000024074	cas1	10	12984973	13056679
110533367	ENSELUG00000024377	cas1	10	13741933	13788394
110533373	ENSELUG00000000942	cas6	10	14068413	14077286
110533387	ENSELUG00000021571	cas1	10	9386712	9406546
110533388	ENSELUG00000022026	cas1	10	9786628	9824009
110533389	ENSELUG00000021690	cas1	10	9557541	9560849
110533391	ENSELUG00000021602	cas1	10	9429783	9445753
110533392	ENSELUG00000021723	cas1	10	9660229	9676190
110533395	ENSELUG00000021527	cas1	10	9368061	9381483
110533397	ENSELUG00000021971	cas1	10	9724631	9727404
110533398	ENSELUG00000021587	cas1	10	9406884	9421324
110533399	ENSELUG00000021204	cas3	10	9205655	9210660
110533401	ENSELUG00000021799	cas1	10	9691209	9694551
110533405	ENSELUG00000022001	cas1	10	9774555	9785863
110533406	ENSELUG00000021981	cas1	10	9752443	9754417
110533407	ENSELUG00000021547	cas1	10	9381069	9383305
110533409	ENSELUG00000021397	cas1	10	9223568	9271380
110533435	ENSELUG00000000863	cas4	10	17552984	17623058
110533436	ENSELUG00000019573	cas1	10	17630118	17695513
110533440	ENSELUG00000019215	cas1	10	18621441	18638215
110533494	ENSELUG00000016518	cas6	10	21113793	21131486
110533496	ENSELUG00000013583	cas1	1	10110040	10128248
110533498	ENSELUG00000016758	cas2	10	21224443	21260013
110533516	ENSELUG00000015973	cas1	10	22670517	22685117
110533528	ENSELUG00000015466	cas1	10	23776146	24003247
110533534	ENSELUG00000014571	cas1	10	25673557	25677814
110533536	ENSELUG00000014431	cas1	10	25813631	25834759
110533538	ENSELUG00000014291	cas1	10	25858335	25865920
110533539	ENSELUG00000014264	cas1	10	25866018	25877804
110533544	ENSELUG00000014108	cas1	10	26057493	26062972
110533547	ENSELUG00000014071	cas1	10	26079908	26095515
110533549	ENSELUG00000013953	cas1	10	26133437	26139624
110533552	ENSELUG00000013922	cas1	10	26141654	26151813
110533553	ENSELUG00000013903	cas1	10	26154607	26236914
110533554	ENSELUG00000013832	cas1	10	26264265	26281930
110533558	ENSELUG00000013555	cas1	10	26368145	26423436
110533559	ENSELUG00000013515	cas1	10	26435318	26541970
110533561	ENSELUG00000013494	cas1	10	26603368	26608112
110533563	ENSELUG00000000488	cas1	10	26756455	26764439
110533565	ENSELUG00000013385	cas1	10	26782862	26792664
110533566	ENSELUG00000013265	cas1	10	26859873	26882441
110533567	ENSELUG00000013349	cas1	10	26806114	26847884
110533569	ENSELUG00000013097	cas1	10	26890009	26911668
110533570	ENSELUG00000012996	cas1	10	26989304	27057288
110533571	ENSELUG00000012919	cas1	10	27058163	27081740
110533575	ENSELUG00000012750	cas1	10	27127918	27159525
110533576	ENSELUG00000001222	cas1	10	27159949	27164093
110533577	ENSELUG00000012648	cas1	10	27177610	27268787
110533583	ENSELUG00000012495	cas1	10	27305871	27311822
110533585	ENSELUG00000012356	cas1	10	27409651	27496737
110533587	ENSELUG00000012219	cas1	10	27574627	27578300
110533590	ENSELUG00000012042	cas1	10	27657062	27870154
110533593	ENSELUG00000011753	cas1	10	27991680	28004015
110533595	ENSELUG00000011693	cas1	10	28089899	28117396
110533600	ENSELUG00000011376	cas1	10	28361976	28379362
110533601	ENSELUG00000011329	cas1	10	28379429	28388942
110533603	ENSELUG00000011292	cas1	10	28394195	28412922
110533605	ENSELUG00000011227	cas1	10	28549463	28560015
110533606	ENSELUG00000011207	cas1	10	28579433	28624349
110533609	ENSELUG00000011113	cas1	10	28643569	28648218
110533610	ENSELUG00000011104	cas1	10	28648562	28693892
110533614	ENSELUG00000010910	cas2	10	29506273	29525563
110533615	ENSELUG00000010888	cas1	10	29525965	29530539
110533616	ENSELUG00000010874	cas1	10	29531930	29555369
110533617	ENSELUG00000021702	cas1	10	29683275	29785295
110533618	ENSELUG00000021729	cas1	10	29804272	29835099
110533621	ENSELUG00000021860	cas1	10	29906094	29922728
110533626	ENSELUG00000021923	cas1	10	30022293	30041092
110533629	ENSELUG00000021916	cas1	10	30021490	30022290
110533633	ENSELUG00000022265	cas1	10	30265396	30289795
110533635	ENSELUG00000022656	cas1	10	30463799	30712635
110533645	ENSELUG00000023055	cas1	10	31021959	31124747
110533676	ENSELUG00000024508	cas1	10	33341342	33399077
110533678	ENSELUG00000005104	cas1	10	33494333	33545512
110533681	ENSELUG00000005157	cas1	10	33575409	33593092
110533684	ENSELUG00000005201	cas6	10	33630484	33647312
110533685	ENSELUG00000005236	cas1	10	33665119	33678850
110533694	ENSELUG00000005841	cas1	10	34299393	34322532
110533699	ENSELUG00000005858	cas1	10	34349523	34356204
110533706	ENSELUG00000005937	cas1	10	34443569	34459501
110533711	ENSELUG00000006035	cas1	10	34528720	34535561
110533714	ENSELUG00000006074	cas1	10	34589717	34596263
110533715	ENSELUG00000006117	cas1	10	34610068	34618970
110533716	ENSELUG00000006154	cas1	10	34622408	34674877
110533718	ENSELUG00000006180	cas1	10	34891059	34893957
110533721	ENSELUG00000006188	cas1	10	34953851	34967269
110533722	ENSELUG00000006193	cas1	10	34971817	34975086
110533724	ENSELUG00000006288	cas1	10	35029267	35039130
110533726	ENSELUG00000006317	cas1	10	35050938	35063464
110533727	ENSELUG00000006383	cas1	10	35072517	35120162
110533729	ENSELUG00000006469	cas1	10	35123145	35159339
110533731	ENSELUG00000006552	cas1	10	35211817	35245860
110533732	ENSELUG00000006572	cas1	10	35250655	35292455
110533735	ENSELUG00000006684	cas1	10	35344593	35357905
110533740	ENSELUG00000006820	cas1	10	35506178	35517246
110533741	ENSELUG00000006947	cas1	10	35528031	35536120
110533742	ENSELUG00000007019	cas3	10	35548839	35557257
110533744	ENSELUG00000000255	cas1	10	35608210	35613400
110533749	ENSELUG00000007435	cas1	10	35716755	35776627
110533756	ENSELUG00000007631	cas1	10	35824965	35857126
110533758	ENSELUG00000007778	cas1	10	35990545	36058365
110533760	ENSELUG00000007731	cas1	10	35887135	35989662
110533762	ENSELUG00000007875	cas1	10	36086295	36102648
110533763	ENSELUG00000007917	cas6	10	36104781	36117760
110533766	ENSELUG00000007968	cas1	10	36126080	36138679
110533767	ENSELUG00000008035	cas1	10	36183235	36194217
110533768	ENSELUG00000008046	cas1	10	36194574	36202847
110533770	ENSELUG00000008067	cas1	10	36219367	36246315
110533771	ENSELUG00000008086	cas1	10	36248874	36256624
110533772	ENSELUG00000000298	cas1	10	36277054	36289721
110533773	ENSELUG00000008302	cas1	10	36303733	36341819
110533777	ENSELUG00000008540	cas1	10	36618131	36635441
110533778	ENSELUG00000008566	cas6	10	36645720	36650306
110533812	ENSELUG00000009294	cas1	2	63950941	63952742
110533829	ENSELUG00000010673	cas3	10	37958407	37965806
110533834	ENSELUG00000010774	cas2	10	38059762	38063313
110533846	ENSELUG00000011046	cas2	10	38829618	38891890
110533855	ENSELUG00000000403	cas1	10	38984255	39000731
110533861	ENSELUG00000011650	cas2	10	39183759	39185578
110533877	ENSELUG00000012369	cas3	10	40391376	40393654
110533879	ENSELUG00000012429	cas3	10	40479739	40495940
110533880	ENSELUG00000012414	cas1	10	40470019	40475795
110533908	ENSELUG00000013213	cas1	10	42079542	42085755
110533930	ENSELUG00000013683	cas1	10	42495202	42531033
110533931	ENSELUG00000013705	cas1	10	42538416	42542857
110533935	ENSELUG00000013849	cas1	10	42650285	42707718
110533936	ENSELUG00000014065	cas2	10	42812587	42828697
110533943	ENSELUG00000000521	cas1	10	43033996	43038340
110533947	ENSELUG00000014467	cas1	10	43101457	43108792
110533948	ENSELUG00000014448	cas1	10	43088286	43095752
110533949	ENSELUG00000024340	cas1	2	103069733	103083283
110533951	ENSELUG00000000538	cas1	10	43118568	43140706
110533954	ENSELUG00000014697	cas1	10	43183815	43248006
110533955	ENSELUG00000014803	cas1	10	43306783	43461015
110533956	ENSELUG00000014838	cas1	10	43534280	43542281
110533957	ENSELUG00000014872	cas1	10	43543161	43555601
110533958	ENSELUG00000014898	cas1	10	43566235	43613250
110533959	ENSELUG00000014919	cas1	10	43615873	43653352
110533960	ENSELUG00000014965	cas1	10	43659427	43676273
110533962	ENSELUG00000015024	cas1	10	43681449	43686604
110533964	ENSELUG00000015160	cas1	10	43714576	43722473
110533966	ENSELUG00000015184	cas4	10	43743798	43750767
110533969	ENSELUG00000015213	cas1	10	43765085	43769945
110533971	ENSELUG00000015354	cas1	10	43783819	43879779
110533973	ENSELUG00000015483	cas1	10	43894085	43898188
110533975	ENSELUG00000015517	cas1	10	43963080	43979112
110533979	ENSELUG00000015657	cas1	10	43996131	44029991
110533982	ENSELUG00000015791	cas1	10	44067882	44077112
110533985	ENSELUG00000015926	cas1	10	44108333	44123770
110533987	ENSELUG00000015887	cas1	10	44123978	44134653
110533988	ENSELUG00000015954	cas1	10	44142744	44165566
110533991	ENSELUG00000016073	cas1	10	44213255	44218956
110533996	ENSELUG00000016338	cas1	10	44294538	44301656
110533998	ENSELUG00000001224	cas1	10	44288348	44294245
110534000	ENSELUG00000016360	cas1	10	44303605	44308978
110534001	ENSELUG00000016669	cas1	10	44312153	44319559
110534002	ENSELUG00000016681	cas1	10	44320239	44325686
110534003	ENSELUG00000016728	cas1	10	44346114	44349641
110534004	ENSELUG00000016774	cas1	10	44350652	44377640
110534007	ENSELUG00000016828	cas1	10	44449124	44465380
110534008	ENSELUG00000016941	cas1	10	44494158	44503554
110534011	ENSELUG00000000633	cas1	10	44526662	44573870
110534013	ENSELUG00000017065	cas1	10	44574931	44601953
110534015	ENSELUG00000017145	cas1	10	44625922	44636337
110534016	ENSELUG00000017173	cas1	10	44640245	44648066
110534017	ENSELUG00000017488	cas1	10	44655544	44751420
110534019	ENSELUG00000000717	cas1	10	44775368	44812908
110534022	ENSELUG00000017823	cas1	10	44845577	44851400
110534023	ENSELUG00000017880	cas1	10	44993286	45003089
110534024	ENSELUG00000017966	cas1	10	45003241	45010947
110534027	ENSELUG00000000731	cas1	10	45040761	45123075
110534028	ENSELUG00000018277	cas1	10	45165618	45181163
110534029	ENSELUG00000018368	cas2	10	45200684	45276970
110534030	ENSELUG00000000784	cas1	10	45290557	45325874
110534031	ENSELUG00000001587	cas1	10	45327311	45381903
110534032	ENSELUG00000019186	cas1	10	45724817	45740843
110534035	ENSELUG00000006235	cas2	2	9188928	9211433
110534036	ENSELUG00000018741	cas1	10	45459660	45549430
110534038	ENSELUG00000019011	cas1	10	45666364	45673837
110534039	ENSELUG00000019068	cas1	10	45685255	45697214
110534040	ENSELUG00000019094	cas1	10	45708157	45710654
110534041	ENSELUG00000019081	cas1	10	45705373	45708059
110534044	ENSELUG00000019210	cas1	10	45741820	45746587
110534045	ENSELUG00000018917	cas1	10	45615874	45629020
110534049	ENSELUG00000019308	cas1	10	45773830	45778106
110534050	ENSELUG00000019393	cas1	10	45778283	45782588
110534051	ENSELUG00000019472	cas1	10	45785901	45789814
110534053	ENSELUG00000004144	cas2	3	4852703	4892517
110534054	ENSELUG00000019572	cas1	10	45806685	45813020
110534055	ENSELUG00000020150	cas1	10	45885901	45894223
110534057	ENSELUG00000020241	cas1	10	45903898	45910889
110534059	ENSELUG00000020317	cas1	10	45928055	45948321
110534060	ENSELUG00000020391	cas1	10	45987700	46010156
110534067	ENSELUG00000020713	cas1	10	46162179	46166379
110534068	ENSELUG00000003903	cas2	3	5230340	5312338
110534070	ENSELUG00000020768	cas1	10	46218372	46221645
110534074	ENSELUG00000020969	cas1	10	46263594	46278516
110534075	ENSELUG00000020964	cas2	10	46260854	46263195
110534079	ENSELUG00000014372	cas1	1	11664608	11666692
110534080	ENSELUG00000020985	cas2	10	46295762	46323160
110534082	ENSELUG00000021070	cas1	10	46325669	46330724
110534083	ENSELUG00000021178	cas1	10	46349017	46361493
110534084	ENSELUG00000003715	cas4	2	13981286	14027878
110534085	ENSELUG00000021240	cas1	10	46374697	46382856
110534087	ENSELUG00000021271	cas1	10	46392912	46395196
110534090	ENSELUG00000003577	cas4	2	14027966	14043643
110534091	ENSELUG00000021414	cas4	10	46472205	46479506
110534093	ENSELUG00000021440	cas1	10	46495803	46504012
110534094	ENSELUG00000021472	cas1	10	46507896	46518086
110534097	ENSELUG00000000941	cas1	10	46566787	46568284
110534098	ENSELUG00000021523	cas1	10	46584495	46595768
110534099	ENSELUG00000021549	cas1	10	46611055	46615697
110534104	ENSELUG00000021758	cas1	10	46721765	46730727
110534106	ENSELUG00000021774	cas1	10	46732876	46747726
110534107	ENSELUG00000021834	cas1	10	46765048	46799754
110534108	ENSELUG00000021921	cas1	10	46828184	46855529
110534110	ENSELUG00000022018	cas1	10	46888000	46894991
110534111	ENSELUG00000022081	cas1	10	46916136	46962543
110534112	ENSELUG00000022152	cas1	10	47015794	47025503
110534113	ENSELUG00000022129	cas1	10	47009349	47016212
110534114	ENSELUG00000003577	cas4	3	5440095	5454489
110534115	ENSELUG00000022317	cas1	10	47045551	47055663
110534116	ENSELUG00000022406	cas1	10	47068699	47121636
110534117	ENSELUG00000022490	cas1	10	47123869	47127973
110534118	ENSELUG00000022554	cas1	10	47203241	47234608
110534121	ENSELUG00000003296	cas2	3	5637262	5706145
110534122	ENSELUG00000022746	cas1	10	47383048	47384395
110534123	ENSELUG00000022863	cas1	10	47388839	47403411
110534124	ENSELUG00000023270	cas1	10	47857490	47887278
110534125	ENSELUG00000023306	cas3	10	47887391	47899996
110534127	ENSELUG00000023361	cas1	10	47911037	47916446
110534131	ENSELUG00000023598	cas1	10	47963435	47987449
110534133	ENSELUG00000023688	cas1	10	48022058	48029576
110534134	ENSELUG00000000997	cas1	10	48028577	48038667
110534135	ENSELUG00000023633	cas1	10	48015885	48021620
110534137	ENSELUG00000023815	cas1	10	48070333	48074547
110534145	ENSELUG00000024077	cas1	10	48169002	48187520
110534146	ENSELUG00000005494	cas1	10	48201385	48205374
110534149	ENSELUG00000005457	cas1	10	48263311	48284060
110534154	ENSELUG00000005242	cas1	10	48337509	48354802
110534157	ENSELUG00000005020	cas1	10	48395880	48413217
110534159	ENSELUG00000004819	cas1	10	48490263	48502650
110534160	ENSELUG00000004882	cas1	10	48484188	48488509
110534161	ENSELUG00000004808	cas1	10	48503572	48508644
110534164	ENSELUG00000004691	cas1	10	48545218	48549943
110534166	ENSELUG00000004590	cas1	10	48587286	48624401
110534171	ENSELUG00000004320	cas1	10	48854852	48877877
110534172	ENSELUG00000004292	cas1	10	48881449	48907973
110534174	ENSELUG00000004074	cas1	10	48979532	48980528
110534175	ENSELUG00000009234	cas2	2	14902388	14923867
110534184	ENSELUG00000004837	cas1	10	49277626	49282746
110534190	ENSELUG00000003882	cas1	10	49450868	49472529
110534192	ENSELUG00000024580	cas1	10	49605233	49618387
110534196	ENSELUG00000001026	cas1	10	49745087	49753067
110534197	ENSELUG00000024267	cas1	10	49772382	49795586
110534205	ENSELUG00000024152	cas1	10	50035811	50037679
110534210	ENSELUG00000011261	cas2	2	16006770	16019441
110534212	ENSELUG00000005639	cas1	10	50260695	50310535
110534213	ENSELUG00000005674	cas1	10	50246854	50260435
110534222	ENSELUG00000009963	cas1	10	50527945	50568118
110534223	ENSELUG00000009987	cas1	10	50582305	50584800
110534229	ENSELUG00000020215	cas1	10	50861255	50919109
110534236	ENSELUG00000020127	cas1	10	51047315	51093625
110534239	ENSELUG00000012367	cas2	2	17002350	17004595
110534250	ENSELUG00000012523	cas5	2	17141664	17161398
110534256	ENSELUG00000008381	cas1	10	52623205	52626552
110534283	ENSELUG00000014317	cas2	3	9679758	9689081
110534305	ENSELUG00000014317	cas2	2	18268546	18277594
110534331	ENSELUG00000024542	cas6	10	57027629	57061105
110534340	ENSELUG00000015143	cas2	2	18629995	18646884
110534346	ENSELUG00000015406	cas2	2	18797773	18806085
110534353	ENSELUG00000015468	cas3	2	18844399	18852800
110534365	ENSELUG00000015899	cas2	2	19514279	19524832
110534396	ENSELUG00000022727	cas2	10	59546496	59554607
110534432	ENSELUG00000020574	cas2	10	61577353	61599395
110534440	ENSELUG00000020411	cas3	10	61725165	61736061
110534442	ENSELUG00000020373	cas7	10	61738332	61746064
110534445	ENSELUG00000020103	cas2	10	61799703	61803044
110534479	ENSELUG00000020871	cas2	2	22755352	22774315
110534482	ENSELUG00000018700	cas2	10	65183402	65235357
110534483	ENSELUG00000018654	cas2	10	65274432	65289182
110534484	ENSELUG00000018684	cas3	10	65270215	65273803
110534485	ENSELUG00000018578	cas2	10	65290855	65320862
110534487	ENSELUG00000018445	cas2	10	65329540	65408744
110534491	ENSELUG00000013171	cas2	10	65685168	65696359
110534492	ENSELUG00000013211	cas2	10	65696361	65709517
110534495	ENSELUG00000013229	cas2	10	65804569	65806761
110534496	ENSELUG00000013261	cas2	10	65811359	65841621
110534499	ENSELUG00000013413	cas2	10	65891646	66148549
110534507	ENSELUG00000013437	cas2	10	66343980	66357223
110534510	ENSELUG00000013538	cas2	10	66725897	66727026
110534511	ENSELUG00000013584	cas7	10	66727076	66749969
110534512	ENSELUG00000013755	cas5	10	66819108	66843648
110534514	ENSELUG00000013864	cas4	10	67057734	67059664
110534520	ENSELUG00000014023	cas2	10	67247289	67327485
110534522	ENSELUG00000014084	cas2	10	67495698	67557048
110534523	ENSELUG00000000514	cas2	10	67557438	67572303
110534524	ENSELUG00000014151	cas2	10	67572386	67579805
110534525	ENSELUG00000014189	cas2	10	67587855	67632287
110534526	ENSELUG00000014223	cas5	10	67788943	67792697
110534529	ENSELUG00000014503	cas2	10	68145483	68157358
110534531	ENSELUG00000014425	cas2	10	68088017	68100373
110534533	ENSELUG00000014301	cas2	10	67947494	67949358
110534535	ENSELUG00000014604	cas2	10	68387016	68439072
110534537	ENSELUG00000014698	cas2	10	68449158	68459015
110534538	ENSELUG00000014653	cas6	10	68439186	68449064
110534539	ENSELUG00000014794	cas5	10	68463266	68534180
110534543	ENSELUG00000015587	cas5	10	69329351	69345886
110534548	ENSELUG00000023506	cas2	2	25294643	25325656
110534550	ENSELUG00000015532	cas5	19	9848093	9864099
110534552	ENSELUG00000015587	cas5	19	9829419	9847684
110534555	ENSELUG00000010865	cas2	17	4471701	4481285
110534556	ENSELUG00000016205	cas2	10	69584009	69638262
110534560	ENSELUG00000016502	cas5	10	70239233	70259692
110534566	ENSELUG00000017418	cas2	10	71560146	71577946
110534567	ENSELUG00000005039	cas2	2	26794149	26814659
110534569	ENSELUG00000000671	cas2	10	72004823	72351589
110534570	ENSELUG00000000671	cas2	19	3912487	4229364
110534571	ENSELUG00000018200	cas3	10	74068360	74078768
110534571	ENSELUG00000018193	cas4	10	74068360	74078768
110534579	ENSELUG00000018231	cas3	19	746847	763889
110534582	ENSELUG00000018286	cas3	19	133768	140357
110534583	ENSELUG00000018307	cas2	19	9465184	9469906
110534584	ENSELUG00000018286	cas3	19	9477134	9483723
110534586	ENSELUG00000018307	cas2	19	120941	125649
110534598	ENSELUG00000011442	cas2	10	75872791	75886436
110534631	ENSELUG00000007486	cas2	2	29424822	29478401
110534660	ENSELUG00000009358	cas2	2	30485372	30505119
110534679	ENSELUG00000009693	cas4	2	30851297	30856046
110534710	ENSELUG00000001756	cas2	2	31262054	31294577
110534743	ENSELUG00000018057	cas2	10	73155113	73309871
110534750	ENSELUG00000017877	cas4	19	3309693	3314825
110534751	ENSELUG00000017877	cas4	10	72949593	72954736
110534754	ENSELUG00000017820	cas3	10	72770573	72779904
110534768	ENSELUG00000017919	cas4	10	72967808	72973302
110534779	ENSELUG00000014744	cas1	1	12037725	12043817
110534787	ENSELUG00000017480	cas2	19	3796319	3903776
110534795	ENSELUG00000017504	cas6	10	72574190	72578685
110534796	ENSELUG00000017480	cas2	10	72362401	72466334
110534811	ENSELUG00000014821	cas3	2	34646955	34677655
110534815	ENSELUG00000017724	cas1	10	4587229	4737004
110534818	ENSELUG00000009873	cas5	10	632676	680121
110534821	ENSELUG00000008432	cas1	10	1390438	1504491
110534834	ENSELUG00000019252	cas6	10	5935872	5959042
110534836	ENSELUG00000019403	cas1	10	6198522	6256673
110534837	ENSELUG00000000861	cas1	10	6624263	6640847
110534841	ENSELUG00000019966	cas1	10	7407330	7416037
110534842	ENSELUG00000022091	cas1	10	9819544	9941581
110534844	ENSELUG00000020396	cas1	10	7981348	8092260
110534848	ENSELUG00000023311	cas3	10	11583339	11613642
110534852	ENSELUG00000021516	cas1	10	9338750	9347079
110534869	ENSELUG00000015145	cas1	10	24166151	24669067
110534879	ENSELUG00000011441	cas1	10	28302914	28321189
110534884	ENSELUG00000014770	cas1	1	12046101	12052746
110534888	ENSELUG00000005401	cas1	10	33730265	33913416
110534896	ENSELUG00000006219	cas1	10	34992357	35012867
110534923	ENSELUG00000015842	cas1	10	44097260	44100856
110534927	ENSELUG00000003833	cas1	10	49543289	49544975
110534938	ENSELUG00000003752	cas2	10	57013600	57014837
110534949	ENSELUG00000016913	cas2	10	70592817	70611248
110535006	ENSELUG00000017360	cas1	16	3866484	3902198
110535009	ENSELUG00000001430	cas1	11	35444099	35492990
110535052	ENSELUG00000001922	cas1	11	51380465	51406199
110535058	ENSELUG00000023129	cas1	11	52317240	52337311
110535087	ENSELUG00000010405	cas1	11	61657716	61673902
110535099	ENSELUG00000004102	cas1	11	68445137	68505239
110535103	ENSELUG00000003653	cas1	11	69559678	69573629
110535106	ENSELUG00000002291	cas1	11	69821531	69823285
110535107	ENSELUG00000002721	cas1	11	71637227	71737202
110535113	ENSELUG00000004513	cas1	11	74408831	74503202
110535114	ENSELUG00000004622	cas1	11	74556042	74684086
110535118	ENSELUG00000005740	cas1	11	76110355	76131124
110535119	ENSELUG00000006278	cas1	11	76670921	76802925
110535120	ENSELUG00000006697	cas5	11	77082954	77125426
110535129	ENSELUG00000013510	cas1	11	78815347	79167353
110535133	ENSELUG00000013888	cas1	11	79881018	79984913
110535144	ENSELUG00000010318	cas2	11	84501885	84719806
110535146	ENSELUG00000003809	cas4	11	310851	341828
110535147	ENSELUG00000003858	cas2	11	340641	378363
110535151	ENSELUG00000003938	cas2	11	632123	646961
110535156	ENSELUG00000003034	cas3	2	6941465	6944043
110535157	ENSELUG00000003979	cas2	11	909723	940507
110535160	ENSELUG00000003616	cas6	11	1389373	1479628
110535164	ENSELUG00000004026	cas1	15	2465724	2477524
110535167	ENSELUG00000004026	cas1	11	1843164	1855569
110535174	ENSELUG00000006823	cas1	11	3523557	3616312
110535180	ENSELUG00000007554	cas2	11	4078811	4087304
110535182	ENSELUG00000007178	cas1	11	5432326	5439359
110535186	ENSELUG00000007997	cas1	11	6127375	6139717
110535187	ENSELUG00000007954	cas1	11	6113500	6121564
110535188	ENSELUG00000008105	cas1	11	6141715	6148083
110535189	ENSELUG00000007864	cas1	11	6028660	6038322
110535190	ENSELUG00000007792	cas1	11	6038594	6041773
110535194	ENSELUG00000008211	cas1	11	6297705	6320962
110535195	ENSELUG00000008143	cas1	11	6252982	6284707
110535199	ENSELUG00000006322	cas3	2	9175670	9189203
110535201	ENSELUG00000000999	cas1	11	7012348	7051404
110535203	ENSELUG00000023505	cas1	11	7447414	7502456
110535204	ENSELUG00000023440	cas1	11	7610961	7689317
110535211	ENSELUG00000023206	cas1	11	8144807	8149906
110535213	ENSELUG00000001379	cas1	11	8650438	8685656
110535215	ENSELUG00000022714	cas1	11	8778028	8789569
110535220	ENSELUG00000022645	cas1	11	8825145	8837938
110535221	ENSELUG00000022526	cas1	11	8857106	8860218
110535222	ENSELUG00000022515	cas1	11	8859935	8863810
110535224	ENSELUG00000006145	cas4	2	9221418	9228300
110535231	ENSELUG00000006027	cas4	2	9239896	9243612
110535236	ENSELUG00000020639	cas1	11	9276894	9279947
110535239	ENSELUG00000020449	cas1	11	9357029	9405871
110535242	ENSELUG00000020384	cas1	11	9467392	9473435
110535244	ENSELUG00000001202	cas2	2	10366132	10402645
110535247	ENSELUG00000020064	cas1	11	10235786	10242270
110535248	ENSELUG00000019954	cas1	11	10305885	10367679
110535252	ENSELUG00000019599	cas1	11	10631364	10639422
110535253	ENSELUG00000019558	cas1	11	10646474	10665124
110535254	ENSELUG00000019372	cas1	11	10672620	10682086
110535257	ENSELUG00000019244	cas1	11	10709778	10827831
110535260	ENSELUG00000019164	cas1	11	10871971	10995421
110535264	ENSELUG00000018485	cas1	11	11178332	11497838
110535269	ENSELUG00000018367	cas1	11	11499972	11541498
110535273	ENSELUG00000018316	cas1	11	11559292	11561350
110535274	ENSELUG00000018293	cas1	11	11798079	11885766
110535282	ENSELUG00000003834	cas5	3	5319338	5323900
110535296	ENSELUG00000000629	cas1	11	13446684	13814449
110535309	ENSELUG00000015979	cas4	11	14340137	14361493
110535320	ENSELUG00000015257	cas1	11	14645642	14659439
110535333	ENSELUG00000014824	cas1	11	15251271	15268657
110535335	ENSELUG00000014748	cas1	11	15278474	15282213
110535339	ENSELUG00000014375	cas1	11	15439415	15455911
110535346	ENSELUG00000014044	cas1	11	15530175	15534688
110535348	ENSELUG00000014012	cas1	11	15539678	15547074
110535349	ENSELUG00000014003	cas1	11	15547678	15570639
110535351	ENSELUG00000013920	cas1	11	15587284	15593900
110535353	ENSELUG00000013867	cas1	11	15671827	15687069
110535355	ENSELUG00000003834	cas5	2	13921452	13925890
110535357	ENSELUG00000013708	cas1	11	15800721	15810494
110535358	ENSELUG00000013746	cas1	11	15747150	15800515
110535359	ENSELUG00000013657	cas1	11	15812225	15816923
110535360	ENSELUG00000013615	cas1	11	15817375	15839784
110535361	ENSELUG00000013577	cas1	11	15841848	15857765
110535362	ENSELUG00000013562	cas1	11	15858519	15865400
110535363	ENSELUG00000014994	cas6	1	12154422	12165172
110535364	ENSELUG00000013460	cas1	11	15988582	16030452
110535370	ENSELUG00000013075	cas2	11	16302932	16308724
110535372	ENSELUG00000013022	cas1	11	16327393	16338373
110535375	ENSELUG00000012926	cas1	11	16370850	16381722
110535393	ENSELUG00000011815	cas1	11	16787452	16790203
110535394	ENSELUG00000003903	cas2	2	13828279	13914376
110535403	ENSELUG00000011233	cas1	11	17044737	17047374
110535404	ENSELUG00000011199	cas1	11	17065884	17108912
110535405	ENSELUG00000011051	cas1	11	17128427	17211793
110535407	ENSELUG00000010894	cas1	11	17254655	17271169
110535408	ENSELUG00000010849	cas1	11	17281407	17285569
110535410	ENSELUG00000010686	cas1	11	17356706	17369209
110535418	ENSELUG00000010169	cas1	11	17858123	17879460
110535420	ENSELUG00000009610	cas4	11	17926634	17945204
110535421	ENSELUG00000000352	cas1	11	17960186	17981897
110535422	ENSELUG00000009574	cas1	11	17949429	17960000
110535425	ENSELUG00000009267	cas1	11	18875482	19269408
110535426	ENSELUG00000009288	cas1	11	18851109	18863855
110535436	ENSELUG00000009215	cas2	11	19298579	19310732
110535437	ENSELUG00000009189	cas6	11	19310872	19327592
110535439	ENSELUG00000008964	cas2	11	19377135	19385929
110535440	ENSELUG00000008941	cas1	11	19401522	19414736
110535442	ENSELUG00000008897	cas1	11	19426819	19434726
110535443	ENSELUG00000008871	cas2	11	19466942	19561386
110535445	ENSELUG00000008763	cas1	11	19611791	19613791
110535446	ENSELUG00000008724	cas1	11	19627035	19629227
110535448	ENSELUG00000000324	cas1	11	19672943	19684640
110535449	ENSELUG00000008556	cas1	11	19740565	19786240
110535450	ENSELUG00000002060	cas1	11	19794126	19799188
110535458	ENSELUG00000002095	cas1	11	20743326	20747932
110535459	ENSELUG00000002104	cas2	11	20760571	20820549
110535463	ENSELUG00000002122	cas1	11	21064048	21066774
110535469	ENSELUG00000002183	cas1	11	21345476	21347872
110535471	ENSELUG00000002185	cas1	11	21351702	21357076
110535472	ENSELUG00000002192	cas2	11	21376201	21395925
110535480	ENSELUG00000002299	cas1	11	22326089	22356408
110535484	ENSELUG00000002388	cas6	11	22460588	22528265
110535485	ENSELUG00000002416	cas1	11	22541599	22554183
110535492	ENSELUG00000002484	cas1	11	22712577	22741263
110535494	ENSELUG00000002502	cas1	11	22951161	22966803
110535495	ENSELUG00000002581	cas6	11	23028826	23246227
110535499	ENSELUG00000002639	cas1	11	23387287	23491648
110535504	ENSELUG00000003715	cas4	3	5376122	5439903
110535510	ENSELUG00000003296	cas2	2	14240232	14316219
110535522	ENSELUG00000003089	cas3	11	24432170	24491938
110535524	ENSELUG00000003112	cas5	11	24497954	24532037
110535535	ENSELUG00000003518	cas1	11	25328108	25335803
110535544	ENSELUG00000003805	cas1	11	26812026	26823822
110535547	ENSELUG00000003999	cas1	11	27357766	27401629
110535550	ENSELUG00000004025	cas1	11	27726584	27739184
110535551	ENSELUG00000004043	cas1	11	27739381	27764170
110535553	ENSELUG00000004106	cas1	11	27867026	28011031
110535555	ENSELUG00000004153	cas1	11	28042644	28110417
110535556	ENSELUG00000004205	cas1	11	28132122	28249486
110535557	ENSELUG00000004304	cas1	11	28266350	28361739
110535563	ENSELUG00000004503	cas1	11	28934468	29311247
110535566	ENSELUG00000004584	cas1	11	29998321	30060960
110535568	ENSELUG00000014907	cas1	11	31088864	31169983
110535570	ENSELUG00000004604	cas1	11	31753869	31789350
110535571	ENSELUG00000004623	cas1	11	31853797	31908264
110535572	ENSELUG00000004692	cas1	11	32245466	32258407
110535574	ENSELUG00000004709	cas1	11	32298402	32314875
110535576	ENSELUG00000008274	cas2	3	5778820	5790359
110535577	ENSELUG00000004763	cas1	11	32371461	32390805
110535578	ENSELUG00000004823	cas1	11	32462425	32476477
110535580	ENSELUG00000004874	cas2	11	32549489	32665562
110535581	ENSELUG00000004858	cas1	11	32489195	32549643
110535587	ENSELUG00000005055	cas1	11	32838100	32859519
110535593	ENSELUG00000006088	cas1	11	33589493	33636781
110535594	ENSELUG00000006065	cas1	11	33669719	33674185
110535597	ENSELUG00000006042	cas1	11	33695897	33704784
110535598	ENSELUG00000006032	cas1	11	33787375	33795186
110535601	ENSELUG00000005998	cas1	11	33908716	34154878
110535603	ENSELUG00000005951	cas1	11	34175502	34177730
110535605	ENSELUG00000008543	cas2	2	14408991	14418164
110535608	ENSELUG00000000155	cas1	11	34444520	34450214
110535609	ENSELUG00000005536	cas1	11	34491045	34499127
110535613	ENSELUG00000017777	cas2	16	2631811	2738891
110535615	ENSELUG00000006434	cas1	11	34782869	34789746
110535616	ENSELUG00000022871	cas1	11	34810223	34978953
110535617	ENSELUG00000021961	cas1	11	35225765	35355426
110535618	ENSELUG00000008798	cas1	11	35428021	35442236
110535621	ENSELUG00000008554	cas1	11	35534127	35584736
110535624	ENSELUG00000008377	cas1	11	35894131	35932284
110535626	ENSELUG00000008339	cas1	11	35957278	36001125
110535627	ENSELUG00000008132	cas1	11	36019509	36022555
110535630	ENSELUG00000000291	cas1	11	36151080	36157644
110535636	ENSELUG00000007800	cas1	11	36290894	36323530
110535639	ENSELUG00000007600	cas1	11	36475502	36489512
110535642	ENSELUG00000007535	cas1	11	36756396	36815280
110535651	ENSELUG00000007056	cas1	11	37115125	37222524
110535653	ENSELUG00000006597	cas1	11	37260642	37331802
110535656	ENSELUG00000009059	cas1	11	37384483	37513335
110535660	ENSELUG00000008474	cas1	11	37601439	37711124
110535663	ENSELUG00000009234	cas2	3	6299997	6325652
110535673	ENSELUG00000021844	cas1	11	38626261	38631703
110535679	ENSELUG00000007473	cas1	11	38951292	38954353
110535683	ENSELUG00000000871	cas1	11	39295343	39334961
110535685	ENSELUG00000009187	cas5	3	6277474	6290170
110535687	ENSELUG00000019632	cas1	11	39482495	39520766
110535688	ENSELUG00000000832	cas1	11	39593272	39604198
110535692	ENSELUG00000008867	cas5	3	6158030	6173396
110535695	ENSELUG00000018535	cas1	11	40787327	40815032
110535696	ENSELUG00000018449	cas1	11	40827054	40835309
110535698	ENSELUG00000008867	cas5	2	14774313	14795026
110535699	ENSELUG00000018355	cas1	11	40885559	40908938
110535700	ENSELUG00000018336	cas1	11	40913124	40921426
110535701	ENSELUG00000018147	cas1	11	41172134	41176136
110535702	ENSELUG00000018133	cas1	11	41185100	41188623
110535704	ENSELUG00000018067	cas1	11	41321307	41326589
110535707	ENSELUG00000009014	cas2	3	6248269	6254241
110535708	ENSELUG00000017788	cas1	11	41595536	41604715
110535709	ENSELUG00000017661	cas2	11	42146000	42157026
110535713	ENSELUG00000017534	cas6	11	42592008	42629731
110535723	ENSELUG00000009014	cas2	2	14860649	14867713
110535724	ENSELUG00000016575	cas1	11	44175382	44183200
110535726	ENSELUG00000016532	cas1	11	44284283	44319702
110535728	ENSELUG00000016439	cas1	11	44425190	44526002
110535729	ENSELUG00000009187	cas5	2	14882494	14892852
110535741	ENSELUG00000008835	cas5	2	14753455	14774468
110535746	ENSELUG00000003405	cas1	11	45966597	45969187
110535751	ENSELUG00000003298	cas4	11	46067991	46080755
110535756	ENSELUG00000008835	cas5	3	6129251	6157940
110535758	ENSELUG00000003146	cas1	11	46205489	46223082
110535762	ENSELUG00000003088	cas1	11	46331242	46335481
110535773	ENSELUG00000002820	cas1	11	46828176	46845198
110535786	ENSELUG00000002629	cas5	11	47271009	47347092
110535793	ENSELUG00000010160	cas5	2	15327195	15376557
110535794	ENSELUG00000002426	cas1	11	47617929	47634661
110535811	ENSELUG00000010185	cas3	2	15329572	15336358
110535817	ENSELUG00000014178	cas5	11	49298531	49322479
110535823	ENSELUG00000010526	cas3	2	15467158	15477955
110535832	ENSELUG00000015031	cas1	11	49567855	49590551
110535834	ENSELUG00000015295	cas1	11	49610929	49620127
110535835	ENSELUG00000015336	cas3	11	49633623	49646827
110535842	ENSELUG00000010472	cas4	2	15448845	15451856
110535849	ENSELUG00000010437	cas5	2	15437892	15448534
110535870	ENSELUG00000000056	cas1	11	50761018	50771380
110535873	ENSELUG00000010662	cas3	2	15614323	15617489
110535874	ENSELUG00000002000	cas1	11	51048015	51075579
110535875	ENSELUG00000001463	cas1	11	51135634	51149582
110535878	ENSELUG00000001990	cas1	11	51129213	51135445
110535879	ENSELUG00000001963	cas1	11	51150393	51156340
110535880	ENSELUG00000001961	cas1	11	51157063	51190601
110535881	ENSELUG00000001960	cas1	11	51193790	51196597
110535882	ENSELUG00000010539	cas4	2	15587799	15591702
110535883	ENSELUG00000001951	cas1	11	51224185	51245922
110535884	ENSELUG00000001953	cas1	11	51206885	51224122
110535886	ENSELUG00000001947	cas1	11	51281663	51304505
110535888	ENSELUG00000001944	cas1	11	51312380	51320227
110535889	ENSELUG00000001930	cas1	11	51358177	51365114
110535890	ENSELUG00000001931	cas1	11	51344741	51352143
110535892	ENSELUG00000001907	cas1	11	51410669	51423793
110535894	ENSELUG00000001895	cas1	11	51435351	51441751
110535897	ENSELUG00000010759	cas5	2	15634314	15650474
110535900	ENSELUG00000001836	cas1	11	51523480	51573073
110535904	ENSELUG00000010691	cas5	2	15623977	15633803
110535906	ENSELUG00000024455	cas1	11	51704973	51714862
110535907	ENSELUG00000024478	cas1	11	51695654	51704504
110535910	ENSELUG00000024071	cas1	11	51939000	51973076
110535911	ENSELUG00000010800	cas5	2	15668207	15671859
110535912	ENSELUG00000023972	cas1	11	51971979	51984694
110535915	ENSELUG00000023529	cas1	11	52068003	52071977
110535918	ENSELUG00000023323	cas1	11	52179279	52181671
110535919	ENSELUG00000023353	cas1	11	52182740	52195643
110535920	ENSELUG00000023262	cas1	11	52200030	52219362
110535921	ENSELUG00000023316	cas1	11	52195783	52200026
110535923	ENSELUG00000023219	cas1	11	52230511	52273985
110535924	ENSELUG00000023191	cas1	11	52279381	52288065
110535925	ENSELUG00000023188	cas1	11	52288045	52290007
110535926	ENSELUG00000023149	cas1	11	52298187	52305216
110535927	ENSELUG00000023095	cas1	11	52340939	52345860
110535928	ENSELUG00000001060	cas1	11	52395876	52411979
110535930	ENSELUG00000022763	cas1	11	52456437	52478127
110535931	ENSELUG00000022802	cas1	11	52444066	52453919
110535932	ENSELUG00000022753	cas1	11	52480140	52492844
110535934	ENSELUG00000001481	cas1	11	52494150	52504317
110535935	ENSELUG00000010813	cas2	2	15671986	15681594
110535936	ENSELUG00000022705	cas1	11	52514978	52519684
110535937	ENSELUG00000022626	cas1	11	52542640	52544594
110535938	ENSELUG00000022578	cas1	11	52605772	52620232
110535941	ENSELUG00000022494	cas1	11	52629973	52637138
110535942	ENSELUG00000022412	cas1	11	52643250	52706235
110535944	ENSELUG00000022183	cas1	11	52790915	52807772
110535945	ENSELUG00000022171	cas1	11	52935468	52945486
110535947	ENSELUG00000020525	cas1	11	53142740	53174243
110535948	ENSELUG00000020297	cas1	11	53199739	53243947
110535950	ENSELUG00000010918	cas7	2	15701186	15729563
110535951	ENSELUG00000019866	cas1	11	53446432	53449835
110535956	ENSELUG00000019768	cas2	11	53702905	53747419
110535957	ENSELUG00000019701	cas1	11	53756649	53968489
110535959	ENSELUG00000019650	cas1	11	54069351	54083088
110535965	ENSELUG00000019410	cas1	11	54328006	54349588
110535966	ENSELUG00000019383	cas1	11	54384058	54405977
110535969	ENSELUG00000019338	cas1	11	54713748	54788755
110535970	ENSELUG00000011001	cas2	2	15759949	15783001
110535973	ENSELUG00000019036	cas1	11	54991202	55010022
110535974	ENSELUG00000019014	cas1	11	55002395	55015938
110535976	ENSELUG00000018948	cas1	11	55044523	55070046
110535977	ENSELUG00000018850	cas1	11	55070446	55072756
110535979	ENSELUG00000018809	cas1	11	55072874	55075806
110535980	ENSELUG00000018757	cas1	11	55083350	55121794
110535981	ENSELUG00000018721	cas1	11	55171454	55190502
110535985	ENSELUG00000018682	cas1	11	55308731	55342316
110535987	ENSELUG00000018602	cas1	11	55377683	55382284
110535989	ENSELUG00000018546	cas1	11	55412375	55422164
110535991	ENSELUG00000011072	cas5	2	15783609	15787419
110535998	ENSELUG00000018170	cas4	11	55691790	55706758
110535999	ENSELUG00000018128	cas1	11	55722752	55763695
110536001	ENSELUG00000018010	cas1	11	55781341	55796866
110536003	ENSELUG00000017970	cas1	11	55809180	55817839
110536004	ENSELUG00000017941	cas1	11	55842033	55852793
110536007	ENSELUG00000017908	cas1	11	55895074	55905508
110536009	ENSELUG00000017850	cas1	11	55996564	56014298
110536011	ENSELUG00000017843	cas1	11	56127152	56136999
110536014	ENSELUG00000017826	cas1	11	56137547	56175403
110536015	ENSELUG00000017713	cas1	11	56247933	56266701
110536017	ENSELUG00000001164	cas1	11	56242979	56246219
110536019	ENSELUG00000017644	cas1	11	56288561	56338919
110536020	ENSELUG00000017603	cas1	11	56352010	56367802
110536022	ENSELUG00000017437	cas1	11	56506094	56555932
110536024	ENSELUG00000017542	cas1	11	56465640	56488116
110536026	ENSELUG00000017362	cas1	11	56713839	56716241
110536030	ENSELUG00000017277	cas1	11	56793527	56852752
110536031	ENSELUG00000017224	cas1	11	56858879	56904099
110536032	ENSELUG00000017076	cas1	11	56933972	56937444
110536033	ENSELUG00000017062	cas1	11	56943829	56997848
110536035	ENSELUG00000016978	cas1	11	57033942	57041734
110536037	ENSELUG00000011238	cas5	2	15992668	16004703
110536038	ENSELUG00000016946	cas1	11	57044708	57072429
110536040	ENSELUG00000016890	cas2	11	57088502	57096328
110536041	ENSELUG00000016857	cas1	11	57109034	57124084
110536042	ENSELUG00000016795	cas1	11	57129320	57137644
110536043	ENSELUG00000016699	cas1	11	57174296	57221198
110536044	ENSELUG00000011307	cas5	3	7348131	7357408
110536051	ENSELUG00000016323	cas1	11	58334728	58362653
110536068	ENSELUG00000011261	cas2	3	7323036	7343283
110536069	ENSELUG00000015255	cas1	11	58720940	58722787
110536074	ENSELUG00000014864	cas1	11	58858340	58860309
110536075	ENSELUG00000011356	cas2	2	16040245	16067299
110536078	ENSELUG00000014463	cas1	11	58955388	58959760
110536080	ENSELUG00000011307	cas5	2	16023748	16035989
110536084	ENSELUG00000014143	cas1	11	59082752	59120896
110536086	ENSELUG00000013938	cas1	11	59363887	59371449
110536098	ENSELUG00000013399	cas1	11	59791636	59810973
110536100	ENSELUG00000013371	cas6	11	59819667	59825822
110536103	ENSELUG00000011541	cas2	2	16189940	16195762
110536111	ENSELUG00000013025	cas1	11	60254373	60276007
110536112	ENSELUG00000013085	cas1	11	60251206	60255083
110536114	ENSELUG00000012958	cas1	11	60289410	60304526
110536115	ENSELUG00000012932	cas1	11	60308628	60367365
110536116	ENSELUG00000012898	cas1	11	60389339	60452061
110536117	ENSELUG00000012827	cas1	11	60474617	60488651
110536128	ENSELUG00000012500	cas1	11	60550796	60561123
110536131	ENSELUG00000012224	cas1	11	60625280	60647365
110536133	ENSELUG00000012363	cas4	11	60593140	60604149
110536136	ENSELUG00000012178	cas2	11	60667010	60673917
110536137	ENSELUG00000012154	cas1	11	60688883	60717690
110536138	ENSELUG00000012114	cas1	11	60729450	60755776
110536142	ENSELUG00000001161	cas2	11	60815063	60843691
110536144	ENSELUG00000011550	cas1	11	60871789	60906526
110536147	ENSELUG00000011383	cas6	11	60938353	60941806
110536148	ENSELUG00000011366	cas1	11	60943387	60961757
110536154	ENSELUG00000011642	cas4	2	16217471	16245556
110536156	ENSELUG00000010859	cas1	11	61436363	61453998
110536157	ENSELUG00000010831	cas3	11	61455379	61458033
110536158	ENSELUG00000010805	cas1	11	61461725	61467580
110536159	ENSELUG00000010763	cas1	11	61579044	61588281
110536160	ENSELUG00000010457	cas1	11	61605182	61637097
110536161	ENSELUG00000011764	cas5	2	16249431	16289180
110536165	ENSELUG00000010716	cas1	11	61592425	61595436
110536166	ENSELUG00000011655	cas3	2	16245769	16247419
110536167	ENSELUG00000010291	cas1	11	61743473	61784977
110536168	ENSELUG00000010355	cas1	11	61674392	61743342
110536169	ENSELUG00000010184	cas1	11	61787232	61801822
110536170	ENSELUG00000010168	cas1	11	61801041	61816315
110536172	ENSELUG00000010070	cas1	11	61838597	61916301
110536174	ENSELUG00000009878	cas1	11	61996411	61999055
110536176	ENSELUG00000009856	cas1	11	62031422	62035742
110536180	ENSELUG00000009778	cas1	11	62270117	62292976
110536183	ENSELUG00000009557	cas1	11	62336585	62353389
110536184	ENSELUG00000009537	cas1	11	62370856	62394175
110536186	ENSELUG00000009417	cas1	11	62444210	62464390
110536192	ENSELUG00000009312	cas1	11	62501082	62505295
110536194	ENSELUG00000009207	cas1	11	62518402	62529680
110536195	ENSELUG00000009130	cas1	11	62529816	62541077
110536196	ENSELUG00000009060	cas1	11	62558296	62597845
110536197	ENSELUG00000009084	cas1	11	62555035	62557142
110536199	ENSELUG00000009028	cas1	11	62600731	62635778
110536200	ENSELUG00000009007	cas1	11	62635916	62644569
110536202	ENSELUG00000011929	cas5	2	16835619	16870366
110536203	ENSELUG00000008803	cas1	11	62690482	62709168
110536206	ENSELUG00000008681	cas1	11	62740236	62804200
110536209	ENSELUG00000008440	cas1	11	62920442	62927483
110536211	ENSELUG00000008596	cas1	11	62916347	62919801
110536212	ENSELUG00000008378	cas6	11	62935274	62986437
110536222	ENSELUG00000007900	cas1	11	63628512	63758420
110536223	ENSELUG00000007797	cas1	11	64105530	64363785
110536224	ENSELUG00000007647	cas1	11	64421973	64444332
110536228	ENSELUG00000007469	cas1	11	64476323	64497757
110536231	ENSELUG00000007087	cas1	11	64516770	64634518
110536233	ENSELUG00000006996	cas1	11	64643149	64657230
110536236	ENSELUG00000006944	cas1	11	64672009	64703007
110536237	ENSELUG00000006868	cas1	11	64703496	65012639
110536241	ENSELUG00000012211	cas3	2	16998821	17001363
110536248	ENSELUG00000005968	cas1	11	65940106	66043855
110536262	ENSELUG00000005580	cas2	11	66565298	66572050
110536289	ENSELUG00000004262	cas1	11	68287058	68361204
110536290	ENSELUG00000004056	cas1	11	68536798	68552914
110536296	ENSELUG00000002220	cas2	11	69191221	69206345
110536300	ENSELUG00000001541	cas1	11	69398535	69400234
110536303	ENSELUG00000001485	cas1	11	69471050	69484931
110536305	ENSELUG00000003586	cas1	11	69521113	69532109
110536307	ENSELUG00000003634	cas1	11	69544805	69555991
110536310	ENSELUG00000003774	cas1	11	69642089	69655067
110536311	ENSELUG00000003857	cas1	11	69666111	69674458
110536312	ENSELUG00000003814	cas1	11	69659414	69665129
110536318	ENSELUG00000002312	cas1	11	69847223	69892082
110536320	ENSELUG00000002322	cas1	11	69895616	69898166
110536321	ENSELUG00000002331	cas1	11	69898561	69903158
110536323	ENSELUG00000002335	cas1	11	69904986	69917078
110536327	ENSELUG00000002355	cas1	11	69956531	69971816
110536331	ENSELUG00000002393	cas1	11	70001416	70009320
110536337	ENSELUG00000013552	cas2	2	17931232	17947821
110536339	ENSELUG00000002427	cas1	11	70146089	70167439
110536342	ENSELUG00000002457	cas1	11	70557009	70744135
110536343	ENSELUG00000002536	cas1	11	71389179	71407895
110536345	ENSELUG00000002552	cas1	11	71422969	71429703
110536346	ENSELUG00000002596	cas1	11	71431838	71442390
110536348	ENSELUG00000002634	cas1	11	71459336	71466142
110536349	ENSELUG00000002645	cas1	11	71473159	71488892
110536353	ENSELUG00000002732	cas1	11	71738585	71797315
110536354	ENSELUG00000002775	cas1	11	71838302	71846693
110536356	ENSELUG00000002783	cas1	11	71846931	71851497
110536357	ENSELUG00000002805	cas1	11	71874071	71877057
110536358	ENSELUG00000013579	cas2	2	17952381	17966181
110536363	ENSELUG00000003081	cas1	11	72874476	72883883
110536365	ENSELUG00000003150	cas1	11	72891245	72921809
110536367	ENSELUG00000013624	cas2	2	17966401	17977045
110536371	ENSELUG00000003615	cas1	11	73283122	73297286
110536372	ENSELUG00000004062	cas1	11	73730958	73800172
110536374	ENSELUG00000004155	cas1	11	74048907	74105831
110536375	ENSELUG00000013661	cas2	2	17999431	18009077
110536376	ENSELUG00000004260	cas1	11	74237724	74251184
110536377	ENSELUG00000004280	cas1	11	74251421	74262706
110536380	ENSELUG00000004340	cas1	11	74312531	74316581
110536382	ENSELUG00000004734	cas1	11	74689455	74697615
110536391	ENSELUG00000005300	cas1	11	75824859	75867384
110536397	ENSELUG00000005772	cas1	11	76150401	76153720
110536400	ENSELUG00000005803	cas3	11	76202025	76246958
110536403	ENSELUG00000005872	cas1	11	76267566	76338849
110536406	ENSELUG00000006098	cas1	11	76396096	76600566
110536408	ENSELUG00000006311	cas1	11	76818450	76848904
110536409	ENSELUG00000006330	cas4	11	76848974	76856364
110536412	ENSELUG00000006620	cas1	11	77015447	77035436
110536414	ENSELUG00000006697	cas5	11	77131426	77139724
110536430	ENSELUG00000007149	cas1	11	77665464	77674633
110536431	ENSELUG00000013948	cas2	2	18052505	18071232
110536435	ENSELUG00000022044	cas1	11	78167776	78226872
110536437	ENSELUG00000022002	cas1	11	78030273	78156587
110536449	ENSELUG00000022240	cas1	11	78468533	78476320
110536467	ENSELUG00000024398	cas1	11	80305562	80320403
110536468	ENSELUG00000024403	cas1	11	80330414	80350566
110536476	ENSELUG00000023464	cas3	11	80688281	80716209
110536477	ENSELUG00000023414	cas1	11	80720626	80772588
110536480	ENSELUG00000023181	cas2	11	81001348	81022498
110536482	ENSELUG00000023092	cas1	11	81497787	81543575
110536483	ENSELUG00000022984	cas2	11	81920366	81928214
110536491	ENSELUG00000022827	cas2	11	82530236	82563337
110536501	ENSELUG00000012512	cas2	11	83778696	83813467
110536503	ENSELUG00000011613	cas4	11	84045512	84084200
110536507	ENSELUG00000022604	cas2	11	83064063	83288949
110536509	ENSELUG00000014342	cas6	2	18288741	18292776
110536519	ENSELUG00000014172	cas5	3	9603201	9641233
110536532	ENSELUG00000000259	cas1	11	5193181	5429446
110536538	ENSELUG00000024473	cas1	11	6379444	6480492
110536539	ENSELUG00000024099	cas1	11	6510060	6586818
110536544	ENSELUG00000022971	cas1	11	8381370	8497020
110536548	ENSELUG00000019009	cas1	11	11064970	11143146
110536569	ENSELUG00000001477	cas1	11	17425195	17668803
110536578	ENSELUG00000008836	cas1	11	19565431	19586339
110536579	ENSELUG00000014342	cas6	3	9708802	9713188
110536586	ENSELUG00000002232	cas1	11	21585442	21848359
110536591	ENSELUG00000003760	cas1	11	26618148	26700276
110536592	ENSELUG00000003841	cas1	11	26849903	26882829
110536594	ENSELUG00000003957	cas1	11	27060214	27352402
110536595	ENSELUG00000005003	cas4	11	32722273	32749027
110536597	ENSELUG00000005003	cas4	11	32767765	32796075
110536598	ENSELUG00000005192	cas1	11	32885787	32928578
110536599	ENSELUG00000007927	cas1	11	6041842	6098398
110536622	ENSELUG00000018552	cas1	11	40748735	40750507
110536625	ENSELUG00000014477	cas2	2	18437073	18439582
110536630	ENSELUG00000023502	cas1	11	52072299	52074388
110536649	ENSELUG00000000095	cas1	11	72849690	72859975
110536650	ENSELUG00000004142	cas6	11	74007753	74011243
110536658	ENSELUG00000014531	cas5	2	18457284	18478772
110536674	ENSELUG00000014490	cas4	2	18446080	18456914
110536706	ENSELUG00000014601	cas2	2	18499799	18516011
110536732	ENSELUG00000014636	cas2	2	18524288	18538706
110536748	ENSELUG00000014743	cas2	2	18545006	18556597
110536755	ENSELUG00000014711	cas3	2	18542485	18545382
110536756	ENSELUG00000014667	cas2	2	18541050	18542623
110536760	ENSELUG00000013092	cas2	12	412033	495278
110536762	ENSELUG00000014820	cas3	2	18559793	18564193
110536763	ENSELUG00000013574	cas2	12	4136320	4226240
110536773	ENSELUG00000014880	cas2	2	18587019	18590352
110536778	ENSELUG00000005859	cas6	12	8866168	8968377
110536783	ENSELUG00000006976	cas1	12	12247792	12282813
110536789	ENSELUG00000006105	cas1	12	13275169	13318946
110536792	ENSELUG00000005418	cas1	12	13758960	13766157
110536796	ENSELUG00000015000	cas2	2	18603045	18605641
110536802	ENSELUG00000002590	cas1	12	17279208	17293140
110536807	ENSELUG00000015077	cas2	2	18606074	18621580
110536812	ENSELUG00000023427	cas1	12	19748041	19769545
110536814	ENSELUG00000023330	cas1	12	19897328	19938584
110536817	ENSELUG00000021416	cas1	12	21559869	21582291
110536854	ENSELUG00000013451	cas2	12	3368069	3452498
110536876	ENSELUG00000014455	cas2	12	5650123	5652963
110536877	ENSELUG00000000523	cas2	12	5540947	5607736
110536884	ENSELUG00000014771	cas6	12	7142877	7146578
110536887	ENSELUG00000015169	cas2	2	18652960	18657794
110536895	ENSELUG00000015365	cas2	12	1643531	1687312
110536897	ENSELUG00000015395	cas2	12	1715888	1738772
110536899	ENSELUG00000015196	cas3	2	18662604	18672410
110536900	ENSELUG00000015786	cas1	12	7614319	7638050
110536901	ENSELUG00000015768	cas1	12	7606957	7613335
110536905	ENSELUG00000015857	cas1	12	7837607	7851608
110536907	ENSELUG00000022549	cas1	12	7912756	7972496
110536908	ENSELUG00000015222	cas3	2	18688948	18693820
110536911	ENSELUG00000015173	cas1	12	8041387	8064005
110536917	ENSELUG00000001657	cas1	12	8594329	8809553
110536923	ENSELUG00000023663	cas1	12	9495574	9523645
110536924	ENSELUG00000009876	cas2	12	9533126	9548155
110536939	ENSELUG00000008951	cas1	12	9901109	9983793
110536941	ENSELUG00000008829	cas6	12	10020244	10080386
110536942	ENSELUG00000008782	cas6	12	10083932	10090132
110536943	ENSELUG00000008773	cas1	12	10136018	10169675
110536948	ENSELUG00000008636	cas1	12	10576804	10623185
110536951	ENSELUG00000008514	cas1	12	10850171	10860150
110536954	ENSELUG00000008015	cas1	12	10969940	10991575
110536955	ENSELUG00000001166	cas1	12	11046648	11051785
110536956	ENSELUG00000007882	cas1	12	11212672	11231102
110536961	ENSELUG00000007761	cas1	12	11568368	11601393
110536972	ENSELUG00000007410	cas1	12	11891370	11961207
110536976	ENSELUG00000015376	cas2	2	18760843	18767906
110536977	ENSELUG00000001121	cas1	12	12006145	12017505
110536978	ENSELUG00000007209	cas1	12	12019437	12034884
110536982	ENSELUG00000007023	cas1	12	12165715	12195453
110536988	ENSELUG00000006006	cas1	12	13335801	13354661
110536990	ENSELUG00000005962	cas1	12	13418214	13422990
110536991	ENSELUG00000005932	cas1	12	13428952	13439502
110536998	ENSELUG00000015420	cas3	2	18809356	18818700
110536999	ENSELUG00000000154	cas1	12	13592825	13595786
110537000	ENSELUG00000001592	cas1	12	13595690	13611484
110537002	ENSELUG00000005500	cas1	12	13667274	13733044
110537003	ENSELUG00000005475	cas1	12	13745881	13756690
110537005	ENSELUG00000005224	cas1	12	13811384	13887135
110537006	ENSELUG00000005168	cas1	12	13925315	13930198
110537009	ENSELUG00000004800	cas1	12	14083339	14108194
110537011	ENSELUG00000015442	cas5	2	18823331	18843970
110537013	ENSELUG00000004739	cas2	12	14198158	14213576
110537014	ENSELUG00000004750	cas1	12	14180403	14198027
110537019	ENSELUG00000004663	cas1	12	14451981	14671299
110537021	ENSELUG00000004514	cas1	12	14896348	14946975
110537022	ENSELUG00000001575	cas2	2	19444131	19481383
110537025	ENSELUG00000004348	cas1	12	15099544	15114328
110537037	ENSELUG00000004170	cas1	12	15408991	15449896
110537051	ENSELUG00000015850	cas5	2	19506668	19513981
110537054	ENSELUG00000003641	cas1	12	15997313	16021605
110537056	ENSELUG00000003516	cas1	12	16320428	16324762
110537057	ENSELUG00000003542	cas1	12	16312408	16320116
110537061	ENSELUG00000003445	cas1	12	16417638	16549073
110537062	ENSELUG00000003391	cas1	12	16569486	16576847
110537065	ENSELUG00000003370	cas1	12	16583027	16598341
110537067	ENSELUG00000003230	cas1	12	16631590	16636810
110537068	ENSELUG00000003241	cas1	12	16626245	16631190
110537070	ENSELUG00000003276	cas1	12	16609978	16616226
110537086	ENSELUG00000002625	cas1	12	17250072	17256274
110537089	ENSELUG00000000068	cas1	12	17275246	17279138
110537090	ENSELUG00000002567	cas1	12	17359403	17467846
110537092	ENSELUG00000002530	cas1	12	17468311	17502099
110537094	ENSELUG00000002462	cas1	12	17543370	17559044
110537095	ENSELUG00000015906	cas4	2	19526163	19527919
110537096	ENSELUG00000002460	cas1	12	17557135	17576537
110537097	ENSELUG00000002451	cas1	12	17579225	17597135
110537101	ENSELUG00000002395	cas1	12	17714160	17717729
110537106	ENSELUG00000002290	cas1	12	17863517	17886525
110537108	ENSELUG00000002300	cas1	12	17860100	17863387
110537109	ENSELUG00000002280	cas1	12	17891894	17912969
110537112	ENSELUG00000002219	cas1	12	18063407	18067416
110537113	ENSELUG00000016198	cas3	2	19601898	19625084
110537115	ENSELUG00000002184	cas1	12	18101983	18256314
110537118	ENSELUG00000002163	cas1	12	18289970	18297738
110537122	ENSELUG00000016198	cas3	3	10950133	10968515
110537123	ENSELUG00000002138	cas1	12	18486339	18488673
110537124	ENSELUG00000002135	cas1	12	18492792	18512055
110537126	ENSELUG00000002125	cas1	12	18513548	18538625
110537129	ENSELUG00000002111	cas1	12	18723193	18746579
110537130	ENSELUG00000002108	cas1	12	18833119	18907377
110537131	ENSELUG00000024527	cas1	12	19090153	19098957
110537132	ENSELUG00000024536	cas1	12	19086352	19090080
110537133	ENSELUG00000002083	cas1	12	19079654	19085444
110537136	ENSELUG00000024443	cas1	12	19298093	19301084
110537137	ENSELUG00000024348	cas1	12	19307196	19348466
110537139	ENSELUG00000024294	cas1	12	19372135	19408282
110537140	ENSELUG00000024278	cas1	12	19409650	19433994
110537141	ENSELUG00000024179	cas1	12	19434894	19445330
110537143	ENSELUG00000024138	cas1	12	19459368	19535181
110537146	ENSELUG00000023720	cas1	12	19580903	19606084
110537147	ENSELUG00000023711	cas1	12	19624238	19644638
110537150	ENSELUG00000023403	cas1	12	19790016	19821008
110537151	ENSELUG00000023371	cas1	12	19866332	19869191
110537153	ENSELUG00000023233	cas1	12	19941506	19978680
110537160	ENSELUG00000022046	cas1	12	20804025	20846262
110537161	ENSELUG00000016312	cas3	2	19703165	19706164
110537162	ENSELUG00000021986	cas1	12	20862558	20888980
110537163	ENSELUG00000021787	cas1	12	20891988	20912792
110537166	ENSELUG00000021669	cas1	12	20933954	20938307
110537169	ENSELUG00000001554	cas1	12	21164599	21212157
110537170	ENSELUG00000021630	cas1	12	21273895	21288503
110537171	ENSELUG00000021601	cas1	12	21289084	21298403
110537173	ENSELUG00000021535	cas1	12	21333045	21360455
110537175	ENSELUG00000021520	cas1	12	21464547	21481116
110537176	ENSELUG00000021500	cas1	12	21484831	21486628
110537177	ENSELUG00000021471	cas1	12	21495262	21501995
110537178	ENSELUG00000021432	cas6	12	21526367	21544494
110537179	ENSELUG00000021354	cas1	12	21598765	21626234
110537181	ENSELUG00000016090	cas2	3	10941781	10944125
110537186	ENSELUG00000021186	cas1	12	21698762	21722433
110537187	ENSELUG00000021158	cas1	12	21730306	21752514
110537190	ENSELUG00000021103	cas1	12	21760881	21766240
110537191	ENSELUG00000021021	cas1	12	21777869	21780448
110537192	ENSELUG00000000928	cas1	12	21774434	21777732
110537193	ENSELUG00000020911	cas1	12	21806199	21826261
110537195	ENSELUG00000000923	cas1	12	21796345	21805989
110537199	ENSELUG00000020838	cas1	12	21852118	21862294
110537201	ENSELUG00000020702	cas1	12	21895323	21936857
110537202	ENSELUG00000020651	cas1	12	21943154	21966665
110537203	ENSELUG00000016045	cas2	3	10937442	10941795
110537205	ENSELUG00000020633	cas1	12	21977346	22021967
110537206	ENSELUG00000020568	cas1	12	22039142	22050714
110537207	ENSELUG00000020551	cas1	12	22071961	22115724
110537211	ENSELUG00000020420	cas1	12	22215403	22218257
110537213	ENSELUG00000020372	cas1	12	22272041	22293724
110537214	ENSELUG00000020200	cas1	12	22294987	22397615
110537217	ENSELUG00000019984	cas1	12	22489205	22494114
110537223	ENSELUG00000013213	cas1	12	22769883	22779486
110537231	ENSELUG00000016372	cas2	2	19762781	19773090
110537240	ENSELUG00000012414	cas1	12	24617183	24623412
110537275	ENSELUG00000016852	cas2	2	19924063	19928533
110537283	ENSELUG00000016977	cas3	2	19946090	19953207
110537306	ENSELUG00000017118	cas3	2	20001127	20006843
110537338	ENSELUG00000001168	cas1	12	28201316	28214296
110537340	ENSELUG00000017311	cas3	2	20145710	20165887
110537343	ENSELUG00000000326	cas1	12	28276092	28292773
110537344	ENSELUG00000008602	cas1	12	28302607	28329131
110537345	ENSELUG00000008540	cas1	12	28329364	28337759
110537347	ENSELUG00000008302	cas1	12	28469623	28504197
110537352	ENSELUG00000008086	cas1	12	28632429	28636238
110537353	ENSELUG00000008067	cas1	12	28643069	28656521
110537354	ENSELUG00000008046	cas1	12	28666728	28674410
110537355	ENSELUG00000008035	cas1	12	28700331	28713499
110537356	ENSELUG00000017384	cas5	2	20190285	20196858
110537358	ENSELUG00000007968	cas1	12	28747821	28762690
110537361	ENSELUG00000007778	cas1	12	28828372	28894230
110537362	ENSELUG00000007731	cas1	12	28895616	29021369
110537364	ENSELUG00000007631	cas1	12	29059469	29086285
110537367	ENSELUG00000007582	cas1	12	29087721	29094124
110537369	ENSELUG00000007435	cas1	12	29154341	29176633
110537371	ENSELUG00000017580	cas3	2	20250289	20259650
110537377	ENSELUG00000017619	cas2	2	20259815	20297138
110537378	ENSELUG00000006947	cas1	12	29447944	29460353
110537380	ENSELUG00000006820	cas1	12	29498100	29507766
110537381	ENSELUG00000006684	cas1	12	29650129	29656231
110537383	ENSELUG00000011356	cas2	3	7365417	7394499
110537386	ENSELUG00000006572	cas1	12	29698677	29726867
110537387	ENSELUG00000006552	cas1	12	29730926	29741930
110537388	ENSELUG00000006501	cas1	12	29757112	29767961
110537391	ENSELUG00000006383	cas1	12	29806210	29841771
110537392	ENSELUG00000006188	cas1	12	29971285	29988063
110537393	ENSELUG00000006219	cas1	12	29915858	29938574
110537395	ENSELUG00000006288	cas1	12	29872511	29890260
110537396	ENSELUG00000006154	cas1	12	30270316	30304242
110537397	ENSELUG00000006193	cas1	12	29966318	29968956
110537400	ENSELUG00000006180	cas1	12	30067984	30071409
110537401	ENSELUG00000006317	cas1	12	29842845	29852144
110537404	ENSELUG00000006469	cas1	12	29770911	29800461
110537406	ENSELUG00000006117	cas1	12	30307875	30323144
110537409	ENSELUG00000006074	cas1	12	30337227	30340114
110537411	ENSELUG00000006035	cas1	12	30370167	30380619
110537416	ENSELUG00000005937	cas1	12	30452246	30455623
110537421	ENSELUG00000005858	cas1	12	30527919	30532929
110537422	ENSELUG00000005841	cas1	12	30537787	30563755
110537423	ENSELUG00000018148	cas5	2	20597056	20602488
110537428	ENSELUG00000018167	cas2	2	20608551	20612480
110537435	ENSELUG00000005401	cas1	12	30895062	31031788
110537436	ENSELUG00000005236	cas1	12	31074861	31100847
110537438	ENSELUG00000005157	cas1	12	31184865	31200704
110537439	ENSELUG00000000762	cas4	2	20615636	20628482
110537442	ENSELUG00000005104	cas1	12	31246287	31303725
110537445	ENSELUG00000024508	cas1	12	31413963	31472999
110537479	ENSELUG00000023055	cas1	12	33709328	33746715
110537487	ENSELUG00000022656	cas1	12	34134508	34360009
110537491	ENSELUG00000022265	cas1	12	34553585	34566592
110537492	ENSELUG00000018333	cas2	2	20679841	20695430
110537497	ENSELUG00000021923	cas1	12	34778005	34805469
110537499	ENSELUG00000021916	cas1	12	34805721	34807675
110537502	ENSELUG00000021860	cas1	12	34954989	34959604
110537508	ENSELUG00000021729	cas1	12	35071760	35114805
110537509	ENSELUG00000021702	cas1	12	35122172	35258937
110537511	ENSELUG00000010874	cas1	12	35406837	35418103
110537512	ENSELUG00000010888	cas1	12	35418302	35421957
110537517	ENSELUG00000011104	cas1	12	36311115	36358023
110537519	ENSELUG00000011207	cas1	12	36414082	36470446
110537520	ENSELUG00000011227	cas1	12	36494115	36508638
110537522	ENSELUG00000011292	cas1	12	36629759	36641133
110537524	ENSELUG00000011329	cas1	12	36670504	36700574
110537526	ENSELUG00000011376	cas1	12	36715228	36718708
110537527	ENSELUG00000011441	cas1	12	36770248	36789915
110537530	ENSELUG00000011589	cas1	12	36936496	36937975
110537531	ENSELUG00000011693	cas1	12	36946676	36965183
110537534	ENSELUG00000011753	cas1	12	37019987	37039930
110537537	ENSELUG00000012142	cas1	12	37429947	37444362
110537541	ENSELUG00000012219	cas1	12	37511604	37522617
110537543	ENSELUG00000012331	cas1	12	37526644	37559487
110537546	ENSELUG00000012356	cas1	12	37603158	37667366
110537548	ENSELUG00000012495	cas1	12	37753179	37760123
110537549	ENSELUG00000012648	cas1	12	37802596	37886734
110537550	ENSELUG00000001222	cas1	12	37887443	37891682
110537551	ENSELUG00000012750	cas1	12	37899853	37922703
110537552	ENSELUG00000012919	cas1	12	37948767	37969862
110537553	ENSELUG00000012996	cas1	12	37970263	38035480
110537555	ENSELUG00000013031	cas1	12	38057775	38062791
110537556	ENSELUG00000013097	cas1	12	38089020	38098344
110537558	ENSELUG00000013265	cas1	12	38116309	38147417
110537559	ENSELUG00000013334	cas1	12	38159600	38181614
110537560	ENSELUG00000013349	cas1	12	38182339	38224495
110537561	ENSELUG00000013385	cas1	12	38231737	38241376
110537566	ENSELUG00000013494	cas1	12	38431429	38434087
110537567	ENSELUG00000013515	cas1	12	38518068	38627282
110537568	ENSELUG00000013555	cas1	12	38634546	38677873
110537573	ENSELUG00000013832	cas1	12	38850317	38877851
110537574	ENSELUG00000013903	cas1	12	38912193	38991304
110537575	ENSELUG00000013922	cas1	12	38992796	38996885
110537578	ENSELUG00000013953	cas1	12	38997382	39006119
110537579	ENSELUG00000014071	cas1	12	39041272	39072520
110537582	ENSELUG00000014130	cas1	12	39077007	39090045
110537599	ENSELUG00000014264	cas1	12	39343615	39358852
110537600	ENSELUG00000014241	cas1	12	39336054	39343006
110537603	ENSELUG00000014431	cas1	12	39380904	39401720
110537604	ENSELUG00000014515	cas1	12	39425122	39494021
110537606	ENSELUG00000014571	cas1	12	39505923	39508142
110537612	ENSELUG00000015145	cas1	12	40511158	40938098
110537614	ENSELUG00000015466	cas1	12	41130156	41364010
110537616	ENSELUG00000015201	cas1	12	41126407	41129065
110537625	ENSELUG00000015890	cas1	12	42258650	42265787
110537628	ENSELUG00000015973	cas1	12	42361750	42371338
110537688	ENSELUG00000018545	cas3	12	45900621	45920265
110537695	ENSELUG00000000806	cas2	12	46241530	46243978
110537702	ENSELUG00000019573	cas1	12	47713010	47791030
110537715	ENSELUG00000020600	cas2	12	49673087	49674977
110537744	ENSELUG00000024377	cas1	12	51414096	51450808
110537755	ENSELUG00000024074	cas1	12	52164071	52232228
110537764	ENSELUG00000023584	cas3	12	52843119	52851325
110537773	ENSELUG00000023311	cas3	12	53640223	53661031
110537777	ENSELUG00000023093	cas2	12	53700901	53751592
110537778	ENSELUG00000022966	cas1	12	53970732	53975019
110537779	ENSELUG00000022939	cas1	12	54109684	54149461
110537780	ENSELUG00000022898	cas1	12	54158784	54183716
110537781	ENSELUG00000022756	cas1	12	54302301	54332266
110537785	ENSELUG00000022544	cas1	12	54463609	54485023
110537786	ENSELUG00000022471	cas1	12	54485377	54494969
110537788	ENSELUG00000022383	cas1	12	54681967	54831322
110537789	ENSELUG00000022258	cas1	12	54847941	54873263
110537791	ENSELUG00000022212	cas1	12	54879673	54888634
110537793	ENSELUG00000022138	cas1	12	54900996	54965269
110537794	ENSELUG00000022026	cas1	12	55209730	55247859
110537795	ENSELUG00000022091	cas1	12	55065121	55209632
110537796	ENSELUG00000022001	cas1	12	55257434	55270161
110537797	ENSELUG00000021981	cas1	12	55281731	55285435
110537798	ENSELUG00000021971	cas1	12	55324609	55326428
110537801	ENSELUG00000021723	cas1	12	55398975	55413298
110537802	ENSELUG00000021690	cas1	12	55451594	55455336
110537805	ENSELUG00000021615	cas6	12	55528348	55543425
110537807	ENSELUG00000021602	cas1	12	55600352	55616323
110537808	ENSELUG00000021571	cas1	12	55643686	55661808
110537809	ENSELUG00000021587	cas1	12	55625361	55643340
110537810	ENSELUG00000021547	cas1	12	55666673	55668162
110537811	ENSELUG00000021527	cas1	12	55672724	55701242
110537813	ENSELUG00000021516	cas1	12	55711778	55721704
110537815	ENSELUG00000021397	cas1	12	55792113	55846902
110537820	ENSELUG00000020765	cas1	12	56575548	56581114
110537826	ENSELUG00000020396	cas1	12	56792616	56869110
110537827	ENSELUG00000020285	cas1	12	57036871	57089516
110537829	ENSELUG00000020319	cas1	12	56913023	57033702
110537830	ENSELUG00000016243	cas3	1	13104504	13115472
110537832	ENSELUG00000020217	cas1	12	57126747	57131602
110537836	ENSELUG00000019966	cas1	12	57389613	57404991
110537840	ENSELUG00000019770	cas1	12	57661839	57836268
110537843	ENSELUG00000000861	cas1	12	58076921	58101536
110537846	ENSELUG00000019440	cas1	12	58225787	58272786
110537847	ENSELUG00000020191	cas5	2	22115649	22118083
110537849	ENSELUG00000019430	cas1	12	58288963	58290670
110537851	ENSELUG00000008680	cas5	12	87380565	87404022
110537856	ENSELUG00000008308	cas5	12	87234533	87270635
110537857	ENSELUG00000008375	cas2	12	87272459	87280039
110537861	ENSELUG00000016832	cas5	12	87419408	87430607
110537863	ENSELUG00000016808	cas2	12	87417792	87429916
110537865	ENSELUG00000018747	cas1	12	58575601	58624457
110537870	ENSELUG00000009797	cas1	12	58961767	58975136
110537874	ENSELUG00000008955	cas3	12	59214586	59280577
110537875	ENSELUG00000008989	cas2	12	59350779	59389927
110537876	ENSELUG00000009004	cas2	12	59398735	59422218
110537878	ENSELUG00000009029	cas4	12	59422836	59436071
110537879	ENSELUG00000009159	cas2	12	59440231	59502350
110537885	ENSELUG00000009475	cas3	12	59741166	59751234
110537895	ENSELUG00000009743	cas5	12	59968254	59971543
110537900	ENSELUG00000005462	cas4	12	60317232	60322740
110537904	ENSELUG00000005091	cas3	12	60478445	60482021
110537908	ENSELUG00000004916	cas2	12	60576961	60596221
110537909	ENSELUG00000023508	cas2	12	61682967	61699122
110537910	ENSELUG00000023607	cas2	12	61724768	61753320
110537911	ENSELUG00000023638	cas2	12	61754035	61764691
110537913	ENSELUG00000023740	cas2	12	61813631	61833601
110537919	ENSELUG00000023792	cas2	12	61833666	61866662
110537923	ENSELUG00000023903	cas2	12	61894747	61896190
110537927	ENSELUG00000024031	cas2	12	62018399	62037500
110537929	ENSELUG00000024221	cas2	12	62076291	62098650
110537930	ENSELUG00000024181	cas2	12	62063340	62075904
110537932	ENSELUG00000024246	cas2	12	62098756	62114462
110537934	ENSELUG00000008722	cas2	12	62130582	62166303
110537939	ENSELUG00000020648	cas1	2	22342491	22346534
110537948	ENSELUG00000020649	cas3	2	22352969	22356067
110537961	ENSELUG00000022166	cas5	12	62826509	62884558
110537964	ENSELUG00000020705	cas2	2	22399657	22499146
110537965	ENSELUG00000022546	cas2	12	63096526	63123775
110537966	ENSELUG00000022367	cas2	12	62963766	63080508
110537969	ENSELUG00000022637	cas2	12	63150826	63165217
110537970	ENSELUG00000001505	cas2	12	63173108	63181229
110537976	ENSELUG00000012152	cas2	12	63359506	63412677
110538016	ENSELUG00000010634	cas2	12	64369958	64376356
110538017	ENSELUG00000001208	cas2	12	64383198	64385075
110538020	ENSELUG00000010599	cas2	12	64407373	64416073
110538021	ENSELUG00000010577	cas2	12	64419382	64427943
110538022	ENSELUG00000010546	cas2	12	64430505	64438581
110538041	ENSELUG00000007151	cas3	12	87069375	87110261
110538070	ENSELUG00000013907	cas2	12	66302788	66485858
110538077	ENSELUG00000014127	cas2	12	66674135	66678665
110538080	ENSELUG00000014339	cas2	12	66993311	67001032
110538085	ENSELUG00000014706	cas2	12	67164124	67186007
110538088	ENSELUG00000014755	cas2	12	67438965	67495691
110538092	ENSELUG00000014720	cas2	12	67486521	67489383
110538097	ENSELUG00000014819	cas2	12	67526404	67529927
110538114	ENSELUG00000015433	cas2	12	68093225	68096738
110538115	ENSELUG00000015441	cas2	12	68100642	68114564
110538116	ENSELUG00000015449	cas4	12	68142537	68146797
110538117	ENSELUG00000015482	cas2	12	68151328	68203022
110538119	ENSELUG00000015603	cas2	12	68244655	68257464
110538120	ENSELUG00000015649	cas2	12	68263892	68266584
110538124	ENSELUG00000015724	cas4	12	68309779	68318678
110538126	ENSELUG00000015907	cas2	12	68377001	68394567
110538129	ENSELUG00000016081	cas2	12	68439924	68484772
110538133	ENSELUG00000016362	cas3	12	68833068	68837701
110538134	ENSELUG00000016202	cas2	12	68788360	68794618
110538135	ENSELUG00000016381	cas2	12	68840744	68852684
110538138	ENSELUG00000016507	cas2	12	68867678	68878279
110538140	ENSELUG00000016611	cas2	12	68914297	68916390
110538147	ENSELUG00000017052	cas3	12	69166428	69168888
110538153	ENSELUG00000017233	cas2	12	69289487	69309524
110538154	ENSELUG00000017268	cas2	12	69310496	69314044
110538155	ENSELUG00000017285	cas2	12	69315451	69321518
110538158	ENSELUG00000017520	cas2	12	69505892	69557519
110538164	ENSELUG00000017776	cas1	12	69651548	69654168
110538165	ENSELUG00000017785	cas3	12	69661406	69665419
110538166	ENSELUG00000017838	cas2	12	69667845	69683203
110538167	ENSELUG00000017909	cas2	12	69683653	69718391
110538169	ENSELUG00000017932	cas2	12	69778190	69795116
110538170	ENSELUG00000017967	cas2	12	69799674	69819817
110538173	ENSELUG00000018025	cas3	12	69854780	69875030
110538175	ENSELUG00000018077	cas2	12	69907421	69935378
110538179	ENSELUG00000000754	cas2	12	69969474	69973497
110538180	ENSELUG00000018295	cas3	12	69974014	70001537
110538181	ENSELUG00000021273	cas2	2	23246552	23251865
110538182	ENSELUG00000018311	cas1	12	70005493	70011833
110538184	ENSELUG00000018344	cas2	12	70034420	70046169
110538186	ENSELUG00000018401	cas2	12	70056225	70259856
110538187	ENSELUG00000018495	cas2	12	70308700	70318056
110538190	ENSELUG00000018543	cas3	12	70336735	70367252
110538191	ENSELUG00000018604	cas3	12	70375985	70464913
110538192	ENSELUG00000018733	cas2	12	70475743	70569019
110538197	ENSELUG00000018963	cas2	12	70640964	70664813
110538198	ENSELUG00000018982	cas2	12	70671846	70687807
110538199	ENSELUG00000000805	cas2	12	70734239	70736353
110538200	ENSELUG00000018999	cas2	12	70745535	70750237
110538204	ENSELUG00000019141	cas4	12	70800367	70804955
110538206	ENSELUG00000019167	cas5	12	70819163	70827825
110538207	ENSELUG00000019221	cas2	12	70905114	70935673
110538208	ENSELUG00000021195	cas2	2	23128236	23135855
110538209	ENSELUG00000019230	cas2	12	70984731	70986552
110538215	ENSELUG00000019597	cas2	12	71167219	71182790
110538216	ENSELUG00000019689	cas2	12	71187297	71198246
110538217	ENSELUG00000019653	cas2	12	71183014	71187785
110538218	ENSELUG00000019721	cas2	12	71199101	71220435
110538221	ENSELUG00000019848	cas2	12	71411522	71420923
110538223	ENSELUG00000019920	cas2	12	71448122	71482431
110538226	ENSELUG00000019895	cas2	12	71440004	71447266
110538227	ENSELUG00000020021	cas2	12	71487656	71506845
110538229	ENSELUG00000021239	cas2	2	23236220	23245933
110538230	ENSELUG00000020082	cas2	12	71511846	71514863
110538231	ENSELUG00000020099	cas2	12	71560690	71568780
110538232	ENSELUG00000020113	cas2	12	71573700	71630477
110538233	ENSELUG00000020183	cas2	12	71631595	71646397
110538234	ENSELUG00000020209	cas2	12	71648593	71655726
110538235	ENSELUG00000020224	cas2	12	71779436	71870140
110538236	ENSELUG00000020234	cas3	12	71941515	71942804
110538237	ENSELUG00000020262	cas2	12	71948230	71965656
110538240	ENSELUG00000020382	cas5	12	71989879	72010860
110538244	ENSELUG00000020472	cas2	12	72107103	72116140
110538245	ENSELUG00000000896	cas2	12	72125212	72130074
110538248	ENSELUG00000020524	cas2	12	72180790	72222619
110538251	ENSELUG00000020603	cas2	12	72262321	72273102
110538252	ENSELUG00000020557	cas5	12	72258667	72261762
110538254	ENSELUG00000020623	cas2	12	72283033	72285611
110538257	ENSELUG00000020751	cas2	12	72303308	72313156
110538259	ENSELUG00000020700	cas2	12	72300010	72303236
110538261	ENSELUG00000020887	cas2	12	72341544	72346086
110538262	ENSELUG00000020864	cas2	12	72370589	72380267
110538264	ENSELUG00000020900	cas2	12	72556044	72647866
110538265	ENSELUG00000020915	cas2	12	72710966	72727647
110538266	ENSELUG00000021003	cas3	12	72778068	72800352
110538267	ENSELUG00000021045	cas2	12	72831325	72845088
110538271	ENSELUG00000021097	cas2	12	72860994	72867579
110538276	ENSELUG00000021252	cas2	12	73011322	73023593
110538277	ENSELUG00000021344	cas2	12	73039865	73103907
110538282	ENSELUG00000021492	cas2	12	73231718	73272171
110538283	ENSELUG00000010494	cas2	12	77363072	77420925
110538285	ENSELUG00000010448	cas2	12	77301210	77315227
110538287	ENSELUG00000010420	cas2	12	77298505	77301052
110538288	ENSELUG00000010295	cas2	12	77169823	77194347
110538289	ENSELUG00000000372	cas2	12	77147190	77166651
110538291	ENSELUG00000010183	cas2	12	77131049	77142200
110538293	ENSELUG00000010142	cas2	12	77112044	77120816
110538294	ENSELUG00000010087	cas2	12	77084949	77109519
110538295	ENSELUG00000009955	cas3	12	77056344	77071968
110538297	ENSELUG00000001207	cas2	12	76991920	76996271
110538301	ENSELUG00000009874	cas5	12	76878011	76925095
110538302	ENSELUG00000009838	cas5	12	76828760	76844798
110538304	ENSELUG00000009816	cas2	12	76815266	76824161
110538308	ENSELUG00000009773	cas2	12	76786297	76793231
110538309	ENSELUG00000009759	cas2	12	76777014	76782020
110538310	ENSELUG00000009737	cas2	12	76759721	76775746
110538311	ENSELUG00000000355	cas2	12	76749264	76757927
110538312	ENSELUG00000009679	cas2	12	76734597	76747739
110538313	ENSELUG00000000354	cas2	12	76730857	76732116
110538315	ENSELUG00000009601	cas2	12	76574288	76703398
110538319	ENSELUG00000009495	cas3	12	76485644	76488765
110538326	ENSELUG00000009415	cas2	12	76420120	76425165
110538329	ENSELUG00000000346	cas4	12	76339580	76346185
110538337	ENSELUG00000008911	cas2	12	76056713	76081840
110538338	ENSELUG00000008971	cas5	12	76085941	76094659
110538339	ENSELUG00000021392	cas2	2	23276038	23278785
110538341	ENSELUG00000008885	cas2	12	76046993	76049335
110538342	ENSELUG00000008812	cas5	12	76030989	76044262
110538343	ENSELUG00000008788	cas2	12	76026442	76030307
110538344	ENSELUG00000008759	cas3	12	76007150	76017112
110538347	ENSELUG00000008582	cas2	12	75957672	75960197
110538349	ENSELUG00000008577	cas2	12	75932173	75933883
110538352	ENSELUG00000000319	cas2	12	75887606	75890269
110538356	ENSELUG00000008292	cas2	12	75838066	75851511
110538357	ENSELUG00000008252	cas2	12	75823488	75835962
110538359	ENSELUG00000008210	cas2	12	75792255	75821063
110538364	ENSELUG00000021309	cas3	2	23252834	23255257
110538367	ENSELUG00000007878	cas3	12	75664089	75677539
110538370	ENSELUG00000007725	cas3	12	75631055	75637902
110538372	ENSELUG00000000279	cas2	12	75619338	75623953
110538374	ENSELUG00000007572	cas2	12	75555533	75561122
110538375	ENSELUG00000007331	cas5	12	75465087	75501246
110538378	ENSELUG00000007292	cas2	12	75443988	75463480
110538380	ENSELUG00000007273	cas2	12	75431549	75434649
110538384	ENSELUG00000007207	cas3	12	75231002	75233547
110538385	ENSELUG00000000256	cas2	12	75221851	75228404
110538386	ENSELUG00000007133	cas2	12	75136261	75216446
110538388	ENSELUG00000006897	cas2	12	74960037	75102995
110538389	ENSELUG00000001611	cas2	12	75104470	75113299
110538393	ENSELUG00000006719	cas2	12	74930862	74933801
110538394	ENSELUG00000006701	cas3	12	74837505	74937056
110538397	ENSELUG00000006622	cas2	12	74792413	74831994
110538398	ENSELUG00000006560	cas3	12	74776771	74784585
110538400	ENSELUG00000006546	cas2	12	74770005	74776525
110538403	ENSELUG00000021637	cas2	2	23559422	23607871
110538404	ENSELUG00000006472	cas3	12	74610922	74622960
110538405	ENSELUG00000006495	cas2	12	74623308	74632677
110538409	ENSELUG00000006337	cas2	12	74565358	74577263
110538410	ENSELUG00000006223	cas2	12	74484158	74529823
110538412	ENSELUG00000006308	cas2	12	74545711	74551332
110538415	ENSELUG00000024523	cas3	12	74187213	74285404
110538416	ENSELUG00000024488	cas2	12	74107487	74135447
110538421	ENSELUG00000023699	cas3	12	74060992	74065439
110538424	ENSELUG00000023490	cas2	12	73932249	73935688
110538425	ENSELUG00000023410	cas2	12	73911874	73926544
110538427	ENSELUG00000000987	cas5	12	73819256	73845432
110538429	ENSELUG00000023043	cas2	12	73787459	73807192
110538432	ENSELUG00000022513	cas2	12	73699529	73729853
110538442	ENSELUG00000021724	cas5	2	23699019	23759218
110538455	ENSELUG00000021768	cas4	12	73462257	73510350
110538457	ENSELUG00000021693	cas3	12	73439769	73443382
110538458	ENSELUG00000021685	cas2	12	73423331	73431408
110538459	ENSELUG00000021672	cas5	12	73418468	73424333
110538460	ENSELUG00000021658	cas2	12	73387587	73401747
110538461	ENSELUG00000021577	cas2	12	73382494	73385044
110538462	ENSELUG00000021625	cas2	12	73384755	73386199
110538463	ENSELUG00000021530	cas2	12	73335021	73376744
110538465	ENSELUG00000010543	cas2	12	77445524	77450347
110538469	ENSELUG00000010581	cas2	12	77485338	77492407
110538471	ENSELUG00000010652	cas2	12	77512174	77518590
110538472	ENSELUG00000010704	cas3	12	77526319	77562873
110538475	ENSELUG00000010823	cas2	12	77588256	77595428
110538476	ENSELUG00000010871	cas2	12	77595789	77610584
110538477	ENSELUG00000010844	cas2	12	77610820	77612826
110538481	ENSELUG00000010978	cas2	12	77719710	77727698
110538482	ENSELUG00000011095	cas2	12	77752207	77816251
110538483	ENSELUG00000000396	cas2	12	77816565	77826107
110538485	ENSELUG00000010247	cas2	12	77845399	77864078
110538498	ENSELUG00000009953	cas3	12	78038197	78043201
110538502	ENSELUG00000001441	cas3	12	78089670	78093109
110538508	ENSELUG00000009534	cas2	12	78332868	78384166
110538511	ENSELUG00000009107	cas2	12	78496948	78502470
110538521	ENSELUG00000017017	cas2	12	78807261	78827498
110538527	ENSELUG00000017322	cas2	12	79103727	79107815
110538529	ENSELUG00000017281	cas7	12	79085712	79102272
110538534	ENSELUG00000017354	cas5	12	79123798	79137453
110538547	ENSELUG00000017703	cas2	12	79428899	79434216
110538549	ENSELUG00000017761	cas2	12	79470100	79545901
110538550	ENSELUG00000017819	cas5	12	79601180	79680434
110538551	ENSELUG00000017963	cas2	12	79699979	80112645
110538566	ENSELUG00000021979	cas5	2	23946773	23969314
110538578	ENSELUG00000000778	cas2	12	80657855	80690127
110538582	ENSELUG00000018459	cas5	12	80727500	80735024
110538591	ENSELUG00000018698	cas2	12	80973536	80981612
110538602	ENSELUG00000019220	cas2	12	81290362	81300235
110538606	ENSELUG00000000845	cas3	12	81435374	81445938
110538608	ENSELUG00000019475	cas5	12	81448900	81452505
110538609	ENSELUG00000019562	cas2	12	81483350	81540873
110538610	ENSELUG00000019500	cas5	12	81474923	81483348
110538611	ENSELUG00000019583	cas2	12	81577016	81615577
110538614	ENSELUG00000019674	cas2	12	81640132	81691878
110538616	ENSELUG00000019710	cas2	12	81710097	81724225
110538619	ENSELUG00000019807	cas6	12	81854516	81867022
110538620	ENSELUG00000019861	cas2	12	81870131	81884752
110538621	ENSELUG00000019899	cas2	12	81895467	81904353
110538622	ENSELUG00000019878	cas2	12	81892116	81895379
110538624	ENSELUG00000019910	cas3	12	81910078	81920434
110538628	ENSELUG00000019951	cas5	12	81990879	81992395
110538630	ENSELUG00000019963	cas3	12	81995871	81999759
110538631	ENSELUG00000000886	cas2	12	82052083	82065099
110538633	ENSELUG00000020102	cas2	12	82068528	82073842
110538635	ENSELUG00000000888	cas2	12	82084208	82099839
110538636	ENSELUG00000020204	cas7	12	82121767	82133545
110538638	ENSELUG00000020298	cas2	12	82158302	82162913
110538639	ENSELUG00000020329	cas7	12	82163287	82170305
110538640	ENSELUG00000020482	cas2	12	82220858	82228178
110538641	ENSELUG00000000898	cas3	12	82234780	82254841
110538642	ENSELUG00000020528	cas2	12	82256115	82276873
110538643	ENSELUG00000020593	cas3	12	82279125	82286213
110538644	ENSELUG00000020709	cas3	12	82296983	82311524
110538646	ENSELUG00000020637	cas2	12	82286265	82294770
110538647	ENSELUG00000020723	cas3	12	82320246	82332581
110538649	ENSELUG00000020756	cas7	12	82336152	82341694
110538652	ENSELUG00000021845	cas5	12	82569273	82585533
110538653	ENSELUG00000021915	cas5	12	82708968	82756710
110538656	ENSELUG00000022078	cas2	12	82831130	82835150
110538660	ENSELUG00000022103	cas2	12	82835075	82838503
110538662	ENSELUG00000022131	cas2	12	82838617	82846704
110538663	ENSELUG00000022180	cas4	12	82859309	83307730
110538665	ENSELUG00000022239	cas2	12	83384122	83390118
110538669	ENSELUG00000022338	cas3	12	83411816	83416515
110538670	ENSELUG00000022350	cas4	12	83417893	83440915
110538671	ENSELUG00000022357	cas2	12	83441564	83450114
110538672	ENSELUG00000022407	cas2	12	83450240	83456764
110538673	ENSELUG00000022433	cas2	12	83458472	83463766
110538675	ENSELUG00000022776	cas2	12	83598370	83635545
110538677	ENSELUG00000022785	cas2	12	83633035	83640953
110538682	ENSELUG00000023073	cas2	12	83773261	84002450
110538685	ENSELUG00000023271	cas4	12	84125310	84144936
110538686	ENSELUG00000023399	cas5	12	84173660	84187514
110538687	ENSELUG00000023426	cas5	12	84188348	84192328
110538689	ENSELUG00000023492	cas2	12	84203809	84220910
110538690	ENSELUG00000023631	cas5	12	84222127	84237838
110538691	ENSELUG00000023698	cas4	12	84249550	84272413
110538693	ENSELUG00000023760	cas5	12	84336820	84341486
110538694	ENSELUG00000023861	cas5	12	84357037	84360806
110538696	ENSELUG00000023942	cas7	12	84367675	84374356
110538722	ENSELUG00000004289	cas6	12	85051287	85057621
110538730	ENSELUG00000004735	cas2	12	85897255	85902229
110538731	ENSELUG00000004742	cas6	13	53246394	53250376
110538732	ENSELUG00000005021	cas2	12	86230406	86235294
110538736	ENSELUG00000004992	cas3	13	53456336	53458621
110538737	ENSELUG00000004976	cas4	12	86222289	86227953
110538745	ENSELUG00000004976	cas4	13	53450554	53456191
110538748	ENSELUG00000005283	cas2	12	86414889	86431979
110538750	ENSELUG00000005241	cas2	12	86379688	86411383
110538752	ENSELUG00000005388	cas5	12	95269361	95278094
110538753	ENSELUG00000005419	cas2	12	95278455	95282270
110538756	ENSELUG00000005502	cas2	12	95300960	95309763
110538765	ENSELUG00000006949	cas4	13	56596621	56674315
110538766	ENSELUG00000006949	cas4	13	55834111	55915904
110538768	ENSELUG00000005957	cas6	12	95996719	96026801
110538772	ENSELUG00000005957	cas6	13	54427565	54455175
110538788	ENSELUG00000006813	cas3	13	55424865	56123584
110538789	ENSELUG00000006916	cas2	13	55533247	55552500
110538803	ENSELUG00000022570	cas2	2	24343881	24467486
110538805	ENSELUG00000011364	cas2	12	97528138	97566453
110538821	ENSELUG00000015003	cas5	12	89878153	89884164
110538825	ENSELUG00000002024	cas2	18	12065999	12068727
110538826	ENSELUG00000002024	cas2	7	6549850	6552591
110538834	ENSELUG00000011776	cas3	12	99042019	99045620
110538838	ENSELUG00000010179	cas2	12	99021958	99025388
110538839	ENSELUG00000010165	cas2	13	69049306	69087418
110538840	ENSELUG00000011822	cas2	12	99090621	99092245
110538841	ENSELUG00000011835	cas4	12	99117401	99175955
110538842	ENSELUG00000011835	cas4	13	68869182	68937213
110538843	ENSELUG00000011943	cas2	12	99183117	99188055
110538852	ENSELUG00000010179	cas2	13	69043605	69046978
110538855	ENSELUG00000011776	cas3	13	69018122	69021275
110538856	ENSELUG00000011811	cas2	13	68976136	68989221
110538858	ENSELUG00000013671	cas2	12	100689259	100749699
110538860	ENSELUG00000000479	cas2	13	72840585	72895527
110538861	ENSELUG00000013472	cas2	12	100530184	100543453
110538862	ENSELUG00000013627	cas2	12	100674727	100688312
110538864	ENSELUG00000013309	cas2	12	100434251	100462726
110538882	ENSELUG00000011223	cas2	12	97764189	97787224
110538884	ENSELUG00000011255	cas2	13	70289977	70306740
110538892	ENSELUG00000012042	cas1	12	37144970	37410276
110538900	ENSELUG00000014657	cas5	2	24525746	24532113
110538908	ENSELUG00000022818	cas1	12	54253719	54280957
110538912	ENSELUG00000008531	cas3	12	87316746	87340583
110538913	ENSELUG00000008445	cas2	12	87301506	87310761
110538914	ENSELUG00000008399	cas2	12	87280104	87301039
110538957	ENSELUG00000000839	cas5	12	71044213	71069530
110538960	ENSELUG00000010461	cas2	12	77320209	77354182
110538963	ENSELUG00000009285	cas2	12	76174135	76286526
110538967	ENSELUG00000022808	cas2	2	24571084	24578116
110538986	ENSELUG00000018011	cas2	12	80130096	80169587
110538990	ENSELUG00000018573	cas2	12	80856396	80870598
110538992	ENSELUG00000019399	cas2	12	81354115	81412613
110538993	ENSELUG00000001143	cas4	12	81430169	81432397
110538995	ENSELUG00000019773	cas2	12	81732932	81841070
110539002	ENSELUG00000022510	cas5	12	83488548	83492193
110539005	ENSELUG00000022795	cas3	12	83662375	83691589
110539007	ENSELUG00000023839	cas6	12	84342181	84356369
110539011	ENSELUG00000004264	cas2	12	84859212	85036879
110539015	ENSELUG00000004718	cas2	12	85881768	85889294
110539024	ENSELUG00000005021	cas2	13	53458511	53464014
110539029	ENSELUG00000005374	cas5	12	95254631	95268488
110539033	ENSELUG00000005900	cas5	12	95954955	95994774
110539034	ENSELUG00000023441	cas2	2	25151016	25291524
110539037	ENSELUG00000005900	cas5	13	54385505	54425642
110539040	ENSELUG00000006709	cas5	13	55340702	55394765
110539043	ENSELUG00000006865	cas2	13	56125290	56203810
110539052	ENSELUG00000016540	cas3	12	87871380	87921093
110539057	ENSELUG00000002002	cas2	7	6526144	6529915
110539058	ENSELUG00000002002	cas2	18	12086108	12092145
110539061	ENSELUG00000013598	cas7	13	73034072	73111759
110539063	ENSELUG00000013627	cas2	13	73144049	73157632
110539065	ENSELUG00000013491	cas2	12	100549187	100558850
110539066	ENSELUG00000013598	cas7	12	100562466	100624182
110539069	ENSELUG00000012240	cas2	12	99902541	99918467
110539072	ENSELUG00000023639	cas2	2	25428983	25443516
110539073	ENSELUG00000012268	cas2	12	99969674	99985905
110539075	ENSELUG00000011223	cas2	13	70266550	70289780
110539076	ENSELUG00000011308	cas4	12	97620303	97715255
110539077	ENSELUG00000023340	cas2	12	61559472	61572862
110539084	ENSELUG00000022983	cas5	12	61473386	61494769
110539087	ENSELUG00000023184	cas2	12	61509302	61521108
110539093	ENSELUG00000022947	cas2	12	61353245	61365308
110539094	ENSELUG00000023446	cas2	12	61674727	61682763
110539097	ENSELUG00000023397	cas2	12	61617535	61638811
110539105	ENSELUG00000023247	cas2	12	61544105	61549800
110539107	ENSELUG00000023197	cas1	12	61524698	61530938
110539111	ENSELUG00000023389	cas2	12	61604444	61613176
110539130	ENSELUG00000021439	cas1	12	21523514	21524891
110539151	ENSELUG00000024188	cas5	2	26323007	26326895
110539163	ENSELUG00000014247	cas2	12	66898780	66903226
110539166	ENSELUG00000018145	cas2	12	69965506	69967488
110539167	ENSELUG00000018556	cas2	12	70370066	70371951
110539173	ENSELUG00000024199	cas5	2	26452681	26547503
110539178	ENSELUG00000019479	cas5	12	81453861	81468028
110539183	ENSELUG00000011811	cas2	12	99070996	99088300
110539185	ENSELUG00000010165	cas2	12	98981761	99019633
110539228	ENSELUG00000024232	cas2	2	26585791	26588645
110539269	ENSELUG00000001025	cas2	2	26629576	26640996
110539285	ENSELUG00000024425	cas2	2	26641958	26675649
118936239	ENSELUG00000001835	cas4	15	62905964	62932588
118936243	ENSELUG00000003155	cas2	2	14344891	14356726
118936246	ENSELUG00000011156	cas2	2	15879867	15895779
118936253	ENSELUG00000008560	cas2	12	87343989	87346540
118936255	ENSELUG00000004581	cas5	12	85472696	85477718
118936256	ENSELUG00000002533	cas3	18	10960744	10967479
118936258	ENSELUG00000022500	cas1	8	71818420	71829182
118936263	ENSELUG00000017996	cas1	7	61487933	61514684
118936271	ENSELUG00000003966	cas1	17	50778594	50810704
118936274	ENSELUG00000023224	cas2	26	45862305	45884436
118936277	ENSELUG00000019917	cas2	13	49134951	49138251
118936285	ENSELUG00000013141	cas1	1	24921155	24938709
118936289	ENSELUG00000008703	cas1	25	3607505	3632622
118936294	ENSELUG00000005418	cas1	5	44752915	44757984
118936296	ENSELUG00000011763	cas1	21	54202804	54203516
118936297	ENSELUG00000003989	cas1	14	8970706	8974546
118936298	ENSELUG00000013476	cas1	5	52222828	52230021
118936299	ENSELUG00000002724	cas1	14	10976576	10981920
118936301	ENSELUG00000006998	cas7	2	8466107	8471522
118936304	ENSELUG00000017153	cas2	13	46173911	46176558
118936310	ENSELUG00000005464	cas2	12	95287208	95296108
118936319	ENSELUG00000014977	cas2	17	11612529	11615597
118936325	ENSELUG00000019716	cas5	13	10661587	10670450
118936330	ENSELUG00000011405	cas3	16	54635385	54635876
118936337	ENSELUG00000017624	cas1	30	17816381	17828238
118936341	ENSELUG00000020894	cas2	6	89973608	89981678
118936345	ENSELUG00000020186	cas5	6	90730463	90757267
118936347	ENSELUG00000021882	cas4	4	17800016	17821984
118936358	ENSELUG00000000438	cas2	19	8508698	8518764
118936367	ENSELUG00000020432	cas2	13	9545286	9562004
118936373	ENSELUG00000004480	cas2	15	57270302	57285431
118936388	ENSELUG00000023514	cas1	9	35564261	35566271
118936389	ENSELUG00000011980	cas2	13	71355792	71379128
118936409	ENSELUG00000016045	cas2	2	19591539	19595179
118936412	ENSELUG00000002710	cas2	26	42591623	42605399
118936437	ENSELUG00000004241	cas2	6	79900419	79918294
118936449	ENSELUG00000011054	cas2	21	647909	710000
118936456	ENSELUG00000023156	cas2	21	14566540	14579473
118936464	ENSELUG00000002189	cas1	19	50526941	50529343
118936473	ENSELUG00000013681	cas2	23	8303445	8314375
118936478	ENSELUG00000010452	cas2	26	29947431	29978596
118936481	ENSELUG00000014437	cas2	12	91498374	91531581
118936502	ENSELUG00000006975	cas5	2	8480516	8505603
118936503	ENSELUG00000007172	cas2	2	8132439	8159036
118936512	ENSELUG00000011255	cas2	12	97746736	97764018
118936514	ENSELUG00000010596	cas5	12	98259570	98266027
118936519	ENSELUG00000014726	cas2	13	4770679	4796554
118936521	ENSELUG00000020375	cas2	13	9630367	9652155
118936522	ENSELUG00000020053	cas2	13	10088482	10093403
118936529	ENSELUG00000012586	cas2	13	64969176	65045461
118936532	ENSELUG00000012268	cas2	13	68060511	68080014
118936535	ENSELUG00000022531	cas2	15	69611623	69614219
118936537	ENSELUG00000021236	cas6	15	71173970	71198905
118936538	ENSELUG00000012238	cas2	15	74257535	74325622
118936542	ENSELUG00000009387	cas2	15	80370567	80391741
118936543	ENSELUG00000013532	cas2	16	70127253	70133280
118936549	ENSELUG00000011115	cas2	17	8048682	8070845
118936552	ENSELUG00000014959	cas2	17	11619021	11643111
118936553	ENSELUG00000000862	cas2	17	15705543	15728989
118936554	ENSELUG00000021659	cas2	17	18282427	18303884
118936555	ENSELUG00000023580	cas2	17	20553178	20556960
118936560	ENSELUG00000024215	cas2	18	6021009	6051150
118936563	ENSELUG00000006711	cas4	18	17705378	17715036
118936570	ENSELUG00000013414	cas2	21	4932216	4970391
118936571	ENSELUG00000013516	cas2	21	4998226	5111935
118936573	ENSELUG00000009168	cas2	21	7873615	7878590
118936576	ENSELUG00000011805	cas7	21	9911082	9926166
118936577	ENSELUG00000024096	cas3	21	15923809	15945925
118936578	ENSELUG00000024334	cas2	21	16259629	16284347
118936586	ENSELUG00000014334	cas4	23	3821289	3830217
118936590	ENSELUG00000013840	cas5	23	62560678	62570675
118936594	ENSELUG00000021970	cas5	26	46796050	46805893
118936595	ENSELUG00000016862	cas2	26	8982115	9015487
118936597	ENSELUG00000019843	cas5	26	5725027	5749472
118936599	ENSELUG00000002665	cas2	26	42647765	42668743
118936600	ENSELUG00000021062	cas2	26	49402157	49429547
118936604	ENSELUG00000020152	cas2	26	50834210	50855631
118936609	ENSELUG00000005623	cas3	3	3106571	3120111
118936611	ENSELUG00000005306	cas2	3	3507608	3533097
118936613	ENSELUG00000004210	cas2	3	4764613	4769295
118936661	ENSELUG00000004549	cas2	6	79571838	79577990
118936662	ENSELUG00000002674	cas2	6	82366807	82382011
118936663	ENSELUG00000002503	cas2	6	83345719	83350278
118936664	ENSELUG00000023313	cas2	6	85650228	85664291
118936666	ENSELUG00000018743	cas4	6	93230744	93243824
118936667	ENSELUG00000016115	cas2	6	95623093	95649991
118936670	ENSELUG00000024161	cas3	7	522726	528216
118936672	ENSELUG00000002441	cas2	7	1121826	1148001
118936675	ENSELUG00000002984	cas5	7	2180691	2192254
118936677	ENSELUG00000003124	cas2	7	6901526	6908491
118936686	ENSELUG00000014634	cas2	1	88236581	88270980
118936687	ENSELUG00000013422	cas3	1	89820375	89845196
118936688	ENSELUG00000013652	cas3	1	90109296	90115842
118936689	ENSELUG00000014210	cas2	1	90919995	90970591
118936733	ENSELUG00000015532	cas5	10	69311098	69328941
118936741	ENSELUG00000017102	cas3	10	70897730	70956758
118936763	ENSELUG00000018219	cas4	10	74079315	74092648
118936764	ENSELUG00000018231	cas3	10	74093187	74108411
118936771	ENSELUG00000001063	cas2	10	77149920	77175471
118936772	ENSELUG00000001511	cas2	10	77293441	77317804
118936782	ENSELUG00000012422	cas2	10	78339023	78354474
118936793	ENSELUG00000009540	cas3	10	79291191	79330506
118936798	ENSELUG00000009236	cas4	10	80016957	80021704
118936816	ENSELUG00000008150	cas2	10	81506173	81525398
118936818	ENSELUG00000007992	cas2	10	81558744	81615329
118936819	ENSELUG00000007941	cas4	10	81617460	81672338
118936834	ENSELUG00000007008	cas2	10	82815347	82905732
118936837	ENSELUG00000009625	cas2	10	83549288	83557399
118936842	ENSELUG00000009540	cas3	10	83846363	83878018
118936849	ENSELUG00000009062	cas2	10	84989069	85012466
118936860	ENSELUG00000008150	cas2	10	86183456	86200977
118936863	ENSELUG00000007941	cas4	10	86287581	86323830
118936877	ENSELUG00000006891	cas4	10	87629931	87655775
118936878	ENSELUG00000006606	cas2	10	87764853	87777685
118936902	ENSELUG00000009503	cas2	10	769142	771321
118936983	ENSELUG00000001546	cas2	2	16948431	16950598
118937298	ENSELUG00000015748	cas2	2	87335797	87338557
118937329	ENSELUG00000002070	cas1	11	20107279	20118785
118937342	ENSELUG00000002725	cas3	2	3392646	3405112
118937404	ENSELUG00000006216	cas1	11	76617410	76662227
118937414	ENSELUG00000023806	cas1	11	80045697	80063028
118937639	ENSELUG00000007010	cas4	2	8424288	8429320
118937738	ENSELUG00000023511	cas2	12	73935811	73939198
118937745	ENSELUG00000004144	cas2	2	13405882	13453664
118937748	ENSELUG00000001529	cas3	2	13650806	13661631
118937757	ENSELUG00000023435	cas3	12	84198769	84200766
118937766	ENSELUG00000005342	cas3	12	86399070	86435224
118937768	ENSELUG00000006978	cas2	12	87153683	87171987
118937770	ENSELUG00000008217	cas2	12	87209286	87223563
118937771	ENSELUG00000016737	cas2	12	87592116	87629410
118937780	ENSELUG00000013848	cas3	12	92332159	92335755
118937783	ENSELUG00000013148	cas2	12	93803068	93839627
118937784	ENSELUG00000013207	cas2	12	93729019	93795410
118937785	ENSELUG00000013057	cas2	12	93836015	93867992
118937787	ENSELUG00000013367	cas4	12	93497315	93501466
118937798	ENSELUG00000005574	cas5	12	95380385	95388481
118937802	ENSELUG00000013032	cas2	12	96314326	96365986
118937806	ENSELUG00000012124	cas2	12	97054841	97069129
118937810	ENSELUG00000011137	cas2	12	97894374	97915482
118937811	ENSELUG00000010430	cas2	12	98003597	98017170
118937819	ENSELUG00000021110	cas1	12	56096417	56157978
118937824	ENSELUG00000009458	cas2	12	76474812	76476439
118937825	ENSELUG00000009879	cas5	12	76973502	76975540
118937852	ENSELUG00000013703	cas2	12	100765112	100809399
118937853	ENSELUG00000013112	cas2	12	100258230	100295591
118937858	ENSELUG00000013620	cas2	12	100628440	100651699
118938149	ENSELUG00000016187	cas2	13	4162738	4165860
118938150	ENSELUG00000016174	cas2	13	4170828	4185204
118938158	ENSELUG00000014989	cas2	13	5112831	5115196
118938164	ENSELUG00000015716	cas2	13	5433810	5457065
118938165	ENSELUG00000013549	cas2	13	5600164	5616534
118938170	ENSELUG00000012466	cas2	13	6698319	6717102
118938182	ENSELUG00000019458	cas2	13	7746401	7761076
118938183	ENSELUG00000019575	cas2	13	7925933	8006473
118938189	ENSELUG00000021419	cas2	13	8570729	8594285
118938190	ENSELUG00000021356	cas7	13	8666656	8729215
118938193	ENSELUG00000020762	cas4	13	9100865	9111626
118938197	ENSELUG00000000905	cas2	13	9227454	9246756
118938202	ENSELUG00000020181	cas3	13	9695450	9699472
118938208	ENSELUG00000023079	cas2	13	12490411	12497766
118938212	ENSELUG00000023801	cas4	13	13210870	13262316
118938219	ENSELUG00000003222	cas2	13	15406670	15410656
118938256	ENSELUG00000015398	cas2	2	18773292	18797176
118938276	ENSELUG00000017925	cas2	13	36457354	36460939
118938318	ENSELUG00000024613	cas5	13	51783888	51823957
118938327	ENSELUG00000005558	cas2	13	53743127	53791552
118938331	ENSELUG00000006978	cas2	13	56688583	56919047
118938337	ENSELUG00000015590	cas5	13	59523790	59543119
118938338	ENSELUG00000015543	cas3	13	59546285	59624228
118938342	ENSELUG00000014336	cas5	13	62166249	62174550
118938343	ENSELUG00000014099	cas3	13	62363336	62371232
118938348	ENSELUG00000013815	cas2	13	62899607	62926919
118938357	ENSELUG00000014186	cas2	13	65487948	65503392
118938364	ENSELUG00000010550	cas2	13	69878684	69909395
118938367	ENSELUG00000011308	cas4	13	70321429	70419690
118938371	ENSELUG00000012124	cas2	13	71157738	71170677
118938374	ENSELUG00000012881	cas2	13	71676361	71680969
118938384	ENSELUG00000013620	cas2	13	73115938	73135850
118938385	ENSELUG00000013671	cas2	13	73158841	73210506
118938386	ENSELUG00000013703	cas2	13	73224941	73270584
118938390	ENSELUG00000014167	cas4	13	3353166	3370727
118938391	ENSELUG00000019253	cas2	2	21903363	21966857
118938406	ENSELUG00000013612	cas2	13	3585457	3597076
118938428	ENSELUG00000022158	cas2	13	11171376	11180988
118938430	ENSELUG00000021759	cas3	13	10767708	10769374
118938460	ENSELUG00000020891	cas2	2	22780044	22791836
118938528	ENSELUG00000000893	cas2	13	9575964	9580251
118938558	ENSELUG00000011822	cas2	13	68965273	68966917
118938717	ENSELUG00000005413	cas2	14	30912876	30992444
118938768	ENSELUG00000004783	cas2	14	41918382	41927885
118938770	ENSELUG00000012912	cas1	14	644145	649142
118938772	ENSELUG00000014677	cas5	2	26576953	26579337
118938829	ENSELUG00000011844	cas4	15	66050239	66145267
118938832	ENSELUG00000001775	cas3	15	67071314	67075634
118938834	ENSELUG00000023921	cas3	15	67801074	67803118
118938840	ENSELUG00000009410	cas2	15	71841725	71923263
118938864	ENSELUG00000011583	cas5	15	78148973	78157083
118938865	ENSELUG00000011572	cas3	15	78159791	78194251
118938877	ENSELUG00000010971	cas3	15	79691618	79695469
118938882	ENSELUG00000009403	cas2	15	80836729	80841276
118938931	ENSELUG00000021206	cas3	15	71247916	71263582
118938953	ENSELUG00000003835	cas2	15	1300640	1404290
118939487	ENSELUG00000023571	cas2	16	9238981	9255876
118939489	ENSELUG00000002301	cas1	16	11794339	11801864
118939500	ENSELUG00000016732	cas2	16	4992545	5038804
118939514	ENSELUG00000008959	cas1	16	18604985	18606174
118939536	ENSELUG00000007497	cas1	16	41500704	41503441
118939569	ENSELUG00000001940	cas1	16	62469950	62665506
118939577	ENSELUG00000009279	cas1	16	70043248	70069326
118939596	ENSELUG00000018215	cas2	16	75964289	76061287
118940023	ENSELUG00000018189	cas2	17	14230921	14247448
118940027	ENSELUG00000018623	cas4	17	14565158	14577698
118940028	ENSELUG00000018641	cas5	17	13572211	13576259
118940029	ENSELUG00000017369	cas2	17	13863439	13868827
118940075	ENSELUG00000011214	cas4	17	8246687	8250437
118940077	ENSELUG00000013549	cas2	17	10936035	10952431
118940172	ENSELUG00000011380	cas4	17	119216	160867
118940215	ENSELUG00000010939	cas2	17	4238052	4414577
118940219	ENSELUG00000010722	cas3	17	4566622	4582980
118940220	ENSELUG00000010692	cas2	17	4585872	4623975
118940250	ENSELUG00000011163	cas2	17	8070985	8141262
118940260	ENSELUG00000012216	cas3	17	10012495	10031963
118940266	ENSELUG00000015716	cas2	17	11095533	11111355
118940268	ENSELUG00000015427	cas2	17	11291179	11293091
118940269	ENSELUG00000015520	cas4	17	11212199	11238602
118940272	ENSELUG00000014989	cas2	17	11558702	11561090
118940278	ENSELUG00000014768	cas2	17	11843173	11850743
118940333	ENSELUG00000021419	cas2	17	16215512	16238045
118940339	ENSELUG00000000913	cas2	17	16447553	16461892
118940344	ENSELUG00000020035	cas2	17	17723278	17727642
118940347	ENSELUG00000021684	cas7	17	18303768	18319050
118940349	ENSELUG00000021948	cas3	17	18720958	18721917
118940350	ENSELUG00000022208	cas3	17	19035825	19050381
118940351	ENSELUG00000022266	cas5	17	19115028	19138582
118940354	ENSELUG00000023801	cas4	17	20855888	20908598
118940357	ENSELUG00000024325	cas2	17	21214710	21220785
118940361	ENSELUG00000003172	cas2	17	21985617	21987485
118940426	ENSELUG00000014737	cas1	17	40383185	40385420
118940490	ENSELUG00000006946	cas1	17	72271332	72366973
118940502	ENSELUG00000019307	cas1	17	85042173	85212327
118940507	ENSELUG00000010560	cas1	17	86276390	86452362
118940514	ENSELUG00000000570	cas1	17	93057698	93078808
118941019	ENSELUG00000024564	cas2	18	6146666	6157976
118941030	ENSELUG00000001909	cas4	18	12252017	12260675
118941032	ENSELUG00000001301	cas2	18	12230271	12237346
118941034	ENSELUG00000001866	cas2	18	12448562	12454072
118941037	ENSELUG00000001886	cas2	18	12308955	12317593
118941040	ENSELUG00000023869	cas7	18	4618088	4624857
118941041	ENSELUG00000011961	cas3	18	7497523	7507193
118941042	ENSELUG00000003147	cas2	18	11791601	11802738
118941070	ENSELUG00000002958	cas5	18	399768	422254
118941073	ENSELUG00000003168	cas2	18	774850	784873
118941081	ENSELUG00000001344	cas2	18	7682749	7707846
118941082	ENSELUG00000012165	cas3	18	7716195	7733810
118941087	ENSELUG00000002142	cas2	18	9391447	9402475
118941088	ENSELUG00000002443	cas2	18	10146949	10149129
118941089	ENSELUG00000002477	cas4	18	10362570	10368578
118941092	ENSELUG00000002609	cas2	18	10978682	11090629
118941094	ENSELUG00000002929	cas2	18	11355677	11363249
118941095	ENSELUG00000003192	cas2	18	11809043	11814232
118941096	ENSELUG00000003317	cas2	18	11862917	11868870
118941097	ENSELUG00000003332	cas4	18	11877113	11898774
118941098	ENSELUG00000002006	cas2	18	12082853	12085584
118941189	ENSELUG00000003794	cas4	18	54316124	54317624
118941205	ENSELUG00000007252	cas1	18	65192942	65223522
118941360	ENSELUG00000014568	cas2	19	38640193	38644960
118941361	ENSELUG00000003852	cas1	19	45786706	45789270
118941386	ENSELUG00000018219	cas4	19	763997	783076
118941415	ENSELUG00000017504	cas6	19	3687991	3692012
118941427	ENSELUG00000017188	cas7	19	5405466	5424393
118941430	ENSELUG00000016817	cas3	19	5943625	5966079
118941435	ENSELUG00000012063	cas2	19	8447562	8454065
118941436	ENSELUG00000012083	cas2	19	8479600	8485303
118941442	ENSELUG00000012422	cas2	19	8848001	8874372
118941489	ENSELUG00000002187	cas1	19	50577645	50582403
118942012	ENSELUG00000018314	cas1	20	35701200	35702156
118942021	ENSELUG00000015709	cas3	20	43448714	43494181
118942053	ENSELUG00000019063	cas1	20	22414614	22446035
118942819	ENSELUG00000006730	cas1	21	64923489	64930766
118942821	ENSELUG00000011019	cas2	21	225129	464574
118942825	ENSELUG00000001636	cas7	21	1363229	1446417
118942832	ENSELUG00000013570	cas5	21	5173660	5179939
118942834	ENSELUG00000013662	cas2	21	5236240	5313033
118942847	ENSELUG00000001102	cas7	21	7303605	7307397
118942848	ENSELUG00000010971	cas3	21	7380579	7384439
118942853	ENSELUG00000009374	cas5	21	8003415	8009468
118942854	ENSELUG00000009403	cas2	21	8524956	8532810
118942855	ENSELUG00000009755	cas7	21	8770887	8791070
118942856	ENSELUG00000009776	cas2	21	8806446	8808961
118942857	ENSELUG00000009819	cas2	21	8819609	8898371
118942865	ENSELUG00000010254	cas2	21	9261999	9277148
118942868	ENSELUG00000011572	cas3	21	9824850	9864743
118942874	ENSELUG00000010628	cas4	21	10900849	10902569
118942881	ENSELUG00000020877	cas5	21	11888564	11891512
118942893	ENSELUG00000001782	cas3	21	16758800	16777177
118942984	ENSELUG00000005089	cas3	21	64776566	64790358
118943005	ENSELUG00000021206	cas3	21	12368869	12384112
118943619	ENSELUG00000000407	cas1	22	50522004	50533748
118943826	ENSELUG00000013954	cas2	23	8715915	8728661
118943827	ENSELUG00000013942	cas5	23	8665409	8677018
118943830	ENSELUG00000013564	cas2	23	8104260	8154171
118943837	ENSELUG00000012116	cas3	23	60175799	60186032
118943842	ENSELUG00000014318	cas5	23	3791039	3820702
118943899	ENSELUG00000017335	cas2	23	2513979	2528846
118943919	ENSELUG00000013659	cas3	23	8290470	8303415
118943921	ENSELUG00000014198	cas2	23	3555983	3601859
118943930	ENSELUG00000012943	cas3	23	61991088	62010652
118943938	ENSELUG00000013610	cas4	23	62283337	62293021
118943940	ENSELUG00000013744	cas2	23	62425844	62471811
118943942	ENSELUG00000013906	cas7	23	62770035	62776655
118943992	ENSELUG00000014954	cas2	24	2534376	2542610
118944009	ENSELUG00000008215	cas2	24	41988723	42023238
118944016	ENSELUG00000018453	cas1	24	10730732	10758090
118944049	ENSELUG00000014482	cas1	24	34921705	34925282
118944062	ENSELUG00000016293	cas2	2	19693116	19695560
118944081	ENSELUG00000014710	cas1	24	27283504	27287371
118944088	ENSELUG00000023515	cas1	24	12701341	12706586
118944259	ENSELUG00000001603	cas1	25	12134910	12240158
118944314	ENSELUG00000019414	cas2	25	40905174	40917555
118944331	ENSELUG00000018169	cas1	25	37744427	37764974
118944394	ENSELUG00000002702	cas2	26	42603751	42608866
118944396	ENSELUG00000016752	cas4	26	8964942	8981623
118944397	ENSELUG00000019453	cas2	26	6373018	6389822
118944410	ENSELUG00000019621	cas2	26	6031235	6045824
118944417	ENSELUG00000016235	cas2	26	7926602	7937829
118944433	ENSELUG00000017444	cas3	26	5190163	5207807
118944439	ENSELUG00000019353	cas2	26	6449455	6796694
118944446	ENSELUG00000000921	cas5	26	50008794	50020545
118944448	ENSELUG00000019531	cas2	26	6345289	6352326
118944455	ENSELUG00000003440	cas2	26	41723275	41738093
118944459	ENSELUG00000002994	cas2	26	42118421	42138004
118944463	ENSELUG00000016278	cas2	26	8096974	8103779
118944471	ENSELUG00000007010	cas4	3	2225818	2229438
118944482	ENSELUG00000000744	cas2	26	2856093	2905683
118944495	ENSELUG00000021039	cas2	26	49938071	49940598
118944496	ENSELUG00000024579	cas2	3	18175433	18178854
118944498	ENSELUG00000003550	cas2	26	41450264	41460377
118944501	ENSELUG00000016416	cas2	26	8377039	8460105
118944505	ENSELUG00000016282	cas2	26	8129328	8143363
118944518	ENSELUG00000016710	cas2	26	8880465	8893160
118944524	ENSELUG00000018803	cas2	26	7455221	7528244
118944527	ENSELUG00000018550	cas2	26	7712155	7732052
118944530	ENSELUG00000019079	cas2	26	7133239	7143348
118944531	ENSELUG00000016884	cas4	26	943643	1050118
118944694	ENSELUG00000000250	cas1	3	64884338	64895983
118944764	ENSELUG00000014710	cas1	27	30041295	30043448
118944807	ENSELUG00000001471	cas1	28	31253933	31254937
118944819	ENSELUG00000000628	cas4	28	18215198	18222845
118944843	ENSELUG00000004164	cas2	3	4829858	4834588
118944880	ENSELUG00000009287	cas2	3	6354095	6377182
118945261	ENSELUG00000006972	cas1	Y	13722252	13727337
118945262	ENSELUG00000011420	cas1	Y	18834413	18842206
118945337	ENSELUG00000017724	cas1	Y	46504069	46563999
118945757	ENSELUG00000023938	cas5	30	4566366	4698448
118945763	ENSELUG00000000117	cas3	30	1008749	1028587
118945773	ENSELUG00000005595	cas1	30	27567817	27571386
118945818	ENSELUG00000006229	cas1	30	27095766	27098459
118945979	ENSELUG00000019253	cas2	3	13121843	13178225
118946009	ENSELUG00000008404	cas1	31	16733843	16735589
118946021	ENSELUG00000019031	cas1	31	27916891	27952655
118946022	ENSELUG00000020051	cas2	31	41088245	41090451
118946051	ENSELUG00000007054	cas3	31	13384814	13392730
118946054	ENSELUG00000023931	cas2	31	9883166	9894880
118946056	ENSELUG00000005413	cas2	31	12908624	12967734
118946074	ENSELUG00000001452	cas3	31	1695477	1704847
118946105	ENSELUG00000023441	cas2	3	16551435	16575223
118946455	ENSELUG00000023209	cas1	32	35534976	35538969
118946483	ENSELUG00000002334	cas1	32	9627690	9638858
118946517	ENSELUG00000002897	cas1	32	10532200	10535485
118946523	ENSELUG00000016160	cas1	32	5040880	5067538
118948024	ENSELUG00000010974	cas1	1	24091604	24102924
118964335	ENSELUG00000012695	cas4	3	82717088	82725265
118964336	ENSELUG00000000407	cas1	3	83647331	83770550
118964348	ENSELUG00000006893	cas5	3	2546234	2553372
118964349	ENSELUG00000006235	cas2	3	2963646	2988272
118964351	ENSELUG00000010759	cas5	3	6948445	6952369
118964486	ENSELUG00000006491	cas1	4	44084616	44110268
118964572	ENSELUG00000024299	cas1	5	16792247	16869454
118964739	ENSELUG00000008358	cas2	5	99767766	99857583
118964806	ENSELUG00000023806	cas1	6	4354986	4364743
118964936	ENSELUG00000003440	cas2	6	81467206	81480991
118964941	ENSELUG00000002702	cas2	6	82343326	82347422
118964956	ENSELUG00000022815	cas2	6	86412592	86424523
118964958	ENSELUG00000022283	cas2	6	87196781	87199100
118964962	ENSELUG00000021051	cas2	6	89556379	89561289
118964966	ENSELUG00000020423	cas5	6	90644590	90660111
118964968	ENSELUG00000020038	cas4	6	90980724	91023428
118964972	ENSELUG00000019542	cas2	6	91970091	91973388
118964977	ENSELUG00000019353	cas2	6	92134573	92414642
118964981	ENSELUG00000019142	cas2	6	92665128	92680265
118964982	ENSELUG00000018962	cas5	6	92809751	92820481
118964984	ENSELUG00000018550	cas2	6	93383918	93413950
118964985	ENSELUG00000018487	cas4	6	93451528	93479785
118964990	ENSELUG00000016282	cas2	6	93846449	93863112
118964994	ENSELUG00000016710	cas2	6	94627554	94631431
118965000	ENSELUG00000001348	cas3	6	95996933	96012900
118965010	ENSELUG00000017700	cas2	6	99479772	99526615
118965014	ENSELUG00000017177	cas2	6	100095728	100116331
118965206	ENSELUG00000003179	cas2	7	1811683	1814154
118965217	ENSELUG00000012121	cas3	7	5008090	5020268
118965228	ENSELUG00000002006	cas2	7	6531104	6533135
118965229	ENSELUG00000003192	cas2	7	6846118	6849716
118965235	ENSELUG00000002259	cas2	7	8505578	8520080
118965239	ENSELUG00000002609	cas2	7	9783076	9876545
118965241	ENSELUG00000002929	cas2	7	10166025	10174228
118965246	ENSELUG00000022949	cas2	7	11496553	11498867
118965247	ENSELUG00000022408	cas7	7	11774462	11776663
118965247	ENSELUG00000022499	cas3	7	11774462	11776663
118965249	ENSELUG00000003909	cas2	7	12918748	12923179
118965258	ENSELUG00000007284	cas3	7	15517843	15522198
118965264	ENSELUG00000008880	cas5	7	16327118	16333701
118965293	ENSELUG00000018300	cas1	1	67796955	67813744
118965305	ENSELUG00000005072	cas6	1	68486914	68495090
118965316	ENSELUG00000008146	cas6	7	71462666	71466339
118965336	ENSELUG00000024103	cas3	7	5642939	5675533
118965341	ENSELUG00000002279	cas4	7	8590381	8592862
118965348	ENSELUG00000023005	cas3	7	17322665	17326351
118965355	ENSELUG00000022005	cas1	7	41615584	41616729
118965374	ENSELUG00000001301	cas2	7	6369521	6376638
118965477	ENSELUG00000007999	cas4	8	2021868	2027055
118965482	ENSELUG00000005588	cas1	8	3595051	3668376
118965528	ENSELUG00000021197	cas1	8	54557953	54670115
118965548	ENSELUG00000022181	cas5	8	71461083	71462587
118965936	ENSELUG00000011915	cas1	9	40760552	40762438
118965979	ENSELUG00000000311	cas1	9	5384817	5392357
118965980	ENSELUG00000012021	cas1	9	6481631	6490957
118966023	ENSELUG00000013610	cas4	1	86400742	86409832
118966075	ENSELUG00000013490	cas3	1	89900338	89902518
118966091	ENSELUG00000014394	cas2	1	91317168	91530447
118966104	ENSELUG00000012490	cas1	9	68890470	68894840
118966118	ENSELUG00000017290	cas2	9	73334718	73343470
118966122	ENSELUG00000018215	cas2	9	74377072	74502988
118966142	ENSELUG00000016733	cas3	1	95474779	95478784
118966144	ENSELUG00000016885	cas2	1	95635161	95672256
118966633	ENSELUG00000016692	cas2	10	44330184	44340628
118966680	ENSELUG00000008569	cas1	10	1235186	1261892
118966684	ENSELUG00000007150	cas1	10	3001159	3059451
118966698	ENSELUG00000019770	cas1	10	6809001	7034472
118966703	ENSELUG00000020319	cas1	10	7793602	7893155
118966717	ENSELUG00000016758	cas2	10	21255253	21262561
118966724	ENSELUG00000012116	cas3	1	85161750	85171855
118966764	ENSELUG00000008602	cas1	10	36652707	36665717
118966777	ENSELUG00000001456	cas1	10	42544611	42553273
118966790	ENSELUG00000021457	cas1	10	46504220	46507756
