ENSELUG00000008701	110491501	110499128	0
ENSELUG00000014924	110500666	110531808	0
ENSELUG00000005551	110485794	110493548	1
ENSELUG00000002230	110490481	110499986	1
ENSELUG00000002546	110488806	110505011	0
ENSELUG00000003774	110525933	110536310	0
ENSELUG00000016102	110499244	110502957	0
ENSELUG00000009728	110494455	110527993	0
ENSELUG00000019878	110486662	110538622	1
ENSELUG00000018010	110525634	110536001	0
ENSELUG00000006552	110533731	110537387	0
ENSELUG00000024001	110485678	110487281	1
ENSELUG00000013169	110521531	110524393	0
ENSELUG00000003136	110497052	110497053	1
ENSELUG00000019142	110506999	118964981	1
ENSELUG00000003146	110525353	110535758	0
ENSELUG00000006156	110492890	110521350	0
ENSELUG00000007241	110492005	110516183	0
ENSELUG00000019721	110486282	110538218	1
ENSELUG00000020231	110502279	110526449	0
ENSELUG00000013681	110515023	118936473	1
ENSELUG00000013677	110485973	110493695	1
ENSELUG00000008592	110494034	110528431	0
ENSELUG00000011191	110518702	110520786	1
ENSELUG00000001900	110495544	110527232	1
ENSELUG00000019960	110499381	110502702	0
ENSELUG00000017224	110525662	110536031	0
ENSELUG00000014458	110488239	110496342	0
ENSELUG00000006353	110502140	110505314	0
ENSELUG00000007598	110496049	110514094	0
ENSELUG00000005702	110492825	110521342	0
ENSELUG00000024140	110514102	110516570	1
ENSELUG00000006142	100136621	110527938	0
ENSELUG00000000473	110487797	110515267	1
ENSELUG00000008015	110523967	110536954	0
ENSELUG00000008554	110489944	110535621	0
ENSELUG00000022566	110488874	110505071	0
ENSELUG00000001405	110521056	110529668	0
ENSELUG00000009220	110503239	110507232	0
ENSELUG00000013954	110532996	118943826	1
ENSELUG00000012684	110491853	110532757	0
ENSELUG00000011149	110509742	110522888	0
ENSELUG00000013991	110488554	110504769	0
ENSELUG00000020539	110508906	110530130	0
ENSELUG00000014303	110502413	110528057	0
ENSELUG00000000546	110508670	110530384	0
ENSELUG00000005771	110487637	110496106	0
ENSELUG00000021906	110502566	110524216	0
ENSELUG00000017448	110488098	110496704	0
ENSELUG00000005073	110487955	110496574	0
ENSELUG00000023024	110522235	110529617	0
ENSELUG00000023926	110509000	110530057	0
ENSELUG00000017298	110493408	110493411	1
ENSELUG00000013384	110508697	110530353	0
ENSELUG00000006586	110508800	110530224	0
ENSELUG00000021033	110495943	110527558	1
ENSELUG00000021515	100301824	110508881	0
ENSELUG00000023397	110521893	110539097	1
ENSELUG00000010948	110493874	110527643	0
ENSELUG00000020596	100305314	110527733	0
ENSELUG00000006897	110486399	110538388	1
ENSELUG00000000330	110491504	110499126	0
ENSELUG00000024056	110488108	110496466	0
ENSELUG00000002142	110497028	118941087	1
ENSELUG00000002993	110485979	110524081	0
ENSELUG00000024156	110509554	110523337	0
ENSELUG00000005457	110509380	110534149	0
ENSELUG00000014755	110486166	110538088	1
ENSELUG00000009737	110487546	110538310	1
ENSELUG00000018617	110508958	110530088	0
ENSELUG00000012714	110502442	110528425	0
ENSELUG00000019935	110499382	110502703	0
ENSELUG00000006336	110502503	110529484	0
ENSELUG00000002596	110525963	110536346	0
ENSELUG00000016123	110491121	110532014	0
ENSELUG00000014667	110508696	110536756	1
ENSELUG00000015946	110522000	110529362	0
ENSELUG00000022440	110488881	110505078	0
ENSELUG00000022189	110489295	110496179	0
ENSELUG00000013158	110503576	110507452	0
ENSELUG00000019318	110492179	110532429	0
ENSELUG00000015299	110494332	110528103	0
ENSELUG00000022228	110488051	110496670	0
ENSELUG00000002926	110498032	110505415	0
ENSELUG00000004212	110490399	110500082	1
ENSELUG00000000928	110523746	110537192	0
ENSELUG00000004243	110497702	110505765	0
ENSELUG00000017756	110501375	110520594	0
ENSELUG00000020525	110525584	110535947	0
ENSELUG00000022475	110495454	110495471	1
ENSELUG00000002557	110509566	110523350	0
ENSELUG00000024352	110494124	110528303	0
ENSELUG00000005031	101268964	110530007	0
ENSELUG00000003000	110490443	110500036	1
ENSELUG00000001959	110490519	110499940	1
ENSELUG00000019609	100499174	100499175	0
ENSELUG00000014991	110502402	110527905	0
ENSELUG00000005665	110492059	110532614	0
ENSELUG00000015492	110521491	110524355	0
ENSELUG00000009180	110487764	110504688	0
ENSELUG00000002853	110488950	110505150	0
ENSELUG00000023714	110508839	110530192	0
ENSELUG00000023624	110501329	110521162	1
ENSELUG00000007879	110509692	110523476	0
ENSELUG00000018032	110491124	110531987	0
ENSELUG00000021516	110534852	110537813	0
ENSELUG00000013213	110533908	110537223	0
ENSELUG00000020607	110487257	110494898	1
ENSELUG00000003276	110523863	110537070	0
ENSELUG00000016644	110494299	110528140	0
ENSELUG00000014189	110497371	110534525	1
ENSELUG00000003755	110494050	110528370	0
ENSELUG00000002187	110505362	118941489	0
ENSELUG00000021961	110489951	110535617	0
ENSELUG00000001060	110525558	110535928	0
ENSELUG00000005527	110491060	110532609	0
ENSELUG00000018850	110525611	110535977	0
ENSELUG00000008568	100305334	110499124	0
ENSELUG00000002536	110525965	110536343	0
ENSELUG00000007743	110506698	110526567	1
ENSELUG00000012926	110489641	110535375	0
ENSELUG00000023490	110486366	110538424	1
ENSELUG00000011471	110499545	110502805	0
ENSELUG00000023451	110509353	110523327	1
ENSELUG00000009227	110508771	110530264	0
ENSELUG00000023606	110489299	110496141	0
ENSELUG00000015622	110508236	110530011	0
ENSELUG00000008161	110501792	110520290	0
ENSELUG00000016305	110488619	110504826	0
ENSELUG00000005464	110486791	118936310	1
ENSELUG00000005211	110490374	110500106	1
ENSELUG00000011420	110523532	118945262	0
ENSELUG00000003422	110508520	110530543	0
ENSELUG00000003933	110492094	110532568	0
ENSELUG00000020832	110495820	110527442	1
ENSELUG00000013416	110501952	110510426	0
ENSELUG00000006019	110506286	110526164	1
ENSELUG00000008210	110486429	110538359	1
ENSELUG00000017068	100136654	110494284	0
ENSELUG00000018277	110510023	110534028	0
ENSELUG00000014972	110498437	110498439	1
ENSELUG00000007635	110502121	110505387	0
ENSELUG00000023389	110521895	110539111	1
ENSELUG00000016086	110504071	110507903	0
ENSELUG00000016764	110502354	110527319	0
ENSELUG00000006675	110498323	110498423	1
ENSELUG00000018733	100135887	110538192	1
ENSELUG00000005904	110501838	110520236	0
ENSELUG00000009835	110499442	110502775	0
ENSELUG00000014139	110494361	110528074	0
ENSELUG00000005558	110486798	118938327	1
ENSELUG00000016873	110499230	110502946	0
ENSELUG00000016975	110499227	110503025	0
ENSELUG00000014311	110506519	110526399	1
ENSELUG00000009267	110490910	110535425	0
ENSELUG00000014559	110500826	110532908	0
ENSELUG00000007172	110506574	118936503	1
ENSELUG00000020297	110525585	110535948	0
ENSELUG00000015517	110509964	110533975	0
ENSELUG00000022899	110497626	110505829	0
ENSELUG00000022209	110490105	110519325	1
ENSELUG00000006580	110527379	110528763	1
ENSELUG00000022768	110492754	110532506	0
ENSELUG00000004292	110510173	110534172	0
ENSELUG00000003247	110498019	110505430	0
ENSELUG00000010088	110488163	110496419	0
ENSELUG00000004565	110497970	110505487	0
ENSELUG00000001511	110519453	118936772	1
ENSELUG00000013993	110485978	110493701	1
ENSELUG00000013841	110502421	110528163	0
ENSELUG00000022183	110525575	110535944	0
ENSELUG00000017055	110502365	110527449	0
ENSELUG00000013618	110488550	110504765	0
ENSELUG00000021492	110486338	110538282	1
ENSELUG00000018004	110492418	110531988	0
ENSELUG00000020519	110522189	110529563	0
ENSELUG00000024068	110488107	110496467	0
ENSELUG00000019029	110500590	110531717	0
ENSELUG00000016708	110499232	110502948	0
ENSELUG00000001046	110498015	110523110	0
ENSELUG00000013109	110522048	110529433	0
ENSELUG00000017980	110509874	110523660	0
ENSELUG00000000832	110525265	110535688	0
ENSELUG00000017913	110503717	110507599	1
ENSELUG00000007904	110490143	110501070	1
ENSELUG00000016665	110488293	110496287	0
ENSELUG00000012238	110511232	118936538	1
ENSELUG00000007224	110501808	110520269	0
ENSELUG00000003117	110495621	110495622	1
ENSELUG00000007435	110533749	110537369	0
ENSELUG00000020568	110523720	110537206	0
ENSELUG00000017397	110495325	110520584	0
ENSELUG00000016885	110515341	118966144	1
ENSELUG00000003150	110525995	110536365	0
ENSELUG00000006909	110492019	110532648	0
ENSELUG00000013964	100305278	100499589	0
ENSELUG00000008606	110488490	110495994	0
ENSELUG00000023608	110494628	110527838	0
ENSELUG00000002831	110511285	118947555	1
ENSELUG00000023576	110522246	110529628	0
ENSELUG00000006223	110486382	110538410	1
ENSELUG00000015037	110498389	110505270	0
ENSELUG00000013478	110522033	110529419	0
ENSELUG00000002222	110491342	110498739	1
ENSELUG00000002182	110498379	110504192	0
ENSELUG00000017272	110500608	110531745	0
ENSELUG00000024278	110523783	110537140	0
ENSELUG00000022520	110501271	110524203	0
ENSELUG00000001873	110495532	110495534	1
ENSELUG00000011050	110501261	110519965	0
ENSELUG00000008217	110486910	118937770	1
ENSELUG00000002486	110527274	110527275	1
ENSELUG00000022367	110521019	110537966	1
ENSELUG00000023073	110485210	110538682	1
ENSELUG00000012687	110494390	110528046	0
ENSELUG00000001459	110491185	110532854	0
ENSELUG00000007564	110491647	110498794	0
ENSELUG00000018982	110486265	110538198	1
ENSELUG00000018747	110487753	110537865	0
ENSELUG00000016737	110485250	118937771	1
ENSELUG00000008252	110486430	110538357	1
ENSELUG00000005798	110501839	110520237	0
ENSELUG00000009653	110518928	118947753	1
ENSELUG00000019633	110499092	110502873	0
ENSELUG00000007880	110486888	110486890	1
ENSELUG00000007678	110521551	110524417	0
ENSELUG00000019264	110498232	110504264	0
ENSELUG00000021021	110523741	110537191	0
ENSELUG00000015450	110500645	110531793	0
ENSELUG00000013623	110492343	110532056	0
ENSELUG00000002625	110523840	110537086	0
ENSELUG00000013112	110517414	118937853	1
ENSELUG00000021138	110495813	110527434	1
ENSELUG00000015783	110504080	110507911	0
ENSELUG00000003114	110486340	110524084	0
ENSELUG00000013137	110488540	110504752	0
ENSELUG00000024066	110497815	110522809	0
ENSELUG00000021698	110502247	110526041	0
ENSELUG00000007038	110492016	110532651	0
ENSELUG00000023145	110489271	110496149	0
ENSELUG00000004260	110526009	110536376	0
ENSELUG00000004172	110508492	110530591	0
ENSELUG00000018133	110525282	110535702	0
ENSELUG00000023767	110492134	110532529	0
ENSELUG00000018944	110508218	110530092	0
ENSELUG00000010763	110525782	110536159	0
ENSELUG00000019742	110511547	110515667	1
ENSELUG00000004097	110518431	110519217	1
ENSELUG00000006901	110494654	110527809	0
ENSELUG00000022336	110508585	110530479	0
ENSELUG00000013376	110500704	110531843	0
ENSELUG00000018728	110522155	110529532	0
ENSELUG00000020953	110502265	110526301	0
ENSELUG00000023491	110499459	110524190	0
ENSELUG00000003625	110491395	110498992	0
ENSELUG00000001471	110530102	118944807	0
ENSELUG00000014748	110489657	110535335	0
ENSELUG00000002645	110525973	110536349	0
ENSELUG00000007631	110533756	110537364	0
ENSELUG00000014370	110493894	110528548	0
ENSELUG00000005160	110495677	110527345	1
ENSELUG00000002301	110498942	118939489	0
ENSELUG00000008869	110489086	110504656	0
ENSELUG00000001344	110518830	118941081	1
ENSELUG00000003383	110508523	110530540	0
ENSELUG00000011955	110489416	110496380	0
ENSELUG00000004348	110523898	110537025	0
ENSELUG00000015427	110485445	118940268	1
ENSELUG00000021550	110488039	110496656	0
ENSELUG00000004421	110509022	110530040	0
ENSELUG00000021598	110494715	110527745	0
ENSELUG00000009801	110508763	110530278	0
ENSELUG00000007551	110486192	110513063	1
ENSELUG00000003888	110494585	110527884	0
ENSELUG00000004740	110492074	110532588	0
ENSELUG00000002989	110509575	110522814	0
ENSELUG00000018698	110486624	110538591	1
ENSELUG00000002256	110491344	110498740	0
ENSELUG00000009963	110491010	110534222	0
ENSELUG00000019846	110494753	110527718	0
ENSELUG00000012251	110522460	110529860	0
ENSELUG00000019313	110494246	110528182	0
ENSELUG00000017279	110511741	110514501	1
ENSELUG00000022078	110486710	110538656	1
ENSELUG00000009014	110535707	110535723	1
ENSELUG00000007737	110500368	110525078	0
ENSELUG00000007212	110508855	110530174	0
ENSELUG00000016966	110509094	110529969	0
ENSELUG00000001598	110491526	110499148	0
ENSELUG00000005055	110489999	110535587	0
ENSELUG00000023313	110506195	118936664	1
ENSELUG00000001611	110486400	110538389	1
ENSELUG00000001353	110488829	110505037	0
ENSELUG00000006267	110506735	110526599	1
ENSELUG00000018329	110504009	110507838	0
ENSELUG00000017387	110492612	110522734	0
ENSELUG00000018945	110509887	110523679	0
ENSELUG00000015175	110500660	110531788	0
ENSELUG00000023532	110501915	110520143	0
ENSELUG00000013541	110507529	110524018	0
ENSELUG00000001199	110506077	110506164	1
ENSELUG00000008756	110487762	110504389	0
ENSELUG00000018176	110499192	110502913	0
ENSELUG00000011373	110494423	110528970	0
ENSELUG00000021617	110488042	110496658	0
ENSELUG00000008046	110533768	110537354	0
ENSELUG00000021986	110523757	110537162	0
ENSELUG00000010457	110525785	110536160	0
ENSELUG00000015947	110497541	110505223	0
ENSELUG00000017601	110499211	110502927	0
ENSELUG00000020159	101268920	110525240	0
ENSELUG00000023448	110497635	110505822	0
ENSELUG00000006487	110509664	110523446	0
ENSELUG00000023735	110494141	110528293	0
ENSELUG00000021623	110502249	110525977	0
ENSELUG00000014028	110500314	110531425	0
ENSELUG00000018646	110508633	110530428	0
ENSELUG00000004125	110492362	110521282	0
ENSELUG00000010041	110494776	110527696	0
ENSELUG00000021858	110502819	110524218	0
ENSELUG00000001002	110522250	110529631	0
ENSELUG00000000256	110486402	110538385	1
ENSELUG00000007669	110501801	110505369	0
ENSELUG00000018744	110493870	110527649	0
ENSELUG00000022057	110488046	110496666	0
ENSELUG00000015848	110498179	110505255	0
ENSELUG00000006469	110533729	110537404	0
ENSELUG00000017724	110534815	118945337	0
ENSELUG00000010514	110510383	118947677	1
ENSELUG00000021787	110523756	110537163	0
ENSELUG00000018448	110499188	110503134	0
ENSELUG00000016463	110490739	110501060	1
ENSELUG00000020178	110506388	110526241	1
ENSELUG00000003799	110495652	110527321	1
ENSELUG00000011199	110515851	110535404	0
ENSELUG00000000095	110525993	110536649	0
ENSELUG00000012269	110491904	110532751	0
ENSELUG00000004340	110526013	110536380	0
ENSELUG00000007560	110493245	110527969	0
ENSELUG00000012012	110487479	110514930	1
ENSELUG00000021107	110508895	110530141	0
ENSELUG00000017856	110521446	110524308	0
ENSELUG00000018605	110485504	110518251	1
ENSELUG00000019332	110503684	110503686	1
ENSELUG00000020648	110510206	110537939	0
ENSELUG00000008527	100136345	110499123	0
ENSELUG00000023228	110508985	110530065	0
ENSELUG00000011029	110500894	110531885	0
ENSELUG00000003815	110491402	110499000	0
ENSELUG00000023894	110515910	110515911	1
ENSELUG00000006644	110511055	110523450	0
ENSELUG00000004751	110506764	110526641	1
ENSELUG00000016732	110499516	118939500	1
ENSELUG00000005241	110486786	110538750	1
ENSELUG00000019248	110494771	110527701	0
ENSELUG00000017355	110495301	110520559	0
ENSELUG00000023711	110523776	110537147	0
ENSELUG00000006386	110492039	110532627	0
ENSELUG00000011547	110509751	110523541	0
ENSELUG00000019996	110507137	110524251	0
ENSELUG00000007295	110496041	110519740	0
ENSELUG00000017701	110522126	110529511	0
ENSELUG00000015712	110498175	110505260	0
ENSELUG00000024318	110509004	110530046	0
ENSELUG00000014361	110511701	110517092	1
ENSELUG00000024504	110491685	110525336	0
ENSELUG00000022385	110488884	110505080	0
ENSELUG00000018913	110508627	110530432	0
ENSELUG00000014537	110506512	110526391	1
ENSELUG00000011994	110487461	110514890	1
ENSELUG00000017644	110525648	110536019	0
ENSELUG00000013445	110491043	110532792	0
ENSELUG00000000623	100136224	110491235	0
ENSELUG00000015107	110488221	110515986	1
ENSELUG00000005378	110485466	110511366	1
ENSELUG00000010797	110499451	110502793	0
ENSELUG00000020851	110501053	110522704	0
ENSELUG00000023972	110525535	110535912	0
ENSELUG00000023363	110508562	110530500	0
ENSELUG00000019249	100135971	110509890	0
ENSELUG00000002243	110498378	110504318	0
ENSELUG00000007998	110490059	110507301	0
ENSELUG00000001915	110491140	110508384	0
ENSELUG00000003406	110498013	110505434	0
ENSELUG00000010927	110507943	110507944	0
ENSELUG00000004554	100136237	110504919	0
ENSELUG00000024375	110487786	110504371	1
ENSELUG00000003556	110490419	110500057	1
ENSELUG00000015136	110522077	110529462	0
ENSELUG00000023978	110488839	110505044	0
ENSELUG00000012214	110509765	110523555	0
ENSELUG00000002363	110496963	110512784	1
ENSELUG00000022153	110489213	110504553	1
ENSELUG00000024593	110500505	110532942	0
ENSELUG00000003596	110495447	110527309	1
ENSELUG00000015802	110509054	110530006	0
ENSELUG00000014357	100305297	110494353	0
ENSELUG00000012944	110501579	110520004	0
ENSELUG00000004886	110502563	110530055	0
ENSELUG00000020100	110495961	110528819	1
ENSELUG00000002334	110496488	118946483	0
ENSELUG00000011523	110491807	110525612	0
ENSELUG00000007628	110501802	110520278	0
ENSELUG00000002281	110490475	110499992	1
ENSELUG00000013180	110503574	110507449	0
ENSELUG00000009630	110507990	110520777	1
ENSELUG00000001151	110508652	110530404	0
ENSELUG00000012653	110499305	110502997	0
ENSELUG00000011292	110533603	110537522	0
ENSELUG00000022171	110525576	110535945	0
ENSELUG00000001258	110486163	110513019	1
ENSELUG00000011459	110509749	110523534	0
ENSELUG00000020872	110512774	110532877	1
ENSELUG00000005126	110497961	110505492	0
ENSELUG00000020845	110506214	110506981	1
ENSELUG00000014078	110521513	110524379	0
ENSELUG00000005290	110522648	110529266	0
ENSELUG00000004897	110526636	110526970	1
ENSELUG00000005990	110502514	110522192	0
ENSELUG00000009956	110491943	110532716	0
ENSELUG00000013309	110512991	110538864	1
ENSELUG00000003348	110498016	110504320	0
ENSELUG00000017435	110495340	110520598	0
ENSELUG00000006691	100500700	100500701	1
ENSELUG00000017383	100136173	100136655	0
ENSELUG00000000841	110502300	110526643	0
ENSELUG00000018752	110492195	110532416	0
ENSELUG00000007292	110486408	110538378	1
ENSELUG00000001107	110521995	110529180	0
ENSELUG00000015364	110512482	110512509	1
ENSELUG00000014210	110531821	118936689	1
ENSELUG00000009833	110492847	110499154	0
ENSELUG00000003357	110500496	110531637	0
ENSELUG00000011987	110508331	110530762	0
ENSELUG00000020250	110508915	110530121	0
ENSELUG00000013097	110533569	110537556	0
ENSELUG00000016002	110503519	110507355	0
ENSELUG00000003750	110492837	110498996	0
ENSELUG00000002575	110488801	110505008	0
ENSELUG00000003600	110488748	110504944	0
ENSELUG00000004005	110497986	110505467	0
ENSELUG00000018235	100135968	100653488	0
ENSELUG00000003587	110500489	110531629	0
ENSELUG00000014738	100136715	110515914	1
ENSELUG00000001211	110488004	110496617	0
ENSELUG00000018697	110487851	110496744	0
ENSELUG00000012218	100136151	110519953	0
ENSELUG00000008808	110491630	110498801	0
ENSELUG00000017909	110486237	110538167	1
ENSELUG00000004153	110490024	110535555	0
ENSELUG00000009107	110486548	110538511	1
ENSELUG00000016177	100136036	110507147	0
ENSELUG00000006950	110506616	110506629	1
ENSELUG00000013174	110500709	110531850	0
ENSELUG00000021673	110494713	110527748	0
ENSELUG00000020765	110533317	110537820	0
ENSELUG00000005947	110487975	110496587	0
ENSELUG00000021328	110489191	110504482	1
ENSELUG00000017727	110509867	110523652	0
ENSELUG00000017228	110487845	110496901	0
ENSELUG00000006154	110533716	110537396	0
ENSELUG00000016122	110494312	110528122	0
ENSELUG00000011957	110486021	110493734	1
ENSELUG00000014463	110525706	110536078	0
ENSELUG00000007639	110488080	110496692	0
ENSELUG00000007397	110497075	110517300	1
ENSELUG00000018226	110508644	110530418	0
ENSELUG00000002599	110526696	110526698	1
ENSELUG00000003019	110491367	110498974	0
ENSELUG00000013965	110500690	110531833	0
ENSELUG00000005242	110510153	110534154	0
ENSELUG00000017736	110499234	110524199	0
ENSELUG00000020701	110501474	110520088	0
ENSELUG00000016559	110499236	110502951	0
ENSELUG00000002921	110514106	110515152	1
ENSELUG00000009225	110493603	110521416	0
ENSELUG00000021602	110533391	110537807	0
ENSELUG00000004027	110487931	110496548	0
ENSELUG00000007283	110485998	110512912	1
ENSELUG00000023870	110497762	110524182	0
ENSELUG00000009802	110502396	110524623	0
ENSELUG00000016046	110488983	110505193	0
ENSELUG00000014320	110523899	110524027	0
ENSELUG00000007600	110489917	110535639	0
ENSELUG00000009160	110491513	110499140	0
ENSELUG00000016696	110492603	110532817	0
ENSELUG00000010939	110514365	118940215	1
ENSELUG00000022191	110485558	110514184	1
ENSELUG00000009275	100301818	110517212	1
ENSELUG00000002964	110492836	110498973	0
ENSELUG00000014250	110494356	110528081	0
ENSELUG00000020006	110508824	110530207	0
ENSELUG00000003629	110498002	110505448	0
ENSELUG00000013657	110489676	110535359	0
ENSELUG00000010505	110491932	110532728	0
ENSELUG00000001378	110502057	110520070	0
ENSELUG00000002145	110490773	110499980	0
ENSELUG00000019369	110503313	110507074	1
ENSELUG00000023667	110511667	110513177	1
ENSELUG00000007195	110487628	110496038	0
ENSELUG00000011639	110499705	110499707	1
ENSELUG00000020617	110488021	110496640	0
ENSELUG00000022776	110486726	110538675	1
ENSELUG00000021274	110501064	110522700	0
ENSELUG00000020712	110488980	110505189	0
ENSELUG00000021791	110502244	110526047	0
ENSELUG00000005607	110494545	110527922	1
ENSELUG00000006972	110522845	118945261	0
ENSELUG00000015267	110522759	110524361	0
ENSELUG00000017761	110486589	110538549	1
ENSELUG00000017168	110516366	118947021	1
ENSELUG00000008106	110489068	110504674	0
ENSELUG00000017409	110499205	110503021	0
ENSELUG00000016554	110491233	110499513	1
ENSELUG00000006763	110494511	110528962	0
ENSELUG00000014314	110522067	110529453	0
ENSELUG00000001828	110527208	110528727	1
ENSELUG00000016956	110492741	110521324	0
ENSELUG00000019472	110510043	110534051	0
ENSELUG00000004839	110502581	110521207	0
ENSELUG00000014024	110508683	110530367	0
ENSELUG00000023165	110522236	110529618	0
ENSELUG00000013395	110509342	110523581	0
ENSELUG00000014684	110494345	110528093	0
ENSELUG00000010813	110508323	110535935	1
ENSELUG00000000795	110487859	110496740	1
ENSELUG00000022448	110503904	110507744	0
ENSELUG00000013649	110510799	110519517	1
ENSELUG00000006105	110523932	110536789	0
ENSELUG00000008512	110490901	110508030	0
ENSELUG00000001857	110490572	110499898	1
ENSELUG00000007864	110489835	110535189	0
ENSELUG00000000586	110493236	110528113	0
ENSELUG00000001162	110494319	110528116	0
ENSELUG00000000209	110491454	110499052	0
ENSELUG00000001276	100136686	110505477	0
ENSELUG00000002144	100136215	110523804	0
ENSELUG00000002680	110491386	110498965	0
ENSELUG00000003553	110492104	110532558	0
ENSELUG00000012037	110494707	110524162	0
ENSELUG00000024179	110523782	110537141	0
ENSELUG00000020239	110502278	110526440	0
ENSELUG00000019019	110503320	110507624	1
ENSELUG00000014455	110523115	110536876	1
ENSELUG00000013219	110488541	110504756	0
ENSELUG00000008836	110489576	110536578	0
ENSELUG00000007731	110533760	110537362	0
ENSELUG00000003203	110487913	110496522	0
ENSELUG00000008897	110490905	110535442	0
ENSELUG00000019017	110488712	110504909	0
ENSELUG00000010720	110520984	110529835	0
ENSELUG00000010433	110495762	110528872	1
ENSELUG00000021051	110513834	118964962	1
ENSELUG00000024340	110522690	110533949	0
ENSELUG00000003729	110497995	110505452	0
ENSELUG00000006035	110533711	110537411	0
ENSELUG00000006858	110508450	110530660	0
ENSELUG00000022459	110501449	110520115	0
ENSELUG00000016614	110509087	110529994	0
ENSELUG00000013414	110510748	118936570	1
ENSELUG00000014093	110506522	110526403	1
ENSELUG00000023518	110501349	110520578	0
ENSELUG00000001222	110533576	110537550	0
ENSELUG00000014487	110500677	110531823	0
ENSELUG00000008339	110489936	110535626	0
ENSELUG00000015895	110522090	110529474	0
ENSELUG00000013413	110497384	110534499	1
ENSELUG00000012563	110502065	110504116	0
ENSELUG00000007486	110513012	110534631	1
ENSELUG00000024334	110499835	118936578	1
ENSELUG00000015649	100305319	110538120	1
ENSELUG00000022305	110489217	110504535	1
ENSELUG00000001905	110490563	110501018	1
ENSELUG00000010197	110496290	110524169	0
ENSELUG00000023441	110539034	118946105	1
ENSELUG00000007279	110493282	110521383	0
ENSELUG00000005873	110500424	110531584	0
ENSELUG00000012526	110499482	110524359	0
ENSELUG00000002502	110490887	110535494	0
ENSELUG00000002012	110521760	110524662	0
ENSELUG00000009759	110486478	110538309	1
ENSELUG00000006479	110485772	110512558	1
ENSELUG00000017340	110500607	110531744	0
ENSELUG00000000966	110509509	110523307	0
ENSELUG00000017060	110498689	110505895	0
ENSELUG00000021260	110526787	110526789	1
ENSELUG00000000174	100135793	110526614	1
ENSELUG00000005685	100329195	110494652	0
ENSELUG00000002763	110488778	110504979	0
ENSELUG00000004009	110497060	110497061	1
ENSELUG00000017362	110525656	110536026	0
ENSELUG00000000831	110495946	110521304	0
ENSELUG00000013207	110487029	118937784	1
ENSELUG00000010165	110538839	110539185	1
ENSELUG00000019754	110488016	110496630	0
ENSELUG00000001168	110533103	110537338	0
ENSELUG00000014442	110488574	110504784	0
ENSELUG00000012795	110509774	110523566	0
ENSELUG00000007274	110485990	110512899	1
ENSELUG00000018583	110499408	110502732	0
ENSELUG00000018880	110495848	110521169	0
ENSELUG00000018968	110527022	110527023	1
ENSELUG00000001202	110512888	110535244	1
ENSELUG00000007183	110488093	110496700	0
ENSELUG00000016865	110492407	110531998	0
ENSELUG00000009686	110491527	110499151	0
ENSELUG00000016210	110501405	110520621	0
ENSELUG00000008722	110521011	110537934	1
ENSELUG00000016295	110508238	110529997	0
ENSELUG00000005760	110492057	110532617	0
ENSELUG00000003046	110515392	110515394	1
ENSELUG00000005740	110526036	110535118	0
ENSELUG00000005071	110494551	110527915	0
ENSELUG00000003370	110523864	110537065	0
ENSELUG00000007577	110509688	110523468	0
ENSELUG00000000087	110488770	110504969	0
ENSELUG00000014466	110503557	110507403	0
ENSELUG00000003741	110489111	110524106	0
ENSELUG00000001868	110495536	110513922	1
ENSELUG00000010921	110503638	110507519	1
ENSELUG00000000853	110499087	110502880	0
ENSELUG00000013101	110500710	110531851	0
ENSELUG00000006695	110491459	110499054	0
ENSELUG00000007349	110493335	110521385	0
ENSELUG00000009552	110486705	110513832	1
ENSELUG00000020985	110510067	110534080	1
ENSELUG00000018682	110525621	110535985	0
ENSELUG00000000176	110497729	110505735	0
ENSELUG00000020621	110497601	110505846	0
ENSELUG00000021493	110508883	110530148	0
ENSELUG00000023096	101268905	110501922	0
ENSELUG00000003949	110490009	110524110	0
ENSELUG00000014634	110531385	118936686	1
ENSELUG00000018290	110494258	110528167	0
ENSELUG00000018918	110498041	110523274	0
ENSELUG00000024267	110510207	110534197	0
ENSELUG00000007578	110500415	110525151	0
ENSELUG00000007822	110493415	110517476	0
ENSELUG00000004079	110488732	110504931	0
ENSELUG00000002309	110518779	110527160	1
ENSELUG00000021574	110508602	110530464	0
ENSELUG00000022805	110500781	110524200	0
ENSELUG00000004794	110522636	110529294	0
ENSELUG00000004422	110520181	110520182	1
ENSELUG00000022152	110510104	110534112	0
ENSELUG00000003585	110506809	110506810	1
ENSELUG00000011366	110517556	110536148	0
ENSELUG00000006185	110502510	110529516	0
ENSELUG00000005655	110491430	110499031	0
ENSELUG00000002000	110525489	110535874	0
ENSELUG00000023815	110510145	110534137	0
ENSELUG00000020371	110510053	110533124	0
ENSELUG00000013601	110501565	110505238	1
ENSELUG00000018515	110526844	110526846	1
ENSELUG00000002457	110525967	110536342	0
ENSELUG00000009200	110491515	110499141	0
ENSELUG00000011190	110509743	110522892	0
ENSELUG00000008591	110508407	110530999	0
ENSELUG00000023896	100136209	110504536	1
ENSELUG00000006857	110506724	110526588	1
ENSELUG00000019370	110508939	110530106	0
ENSELUG00000018477	110492201	110532409	0
ENSELUG00000023149	110525553	110535926	0
ENSELUG00000022060	110497094	110527424	1
ENSELUG00000006440	110500134	110511067	1
ENSELUG00000004430	110497708	110505760	0
ENSELUG00000006032	110489978	110535598	0
ENSELUG00000006648	110494512	110527953	0
ENSELUG00000005569	110491423	110499024	0
ENSELUG00000019659	110491084	110531213	0
ENSELUG00000015483	110509961	110533973	0
ENSELUG00000013227	110512959	110513592	1
ENSELUG00000014203	110521509	110524376	0
ENSELUG00000022083	110503912	110507756	0
ENSELUG00000015275	110488245	110516029	1
ENSELUG00000008787	110494477	110527982	0
ENSELUG00000022935	110494148	110528274	0
ENSELUG00000015281	110500656	110531795	0
ENSELUG00000023133	110495462	110495482	1
ENSELUG00000005471	110485500	110511341	1
ENSELUG00000023070	110494644	110527814	0
ENSELUG00000008381	110491241	110534256	0
ENSELUG00000018810	110503738	110507611	1
ENSELUG00000007692	110491987	110532678	0
ENSELUG00000004309	110487922	110496552	0
ENSELUG00000019422	110503687	110507563	1
ENSELUG00000011495	110497198	110497203	1
ENSELUG00000004925	110521659	110524552	0
ENSELUG00000004399	110497976	110505479	0
ENSELUG00000002111	110523800	110537129	0
ENSELUG00000019346	100301814	110509895	0
ENSELUG00000010694	110489412	110496838	0
ENSELUG00000014247	110487532	110539163	1
ENSELUG00000018930	110502311	110526778	0
ENSELUG00000015889	110500629	110531778	0
ENSELUG00000024521	110497700	110522730	0
ENSELUG00000018723	110493868	110527650	0
ENSELUG00000003557	110509595	110523379	0
ENSELUG00000012509	110508322	110531015	0
ENSELUG00000013705	110509917	110533931	0
ENSELUG00000017696	110488658	110504418	0
ENSELUG00000002530	110523831	110537092	0
ENSELUG00000009557	110525816	110536183	0
ENSELUG00000018145	110487537	110539166	1
ENSELUG00000018694	110490748	110501049	1
ENSELUG00000004577	110500938	110531593	0
ENSELUG00000009195	110495772	110527404	1
ENSELUG00000010449	110501287	110519972	0
ENSELUG00000004409	110501605	110520474	0
ENSELUG00000003052	110488946	110505146	0
ENSELUG00000013830	110503500	110507430	0
ENSELUG00000008399	110486913	110538914	1
ENSELUG00000000706	110492500	110522733	1
ENSELUG00000000421	110508337	110530802	0
ENSELUG00000013620	118937858	118938384	1
ENSELUG00000021756	110503198	110524220	0
ENSELUG00000023188	110525551	110535925	0
ENSELUG00000017380	110521046	110529502	0
ENSELUG00000015339	110506499	110526379	1
ENSELUG00000005067	110495675	110527343	1
ENSELUG00000011690	110502457	110528682	0
ENSELUG00000021640	110489194	110504484	1
ENSELUG00000014540	110494350	110528087	0
ENSELUG00000004266	110485754	110493470	1
ENSELUG00000023645	110485646	110485647	1
ENSELUG00000012433	110508717	110530330	0
ENSELUG00000019136	110485502	110494866	1
ENSELUG00000000410	110513050	110514880	1
ENSELUG00000001273	110494728	110527730	0
ENSELUG00000002559	110492833	110498741	0
ENSELUG00000021140	110522211	110529587	0
ENSELUG00000021483	110492137	110532474	0
ENSELUG00000014740	110522072	110529190	0
ENSELUG00000019334	110497999	110532326	0
ENSELUG00000008798	110489947	110535618	0
ENSELUG00000014191	110488233	110496345	0
ENSELUG00000023062	110499540	110502760	0
ENSELUG00000019905	110507450	110524254	0
ENSELUG00000017691	110509111	110529981	0
ENSELUG00000012813	110506545	110526423	1
ENSELUG00000004907	110522307	110529689	0
ENSELUG00000011725	110491799	110521481	0
ENSELUG00000022129	110509426	110534113	0
ENSELUG00000009514	110501269	110519988	0
ENSELUG00000006717	110521629	110524510	0
ENSELUG00000000726	110509614	110509624	1
ENSELUG00000008916	110501588	110519989	0
ENSELUG00000020558	110488931	110505128	0
ENSELUG00000000479	110512779	110538860	1
ENSELUG00000007849	110485109	110493672	0
ENSELUG00000024488	110486377	110538416	1
ENSELUG00000020374	110497837	110522826	0
ENSELUG00000020551	110522925	110537207	0
ENSELUG00000011603	110501778	110520304	0
ENSELUG00000017245	110522110	110529498	0
ENSELUG00000005500	110523924	110537002	0
ENSELUG00000011054	110514055	118936449	1
ENSELUG00000010314	110499906	110524558	0
ENSELUG00000019637	110492172	110532438	0
ENSELUG00000004205	110490023	110535556	0
ENSELUG00000013032	110487560	118937802	1
ENSELUG00000000656	110490271	110500205	0
ENSELUG00000011362	110521850	110524830	0
ENSELUG00000009060	110525804	110536196	0
ENSELUG00000014706	110486164	110538085	1
ENSELUG00000010538	110499322	110503011	0
ENSELUG00000020724	110494201	110528996	0
ENSELUG00000021523	110510083	110534098	0
ENSELUG00000013767	110527087	110527183	1
ENSELUG00000021100	110498286	110505990	0
ENSELUG00000006558	110492032	110532634	0
ENSELUG00000002517	110494088	110527140	0
ENSELUG00000023213	110489165	110504363	1
ENSELUG00000001984	110521762	110524663	0
ENSELUG00000024192	110492463	110531965	0
ENSELUG00000014316	110494458	110519951	0
ENSELUG00000014571	110533534	110537606	0
ENSELUG00000018169	110497558	118944331	0
ENSELUG00000013849	110509401	110533935	0
ENSELUG00000020366	110497842	110522853	0
ENSELUG00000008541	110508409	110530703	0
ENSELUG00000016891	110488636	110504411	0
ENSELUG00000008837	110497081	110528901	1
ENSELUG00000023585	110485643	110485645	1
ENSELUG00000023258	110499428	110502754	0
ENSELUG00000020190	110501308	110520532	0
ENSELUG00000003679	110501901	110520166	0
ENSELUG00000011261	110534210	110536068	1
ENSELUG00000008898	110521576	110524446	0
ENSELUG00000006423	100653468	110524515	0
ENSELUG00000013592	110522441	110530906	0
ENSELUG00000013152	110492040	110524135	0
ENSELUG00000021829	110488043	110496663	0
ENSELUG00000001958	110521766	110524668	0
ENSELUG00000009733	110506652	110526523	1
ENSELUG00000022058	110489208	110504515	1
ENSELUG00000019872	110511526	110514974	1
ENSELUG00000013103	110485997	110495162	1
ENSELUG00000007753	110500835	110531542	0
ENSELUG00000002385	110494098	110528322	0
ENSELUG00000014636	110508650	110536732	1
ENSELUG00000002299	110490890	110535480	0
ENSELUG00000008952	110500043	110524766	0
ENSELUG00000006672	110491456	110499053	0
ENSELUG00000007023	110523945	110536982	0
ENSELUG00000008624	110491968	110532702	0
ENSELUG00000018189	110485489	118940023	1
ENSELUG00000022427	110491313	110498899	0
ENSELUG00000019221	110486271	110538207	1
ENSELUG00000005841	110533694	110537422	0
ENSELUG00000019244	110489744	110535257	0
ENSELUG00000007751	110494975	110528410	0
ENSELUG00000008866	110494475	110527983	0
ENSELUG00000004062	110526003	110536372	0
ENSELUG00000015842	110509973	110534923	0
ENSELUG00000023259	110492743	110532518	0
ENSELUG00000010672	110495421	110496968	1
ENSELUG00000023270	110510125	110534124	0
ENSELUG00000003262	110491372	110498981	0
ENSELUG00000002753	100135987	110509568	0
ENSELUG00000001033	100136256	110493449	1
ENSELUG00000010446	110517093	110517917	0
ENSELUG00000013751	110503300	110507056	1
ENSELUG00000015256	110520950	110524362	0
ENSELUG00000005536	110489965	110535609	0
ENSELUG00000000600	110502337	110527092	0
ENSELUG00000014572	110508301	110530810	0
ENSELUG00000011541	110508454	110536103	1
ENSELUG00000015329	110493884	110528568	0
ENSELUG00000004921	110497720	110505745	0
ENSELUG00000017673	110504037	110507859	0
ENSELUG00000012367	110520795	110534239	1
ENSELUG00000014764	110503549	110507391	0
ENSELUG00000007797	110525840	110536223	0
ENSELUG00000020722	110521828	110523033	0
ENSELUG00000018521	110503728	110507077	1
ENSELUG00000010254	110511600	118942865	1
ENSELUG00000022554	110509436	110534118	0
ENSELUG00000012309	110493861	110527654	0
ENSELUG00000009324	110494466	110527986	0
ENSELUG00000002290	110523820	110537106	0
ENSELUG00000000326	110533101	110537343	0
ENSELUG00000014467	110509935	110533947	0
ENSELUG00000002776	110488777	110504978	0
ENSELUG00000020579	110501322	110520545	0
ENSELUG00000014061	110500885	110531831	0
ENSELUG00000010216	110491939	110532721	0
ENSELUG00000013124	110502434	110528376	0
ENSELUG00000002006	118941098	118965228	1
ENSELUG00000015110	110493888	110529040	0
ENSELUG00000003303	110491375	110498983	0
ENSELUG00000018715	110487720	110504900	0
ENSELUG00000022538	110496082	110531058	0
ENSELUG00000003060	110489376	110496520	0
ENSELUG00000010709	110508746	110530307	0
ENSELUG00000020360	110488973	110505179	0
ENSELUG00000013935	110500310	110531436	0
ENSELUG00000014577	110498145	110505289	0
ENSELUG00000022871	110489957	110535616	0
ENSELUG00000015194	110522079	110529464	0
ENSELUG00000022394	110506202	110506948	1
ENSELUG00000015441	110486193	110538115	1
ENSELUG00000005436	110492905	110532606	0
ENSELUG00000001261	110508345	110530750	0
ENSELUG00000014694	110503551	110507392	0
ENSELUG00000021569	110494183	110528248	0
ENSELUG00000011533	110522490	110529847	0
ENSELUG00000004387	110485758	110495110	1
ENSELUG00000007830	110489444	110496957	0
ENSELUG00000019011	110510032	110534038	0
ENSELUG00000008116	110521562	110524429	0
ENSELUG00000018155	110486080	110493794	1
ENSELUG00000013131	110509188	110530777	0
ENSELUG00000007314	110488089	110496698	0
ENSELUG00000016769	110516616	110517149	1
ENSELUG00000016913	110497321	110534949	1
ENSELUG00000007761	110523962	110536961	0
ENSELUG00000022984	110525150	110536483	1
ENSELUG00000002503	110506869	118936663	1
ENSELUG00000019908	110494234	110528197	0
ENSELUG00000017868	110504031	110507850	0
ENSELUG00000012534	110486007	110493723	1
ENSELUG00000001319	110498022	110523250	0
ENSELUG00000009310	110501772	110520945	0
ENSELUG00000018638	110502317	110526894	0
ENSELUG00000018314	110502740	118942012	0
ENSELUG00000012648	110533577	110537549	0
ENSELUG00000013749	110502425	110528200	0
ENSELUG00000003512	110488752	110504947	0
ENSELUG00000014789	110500669	110531811	0
ENSELUG00000005298	110521656	110524541	0
ENSELUG00000007704	110485954	110495138	1
ENSELUG00000008035	110533767	110537355	0
ENSELUG00000003941	110508159	110530574	0
ENSELUG00000011451	110509193	110531010	0
ENSELUG00000004084	110502008	110520478	0
ENSELUG00000017500	110521455	110524318	0
ENSELUG00000009092	110491514	110499139	0
ENSELUG00000020934	110509486	110523257	0
ENSELUG00000011597	110488194	110496384	0
ENSELUG00000007372	110492002	110532662	1
ENSELUG00000003436	110492109	110532555	0
ENSELUG00000018333	110509740	110537492	1
ENSELUG00000007571	110520989	110529765	0
ENSELUG00000015150	110521500	110524366	0
ENSELUG00000001940	110508394	118939569	0
ENSELUG00000012609	110488208	110496367	0
ENSELUG00000000279	110486416	110538372	1
ENSELUG00000005251	110491061	110532598	0
ENSELUG00000001546	110520885	118936983	1
ENSELUG00000002125	110523801	110537126	0
ENSELUG00000014729	110500671	110531813	0
ENSELUG00000016115	110504960	118936667	1
ENSELUG00000007068	110492882	110498755	0
ENSELUG00000013903	110533553	110537574	0
ENSELUG00000014012	110489670	110535348	0
ENSELUG00000001308	110509871	110523656	0
ENSELUG00000004553	110485220	110486776	1
ENSELUG00000003265	110492115	110532548	0
ENSELUG00000001192	110499186	110502908	0
ENSELUG00000015970	110502339	110527143	0
ENSELUG00000013860	110490226	110500243	1
ENSELUG00000017488	110510012	110534017	0
ENSELUG00000019189	110499160	110502889	0
ENSELUG00000013600	110517601	110519518	1
ENSELUG00000003894	110503062	110530274	0
ENSELUG00000004480	110500093	118936373	1
ENSELUG00000003222	110485745	118938219	1
ENSELUG00000017345	110515683	110516022	1
ENSELUG00000015395	110523123	110536897	1
ENSELUG00000004200	110500465	110531612	0
ENSELUG00000021638	110509496	110523271	0
ENSELUG00000000771	110497565	110505885	0
ENSELUG00000009312	110525808	110536192	0
ENSELUG00000023515	110507176	118944088	0
ENSELUG00000005588	110522656	118965482	0
ENSELUG00000006935	110508791	110530233	0
ENSELUG00000019403	110491068	110534836	0
ENSELUG00000022184	110495798	110527422	1
ENSELUG00000015462	110488259	110496316	0
ENSELUG00000019220	110486644	110538602	1
ENSELUG00000020391	110510054	110534060	0
ENSELUG00000003001	110488766	110504962	0
ENSELUG00000022808	110512045	110538967	1
ENSELUG00000006980	110527385	110528772	1
ENSELUG00000012854	110488532	110504743	0
ENSELUG00000014084	110497374	110534522	1
ENSELUG00000018339	110508278	110530421	0
ENSELUG00000008054	110494491	110527973	0
ENSELUG00000003932	110500846	110531620	0
ENSELUG00000006194	110491443	110499042	0
ENSELUG00000016021	110504076	110507907	0
ENSELUG00000001021	110497643	110505812	0
ENSELUG00000013973	110521515	110524382	0
ENSELUG00000020667	110497447	110533175	1
ENSELUG00000005846	110487974	110496586	0
ENSELUG00000017530	110495425	110520673	0
ENSELUG00000023511	110486367	118937738	1
ENSELUG00000016278	110518911	118944463	1
ENSELUG00000004250	110502577	110530167	0
ENSELUG00000003666	110491397	110498994	0
ENSELUG00000003944	110490411	110500070	1
ENSELUG00000013056	110494333	110517792	0
ENSELUG00000013148	110487473	118937783	1
ENSELUG00000013008	110521537	110524404	0
ENSELUG00000014151	110497373	110534524	1
ENSELUG00000015934	110500633	110531775	0
ENSELUG00000015040	110521501	110524369	0
ENSELUG00000012436	110487096	118948630	1
ENSELUG00000002322	110525941	110536320	0
ENSELUG00000002501	110494089	110529007	0
ENSELUG00000004151	110508493	110530589	0
ENSELUG00000013845	100499596	110530365	0
ENSELUG00000024403	110525169	110536468	0
ENSELUG00000010775	110493992	110528465	0
ENSELUG00000000523	110523113	110536877	1
ENSELUG00000012562	110508714	110530334	0
ENSELUG00000007347	110486042	110512956	1
ENSELUG00000008790	110503680	110507558	0
ENSELUG00000007021	110527394	110528890	1
ENSELUG00000020704	110494200	110528222	0
ENSELUG00000023275	110490605	110490610	1
ENSELUG00000016565	110498955	110523948	0
ENSELUG00000018708	110521429	110524287	0
ENSELUG00000013079	110493916	110528522	0
ENSELUG00000007641	110500385	110525096	0
ENSELUG00000013877	110506527	110526406	1
ENSELUG00000022024	110492813	110498887	0
ENSELUG00000004106	110490717	110535553	0
ENSELUG00000003783	110488739	110504939	0
ENSELUG00000024221	110521876	110537929	1
ENSELUG00000015026	110490240	110500229	1
ENSELUG00000019866	110525589	110535951	0
ENSELUG00000019824	110508929	110530114	0
ENSELUG00000023748	110522249	110529630	0
ENSELUG00000021232	110501341	110520574	0
ENSELUG00000021291	110488036	110496653	0
ENSELUG00000021039	110526792	118944495	1
ENSELUG00000005484	101268950	101268951	0
ENSELUG00000023582	110498325	110504230	0
ENSELUG00000003993	110521055	110529212	0
ENSELUG00000020157	110503970	110507806	0
ENSELUG00000012490	110491901	118966104	0
ENSELUG00000023779	110494133	110528292	0
ENSELUG00000001950	110491141	110508395	0
ENSELUG00000004622	110526017	110535114	0
ENSELUG00000005336	110489384	110496579	0
ENSELUG00000018579	110510930	110532847	0
ENSELUG00000006470	110494520	110527945	0
ENSELUG00000012556	110502823	110517611	0
ENSELUG00000017788	110525293	110535708	0
ENSELUG00000013011	110522450	110529870	0
ENSELUG00000004689	110521662	110523002	0
ENSELUG00000006629	110487987	110496600	0
ENSELUG00000020071	110506993	110524248	0
ENSELUG00000014469	110494352	110528086	0
ENSELUG00000000941	110509377	110534097	0
ENSELUG00000018591	110488702	110504897	0
ENSELUG00000008959	110499134	118939514	0
ENSELUG00000003250	110491374	110498980	0
ENSELUG00000011712	110500735	110531876	0
ENSELUG00000011490	110488192	110496387	0
ENSELUG00000020396	110534844	110537826	0
ENSELUG00000007163	110489390	110496612	0
ENSELUG00000007150	110515723	118966684	0
ENSELUG00000018721	110525617	110535981	0
ENSELUG00000008627	110509702	110523488	0
ENSELUG00000016390	110522376	110529898	0
ENSELUG00000003107	110487728	110504957	0
ENSELUG00000023475	110522243	110529624	0
ENSELUG00000007465	110494980	110528399	0
ENSELUG00000019076	110502308	110526728	0
ENSELUG00000008211	110489819	110535194	0
ENSELUG00000022484	110501398	110524206	0
ENSELUG00000001922	110525507	110535052	0
ENSELUG00000001931	110525504	110535890	0
ENSELUG00000021746	110488041	110496659	0
ENSELUG00000007090	110493246	110527963	0
ENSELUG00000010507	110500350	110531448	0
ENSELUG00000012804	110500340	110531434	0
ENSELUG00000023495	110509549	110523330	0
ENSELUG00000015696	110500628	110531782	0
ENSELUG00000003851	110500477	110531621	0
ENSELUG00000002002	110539057	110539058	1
ENSELUG00000014038	110488555	110504402	0
ENSELUG00000019480	110508933	110530110	0
ENSELUG00000019000	110493296	110528595	0
ENSELUG00000002239	110498080	110505365	0
ENSELUG00000009285	110485181	110538963	1
ENSELUG00000016611	110486213	110538140	1
ENSELUG00000016120	110503516	110507350	0
ENSELUG00000003317	110528754	118941096	1
ENSELUG00000011197	110506107	110526459	1
ENSELUG00000007518	110490128	110491182	0
ENSELUG00000015662	110501426	110520639	0
ENSELUG00000015010	110502401	110527891	0
ENSELUG00000016343	110521473	110524337	0
ENSELUG00000002665	110526686	118936599	1
ENSELUG00000003433	110498012	110505435	0
ENSELUG00000003013	110488764	110504959	0
ENSELUG00000024030	110493220	110529003	0
ENSELUG00000018700	110497395	110534482	1
ENSELUG00000011826	110499467	110502814	0
ENSELUG00000003249	110488941	110505140	0
ENSELUG00000023502	110525016	110536630	0
ENSELUG00000019701	110525591	110535957	0
ENSELUG00000003712	110506804	110515541	1
ENSELUG00000007680	110485952	110493674	1
ENSELUG00000003124	110495619	118936677	1
ENSELUG00000000152	110490759	110500117	1
ENSELUG00000022939	110533341	110537779	0
ENSELUG00000023167	110494641	110527821	0
ENSELUG00000019210	110510037	110534044	0
ENSELUG00000003506	110490418	110500058	1
ENSELUG00000019657	110522588	110529176	0
ENSELUG00000024611	110492465	110531962	0
ENSELUG00000018449	110525244	110535696	0
ENSELUG00000009405	110493658	110508905	0
ENSELUG00000011895	110499470	110502816	0
ENSELUG00000013385	110533565	110537561	0
ENSELUG00000000514	110497372	110534523	1
ENSELUG00000015146	110488581	110504791	0
ENSELUG00000019892	110509913	110523703	0
ENSELUG00000015627	110502332	110527034	0
ENSELUG00000020035	110485602	118940344	1
ENSELUG00000000805	110487538	110538199	1
ENSELUG00000023995	110494113	110528298	0
ENSELUG00000003833	110510201	110534927	0
ENSELUG00000001494	110491502	110498765	0
ENSELUG00000004561	110485765	110493514	1
ENSELUG00000000960	110497004	110528724	1
ENSELUG00000024561	110509560	110523344	0
ENSELUG00000013604	110492342	110532057	0
ENSELUG00000006780	110502488	110529299	0
ENSELUG00000021103	110523744	110537190	0
ENSELUG00000004522	110522298	110529680	0
ENSELUG00000000313	110508413	110530698	0
ENSELUG00000003962	110485727	110493499	1
ENSELUG00000008473	110491831	110532232	0
ENSELUG00000007681	110506701	110526569	1
ENSELUG00000012274	110521549	110524415	0
ENSELUG00000022239	110486712	110538665	1
ENSELUG00000010581	110486510	110538469	1
ENSELUG00000017554	110500604	110531735	0
ENSELUG00000005643	110489277	110496110	0
ENSELUG00000022494	110525572	110535941	0
ENSELUG00000001990	110525492	110535878	0
ENSELUG00000004087	110507681	110517609	1
ENSELUG00000012224	110525757	110536131	0
ENSELUG00000009899	110506648	110526519	1
ENSELUG00000004132	110508495	110530586	0
ENSELUG00000021472	110510078	110534094	0
ENSELUG00000003252	110487912	110496523	0
ENSELUG00000010042	110500375	110531475	0
ENSELUG00000011744	110491798	110525521	0
ENSELUG00000004711	110489144	110504560	1
ENSELUG00000012190	110522464	110529857	0
ENSELUG00000013171	110497389	110534491	1
ENSELUG00000024152	110509446	110534205	0
ENSELUG00000013409	110502431	110528297	0
ENSELUG00000002220	110526899	110536296	1
ENSELUG00000012548	110522454	110529865	0
ENSELUG00000013863	110485975	110493703	1
ENSELUG00000012979	110488494	110504747	0
ENSELUG00000008597	110523046	110524124	1
ENSELUG00000009636	110486724	110513878	1
ENSELUG00000012735	110509773	110523565	0
ENSELUG00000024620	110508534	110530981	0
ENSELUG00000016835	110498202	110505216	0
ENSELUG00000004999	110501633	110520446	0
ENSELUG00000010733	110521077	110529836	0
ENSELUG00000013473	110508693	110530357	0
ENSELUG00000012366	110522457	110529863	0
ENSELUG00000018011	110486591	110538986	1
ENSELUG00000003044	110497665	110522640	0
ENSELUG00000006174	110508456	110530649	0
ENSELUG00000012806	110494386	110528050	0
ENSELUG00000005817	100136282	110494536	0
ENSELUG00000000999	110489807	110535201	0
ENSELUG00000020298	110486683	110538638	1
ENSELUG00000020133	110508825	110530204	0
ENSELUG00000016845	110494292	110528144	0
ENSELUG00000017858	110522134	110529519	0
ENSELUG00000023079	110486088	118938208	1
ENSELUG00000007089	110508447	110530665	0
ENSELUG00000015341	110500649	110531801	0
ENSELUG00000008379	110492845	110499121	0
ENSELUG00000008582	110486439	110538347	1
ENSELUG00000012996	110533570	110537553	0
ENSELUG00000009175	110493586	110521414	0
ENSELUG00000018977	100136754	110526770	0
ENSELUG00000011677	110494416	110528971	0
ENSELUG00000019505	110502069	110504643	0
ENSELUG00000011766	110491909	110532747	0
ENSELUG00000023571	110498923	118939487	1
ENSELUG00000001941	110521767	110524669	0
ENSELUG00000009642	110512943	110513571	1
ENSELUG00000018898	110502012	110520492	0
ENSELUG00000009007	110525802	110536200	0
ENSELUG00000022094	110488896	110505093	0
ENSELUG00000020871	110510354	110534479	1
ENSELUG00000009601	110486474	110538315	1
ENSELUG00000001025	110511860	110539269	1
ENSELUG00000009237	110501598	110519981	0
ENSELUG00000011993	110509762	110523553	0
ENSELUG00000022586	110509508	110523304	0
ENSELUG00000004869	110501629	110520451	0
ENSELUG00000009417	110525814	110536186	0
ENSELUG00000015958	110501413	110520630	0
ENSELUG00000019650	110525595	110535959	0
ENSELUG00000005977	110501835	110520240	0
ENSELUG00000008739	110491964	110532701	0
ENSELUG00000009544	110521584	110524455	0
ENSELUG00000017633	110504040	110507864	0
ENSELUG00000002278	110488825	110505032	1
ENSELUG00000024421	110497166	110524173	0
ENSELUG00000014055	110498132	110505300	0
ENSELUG00000020420	110523714	110537211	0
ENSELUG00000014824	110489655	110535333	0
ENSELUG00000017880	110510020	110534023	0
ENSELUG00000016276	110492390	110532011	0
ENSELUG00000023047	110494146	110528276	0
ENSELUG00000021179	110494189	110528240	0
ENSELUG00000007079	110490081	110507328	0
ENSELUG00000010560	110528947	118940507	0
ENSELUG00000021670	110503571	110524224	0
ENSELUG00000016801	110497323	110497324	1
ENSELUG00000019308	110510041	110534049	0
ENSELUG00000008773	110523974	110536943	0
ENSELUG00000002780	110491785	110525376	0
ENSELUG00000017915	110522138	110529520	0
ENSELUG00000024112	110508550	110530977	0
ENSELUG00000006590	110487985	110496870	0
ENSELUG00000016085	110512655	110516127	1
ENSELUG00000012878	100136087	110523569	0
ENSELUG00000010894	110489603	110535407	0
ENSELUG00000017850	110525639	110536009	0
ENSELUG00000018757	110525614	110535980	0
ENSELUG00000012788	110492771	110524141	0
ENSELUG00000002288	110490476	110499993	1
ENSELUG00000013561	110498273	110523440	0
ENSELUG00000019027	110521424	110524278	0
ENSELUG00000004056	110525916	110536290	0
ENSELUG00000015839	110509072	110530003	0
ENSELUG00000010420	100305263	110538287	1
ENSELUG00000004155	110526006	110536374	0
ENSELUG00000016683	110508663	110530394	0
ENSELUG00000018713	110494253	110528172	0
ENSELUG00000021545	110499344	110502673	0
ENSELUG00000005539	110502533	110529797	0
ENSELUG00000005367	110492759	110521334	0
ENSELUG00000022693	110502645	110530886	0
ENSELUG00000013526	110508312	110530781	0
ENSELUG00000001124	110503713	110507595	1
ENSELUG00000020264	110488022	110496635	0
ENSELUG00000000791	110487857	110496898	1
ENSELUG00000003403	110491070	110532554	0
ENSELUG00000006395	110501679	110504453	0
ENSELUG00000006379	110502498	110529425	0
ENSELUG00000014375	110489660	110535339	0
ENSELUG00000017062	110525665	110536033	0
ENSELUG00000001569	110487638	110496051	0
ENSELUG00000009443	110506114	110526539	1
ENSELUG00000003796	110502157	110520172	0
ENSELUG00000017221	110509539	110523170	0
ENSELUG00000002095	110489557	110535458	0
ENSELUG00000014056	110508682	110529130	0
ENSELUG00000023453	110494635	110527829	0
ENSELUG00000000826	110521845	110524814	0
ENSELUG00000021608	101268928	110528249	0
ENSELUG00000013727	110498346	110523475	0
ENSELUG00000012062	110510526	110531368	1
ENSELUG00000007459	110488082	110496694	0
ENSELUG00000002545	110490461	110500002	1
ENSELUG00000006354	110509211	110530656	0
ENSELUG00000019751	110505253	110506253	0
ENSELUG00000006734	110508249	110512127	1
ENSELUG00000001944	110525499	110535888	0
ENSELUG00000004795	110502562	110530078	0
ENSELUG00000003605	110492100	110532560	0
ENSELUG00000008100	110500328	110525010	0
ENSELUG00000007773	110490132	110491193	0
ENSELUG00000016483	110504060	110507889	1
ENSELUG00000022123	110488895	110505092	0
ENSELUG00000019486	110493845	110527664	0
ENSELUG00000010331	110508758	110530301	0
ENSELUG00000023162	110526726	110526729	1
ENSELUG00000015918	110488375	110516250	1
ENSELUG00000021055	110503944	110507777	0
ENSELUG00000023408	110492739	110532520	0
ENSELUG00000022213	110502653	110531033	0
ENSELUG00000019083	110502002	110520496	0
ENSELUG00000002219	110522940	110537112	0
ENSELUG00000008634	110508406	110530705	0
ENSELUG00000017303	110488308	110496267	0
ENSELUG00000011151	110521601	110524478	0
ENSELUG00000008761	100136306	110486473	1
ENSELUG00000017553	110490277	110500200	1
ENSELUG00000015888	110498183	110505199	0
ENSELUG00000007033	110493155	110521373	0
ENSELUG00000000728	110509877	110523664	0
ENSELUG00000006219	110534896	110537393	0
ENSELUG00000017268	110486224	110538154	1
ENSELUG00000019581	110497968	110523048	0
ENSELUG00000014849	110500667	110531809	0
ENSELUG00000015531	110495924	110527539	1
ENSELUG00000004057	110492288	110521283	0
ENSELUG00000008684	110494480	110527979	0
ENSELUG00000005382	110492064	110532604	0
ENSELUG00000014832	110494341	110528096	0
ENSELUG00000004439	110497977	110505483	0
ENSELUG00000022140	110488893	110505090	0
ENSELUG00000002808	110496505	110513484	0
ENSELUG00000020574	110497445	110534432	1
ENSELUG00000006069	110496017	110510413	0
ENSELUG00000020189	110498762	110502858	0
ENSELUG00000018621	110502320	110526912	0
ENSELUG00000013532	110531265	118936543	1
ENSELUG00000023828	110494624	110527845	0
ENSELUG00000001488	110500469	110531616	0
ENSELUG00000005078	110522312	110529693	0
ENSELUG00000014092	110492651	110532780	0
ENSELUG00000021685	110486339	110538458	1
ENSELUG00000000884	110488964	110505171	0
ENSELUG00000023542	110503777	110507169	0
ENSELUG00000021729	110533618	110537508	0
ENSELUG00000017481	110490274	110500202	1
ENSELUG00000008361	110500283	110524937	0
ENSELUG00000017524	110492563	110521303	0
ENSELUG00000004676	110501619	110504531	0
ENSELUG00000007659	110502097	110520279	0
ENSELUG00000000233	110502480	110529185	0
ENSELUG00000012323	110494142	110524151	0
ENSELUG00000004034	110490405	110500078	1
ENSELUG00000020127	110490948	110534236	0
ENSELUG00000020037	110501491	110520076	0
ENSELUG00000023089	110500532	110531666	0
ENSELUG00000022490	110510110	110534117	0
ENSELUG00000004386	110488723	110504921	0
ENSELUG00000007982	110503875	110507706	1
ENSELUG00000014154	110493899	110528544	0
ENSELUG00000018999	110486266	110538200	1
ENSELUG00000020560	110488978	110505186	0
ENSELUG00000007479	110490127	110491126	0
ENSELUG00000001892	100305198	110527231	1
ENSELUG00000003752	110498561	110534938	1
ENSELUG00000017087	110521461	110524324	0
ENSELUG00000023307	110502171	110520140	0
ENSELUG00000022156	110495435	110528845	1
ENSELUG00000018799	110509817	110509831	1
ENSELUG00000022815	110511412	118964956	1
ENSELUG00000023903	110521883	110537923	1
ENSELUG00000019915	110489232	110504469	1
ENSELUG00000016469	110489560	110513600	1
ENSELUG00000000725	110508647	110530410	0
ENSELUG00000007209	110523951	110536978	0
ENSELUG00000006117	110533715	110537406	0
ENSELUG00000022913	110502638	110530763	0
ENSELUG00000004801	110494558	110527909	0
ENSELUG00000023544	110489279	110496139	0
ENSELUG00000003725	110488740	110524103	0
ENSELUG00000004758	110494561	110527908	0
ENSELUG00000005639	110509453	110534212	0
ENSELUG00000011976	100136684	110524405	0
ENSELUG00000005421	110506753	110526619	1
ENSELUG00000004049	110522284	110529662	0
ENSELUG00000023314	110522238	110529620	0
ENSELUG00000002280	100499601	110537109	0
ENSELUG00000005858	110533699	110537421	0
ENSELUG00000010919	110497189	110498602	1
ENSELUG00000019309	110501506	110520063	0
ENSELUG00000012799	110490214	110500252	1
ENSELUG00000014681	101268914	110504149	0
ENSELUG00000010258	110501282	110519974	0
ENSELUG00000015141	110500661	110531794	0
ENSELUG00000020228	110499374	110502696	0
ENSELUG00000022684	110503902	110507742	0
ENSELUG00000011256	110500744	110531882	0
ENSELUG00000017949	110521986	110529327	1
ENSELUG00000019591	110492174	110532436	1
ENSELUG00000017821	110492210	110531206	0
ENSELUG00000018090	110494819	110528624	0
ENSELUG00000005693	110494541	110527925	0
ENSELUG00000008549	110503894	110507733	0
ENSELUG00000020317	110510052	110534059	0
ENSELUG00000019860	110492164	110532443	0
ENSELUG00000003147	110497054	118941042	1
ENSELUG00000012095	110502447	110528533	0
ENSELUG00000003301	110490427	110500049	1
ENSELUG00000011699	110494414	110528025	0
ENSELUG00000001065	110486004	110493162	1
ENSELUG00000024099	110489808	110536539	0
ENSELUG00000007882	110523965	110536956	0
ENSELUG00000022931	110501928	110520129	0
ENSELUG00000006526	110527374	110527375	1
ENSELUG00000013878	110500694	110531838	0
ENSELUG00000008607	110489081	110504665	0
ENSELUG00000016163	110498187	110505204	0
ENSELUG00000003990	110507709	110513073	1
ENSELUG00000019449	110521844	110524811	0
ENSELUG00000019458	110493313	118938182	1
ENSELUG00000015255	110525700	110536069	0
ENSELUG00000012284	110508720	110530325	0
ENSELUG00000022851	110501272	110521176	0
ENSELUG00000008925	100135909	110494474	0
ENSELUG00000004022	110522282	110529660	0
ENSELUG00000007046	110489122	110504612	1
ENSELUG00000019689	110486285	110538216	1
ENSELUG00000019316	110508941	110530105	0
ENSELUG00000007359	110489048	110504642	0
ENSELUG00000012471	110499311	110503002	0
ENSELUG00000008516	110503892	110507731	0
ENSELUG00000019437	110488957	110505157	0
ENSELUG00000019990	110508217	110530118	0
ENSELUG00000003943	110500474	110533002	0
ENSELUG00000016066	110492384	110532013	0
ENSELUG00000002805	110525982	110536357	0
ENSELUG00000001573	110508692	110530359	0
ENSELUG00000006546	110486392	110538400	1
ENSELUG00000021637	110510856	110538403	1
ENSELUG00000008003	110491644	110498796	0
ENSELUG00000023799	110509550	110523331	0
ENSELUG00000006963	110509144	110530856	0
ENSELUG00000022158	110485559	118938428	1
ENSELUG00000007898	110500336	110525022	0
ENSELUG00000007792	110489836	110535190	0
ENSELUG00000015882	110488360	110516190	1
ENSELUG00000004174	110491405	110499006	0
ENSELUG00000009344	110493623	110508655	0
ENSELUG00000023282	110485639	110485640	1
ENSELUG00000009368	110491518	110499142	0
ENSELUG00000003856	110508501	110530571	0
ENSELUG00000012640	110494391	110528045	0
ENSELUG00000009816	110486482	110538304	1
ENSELUG00000001516	110488751	110504946	0
ENSELUG00000019766	110508620	110530443	0
ENSELUG00000016597	110504057	110507885	0
ENSELUG00000004454	100301697	110493859	0
ENSELUG00000019699	110499389	110502710	0
ENSELUG00000017619	110509501	110537377	1
ENSELUG00000021160	110494719	110527738	0
ENSELUG00000008615	110501586	110519995	0
ENSELUG00000015679	110521483	110524347	0
ENSELUG00000019584	110489446	110518030	1
ENSELUG00000000871	110525269	110535683	0
ENSELUG00000005477	110497957	110505500	0
ENSELUG00000015030	110522013	110529387	0
ENSELUG00000021162	110522212	110529588	0
ENSELUG00000002609	118941092	118965239	1
ENSELUG00000009854	110508760	110530280	0
ENSELUG00000023168	110490606	110519829	1
ENSELUG00000020548	110522191	110529565	0
ENSELUG00000023166	110500854	110531665	0
ENSELUG00000007294	110497761	110504215	0
ENSELUG00000005157	110533681	110537438	0
ENSELUG00000024010	110489309	110496131	0
ENSELUG00000019409	110488106	110530109	0
ENSELUG00000003964	110492093	110531228	0
ENSELUG00000004191	110490058	110507306	0
ENSELUG00000015071	110500662	110532977	0
ENSELUG00000013010	110506541	110526419	1
ENSELUG00000013300	110521529	110524398	0
ENSELUG00000002724	110504986	118936299	0
ENSELUG00000015683	100136794	110497538	0
ENSELUG00000010723	110501266	110519968	0
ENSELUG00000016202	110486207	110538134	1
ENSELUG00000017007	110502361	110527436	0
ENSELUG00000015137	110501541	110520025	0
ENSELUG00000021439	110523745	110539130	0
ENSELUG00000002312	110525940	110536318	0
ENSELUG00000016746	110486926	110486927	1
ENSELUG00000011497	110499615	110524413	0
ENSELUG00000001872	110492493	110531946	0
ENSELUG00000016045	110537203	118936409	1
ENSELUG00000014436	110500680	110531824	0
ENSELUG00000012827	110525743	110536117	0
ENSELUG00000020510	110522186	110529561	0
ENSELUG00000024309	110485675	110485687	1
ENSELUG00000013937	110503390	110507952	0
ENSELUG00000007082	110509677	110523459	0
ENSELUG00000006086	110494527	110527936	0
ENSELUG00000022118	110501450	110520112	0
ENSELUG00000001762	110508829	110530945	0
ENSELUG00000006126	110508196	110530218	0
ENSELUG00000011438	110499692	110524441	0
ENSELUG00000018143	110509876	110523665	0
ENSELUG00000013139	110485357	110487504	1
ENSELUG00000018300	110503086	118965293	0
ENSELUG00000020478	110503961	110507808	0
ENSELUG00000011111	110502363	110524456	0
ENSELUG00000024031	110521879	110537927	1
ENSELUG00000008674	110486462	110513504	1
ENSELUG00000017025	110489436	110496903	1
ENSELUG00000009842	110503248	110508060	0
ENSELUG00000013613	110494415	110519016	0
ENSELUG00000009669	110494457	110527992	0
ENSELUG00000023881	110509551	110523332	0
ENSELUG00000018212	110492206	110532403	0
ENSELUG00000012306	110487104	110511316	1
ENSELUG00000002108	110523799	110537130	0
ENSELUG00000000858	110508066	110524262	0
ENSELUG00000002634	110525959	110536348	0
ENSELUG00000005625	110522327	110529705	0
ENSELUG00000009878	110525797	110536174	0
ENSELUG00000004763	110490004	110535577	0
ENSELUG00000015600	110489353	110496759	0
ENSELUG00000007748	110502466	110528940	0
ENSELUG00000015250	110494604	110520078	0
ENSELUG00000016902	110521464	110524326	0
ENSELUG00000018289	110508640	110530419	0
ENSELUG00000015825	110503526	110507358	0
ENSELUG00000023316	110525543	110535921	0
ENSELUG00000014604	110498645	110534535	1
ENSELUG00000010444	110495217	110524163	0
ENSELUG00000006875	110509326	110522828	0
ENSELUG00000012905	110520852	110520853	1
ENSELUG00000014562	110502406	110527939	0
ENSELUG00000018552	110525006	110536622	0
ENSELUG00000008831	110521109	110529286	0
ENSELUG00000022596	110522222	110529600	0
ENSELUG00000016545	110494967	110520365	0
ENSELUG00000005677	110522331	110529708	0
ENSELUG00000004682	110502565	110530085	0
ENSELUG00000013920	110490926	110535351	0
ENSELUG00000010142	110486498	110538293	1
ENSELUG00000023385	110499955	110524194	0
ENSELUG00000006186	110491442	110499040	0
ENSELUG00000003223	110509589	110523371	0
ENSELUG00000005451	110492782	110521337	0
ENSELUG00000021164	110494190	110528239	0
ENSELUG00000011698	110499702	110499703	1
ENSELUG00000016857	110525673	110536041	0
ENSELUG00000008795	110493566	110521411	0
ENSELUG00000004837	110510193	110534184	0
ENSELUG00000011174	110500747	110531884	0
ENSELUG00000017605	110490280	110500198	1
ENSELUG00000007189	110524778	110524863	1
ENSELUG00000014372	110524030	110534079	0
ENSELUG00000001554	110523754	110537169	0
ENSELUG00000017238	110509101	110529974	0
ENSELUG00000016681	110509998	110534002	0
ENSELUG00000022785	110486730	110538677	1
ENSELUG00000013461	110522034	110529420	0
ENSELUG00000005188	110489442	110496950	0
ENSELUG00000002946	110485700	110493453	1
ENSELUG00000022863	110510122	110534123	0
ENSELUG00000004026	110535164	110535167	0
ENSELUG00000011356	110536075	110537383	1
ENSELUG00000012276	110508324	110530767	0
ENSELUG00000021397	110533409	110537815	0
ENSELUG00000012114	110525762	110536138	0
ENSELUG00000017578	110501377	110520599	0
ENSELUG00000008486	110490516	110516895	1
ENSELUG00000014654	110500674	110531817	0
ENSELUG00000014819	110486173	110538097	1
ENSELUG00000011722	110486025	110493739	1
ENSELUG00000007191	110494974	110528396	0
ENSELUG00000018654	110497394	110534483	1
ENSELUG00000006270	110490070	110507346	0
ENSELUG00000001415	100884157	100884158	0
ENSELUG00000010966	110502201	110516739	1
ENSELUG00000024053	110521778	110524690	0
ENSELUG00000013092	110523104	110536760	1
ENSELUG00000002820	110525377	110535773	0
ENSELUG00000019988	110522175	110529553	0
ENSELUG00000018204	110494824	110525201	0
ENSELUG00000001208	110486127	110538017	1
ENSELUG00000024070	110508222	110530052	0
ENSELUG00000020702	110522926	110537201	0
ENSELUG00000016831	110490263	110501058	1
ENSELUG00000004690	110500447	110531587	0
ENSELUG00000002075	110498384	110505354	0
ENSELUG00000006976	110523942	110536783	0
ENSELUG00000009414	110491172	110532248	0
ENSELUG00000018420	110498151	110523376	0
ENSELUG00000018660	110502009	110520488	0
ENSELUG00000008143	110489822	110535195	0
ENSELUG00000019365	110494768	110527704	0
ENSELUG00000003951	110494043	110528377	0
ENSELUG00000014880	110508742	110536773	1
ENSELUG00000009876	110522958	110536924	1
ENSELUG00000020606	110494207	110528219	0
ENSELUG00000003814	110525935	110536312	0
ENSELUG00000003018	110490440	110500037	1
ENSELUG00000018702	110492196	110532415	0
ENSELUG00000017908	110525638	110536007	0
ENSELUG00000014187	110488086	110515765	1
ENSELUG00000016613	110497333	110497340	1
ENSELUG00000004883	110521660	110524549	0
ENSELUG00000018435	110487855	110515531	0
ENSELUG00000010654	110521078	110529834	0
ENSELUG00000014768	110493400	118940278	1
ENSELUG00000022992	110508831	110530197	0
ENSELUG00000013985	110500312	110531433	0
ENSELUG00000001340	110485734	110493483	1
ENSELUG00000023319	110494129	110528279	0
ENSELUG00000008553	110494483	110527978	0
ENSELUG00000017891	110502377	110527613	0
ENSELUG00000023340	110521896	110539077	1
ENSELUG00000002744	110498044	110505408	0
ENSELUG00000004460	110501608	110520472	0
ENSELUG00000016766	110521465	110524330	0
ENSELUG00000020495	110501318	110520540	0
ENSELUG00000020693	110502269	110526347	0
ENSELUG00000008540	110533777	110537345	0
ENSELUG00000010435	110506609	110526482	1
ENSELUG00000023156	110490608	118936456	1
ENSELUG00000018438	110492205	110532405	0
ENSELUG00000017709	100750227	110506437	1
ENSELUG00000004600	110500449	110531592	0
ENSELUG00000023038	110508974	110530071	0
ENSELUG00000008563	110508149	110508151	1
ENSELUG00000011887	110509192	110531011	0
ENSELUG00000009412	110503266	110508082	1
ENSELUG00000012980	110493920	110528519	0
ENSELUG00000012480	110503591	110507468	1
ENSELUG00000018160	110492422	110531981	0
ENSELUG00000016941	110510004	110534008	0
ENSELUG00000005576	110502520	110521229	0
ENSELUG00000020843	110508901	110530136	0
ENSELUG00000023109	110494643	110527819	0
ENSELUG00000008292	110486431	110538356	1
ENSELUG00000006597	110489903	110535653	0
ENSELUG00000010293	110508759	110530300	0
ENSELUG00000003254	110485741	110493477	1
ENSELUG00000022457	110521800	110524729	0
ENSELUG00000013662	110517153	118942834	1
ENSELUG00000007566	110506704	110526572	1
ENSELUG00000013916	110504130	110507189	0
ENSELUG00000011001	110508369	110535970	1
ENSELUG00000013558	110493908	110528538	0
ENSELUG00000024572	110487883	110496480	0
ENSELUG00000020347	110526797	110526798	1
ENSELUG00000020301	110499101	110502857	0
ENSELUG00000023670	110502046	110504735	0
ENSELUG00000022194	110503907	110507752	0
ENSELUG00000000868	110508930	110530113	0
ENSELUG00000000751	110492423	110531980	0
ENSELUG00000016994	110508658	110530398	0
ENSELUG00000006310	110491447	110499045	0
ENSELUG00000004474	110501886	110520180	0
ENSELUG00000023403	110523772	110537150	0
ENSELUG00000007732	110508435	110530681	0
ENSELUG00000007757	110521555	110524422	0
ENSELUG00000019758	110512702	110524258	0
ENSELUG00000010419	110500947	110500948	1
ENSELUG00000013597	110508311	110530782	0
ENSELUG00000006128	110501667	110520412	0
ENSELUG00000000920	110508897	110530137	0
ENSELUG00000000076	110488772	110504971	0
ENSELUG00000006946	110527960	118940490	0
ENSELUG00000017252	110500610	110531747	0
ENSELUG00000020260	110521831	110524777	0
ENSELUG00000017535	110494282	110528153	0
ENSELUG00000001154	110490694	110516535	1
ENSELUG00000002566	110488803	110505005	0
ENSELUG00000003853	110501896	110520174	0
ENSELUG00000008274	110490494	110535576	1
ENSELUG00000005668	110522329	110529706	0
ENSELUG00000018464	110495725	110521024	0
ENSELUG00000018368	110510024	110534029	1
ENSELUG00000017767	110509646	110509655	1
ENSELUG00000021960	110501452	110520109	0
ENSELUG00000001207	110486494	110538297	1
ENSELUG00000015880	110492380	110532019	0
ENSELUG00000018165	110497270	110498620	1
ENSELUG00000015380	110508667	110530391	0
ENSELUG00000014660	110506508	110526388	1
ENSELUG00000011309	110494037	110513605	0
ENSELUG00000023324	110502170	110520142	0
ENSELUG00000015868	100301802	110490388	1
ENSELUG00000000085	110509573	110523357	0
ENSELUG00000019071	110488715	110504913	0
ENSELUG00000018785	110485508	110518890	1
ENSELUG00000023016	110495480	110528832	1
ENSELUG00000006621	110486847	118947906	1
ENSELUG00000018437	110502071	110504569	0
ENSELUG00000015433	110486190	110538114	1
ENSELUG00000009819	110514543	118942857	1
ENSELUG00000016452	110489561	110514542	1
ENSELUG00000007572	110486414	110538374	1
ENSELUG00000004665	110494564	110527902	0
ENSELUG00000024378	110500511	110531648	0
ENSELUG00000018209	110521438	110524294	0
ENSELUG00000020637	110486690	110538646	1
ENSELUG00000015457	110522011	110529378	0
ENSELUG00000021813	110502937	110524219	0
ENSELUG00000001275	110509564	110522843	0
ENSELUG00000019242	110494787	110528580	0
ENSELUG00000006553	110488487	110496026	0
ENSELUG00000022539	110488876	110505073	0
ENSELUG00000005046	110491421	110499019	0
ENSELUG00000017823	110510017	110534022	0
ENSELUG00000014427	110492361	110532044	0
ENSELUG00000003192	118941095	118965229	1
ENSELUG00000017869	110503715	110507597	1
ENSELUG00000003528	110492166	110521291	0
ENSELUG00000001919	110492498	110508385	0
ENSELUG00000010461	110486504	110538960	1
ENSELUG00000019736	110501497	110520071	0
ENSELUG00000010095	110492635	110532256	0
ENSELUG00000001736	110501618	110525190	0
ENSELUG00000017815	110499252	110524212	0
ENSELUG00000015229	110494334	110528101	0
ENSELUG00000007594	110491822	110532211	0
ENSELUG00000022509	110508580	110530486	0
ENSELUG00000021110	110533321	118937819	0
ENSELUG00000020705	110510231	110537964	1
ENSELUG00000020281	110488969	110505177	0
ENSELUG00000012268	110539073	118936532	1
ENSELUG00000000274	110493383	110521389	0
ENSELUG00000000500	110522444	110529876	0
ENSELUG00000017809	110503714	110507596	1
ENSELUG00000013025	110525736	110536111	0
ENSELUG00000007003	110502478	110529161	0
ENSELUG00000024622	110489367	110496482	0
ENSELUG00000002350	110491353	110498945	0
ENSELUG00000015691	110494322	110528111	0
ENSELUG00000007063	110502476	110529121	0
ENSELUG00000018147	110525280	110535701	0
ENSELUG00000016522	110502348	110527212	0
ENSELUG00000012422	118936782	118941442	1
ENSELUG00000022526	110490944	110535221	0
ENSELUG00000004962	110489129	110504586	1
ENSELUG00000005024	110487950	110496567	0
ENSELUG00000002816	110523101	118947556	1
ENSELUG00000023100	110508841	110530188	0
ENSELUG00000009245	110489093	110504690	0
ENSELUG00000024346	110497425	110524175	0
ENSELUG00000014374	110531579	110532938	1
ENSELUG00000003841	110490035	110536592	0
ENSELUG00000018541	110499187	110502909	0
ENSELUG00000023206	110489795	110535211	0
ENSELUG00000018878	110521095	110529321	1
ENSELUG00000014743	110508656	110536748	1
ENSELUG00000020725	110488928	110505123	0
ENSELUG00000022763	110525561	110535930	0
ENSELUG00000024397	110489404	110496473	0
ENSELUG00000024425	110511851	110539285	1
ENSELUG00000018904	110499171	110502898	0
ENSELUG00000002963	110494069	110528353	0
ENSELUG00000012778	110502441	110528418	0
ENSELUG00000005213	110501641	110520436	0
ENSELUG00000014568	110505680	118941360	1
ENSELUG00000022877	110492750	110532511	0
ENSELUG00000019186	110509421	110534032	0
ENSELUG00000007955	110491480	110499112	0
ENSELUG00000001827	110527202	110527204	1
ENSELUG00000004998	110487951	110496568	0
ENSELUG00000024325	110485683	118940357	1
ENSELUG00000021947	110508595	110530470	0
ENSELUG00000005943	110491438	110499035	0
ENSELUG00000014044	110489668	110535346	0
ENSELUG00000003724	110500482	110531626	0
ENSELUG00000021618	110508874	110530153	0
ENSELUG00000013803	110492649	110531264	0
ENSELUG00000006647	110501682	110520402	0
ENSELUG00000010865	110534555	118947748	1
ENSELUG00000014959	110513279	118936552	1
ENSELUG00000023607	110521013	110537910	1
ENSELUG00000006361	110512591	110519436	1
ENSELUG00000005147	110493252	110527917	0
ENSELUG00000010641	110492623	110532274	0
ENSELUG00000013731	110492650	110532789	1
ENSELUG00000016271	110524920	110531890	1
ENSELUG00000003491	110488261	110524099	0
ENSELUG00000013572	110485278	110487154	1
ENSELUG00000023074	110490615	110499790	1
ENSELUG00000000609	110501410	110520625	0
ENSELUG00000004580	110506775	110506779	1
ENSELUG00000001536	110521834	110524793	0
ENSELUG00000003890	110508500	110530573	0
ENSELUG00000022653	110501439	110520122	0
ENSELUG00000023025	110500537	110531673	0
ENSELUG00000013627	110538862	110539063	1
ENSELUG00000024508	110533676	110537445	0
ENSELUG00000016507	110486212	110538138	1
ENSELUG00000021539	110495804	110527425	1
ENSELUG00000021078	110495815	110527435	1
ENSELUG00000017612	110504042	110507865	0
ENSELUG00000017017	110486560	110538521	1
ENSELUG00000022545	110485537	110485538	1
ENSELUG00000008766	110508156	110520778	1
ENSELUG00000005317	110492065	110532600	0
ENSELUG00000008713	110506679	110526546	1
ENSELUG00000008763	110489575	110535445	0
ENSELUG00000023040	110506942	110526731	1
ENSELUG00000011975	110500728	110531871	0
ENSELUG00000012450	110515822	118936324	1
ENSELUG00000023989	110497641	110505815	0
ENSELUG00000022645	110489773	110535220	0
ENSELUG00000001121	110523952	110536977	0
ENSELUG00000013246	110499409	110524302	0
ENSELUG00000016964	110495093	110520482	0
ENSELUG00000022714	110489779	110535215	0
ENSELUG00000014762	110498152	110505283	0
ENSELUG00000000444	110490197	110500261	1
ENSELUG00000018645	110492197	110532413	0
ENSELUG00000017925	110486238	118938276	1
ENSELUG00000014301	110497369	110534533	1
ENSELUG00000019770	110537840	118966698	0
ENSELUG00000009082	110494467	110527984	0
ENSELUG00000009096	110485913	110493643	1
ENSELUG00000020062	110500560	110531694	0
ENSELUG00000000874	110492161	110531214	1
ENSELUG00000002983	110488768	110504963	0
ENSELUG00000015556	110495923	110527538	1
ENSELUG00000007892	110491055	110532684	0
ENSELUG00000003966	110528380	118936271	0
ENSELUG00000020066	110497881	110532298	0
ENSELUG00000006338	110490074	110507348	1
ENSELUG00000023700	110501911	110520149	0
ENSELUG00000002490	110506886	110526987	1
ENSELUG00000001981	110527242	118962107	1
ENSELUG00000004411	110497707	110505762	0
ENSELUG00000014865	110488578	110504788	0
ENSELUG00000015437	110508666	110530392	0
ENSELUG00000002024	110538825	110538826	1
ENSELUG00000016235	110513840	118944417	1
ENSELUG00000006130	110491439	110499037	0
ENSELUG00000002528	110491361	110498960	0
ENSELUG00000009664	110506656	110526527	0
ENSELUG00000004623	110490011	110535571	0
ENSELUG00000005857	110521645	110524527	0
ENSELUG00000010448	110486502	110538285	1
ENSELUG00000004101	110487934	110496550	0
ENSELUG00000007800	110489923	110535636	0
ENSELUG00000022044	110525208	110536435	0
ENSELUG00000001241	110508907	110530129	0
ENSELUG00000017955	110492700	110516471	0
ENSELUG00000022643	110488869	110505068	0
ENSELUG00000019263	110508942	110530103	0
ENSELUG00000001430	100136716	110535009	0
ENSELUG00000022353	110495790	110527416	1
ENSELUG00000023317	110485337	110485637	1
ENSELUG00000003633	110500488	110531631	0
ENSELUG00000019294	100462687	110502305	0
ENSELUG00000006807	110497754	110505709	0
ENSELUG00000011364	110519516	110538805	1
ENSELUG00000012638	110521533	110524400	0
ENSELUG00000018445	110497393	110534487	1
ENSELUG00000010366	110500361	110531460	0
ENSELUG00000021763	110488909	110505104	0
ENSELUG00000023249	110493265	110527823	0
ENSELUG00000012520	110508269	110531056	1
ENSELUG00000015973	110533516	110537628	0
ENSELUG00000002320	110494107	110528316	0
ENSELUG00000009179	110501597	110519990	0
ENSELUG00000005635	110508460	110530639	0
ENSELUG00000023254	110491354	110525320	0
ENSELUG00000019170	110499161	110502890	0
ENSELUG00000016862	110499802	118936595	1
ENSELUG00000014062	110522062	110529449	0
ENSELUG00000009393	110491522	110499144	0
ENSELUG00000004170	110523889	110537037	0
ENSELUG00000007977	110508780	110530251	0
ENSELUG00000007535	110489915	110535642	0
ENSELUG00000021370	110501462	110520099	0
ENSELUG00000009191	110506673	110526543	1
ENSELUG00000003159	110491370	110498979	0
ENSELUG00000007665	110530874	110531333	1
ENSELUG00000023543	110494118	110528289	0
ENSELUG00000013472	110487136	110538861	1
ENSELUG00000004509	110485219	110486774	1
ENSELUG00000012502	110498103	110504187	0
ENSELUG00000003090	110485713	110493463	1
ENSELUG00000023280	110494131	110528278	0
ENSELUG00000014838	110509941	110533956	0
ENSELUG00000019899	110486661	110538621	1
ENSELUG00000003416	110491857	110532194	0
ENSELUG00000002552	110525962	110536345	0
ENSELUG00000018917	110510028	110534045	0
ENSELUG00000019966	110534841	110537836	0
ENSELUG00000013888	110525173	110535133	0
ENSELUG00000019823	110506374	110526256	1
ENSELUG00000002747	110488784	110504982	0
ENSELUG00000011809	110506563	110526439	1
ENSELUG00000000352	110489593	110535421	0
ENSELUG00000013518	110522443	110529878	0
ENSELUG00000010247	110486526	110538485	1
ENSELUG00000018103	110498241	110523431	0
ENSELUG00000016075	110492673	110532800	0
ENSELUG00000013466	110515252	110517405	1
ENSELUG00000007783	110509691	110523474	0
ENSELUG00000001205	110502467	110528926	0
ENSELUG00000016461	110492801	110499567	0
ENSELUG00000007133	110486401	110538386	1
ENSELUG00000010268	110494440	110528004	0
ENSELUG00000010409	110493816	110510264	0
ENSELUG00000023372	110488858	110505057	0
ENSELUG00000013006	110522051	110529434	0
ENSELUG00000020630	110502052	110520086	0
ENSELUG00000000372	110486500	110538289	1
ENSELUG00000020103	110497433	110534445	1
ENSELUG00000005546	110488409	110496805	0
ENSELUG00000001851	100301807	110492489	0
ENSELUG00000001256	100136112	110521616	0
ENSELUG00000014341	110493897	110528547	0
ENSELUG00000018951	110509542	110523212	0
ENSELUG00000023063	110508567	110530496	0
ENSELUG00000014624	110502050	110504879	0
ENSELUG00000004698	110509029	110530028	0
ENSELUG00000006317	110533726	110537401	0
ENSELUG00000006700	110521630	110524509	0
ENSELUG00000015207	110492255	110532351	0
ENSELUG00000015746	110492377	110532021	0
ENSELUG00000024592	110494140	110528306	0
ENSELUG00000012937	110493927	110529031	0
ENSELUG00000019822	110509911	110523701	0
ENSELUG00000001896	110511883	110527230	1
ENSELUG00000001233	110493855	110510928	0
ENSELUG00000006914	110501688	110520393	0
ENSELUG00000015552	110498171	110505264	0
ENSELUG00000013215	110521072	110529236	0
ENSELUG00000021916	110533629	110537499	0
ENSELUG00000012801	110520870	110520882	1
ENSELUG00000001180	110490422	110500056	1
ENSELUG00000008419	110506687	110526556	1
ENSELUG00000006582	110493043	110521363	0
ENSELUG00000022880	110522231	110529613	0
ENSELUG00000003458	110491859	110532193	0
ENSELUG00000009856	110525798	110536176	0
ENSELUG00000018331	110521437	110524292	0
ENSELUG00000001583	110495458	110495475	1
ENSELUG00000009343	110504693	110519954	0
ENSELUG00000016360	110509991	110534000	0
ENSELUG00000019722	110497928	110523000	0
ENSELUG00000012549	110499733	110511982	1
ENSELUG00000014142	110521510	110524377	0
ENSELUG00000013880	110488226	110496350	0
ENSELUG00000007056	110489906	110535651	0
ENSELUG00000015786	110523126	110536900	0
ENSELUG00000005028	110490379	110500102	0
ENSELUG00000013709	110485273	110487153	1
ENSELUG00000010536	110501765	110520314	0
ENSELUG00000003296	110534121	110535510	1
ENSELUG00000001953	110525498	110535884	0
ENSELUG00000002479	110493210	110528336	0
ENSELUG00000013121	110492333	110531170	0
ENSELUG00000013436	110488005	110515550	1
ENSELUG00000003190	110508529	110530531	0
ENSELUG00000006791	110487992	110496603	0
ENSELUG00000010241	110500367	110531457	0
ENSELUG00000013282	110501571	110520009	0
ENSELUG00000013787	110492345	110532053	0
ENSELUG00000015930	110503523	110507356	0
ENSELUG00000000396	110486523	110538483	1
ENSELUG00000000154	110523925	110536999	0
ENSELUG00000005872	110526038	110536403	0
ENSELUG00000001907	110525508	110535892	0
ENSELUG00000006900	100135945	110527388	1
ENSELUG00000023984	110522253	110529639	0
ENSELUG00000006491	110516791	118964486	0
ENSELUG00000014077	110485984	110493705	1
ENSELUG00000013822	110522027	110529414	0
ENSELUG00000010455	110522500	110529830	0
ENSELUG00000012000	110486019	110493733	1
ENSELUG00000012264	110486014	110493728	1
ENSELUG00000016600	110522100	110529487	0
ENSELUG00000017044	110499218	110503024	0
ENSELUG00000013922	110533552	110537575	0
ENSELUG00000022706	110492755	110532504	0
ENSELUG00000008377	110489939	110535624	0
ENSELUG00000019014	110525609	110535974	0
ENSELUG00000020124	110502210	110522912	0
ENSELUG00000007355	110521611	110524494	0
ENSELUG00000006288	110533724	110537395	0
ENSELUG00000004942	110498011	110510465	1
ENSELUG00000014644	110503553	110507395	0
ENSELUG00000016699	110526333	110536043	0
ENSELUG00000016028	110494318	110528119	0
ENSELUG00000014645	110494346	110528092	0
ENSELUG00000010630	110506603	110526474	1
ENSELUG00000024443	100499580	110537136	0
ENSELUG00000019551	110499390	110502712	0
ENSELUG00000008913	110493572	110522748	0
ENSELUG00000006125	110487979	110496590	0
ENSELUG00000021263	100135867	100135868	0
ENSELUG00000015741	110508848	110530183	0
ENSELUG00000004244	100136324	110523398	0
ENSELUG00000008227	110497078	110528906	1
ENSELUG00000023633	110510130	110534135	0
ENSELUG00000018550	118944527	118964984	1
ENSELUG00000002929	118941094	118965241	1
ENSELUG00000020521	110485598	110495067	1
ENSELUG00000008238	110508028	110512028	1
ENSELUG00000006244	110487981	110496592	0
ENSELUG00000000786	110492429	110531977	0
ENSELUG00000021823	110496459	110521835	0
ENSELUG00000013248	110490682	110516816	1
ENSELUG00000014989	118938158	118940272	1
ENSELUG00000000913	110487255	118940339	1
ENSELUG00000004884	110521119	110529275	0
ENSELUG00000006308	110486380	110538412	1
ENSELUG00000006139	110492049	110532623	0
ENSELUG00000015594	110522352	110529887	0
ENSELUG00000004360	110524122	110530936	0
ENSELUG00000000905	110494924	118938197	1
ENSELUG00000013549	118938165	118940077	1
ENSELUG00000003188	110487385	110524089	0
ENSELUG00000017966	110510021	110534024	0
ENSELUG00000004686	110505077	110520767	1
ENSELUG00000004094	110508499	110530581	0
ENSELUG00000000068	110523837	110537089	0
ENSELUG00000014877	110521502	110524370	0
ENSELUG00000002224	110498079	110505358	0
ENSELUG00000000844	110509531	110523223	0
ENSELUG00000023424	110492738	110532521	0
ENSELUG00000017551	110487881	110496708	1
ENSELUG00000017253	110511972	110515544	1
ENSELUG00000006442	110502495	110529369	0
ENSELUG00000002232	110490897	110536586	0
ENSELUG00000022327	110501592	110524208	0
ENSELUG00000021527	110533395	110537811	0
ENSELUG00000000650	100136128	110509348	0
ENSELUG00000019372	110489746	110535254	0
ENSELUG00000006159	110506737	110526601	1
ENSELUG00000023615	110509547	110523328	0
ENSELUG00000022988	110493267	110527816	0
ENSELUG00000001111	110491078	110533024	0
ENSELUG00000022087	110494177	110528252	0
ENSELUG00000015831	110492379	110531165	0
ENSELUG00000013437	110497383	110534507	1
ENSELUG00000013399	110525727	110536098	0
ENSELUG00000004143	110485724	110493501	1
ENSELUG00000023997	110521779	110524693	0
ENSELUG00000015899	110508957	110534365	1
ENSELUG00000016486	110494911	110520385	0
ENSELUG00000017881	110509873	110523659	0
ENSELUG00000011711	110491911	110532746	0
ENSELUG00000007687	110522558	110529769	0
ENSELUG00000017214	110499214	110502931	0
ENSELUG00000007448	100653463	110523463	0
ENSELUG00000013630	110496981	110519331	1
ENSELUG00000024167	110521777	110524685	0
ENSELUG00000006572	110533732	110537386	0
ENSELUG00000000312	110494033	110528430	0
ENSELUG00000002657	110515619	118948705	1
ENSELUG00000020642	110494726	110527736	0
ENSELUG00000004575	110497969	110505488	0
ENSELUG00000011670	110508341	110530803	0
ENSELUG00000013782	110511854	110517154	1
ENSELUG00000002252	110498078	110505368	0
ENSELUG00000011115	110516738	118936549	1
ENSELUG00000011946	110501784	110520296	0
ENSELUG00000013923	110485976	110493702	1
ENSELUG00000000069	110509567	110523353	0
ENSELUG00000000438	110497206	118936358	1
ENSELUG00000002282	110491348	110498940	0
ENSELUG00000016971	110511681	118948950	1
ENSELUG00000017977	100136071	110509563	1
ENSELUG00000016338	110509989	110533996	0
ENSELUG00000006392	110494521	110527942	0
ENSELUG00000014542	110504118	110507936	1
ENSELUG00000015770	110486037	110493754	1
ENSELUG00000016946	110525670	110536038	0
ENSELUG00000020152	110506219	118936604	1
ENSELUG00000012841	110521546	110524409	0
ENSELUG00000003363	110491379	110498985	0
ENSELUG00000004735	110518612	110538730	1
ENSELUG00000007270	110521613	110524497	0
ENSELUG00000010968	110500344	110531441	0
ENSELUG00000014499	110493836	110527669	0
ENSELUG00000015845	110521035	110529367	0
ENSELUG00000001006	110488111	110496462	0
ENSELUG00000007966	110508781	110530249	0
ENSELUG00000008462	110502462	110532653	0
ENSELUG00000006388	110485229	110486827	1
ENSELUG00000005099	110524004	110529807	0
ENSELUG00000013349	110533567	110537560	0
ENSELUG00000007008	110512929	118936834	1
ENSELUG00000020200	110523706	110537214	0
ENSELUG00000021860	110533621	110537502	0
ENSELUG00000000971	110522226	110529606	0
ENSELUG00000016323	110525685	110536051	0
ENSELUG00000014431	110533536	110537603	0
ENSELUG00000001756	110514095	110534710	1
ENSELUG00000022757	110526739	110526776	1
ENSELUG00000004217	110497981	110505472	0
ENSELUG00000021877	110488905	110504161	0
ENSELUG00000017240	110488654	110504855	0
ENSELUG00000016394	110510551	110513655	1
ENSELUG00000009604	110508768	110530271	0
ENSELUG00000011910	110502453	110528603	0
ENSELUG00000008435	110491973	110531239	0
ENSELUG00000013603	110509795	110523582	0
ENSELUG00000018796	110487849	110496746	0
ENSELUG00000024007	110488838	110505043	0
ENSELUG00000013690	110487432	110487435	1
ENSELUG00000003291	110492114	110532549	0
ENSELUG00000020049	110524249	110532071	0
ENSELUG00000002675	110495606	110527283	1
ENSELUG00000023958	110521780	110524694	0
ENSELUG00000017424	110501857	110520650	0
ENSELUG00000009260	110491516	110498769	0
ENSELUG00000017369	110493413	118940029	1
ENSELUG00000023004	110508568	110530495	0
ENSELUG00000019954	110489752	110535248	0
ENSELUG00000013624	110508575	110536367	1
ENSELUG00000000607	100136119	110518436	1
ENSELUG00000004560	110501614	110520466	0
ENSELUG00000004390	110497705	110505763	0
ENSELUG00000024377	110533367	110537744	0
ENSELUG00000006669	110486849	110538784	1
ENSELUG00000018323	110499414	110502739	0
ENSELUG00000002126	110490488	110499977	1
ENSELUG00000022034	110491790	110498803	0
ENSELUG00000008342	110489076	110504391	0
ENSELUG00000015641	100499618	110506482	1
ENSELUG00000019802	110509910	110523700	0
ENSELUG00000007826	110494960	110528411	0
ENSELUG00000011916	110500730	110531873	0
ENSELUG00000018965	110487846	110496750	0
ENSELUG00000007755	110488077	110496690	0
ENSELUG00000019036	110525607	110535973	0
ENSELUG00000004391	110502133	110522340	0
ENSELUG00000016852	110509134	110537275	1
ENSELUG00000002905	110487905	110496517	0
ENSELUG00000023396	110488217	110499425	0
ENSELUG00000018482	110493314	110493320	1
ENSELUG00000024584	110489159	110504573	1
ENSELUG00000014954	110507054	118943992	1
ENSELUG00000018430	110508638	110530423	0
ENSELUG00000019438	110502303	110532536	0
ENSELUG00000007368	110488087	110496696	0
ENSELUG00000002877	110485689	110493440	1
ENSELUG00000021966	110502660	110532845	0
ENSELUG00000023294	110496780	110522154	0
ENSELUG00000011095	110485188	110538482	1
ENSELUG00000017322	110486569	110538527	1
ENSELUG00000003574	110492102	110532562	0
ENSELUG00000005015	110521120	110529270	0
ENSELUG00000015002	110492369	110532034	0
ENSELUG00000012376	110497222	110498425	1
ENSELUG00000006620	110526048	110536412	0
ENSELUG00000020117	110508920	110530934	0
ENSELUG00000017661	110525299	110535709	1
ENSELUG00000002778	110506855	110526669	1
ENSELUG00000008608	110491969	110532703	0
ENSELUG00000000065	110506858	110506862	1
ENSELUG00000015205	110492371	110532031	0
ENSELUG00000016161	110494317	110528124	0
ENSELUG00000017042	110521462	110524325	0
ENSELUG00000000629	110489714	110535296	0
ENSELUG00000007099	110501812	110520263	0
ENSELUG00000018188	110492699	110516453	0
ENSELUG00000022331	110494167	110528261	0
ENSELUG00000016000	100136666	110528118	0
ENSELUG00000011960	110508729	110530319	0
ENSELUG00000020083	110521105	110529306	0
ENSELUG00000012152	110485138	110537976	1
ENSELUG00000006171	110509652	110523432	0
ENSELUG00000000278	110494498	110527970	0
ENSELUG00000006820	110533740	110537380	0
ENSELUG00000002416	110489540	110535485	0
ENSELUG00000002391	110488820	110505027	0
ENSELUG00000007778	110533758	110537361	0
ENSELUG00000013815	110486093	118938348	1
ENSELUG00000016320	110510498	110518582	1
ENSELUG00000002379	110498067	110505382	0
ENSELUG00000008223	110503886	110507718	0
ENSELUG00000005313	110520734	110520736	1
ENSELUG00000020165	110506309	110524245	0
ENSELUG00000007497	110532669	118939536	0
ENSELUG00000015108	110498167	110505269	0
ENSELUG00000014585	110503556	110507397	0
ENSELUG00000013002	110500339	110531422	0
ENSELUG00000009622	110508766	110530272	0
ENSELUG00000011299	110491920	110531250	0
ENSELUG00000012080	110522466	110529856	0
ENSELUG00000007107	110492014	110532654	0
ENSELUG00000015366	110488592	110504407	0
ENSELUG00000014723	110496975	110512526	1
ENSELUG00000002548	110487897	110496501	0
ENSELUG00000008184	110488518	110496010	0
ENSELUG00000005192	110489994	110536598	0
ENSELUG00000019540	110509903	110523692	0
ENSELUG00000006312	110509657	110522825	0
ENSELUG00000007261	110485980	110512886	1
ENSELUG00000020542	110501950	110521553	0
ENSELUG00000014003	110489669	110535349	0
ENSELUG00000015406	110508845	110534346	1
ENSELUG00000017195	110488650	110504854	0
ENSELUG00000017520	110485159	110538158	1
ENSELUG00000011152	110494425	110528019	0
ENSELUG00000022283	110515059	118964958	1
ENSELUG00000017233	110486223	110538153	1
ENSELUG00000000857	110501290	110504652	0
ENSELUG00000022519	110488875	110505072	0
ENSELUG00000018485	110490935	110535264	0
ENSELUG00000012532	110493506	110524144	0
ENSELUG00000016301	110526841	110526842	1
ENSELUG00000009193	110521582	110524454	0
ENSELUG00000003909	110497059	118965249	1
ENSELUG00000002613	110488797	110505002	0
ENSELUG00000008590	100136245	110503214	1
ENSELUG00000021134	110494720	110527739	0
ENSELUG00000013057	110487476	118937785	1
ENSELUG00000003415	110500492	110531634	0
ENSELUG00000013022	110489642	110535372	0
ENSELUG00000003241	110523859	110537068	0
ENSELUG00000019393	110510044	110534050	0
ENSELUG00000020651	110523723	110537202	0
ENSELUG00000014509	110506511	110526390	1
ENSELUG00000024451	110488100	110496474	0
ENSELUG00000011178	110508349	110530738	0
ENSELUG00000015700	110492375	110532023	0
ENSELUG00000014322	110494354	110528083	0
ENSELUG00000023693	110494625	110527841	0
ENSELUG00000008965	110491962	110532695	0
ENSELUG00000008519	110490602	110524418	1
ENSELUG00000016254	110492389	110532012	0
ENSELUG00000015145	110534869	110537612	0
ENSELUG00000015860	110494752	110520206	0
ENSELUG00000019651	110509906	110523698	0
ENSELUG00000019741	110502291	110526548	0
ENSELUG00000008737	110508167	110508190	1
ENSELUG00000023359	110488129	110496445	0
ENSELUG00000023979	110488110	110496464	0
ENSELUG00000021197	110508890	118965528	0
ENSELUG00000016444	118947576	118949617	1
ENSELUG00000015169	110508782	110536887	1
ENSELUG00000014053	100136210	100136953	1
ENSELUG00000015954	110509977	110533988	0
ENSELUG00000005293	110497959	110505498	0
ENSELUG00000016160	110496761	118946523	0
ENSELUG00000005199	110501640	110520437	0
ENSELUG00000014520	110495391	110495392	1
ENSELUG00000021186	110523732	110537186	0
ENSELUG00000022630	110501440	110520121	0
ENSELUG00000001886	110495541	118941037	1
ENSELUG00000008543	110490524	110535605	1
ENSELUG00000007894	110497905	110505563	0
ENSELUG00000010859	110526888	110536156	0
ENSELUG00000003779	110497695	110505770	0
ENSELUG00000012223	110522462	110529859	0
ENSELUG00000003497	110491860	110532189	0
ENSELUG00000016978	110525668	110536035	0
ENSELUG00000018447	110488704	110504898	0
ENSELUG00000022756	110533333	110537781	0
ENSELUG00000008002	110508778	110530253	0
ENSELUG00000008183	110491641	110498797	0
ENSELUG00000013926	110488228	110496349	0
ENSELUG00000014943	110494337	110528100	0
ENSELUG00000014326	110488565	110504775	0
ENSELUG00000012818	110485999	110493717	1
ENSELUG00000008743	110501587	110519984	0
ENSELUG00000008056	110497072	110497076	1
ENSELUG00000016660	110494298	110528141	0
ENSELUG00000006451	110490107	110491314	0
ENSELUG00000013075	110489644	110535370	1
ENSELUG00000007095	110502475	110529113	0
ENSELUG00000014977	110513280	118936319	1
ENSELUG00000023015	110488868	110505065	0
ENSELUG00000010355	110525789	110536168	0
ENSELUG00000022797	110501931	110520126	0
ENSELUG00000019968	110508925	110530117	0
ENSELUG00000004988	110509035	110530021	0
ENSELUG00000021627	110503925	110507766	1
ENSELUG00000006944	110525851	110536236	0
ENSELUG00000011753	110533593	110537534	0
ENSELUG00000019164	110489742	110535260	0
ENSELUG00000005666	100136673	110508819	0
ENSELUG00000013612	110523056	118938406	1
ENSELUG00000013335	110524129	110531395	0
ENSELUG00000000778	110486607	110538578	1
ENSELUG00000000700	110495464	110520739	0
ENSELUG00000016416	110517083	118944501	1
ENSELUG00000012993	110509784	110523576	0
ENSELUG00000020431	110522183	110529560	0
ENSELUG00000005950	110485803	110495114	1
ENSELUG00000019636	110488959	110505160	0
ENSELUG00000016225	110521996	110529357	0
ENSELUG00000011931	101268940	110499569	0
ENSELUG00000018578	110498652	110534485	1
ENSELUG00000012325	118948229	118948632	1
ENSELUG00000024201	110488954	110505153	0
ENSELUG00000006428	110492037	110532630	0
ENSELUG00000002300	110523822	110537108	0
ENSELUG00000002228	110521744	110524637	0
ENSELUG00000020926	110490714	110499695	1
ENSELUG00000013872	110508305	110530787	0
ENSELUG00000005092	110501638	110520441	0
ENSELUG00000019542	110511302	118964972	1
ENSELUG00000007647	110525841	110536224	0
ENSELUG00000016532	110525314	110535726	0
ENSELUG00000016304	110504062	110507894	0
ENSELUG00000004413	110500456	110531602	0
ENSELUG00000022668	110508576	110530489	0
ENSELUG00000015908	110522002	110529181	0
ENSELUG00000006418	110489387	110496868	0
ENSELUG00000001379	110489787	110535213	0
ENSELUG00000017999	110499424	110502749	0
ENSELUG00000018769	110508956	110530090	0
ENSELUG00000014705	110488146	110515888	1
ENSELUG00000016190	110500640	110531769	0
ENSELUG00000023498	110493433	110493437	1
ENSELUG00000012971	110498114	110504186	0
ENSELUG00000022324	110488887	110505082	0
ENSELUG00000022141	110508165	110530476	0
ENSELUG00000015912	110499248	110503032	0
ENSELUG00000004262	110525909	110536289	0
ENSELUG00000021056	110509490	110523259	0
ENSELUG00000006554	110485827	110493571	1
ENSELUG00000004264	110485216	110539011	1
ENSELUG00000004092	110502022	110520477	0
ENSELUG00000002275	110496917	110527266	1
ENSELUG00000022784	110517597	110526738	1
ENSELUG00000000075	110498042	110505405	0
ENSELUG00000002567	110523832	110537090	0
ENSELUG00000019572	110510048	110534054	0
ENSELUG00000005259	110502542	110529921	0
ENSELUG00000010535	110508361	110530686	0
ENSELUG00000004915	110526629	110526633	1
ENSELUG00000013530	110522031	110529418	0
ENSELUG00000004677	110491412	110499013	0
ENSELUG00000017626	110497297	110497298	1
ENSELUG00000012083	110516884	118941436	1
ENSELUG00000005224	110523918	110537005	0
ENSELUG00000003973	110488736	110504935	0
ENSELUG00000018228	110495659	110520933	0
ENSELUG00000010787	110509735	110523524	0
ENSELUG00000002103	110497024	110504762	1
ENSELUG00000007543	110522768	110524490	0
ENSELUG00000010019	110500379	110531477	0
ENSELUG00000007590	110521552	110524419	0
ENSELUG00000000310	110509205	110530996	0
ENSELUG00000003857	100135866	110536311	0
ENSELUG00000023181	110525164	110536480	1
ENSELUG00000015716	118938164	118940266	1
ENSELUG00000000381	110508359	110531006	0
ENSELUG00000021601	110523752	110537171	0
ENSELUG00000014756	110485995	110493714	1
ENSELUG00000012934	110522449	110529869	0
ENSELUG00000007532	110492901	110533032	0
ENSELUG00000006916	110515093	110538789	1
ENSELUG00000013832	110533554	110537573	0
ENSELUG00000014962	110488244	110496337	0
ENSELUG00000022626	110525566	110535937	0
ENSELUG00000019126	110492701	110531290	0
ENSELUG00000020925	110488924	110505120	0
ENSELUG00000012952	110494381	110528055	0
ENSELUG00000004366	110508485	110530597	0
ENSELUG00000015976	100135844	110504077	0
ENSELUG00000011786	110506567	110526443	1
ENSELUG00000011693	110533595	110537531	0
ENSELUG00000006341	110494522	110527941	0
ENSELUG00000005502	110486794	110538756	1
ENSELUG00000005419	110486792	110538753	1
ENSELUG00000019784	110502290	110526533	0
ENSELUG00000019869	110502288	110526516	0
ENSELUG00000001616	110503185	110508005	0
ENSELUG00000006611	110492030	110532638	0
ENSELUG00000008911	110486447	110538337	1
ENSELUG00000015397	110491119	110532026	0
ENSELUG00000014079	110494360	110528980	0
ENSELUG00000006383	110533727	110537391	0
ENSELUG00000020906	110521825	110524763	0
ENSELUG00000005517	110502534	110529822	0
ENSELUG00000006400	110497748	110505716	0
ENSELUG00000016205	110497344	110534556	1
ENSELUG00000003542	110523870	110537057	0
ENSELUG00000010405	110525787	110535087	0
ENSELUG00000014294	100301859	110530371	0
ENSELUG00000013861	110528836	110528837	1
ENSELUG00000024181	110521877	110537930	1
ENSELUG00000011980	110487148	118936389	1
ENSELUG00000015354	110509959	110533971	0
ENSELUG00000021271	110510072	110534087	0
ENSELUG00000011652	110527179	110527180	1
ENSELUG00000006538	110508451	110530990	0
ENSELUG00000023178	110500529	110531664	0
ENSELUG00000000886	110486674	110538631	1
ENSELUG00000018856	110499400	110502722	0
ENSELUG00000008738	110495739	110528880	1
ENSELUG00000006337	110486383	110538409	1
ENSELUG00000003412	110497556	110522551	0
ENSELUG00000004908	110501630	110520449	0
ENSELUG00000014525	110498144	110505291	0
ENSELUG00000007136	110492012	110532656	0
ENSELUG00000012386	110486010	110493163	1
ENSELUG00000017719	110522127	110529512	0
ENSELUG00000007546	110502469	110528986	0
ENSELUG00000016234	110509073	110529999	0
ENSELUG00000015674	110498854	110523812	0
ENSELUG00000000161	110508818	110530213	0
ENSELUG00000016819	110502358	110527342	0
ENSELUG00000013562	110489680	110535362	0
ENSELUG00000002928	110501673	110521236	0
ENSELUG00000004144	110534053	118937745	1
ENSELUG00000020173	110508828	110530198	0
ENSELUG00000004700	110485222	110511897	1
ENSELUG00000013683	110509916	110533930	0
ENSELUG00000003086	110494060	110528359	0
ENSELUG00000001897	110490562	110499909	1
ENSELUG00000005812	110502523	110529681	0
ENSELUG00000012202	110494277	110524153	0
ENSELUG00000020633	110523722	110537205	0
ENSELUG00000006094	110501666	110520413	0
ENSELUG00000011000	110487125	110514526	1
ENSELUG00000022567	110521795	110524724	0
ENSELUG00000009614	110494459	110527990	0
ENSELUG00000023045	110490616	110500977	1
ENSELUG00000024074	110533360	110537755	0
ENSELUG00000007741	110491989	110532681	0
ENSELUG00000019861	110486660	110538620	1
ENSELUG00000000784	110510025	110534030	0
ENSELUG00000012729	110493933	110528512	0
ENSELUG00000020314	110488938	110505134	0
ENSELUG00000024077	110510139	110534145	0
ENSELUG00000007178	110490819	110535182	0
ENSELUG00000010291	110525788	110536167	0
ENSELUG00000005318	110489113	110504599	0
ENSELUG00000010156	110502237	110525910	0
ENSELUG00000016628	110521470	110524333	0
ENSELUG00000016702	110498199	110505212	0
ENSELUG00000007583	110501803	110520276	0
ENSELUG00000019783	110499384	110502705	0
ENSELUG00000007602	110494966	110528406	0
ENSELUG00000023663	110523995	110536923	0
ENSELUG00000000688	110500603	110531734	0
ENSELUG00000002668	100135988	110525975	0
ENSELUG00000004657	110521663	110524554	0
ENSELUG00000019175	110492186	110532424	0
ENSELUG00000008455	110494487	110527975	0
ENSELUG00000013583	110524019	110533496	0
ENSELUG00000015472	110502390	110527775	0
ENSELUG00000016608	110494300	110528138	0
ENSELUG00000016081	110486202	110538129	1
ENSELUG00000016616	110492600	110532814	1
ENSELUG00000010777	110490677	110514895	1
ENSELUG00000002183	110489551	110535469	0
ENSELUG00000023211	110490612	110490613	1
ENSELUG00000019001	110522163	110529539	0
ENSELUG00000020372	110523711	110537213	0
ENSELUG00000019989	110494232	110528202	0
ENSELUG00000021923	110533626	110537497	0
ENSELUG00000007488	110491997	110532670	0
ENSELUG00000018218	110522145	110529523	1
ENSELUG00000000881	110502286	110526511	0
ENSELUG00000009958	110506640	110526510	1
ENSELUG00000004819	110510159	110534159	0
ENSELUG00000019031	110518941	118946021	0
ENSELUG00000020247	110499371	110502694	0
ENSELUG00000000439	110508726	110530321	0
ENSELUG00000004441	110489157	110504570	1
ENSELUG00000007673	110487640	110496100	0
ENSELUG00000022252	110502652	110530947	0
ENSELUG00000011685	110494084	110514161	0
ENSELUG00000019251	110502304	110526678	0
ENSELUG00000009789	110489410	110496425	0
ENSELUG00000017114	110494283	110528152	0
ENSELUG00000005843	110492056	110532618	0
ENSELUG00000013777	110521516	110524384	0
ENSELUG00000006725	110497753	110505710	0
ENSELUG00000014258	110487055	110487059	1
ENSELUG00000002864	110488769	110504968	0
ENSELUG00000012864	110506543	110526420	1
ENSELUG00000001159	110500393	110531495	0
ENSELUG00000022562	110508578	110530975	0
ENSELUG00000004938	110522643	110529271	0
ENSELUG00000017076	110525664	110536032	0
ENSELUG00000015489	110503534	110507375	1
ENSELUG00000024395	110495519	110512308	1
ENSELUG00000005373	110514760	110517593	0
ENSELUG00000015000	110508756	110536796	1
ENSELUG00000014732	110494344	110528094	0
ENSELUG00000010891	110503642	110507067	1
ENSELUG00000016639	110488623	110504831	0
ENSELUG00000007322	100500705	110532661	0
ENSELUG00000006065	110489979	110535594	0
ENSELUG00000004872	110515018	110522639	0
ENSELUG00000021776	110488908	110505102	0
ENSELUG00000003376	110500495	110531636	0
ENSELUG00000012449	110499472	110502821	1
ENSELUG00000006607	110508799	110530227	0
ENSELUG00000020053	110485601	118936522	1
ENSELUG00000005223	110509043	110530014	0
ENSELUG00000010679	110509734	110523523	0
ENSELUG00000019546	110492176	110532435	0
ENSELUG00000006290	110500611	110525476	1
ENSELUG00000016547	110500881	110532974	0
ENSELUG00000018122	110492421	110531982	0
ENSELUG00000000273	110491477	110499067	0
ENSELUG00000003037	110509581	110523365	0
ENSELUG00000022241	110494172	110528257	0
ENSELUG00000001870	110492499	110531947	0
ENSELUG00000005472	110502538	110521224	0
ENSELUG00000004096	101268939	110532569	0
ENSELUG00000007386	110493358	110521386	0
ENSELUG00000000684	110491223	110515455	0
ENSELUG00000006752	110502082	110520401	0
ENSELUG00000000343	110500950	110531358	0
ENSELUG00000016533	110499237	110502952	1
ENSELUG00000011465	110488191	110496388	0
ENSELUG00000004783	110518584	118938768	1
ENSELUG00000008700	110508403	110530706	0
ENSELUG00000023929	110508555	110530508	0
ENSELUG00000022240	110525193	110536449	0
ENSELUG00000013564	110489354	118943830	1
ENSELUG00000018093	110499336	110524273	0
ENSELUG00000021045	110486324	110538267	1
ENSELUG00000008108	110491982	110532685	0
ENSELUG00000012675	110509772	110523563	0
ENSELUG00000002755	110513407	118950607	1
ENSELUG00000008150	118936816	118936860	1
ENSELUG00000012819	110494384	110528051	0
ENSELUG00000009813	110493697	110509244	0
ENSELUG00000020494	110502273	110526371	0
ENSELUG00000020909	110501335	110520558	0
ENSELUG00000014369	110488567	110504777	0
ENSELUG00000007301	110492004	110532659	0
ENSELUG00000012475	110516851	118947900	1
ENSELUG00000000717	110510013	110534019	0
ENSELUG00000009387	110516868	118936542	1
ENSELUG00000003657	110500487	110531630	0
ENSELUG00000001229	110495654	110527327	1
ENSELUG00000012747	110515635	110519348	1
ENSELUG00000003740	110494591	110527879	0
ENSELUG00000017935	110494271	110528159	0
ENSELUG00000019364	100305310	110508940	0
ENSELUG00000012800	110492686	110524140	0
ENSELUG00000018113	110502380	110527687	0
ENSELUG00000005266	100301815	110497723	0
ENSELUG00000015896	110491273	110499507	0
ENSELUG00000010862	110509737	110523525	0
ENSELUG00000000559	110512492	110514524	1
ENSELUG00000019933	110522592	110529304	1
ENSELUG00000006986	110487996	110496611	0
ENSELUG00000022340	110494166	110528260	0
ENSELUG00000021070	110510069	110534082	0
ENSELUG00000011592	110492316	110532085	0
ENSELUG00000002331	110525942	110536321	0
ENSELUG00000004779	110490386	110500094	1
ENSELUG00000015919	110500632	110531776	0
ENSELUG00000019376	110499079	110503128	0
ENSELUG00000005781	110485797	110493545	1
ENSELUG00000003294	110488940	110505137	0
ENSELUG00000002560	110488804	110505010	0
ENSELUG00000019970	110502284	110526503	0
ENSELUG00000008681	110525827	110536206	0
ENSELUG00000018144	100136219	110532402	0
ENSELUG00000013770	110508689	110530362	0
ENSELUG00000003747	110500480	110531623	0
ENSELUG00000005673	110502529	110522714	0
ENSELUG00000008264	110491825	110532223	0
ENSELUG00000015857	110523129	110536905	0
ENSELUG00000014242	110506520	110526401	1
ENSELUG00000012837	100301831	110492528	0
ENSELUG00000000443	110508725	110530323	0
ENSELUG00000022431	110508221	110530081	0
ENSELUG00000023638	110521889	110537911	1
ENSELUG00000003385	110498014	110505433	0
ENSELUG00000020241	100136774	110534057	0
ENSELUG00000019848	110486288	110538221	1
ENSELUG00000002591	110488799	110505004	0
ENSELUG00000023337	110508986	110530066	0
ENSELUG00000004078	110509609	110523394	0
ENSELUG00000004426	110526068	110531936	0
ENSELUG00000013708	110489674	110535357	0
ENSELUG00000009369	110506672	110526541	1
ENSELUG00000007721	110488079	110496691	0
ENSELUG00000009390	110494679	110527792	0
ENSELUG00000022870	110495476	110528830	1
ENSELUG00000013891	110504129	110507951	0
ENSELUG00000016914	110502359	110527358	0
ENSELUG00000020271	110503965	110507811	0
ENSELUG00000002740	110494074	110528349	0
ENSELUG00000023184	110521902	110539087	1
ENSELUG00000005959	100135942	100136211	0
ENSELUG00000011841	110501782	110520299	0
ENSELUG00000013556	110492339	110532058	0
ENSELUG00000011935	110495412	110522577	1
ENSELUG00000011986	110506558	110526952	1
ENSELUG00000017244	110490269	110500207	1
ENSELUG00000009680	110497086	110528795	1
ENSELUG00000013225	110500706	110532979	0
ENSELUG00000019588	100305215	110524259	0
ENSELUG00000022126	110521808	110524739	0
ENSELUG00000009084	110525805	110536197	0
ENSELUG00000022582	110488871	110505070	0
ENSELUG00000013746	110489675	110535358	0
ENSELUG00000014335	110485986	110493160	1
ENSELUG00000022001	110533405	110537796	0
ENSELUG00000023492	110486741	110538689	1
ENSELUG00000020457	110506262	110524243	0
ENSELUG00000017206	110502368	110527498	0
ENSELUG00000003386	110496530	110514975	0
ENSELUG00000017755	110518873	118947022	1
ENSELUG00000006673	110493059	110521364	0
ENSELUG00000003550	110506811	118944498	1
ENSELUG00000008168	110521564	110524432	0
ENSELUG00000014828	110491192	110495382	1
ENSELUG00000015751	110503529	110507361	0
ENSELUG00000018573	110486620	110538990	1
ENSELUG00000008672	110491500	110499125	0
ENSELUG00000007341	110506712	110526578	1
ENSELUG00000021944	110521810	110523028	0
ENSELUG00000013251	110520800	110520814	1
ENSELUG00000019061	110499397	110502717	0
ENSELUG00000023806	118937414	118964806	0
ENSELUG00000002959	110485703	110493456	1
ENSELUG00000004495	110490389	110501036	1
ENSELUG00000006609	110494513	110527952	0
ENSELUG00000020855	110490815	110499697	1
ENSELUG00000014621	110522019	110529396	0
ENSELUG00000018307	110534583	110534586	1
ENSELUG00000007414	110506709	110526575	1
ENSELUG00000007582	100136749	110537367	0
ENSELUG00000011376	110533600	110537526	0
ENSELUG00000020969	110510064	110534074	0
ENSELUG00000016256	110502347	110521737	1
ENSELUG00000012497	110493215	110524146	0
ENSELUG00000018396	110486082	110493797	1
ENSELUG00000013812	110502422	110528173	0
ENSELUG00000015098	110494849	110528673	0
ENSELUG00000013191	110514653	110517412	1
ENSELUG00000002397	110494097	110528325	0
ENSELUG00000007248	110490885	110498599	1
ENSELUG00000004229	110507598	110513400	1
ENSELUG00000005276	110504458	110533241	1
ENSELUG00000005413	118938717	118946056	1
ENSELUG00000020407	110522615	110529289	1
ENSELUG00000002807	110488775	110504976	0
ENSELUG00000008314	110521568	110524435	0
ENSELUG00000022330	110514547	110519573	1
ENSELUG00000013696	110508179	110530358	0
ENSELUG00000019388	110488956	110505155	0
ENSELUG00000021440	110510077	110534093	0
ENSELUG00000010348	110499877	110524544	0
ENSELUG00000006919	110493152	110521368	0
ENSELUG00000013966	110509803	110524744	0
ENSELUG00000004494	110500450	110531596	0
ENSELUG00000010080	110491940	110532720	0
ENSELUG00000012565	110502310	110524343	0
ENSELUG00000005039	110511727	110534567	1
ENSELUG00000013211	110497390	110534492	1
ENSELUG00000011538	110506579	110526452	1
ENSELUG00000000733	110494263	110528165	0
ENSELUG00000012593	110502443	110528470	0
ENSELUG00000008654	110506678	110526549	1
ENSELUG00000012733	110494387	110528048	0
ENSELUG00000009537	110525815	110536184	0
ENSELUG00000014526	110492363	110532040	0
ENSELUG00000017678	110500876	110531733	0
ENSELUG00000011550	110525768	110536144	0
ENSELUG00000004121	110497982	110505463	0
ENSELUG00000003081	110525994	110536363	0
ENSELUG00000000594	110521480	110524345	0
ENSELUG00000023598	110509440	110534131	0
ENSELUG00000023346	110501914	110520145	0
ENSELUG00000003244	110509590	110523372	0
ENSELUG00000022549	110523977	110536907	0
ENSELUG00000011363	110517482	110518248	1
ENSELUG00000020482	100136168	110538640	1
ENSELUG00000004822	110509616	110523404	0
ENSELUG00000011086	110493986	110513011	0
ENSELUG00000005567	110495682	110527350	1
ENSELUG00000020674	110501324	110520550	0
ENSELUG00000015031	110525447	110535832	0
ENSELUG00000020994	110502264	110526306	0
ENSELUG00000003658	110488746	110504441	0
ENSELUG00000018316	110489736	110535273	0
ENSELUG00000021835	110526767	110526771	1
ENSELUG00000008302	110533773	110537347	0
ENSELUG00000018652	110502319	110526877	0
ENSELUG00000011242	110491811	110525605	0
ENSELUG00000003511	110500490	110531633	0
ENSELUG00000000431	110499333	110503042	0
ENSELUG00000000785	110521434	110524290	0
ENSELUG00000006304	110516360	110529251	0
ENSELUG00000020915	110486321	110538265	1
ENSELUG00000009881	110492638	110532255	0
ENSELUG00000021116	110488030	110496647	0
ENSELUG00000005707	100301728	110532162	0
ENSELUG00000021168	110495947	110527561	1
ENSELUG00000010189	110502238	110525930	0
ENSELUG00000010820	110491805	110525562	0
ENSELUG00000021064	110488923	110505116	0
ENSELUG00000010381	110516397	110516398	1
ENSELUG00000004164	110507631	118944843	1
ENSELUG00000011332	110500892	110531879	0
ENSELUG00000022415	110488882	110505079	0
ENSELUG00000013274	110521530	110524394	0
ENSELUG00000014923	110522074	110529457	0
ENSELUG00000002212	110494112	110528309	0
ENSELUG00000000480	110488543	110504757	0
ENSELUG00000010977	110494619	110527847	1
ENSELUG00000018077	110486244	110538175	1
ENSELUG00000010805	110525781	110536158	0
ENSELUG00000019330	110509893	110523688	0
ENSELUG00000001850	110490575	110499895	1
ENSELUG00000005724	110522337	110529710	0
ENSELUG00000006823	110489526	110535174	0
ENSELUG00000009294	110520944	110533812	0
ENSELUG00000016459	110487823	110515400	1
ENSELUG00000014842	110498155	110505280	0
ENSELUG00000013519	110498127	110505306	0
ENSELUG00000003691	110487919	110496541	0
ENSELUG00000012482	100136220	110486134	1
ENSELUG00000019805	110507602	110524256	0
ENSELUG00000000918	110488367	110496210	0
ENSELUG00000009582	110491524	110499147	0
ENSELUG00000013911	110487171	110487336	1
ENSELUG00000001960	110525015	110535881	0
ENSELUG00000010098	110521589	110524463	0
ENSELUG00000004500	110514837	110526647	1
ENSELUG00000010184	110525790	110536169	0
ENSELUG00000020788	110499363	110502684	0
ENSELUG00000015618	110503083	110527013	0
ENSELUG00000008934	110494656	110527807	0
ENSELUG00000010993	110493948	110512529	0
ENSELUG00000000862	110485612	118936553	1
ENSELUG00000012588	100305281	110496368	0
ENSELUG00000012105	110500325	110519597	0
ENSELUG00000022943	110526102	110526733	1
ENSELUG00000016655	110495903	110527517	1
ENSELUG00000003559	110492171	110522731	0
ENSELUG00000017360	110499524	110535006	0
ENSELUG00000021592	110489190	110504356	1
ENSELUG00000009216	110491621	110499077	0
ENSELUG00000013714	110498335	110523455	0
ENSELUG00000003098	110490438	110500040	1
ENSELUG00000024045	110492127	110532535	0
ENSELUG00000015926	110509974	110533985	0
ENSELUG00000009288	110489585	110535426	0
ENSELUG00000005041	110487779	110510766	1
ENSELUG00000006610	110493006	110521362	0
ENSELUG00000013804	110488225	110496351	0
ENSELUG00000005868	110492054	110532619	0
ENSELUG00000002270	110492878	110498939	0
ENSELUG00000016231	110488618	110504823	0
ENSELUG00000000744	110513174	118944482	1
ENSELUG00000022085	110494906	110514149	1
ENSELUG00000002185	110489550	110535471	0
ENSELUG00000019575	110485613	118938183	1
ENSELUG00000006030	110509650	110523430	0
ENSELUG00000017624	110524312	118936337	0
ENSELUG00000005429	110522320	110529220	1
ENSELUG00000003172	110485721	118940361	1
ENSELUG00000000467	110494278	110516970	0
ENSELUG00000010888	110533615	110537512	0
ENSELUG00000015791	110509969	110533982	0
ENSELUG00000018341	110493418	110493419	1
ENSELUG00000018668	110488703	110504899	0
ENSELUG00000022966	110533342	110537778	0
ENSELUG00000023105	110510124	110533130	0
ENSELUG00000003988	110486054	110493803	1
ENSELUG00000013325	110488545	110504759	0
ENSELUG00000005605	110485543	110511268	1
ENSELUG00000012856	110500719	110531858	0
ENSELUG00000004449	110509019	110530041	0
ENSELUG00000009837	110494452	110527991	0
ENSELUG00000013579	110508557	110536358	1
ENSELUG00000018291	100136127	110524297	0
ENSELUG00000016229	110494892	110532139	0
ENSELUG00000016785	110497327	110497328	1
ENSELUG00000024087	110495368	110512403	1
ENSELUG00000020751	110486316	110538257	1
ENSELUG00000009027	110521580	110524449	0
ENSELUG00000007406	110492003	110532663	0
ENSELUG00000020821	110501327	110520555	0
ENSELUG00000000923	110523738	110537195	0
ENSELUG00000022772	110522227	110529207	0
ENSELUG00000012154	110525759	110536137	0
ENSELUG00000004604	110490012	110535570	0
ENSELUG00000021428	110521051	110529205	0
ENSELUG00000018349	110492204	110532404	0
ENSELUG00000014394	110512783	118966091	1
ENSELUG00000000861	110534837	110537843	0
ENSELUG00000002702	118944394	118964941	1
ENSELUG00000012156	110500726	110531868	0
ENSELUG00000022007	110494180	110528251	0
ENSELUG00000019675	110493280	110527714	0
ENSELUG00000015189	110488240	110516015	1
ENSELUG00000002451	110523827	110537097	0
ENSELUG00000003308	110498018	110505432	0
ENSELUG00000013900	110498129	110505304	0
ENSELUG00000019865	110508927	110530115	0
ENSELUG00000013199	110506538	110526416	1
ENSELUG00000012352	110500724	110531865	0
ENSELUG00000022837	110499435	110502767	0
ENSELUG00000000531	110498142	110505292	0
ENSELUG00000021587	110533398	110537809	0
ENSELUG00000024029	110510141	110533132	0
ENSELUG00000004590	110510170	110534166	0
ENSELUG00000009682	110506655	110526524	1
ENSELUG00000018336	110525277	110535700	0
ENSELUG00000020099	110486296	110538231	1
ENSELUG00000002994	110506838	118944459	1
ENSELUG00000015558	110494649	110520123	0
ENSELUG00000003425	110494603	110527868	1
ENSELUG00000005174	110491425	110499022	0
ENSELUG00000019939	110506383	110526251	1
ENSELUG00000021932	110490056	110519256	1
ENSELUG00000023479	110494710	110527753	0
ENSELUG00000022309	110488052	110496672	0
ENSELUG00000003411	110485737	110493484	1
ENSELUG00000018675	110499179	110502904	0
ENSELUG00000005937	110533706	110537416	0
ENSELUG00000004514	110523905	110537021	0
ENSELUG00000022220	110490122	110519336	1
ENSELUG00000004545	110501885	110520183	0
ENSELUG00000000557	110522432	110530908	0
ENSELUG00000023562	110492737	110532523	0
ENSELUG00000000210	100136078	110506677	1
ENSELUG00000020057	110502054	110520077	0
ENSELUG00000024294	110523785	110537139	0
ENSELUG00000017631	110494279	110528155	0
ENSELUG00000016887	110509092	110529968	0
ENSELUG00000024230	110495515	110512982	1
ENSELUG00000015094	110515217	110515887	1
ENSELUG00000020972	110503949	110507781	0
ENSELUG00000018526	110526845	110526847	1
ENSELUG00000008202	110521565	110522988	0
ENSELUG00000006579	110494514	110527950	0
ENSELUG00000019663	110488960	110505162	0
ENSELUG00000022364	110492768	110532493	0
ENSELUG00000024356	110497717	110522771	0
ENSELUG00000006188	110533721	110537392	0
ENSELUG00000023893	110489318	110496132	0
ENSELUG00000001541	110525927	110536300	0
ENSELUG00000011664	110502459	110528701	0
ENSELUG00000012898	110525742	110536116	0
ENSELUG00000013312	110492338	110532061	0
ENSELUG00000005119	110487299	110493535	1
ENSELUG00000022882	110490620	110499786	1
ENSELUG00000021178	110510070	110534083	0
ENSELUG00000012991	110531632	110531639	1
ENSELUG00000002733	110494075	110528347	0
ENSELUG00000016199	110512298	110526880	1
ENSELUG00000021181	110508892	110530143	0
ENSELUG00000018535	110525249	110535695	0
ENSELUG00000011700	110503614	110507495	1
ENSELUG00000014803	110509938	110533955	0
ENSELUG00000015392	110488595	110504802	0
ENSELUG00000015682	110486034	110493750	1
ENSELUG00000019873	110509912	110523702	0
ENSELUG00000015545	110494325	110528109	0
ENSELUG00000012987	110494303	110517311	0
ENSELUG00000015243	110488587	110504795	0
ENSELUG00000023152	110513219	110513948	1
ENSELUG00000006358	110497745	110505720	0
ENSELUG00000002083	110523791	110537133	0
ENSELUG00000007410	110523953	110536972	0
ENSELUG00000012167	110515892	110516591	1
ENSELUG00000002390	110494100	110528326	0
ENSELUG00000004727	110501878	110520191	0
ENSELUG00000013527	110494369	110528066	0
ENSELUG00000004917	110502560	110530018	0
ENSELUG00000002028	110498316	110505940	1
ENSELUG00000010477	110495758	110528893	1
ENSELUG00000013038	110486000	110493716	1
ENSELUG00000004102	110525914	110535099	0
ENSELUG00000019359	110495940	110521263	0
ENSELUG00000023489	110494705	110527756	0
ENSELUG00000000492	110522035	110529422	0
ENSELUG00000005586	110500425	110531585	0
ENSELUG00000009673	110507902	110507929	1
ENSELUG00000010886	110487124	110518542	1
ENSELUG00000022985	110501352	110520581	0
ENSELUG00000018597	110487852	110496743	0
ENSELUG00000001058	110521805	110524734	0
ENSELUG00000001341	110490752	110500154	1
ENSELUG00000020313	110499102	110502855	0
ENSELUG00000022269	110508964	110530083	0
ENSELUG00000021547	110533407	110537810	0
ENSELUG00000005401	110534888	110537435	0
ENSELUG00000004025	110490026	110535550	0
ENSELUG00000008630	110500398	110531513	0
ENSELUG00000005595	110524533	118945773	0
ENSELUG00000017246	100305284	110502370	0
ENSELUG00000000631	110522107	110529495	0
ENSELUG00000006705	110485835	110493577	1
ENSELUG00000010060	110486958	110514146	1
ENSELUG00000022293	110494169	110528258	0
ENSELUG00000010024	110488162	110496421	0
ENSELUG00000012463	110493940	110528505	0
ENSELUG00000006859	110527386	110527387	1
ENSELUG00000020177	110502282	110526492	0
ENSELUG00000012577	110499469	110524349	0
ENSELUG00000017480	110534787	110534796	1
ENSELUG00000011861	110486024	110493737	1
ENSELUG00000001911	110492502	110508382	0
ENSELUG00000023944	110488843	110505049	0
ENSELUG00000017542	110525654	110536024	0
ENSELUG00000005773	110501661	110520419	0
ENSELUG00000005968	110525863	110536248	0
ENSELUG00000004541	110497971	110505486	0
ENSELUG00000007300	110497918	110505546	0
ENSELUG00000013265	110533566	110537558	0
ENSELUG00000023514	110492432	118936388	0
ENSELUG00000000505	110500698	110531842	0
ENSELUG00000002857	110498038	110504197	0
ENSELUG00000002348	110495362	110527086	1
ENSELUG00000003653	110525027	110535103	0
ENSELUG00000009044	110503676	110507072	0
ENSELUG00000020001	110500870	110531697	0
ENSELUG00000022663	110513137	110518410	1
ENSELUG00000008474	110489896	110535660	0
ENSELUG00000004320	110510176	110534171	0
ENSELUG00000005322	110506757	110526622	1
ENSELUG00000007888	110488073	110496687	0
ENSELUG00000006339	110502128	110520247	0
ENSELUG00000015172	110498434	110498642	1
ENSELUG00000001587	110509413	110534031	0
ENSELUG00000017970	110525636	110536003	0
ENSELUG00000003688	110488744	110504942	0
ENSELUG00000006084	110496018	110516508	0
ENSELUG00000010997	110499455	110502797	0
ENSELUG00000024478	110525530	110535907	0
ENSELUG00000007816	100305150	110494497	0
ENSELUG00000018553	110499410	110502734	0
ENSELUG00000019815	110499096	110502868	0
ENSELUG00000004691	110510166	110534164	0
ENSELUG00000006622	110486394	110538397	1
ENSELUG00000013810	110493905	110528540	0
ENSELUG00000019656	110487260	110511650	1
ENSELUG00000018518	110522150	110529527	0
ENSELUG00000005725	110491432	110499029	0
ENSELUG00000022563	110501443	110520117	0
ENSELUG00000006040	110515781	118946995	0
ENSELUG00000022718	110499768	110499778	1
ENSELUG00000012103	110493951	110528497	0
ENSELUG00000004646	110488716	110504914	0
ENSELUG00000013959	110504131	110507953	0
ENSELUG00000010352	110500364	110531456	0
ENSELUG00000009215	110489580	110535436	1
ENSELUG00000002427	110525972	110536339	0
ENSELUG00000010550	110516721	118938364	1
ENSELUG00000019558	110489748	110535253	0
ENSELUG00000000605	110501411	110520626	0
ENSELUG00000002441	110512937	118936672	1
ENSELUG00000018936	110490295	110501048	1
ENSELUG00000013510	110525177	110535129	0
ENSELUG00000010144	110493241	110527124	0
ENSELUG00000016820	110521466	110524329	0
ENSELUG00000007715	110491988	110532679	0
ENSELUG00000011862	110499468	110502815	0
ENSELUG00000000758	110520946	110522878	0
ENSELUG00000008181	101268921	110503878	0
ENSELUG00000004916	110521912	110537908	1
ENSELUG00000010644	110506600	110526472	1
ENSELUG00000019381	110508938	110530108	0
ENSELUG00000018640	110498104	110523309	0
ENSELUG00000013077	110492332	110532066	0
ENSELUG00000010924	110493877	110527642	0
ENSELUG00000008570	110503893	110507734	0
ENSELUG00000000639	110498670	110514875	1
ENSELUG00000006311	110526044	110536408	0
ENSELUG00000012875	110508704	110530345	0
ENSELUG00000006851	110493150	110522741	0
ENSELUG00000006278	110526043	110535119	0
ENSELUG00000006170	110492048	110532625	0
ENSELUG00000006668	110527371	110527372	1
ENSELUG00000010729	110493993	110528463	0
ENSELUG00000023840	110508834	110530195	0
ENSELUG00000012623	110488209	110496366	0
ENSELUG00000006176	110501669	110520409	0
ENSELUG00000010179	110538838	110538852	1
ENSELUG00000014521	110503555	110507398	1
ENSELUG00000012138	110509763	110523554	0
ENSELUG00000022623	110492758	110532502	0
ENSELUG00000000460	110503599	110507476	1
ENSELUG00000017742	110522129	110529514	0
ENSELUG00000012584	110490591	110500958	1
ENSELUG00000010629	110491801	110525546	0
ENSELUG00000020528	110486687	110538642	1
ENSELUG00000014482	110507228	118944049	0
ENSELUG00000015978	110522091	110529475	0
ENSELUG00000019243	110502888	110513322	0
ENSELUG00000011267	110494015	110513500	0
ENSELUG00000013261	110497387	110534496	1
ENSELUG00000002395	110523824	110537101	0
ENSELUG00000014456	110487032	110487040	1
ENSELUG00000024535	110487882	110496476	0
ENSELUG00000019481	100301821	110489747	0
ENSELUG00000003651	110494592	110527878	0
ENSELUG00000001246	110500790	110531923	0
ENSELUG00000011912	110494127	110514924	0
ENSELUG00000005638	110511064	118947011	1
ENSELUG00000010824	110502371	110524482	0
ENSELUG00000015160	110509956	110533964	0
ENSELUG00000011833	110508335	110530753	0
ENSELUG00000000793	110502325	110526991	0
ENSELUG00000003014	110494066	110528356	0
ENSELUG00000002540	110491363	110498961	0
ENSELUG00000011223	110538882	110539075	1
ENSELUG00000006307	110490073	110507347	0
ENSELUG00000019568	110501291	110520520	0
ENSELUG00000006092	110497740	110505724	0
ENSELUG00000022005	110494690	118965355	0
ENSELUG00000009415	110486463	110538326	1
ENSELUG00000000731	110509412	110534027	0
ENSELUG00000020639	110489768	110535236	0
ENSELUG00000000773	110490290	110500189	1
ENSELUG00000004971	110522961	110530621	0
ENSELUG00000013283	110500304	110531427	0
ENSELUG00000003080	110490439	110500039	1
ENSELUG00000006617	110503348	110507114	1
ENSELUG00000016669	110509997	110534001	0
ENSELUG00000023250	110502628	110530617	0
ENSELUG00000023580	110485518	118936555	1
ENSELUG00000023080	110501923	110520134	0
ENSELUG00000021473	110501461	110520100	0
ENSELUG00000021506	110497620	110505834	0
ENSELUG00000001951	110525497	110535883	0
ENSELUG00000014983	110511038	110515218	1
ENSELUG00000013267	110487915	110515419	1
ENSELUG00000018215	118939596	118966122	1
ENSELUG00000023905	110514693	110519300	1
ENSELUG00000005368	110509321	110523415	0
ENSELUG00000014960	110500664	110531807	0
ENSELUG00000016632	110493233	110528137	0
ENSELUG00000009917	110503426	110508062	1
ENSELUG00000013653	100135954	110515629	1
ENSELUG00000004063	110509607	110522817	0
ENSELUG00000001149	110487327	110514781	1
ENSELUG00000004210	110507612	118936613	1
ENSELUG00000018914	110522576	110529319	1
ENSELUG00000004979	110502559	110532724	0
ENSELUG00000003398	110494605	110528956	0
ENSELUG00000004241	110506132	118936437	1
ENSELUG00000012967	110508204	110530773	0
ENSELUG00000022513	110486359	110538432	1
ENSELUG00000003182	100136232	110532545	0
ENSELUG00000010390	110508364	110530727	0
ENSELUG00000023233	110523768	110537153	0
ENSELUG00000016651	110486945	110511683	1
ENSELUG00000009992	110503656	110507535	0
ENSELUG00000014437	110487033	118936481	1
ENSELUG00000009131	110494031	110528435	0
ENSELUG00000002407	110525953	110536335	0
ENSELUG00000004824	110522300	110529687	0
ENSELUG00000016171	110491175	110531270	1
ENSELUG00000003445	110522946	110537061	0
ENSELUG00000017300	110522109	110529499	0
ENSELUG00000012826	110508705	110530343	0
ENSELUG00000011464	110501254	110519936	0
ENSELUG00000009602	110495766	110528796	1
ENSELUG00000011085	110500343	110531442	0
ENSELUG00000002873	110509574	110523361	0
ENSELUG00000002371	110488819	110505026	0
ENSELUG00000015048	110493852	110527677	0
ENSELUG00000016828	110510005	110534007	0
ENSELUG00000007366	110501696	110520382	0
ENSELUG00000018586	110506416	110526298	1
ENSELUG00000017153	110486564	118936304	1
ENSELUG00000020623	110486313	110538254	1
ENSELUG00000000538	110509934	110533951	0
ENSELUG00000005013	110509620	110523407	0
ENSELUG00000004709	110490007	110535574	0
ENSELUG00000013738	110490224	110500244	1
ENSELUG00000013229	110497388	110534495	1
ENSELUG00000003999	110490038	110535547	0
ENSELUG00000020021	110486292	110538227	1
ENSELUG00000001901	110492507	110508381	0
ENSELUG00000013114	110494377	110528059	0
ENSELUG00000007240	110508192	110530949	0
ENSELUG00000008894	110489087	110504673	0
ENSELUG00000010636	110487133	110517726	1
ENSELUG00000011845	110500326	110510780	0
ENSELUG00000002897	110496516	118946517	0
ENSELUG00000014074	110522024	110529409	0
ENSELUG00000016777	110488635	110504840	0
ENSELUG00000005447	110495681	110527347	1
ENSELUG00000011970	110500915	110516332	1
ENSELUG00000019079	110527020	118944530	1
ENSELUG00000003440	118944455	118964936	1
ENSELUG00000017700	110519120	118965010	1
ENSELUG00000012307	110508718	110530326	0
ENSELUG00000023138	110508981	110530068	0
ENSELUG00000014141	110531701	110531710	1
ENSELUG00000004304	110490021	110535557	0
ENSELUG00000018628	110493871	110527651	0
ENSELUG00000004629	110522302	110529684	0
ENSELUG00000023232	110487273	110517362	1
ENSELUG00000006866	110497755	110504216	1
ENSELUG00000001456	110509918	118966777	0
ENSELUG00000001301	118941032	118965374	1
ENSELUG00000017840	110522133	110529518	0
ENSELUG00000010359	110491937	110532725	0
ENSELUG00000006434	110489958	110535615	0
ENSELUG00000014101	110522064	110529450	0
ENSELUG00000022918	110501930	110520127	0
ENSELUG00000004119	110502584	110530219	0
ENSELUG00000014035	110493901	110528543	0
ENSELUG00000008505	110499020	110523269	0
ENSELUG00000010376	110502383	110524536	0
ENSELUG00000010719	110499816	110524496	0
ENSELUG00000013948	110520820	110536431	1
ENSELUG00000008810	110503679	110507559	0
ENSELUG00000013921	110522026	110529413	0
ENSELUG00000012594	110494394	110528043	0
ENSELUG00000016142	110492387	110532015	0
ENSELUG00000016341	110526840	110526843	1
ENSELUG00000017996	110495181	118936263	0
ENSELUG00000021199	110495812	110527433	1
ENSELUG00000021157	100302644	110490712	1
ENSELUG00000020028	110499099	110502860	0
ENSELUG00000004943	110492072	110532593	0
ENSELUG00000022214	110495438	110528828	1
ENSELUG00000011985	110502450	110528559	0
ENSELUG00000001490	110495672	110528759	1
ENSELUG00000014480	110500337	110531429	0
ENSELUG00000016725	110492406	110532001	0
ENSELUG00000023209	110496148	118946455	0
ENSELUG00000007708	110491478	110499069	0
ENSELUG00000003481	110509593	110523375	0
ENSELUG00000018726	110485510	110485511	1
ENSELUG00000022867	110501358	110520585	0
ENSELUG00000006730	110500953	118942819	0
ENSELUG00000008445	110486914	110538913	1
ENSELUG00000008432	110510251	110534821	0
ENSELUG00000015276	110488589	110504799	0
ENSELUG00000021344	110485171	110538277	1
ENSELUG00000014575	110506509	110526389	1
ENSELUG00000017151	110499215	110503022	0
ENSELUG00000003756	110488741	110504938	0
ENSELUG00000004245	110491406	110499008	0
ENSELUG00000003185	110509586	110523369	0
ENSELUG00000010337	110500365	110531465	0
ENSELUG00000015075	110515215	110515885	1
ENSELUG00000015466	110533528	110537614	0
ENSELUG00000019009	110490937	110536548	0
ENSELUG00000018351	110502386	110532592	0
ENSELUG00000020449	110489762	110535239	0
ENSELUG00000003173	110509309	110523367	0
ENSELUG00000006020	110490355	110500127	1
ENSELUG00000008025	110521559	110524427	0
ENSELUG00000019704	110509907	110522923	0
ENSELUG00000008577	110486437	110538349	1
ENSELUG00000007658	110489057	110504659	0
ENSELUG00000011686	110501779	110520305	0
ENSELUG00000000970	110494154	110528268	0
ENSELUG00000022949	110495481	118965246	1
ENSELUG00000008110	110501793	110520288	0
ENSELUG00000020524	110486310	110538248	1
ENSELUG00000005951	110489974	110535603	0
ENSELUG00000023172	110508983	110530067	0
ENSELUG00000016283	110521064	110530916	0
ENSELUG00000020448	110508908	110530128	0
ENSELUG00000000284	110491484	110499072	0
ENSELUG00000024348	110523787	110537137	0
ENSELUG00000012275	110502093	110520295	0
ENSELUG00000022201	110508588	110530477	0
ENSELUG00000000671	110534569	110534570	1
ENSELUG00000003148	110488760	110504954	0
ENSELUG00000021202	110509488	110523265	0
ENSELUG00000018780	110498083	110523285	0
ENSELUG00000006193	110533722	110537397	0
ENSELUG00000010553	110500762	110531918	0
ENSELUG00000021658	110486343	110538460	1
ENSELUG00000003759	110502597	110530346	0
ENSELUG00000010267	110493793	110510003	0
ENSELUG00000010370	110508366	110530725	0
ENSELUG00000014956	110493891	110529039	0
ENSELUG00000006489	110500837	110531561	0
ENSELUG00000022287	110497093	110527420	1
ENSELUG00000021069	110501338	110520569	0
ENSELUG00000024173	110485676	110485677	1
ENSELUG00000017200	110500612	110531752	1
ENSELUG00000008478	110508188	110530256	0
ENSELUG00000017571	110490278	110500199	1
ENSELUG00000020861	110501330	110520556	0
ENSELUG00000012702	110508709	110530336	0
ENSELUG00000023330	110523769	110536814	0
ENSELUG00000019187	110503749	110507170	1
ENSELUG00000011137	110487094	118937810	1
ENSELUG00000013141	110494358	118936285	0
ENSELUG00000019399	110485203	110538992	1
ENSELUG00000006542	110508801	110530223	0
ENSELUG00000012572	110508710	110530335	0
ENSELUG00000019275	110508625	110530438	0
ENSELUG00000010395	110493997	110528458	0
ENSELUG00000013735	110492344	110532054	0
ENSELUG00000010826	110500347	110531444	0
ENSELUG00000008484	110493507	110521409	0
ENSELUG00000002674	110526681	118936662	1
ENSELUG00000019985	110489484	110504489	1
ENSELUG00000010972	110499544	110502795	0
ENSELUG00000024138	110522935	110537143	0
ENSELUG00000001063	110500908	118936771	1
ENSELUG00000003817	110500479	110531622	0
ENSELUG00000006074	110533714	110537409	0
ENSELUG00000011255	110538884	118936512	1
ENSELUG00000016676	110497334	110516757	1
ENSELUG00000015811	110494320	110528114	0
ENSELUG00000022279	110488888	110505084	0
ENSELUG00000020384	110489760	110535242	0
ENSELUG00000006210	110497741	110505722	0
ENSELUG00000019573	110533436	110537702	0
ENSELUG00000020716	110522200	110529573	0
ENSELUG00000019289	110509891	110523684	0
ENSELUG00000017514	110502373	110527518	0
ENSELUG00000017921	110492208	110532400	1
ENSELUG00000015291	110502399	110527853	0
ENSELUG00000008347	110488142	110496434	0
ENSELUG00000024525	110506288	110526168	0
ENSELUG00000002349	110498069	110505377	0
ENSELUG00000022819	110494155	110528270	0
ENSELUG00000018066	110499288	110524253	0
ENSELUG00000018466	110492202	110532408	0
ENSELUG00000013153	110522047	110529432	0
ENSELUG00000022082	110488897	110505094	0
ENSELUG00000018585	110522151	110529528	0
ENSELUG00000013279	110491485	110524132	0
ENSELUG00000019562	110486653	110538609	1
ENSELUG00000008711	110500125	110524838	0
ENSELUG00000018529	110495745	110521096	0
ENSELUG00000002727	110491389	110498969	0
ENSELUG00000023440	110489797	110535204	0
ENSELUG00000010543	110485185	110538465	1
ENSELUG00000001075	110510541	110527156	1
ENSELUG00000022940	110501926	110520130	0
ENSELUG00000017599	110485463	110485465	1
ENSELUG00000023191	110525549	110535924	0
ENSELUG00000006784	110509137	110517127	0
ENSELUG00000009776	110515349	118942856	1
ENSELUG00000021225	110506400	110526231	1
ENSELUG00000024374	110500512	110532943	0
ENSELUG00000011763	110531875	118936296	0
ENSELUG00000000254	110521622	110524503	0
ENSELUG00000021886	110488044	110496662	0
ENSELUG00000012290	110499315	110503005	0
ENSELUG00000023289	110488856	110505059	0
ENSELUG00000012793	110488211	110496364	0
ENSELUG00000005550	110522324	110531082	0
ENSELUG00000023619	110499356	110524188	0
ENSELUG00000010858	110493917	110511950	0
ENSELUG00000014254	110502414	110528078	0
ENSELUG00000014519	110500675	110531819	0
ENSELUG00000018216	110497562	110505889	0
ENSELUG00000019569	100381269	110502297	0
ENSELUG00000015445	110494328	110528106	0
ENSELUG00000013336	110521525	110524392	0
ENSELUG00000006965	110490337	110500149	1
ENSELUG00000002470	110492828	110498952	0
ENSELUG00000022971	110489794	110536544	0
ENSELUG00000004584	110490016	110535566	0
ENSELUG00000010203	110494446	110528000	0
ENSELUG00000023252	110501351	110504742	0
ENSELUG00000020389	110488971	110505181	0
ENSELUG00000014726	110493397	118936519	1
ENSELUG00000009458	110486465	118937824	1
ENSELUG00000000746	110502384	110527713	0
ENSELUG00000024380	110522264	110531081	0
ENSELUG00000021881	110502242	110526060	0
ENSELUG00000022738	110498698	110505830	0
ENSELUG00000020734	110495939	110527551	1
ENSELUG00000004947	110493253	110527913	0
ENSELUG00000017775	110499199	110502920	0
ENSELUG00000008996	110491511	110499136	0
ENSELUG00000009766	110486852	110514002	1
ENSELUG00000012235	110502446	110528511	0
ENSELUG00000011066	110508741	110530311	0
ENSELUG00000013756	110487086	110517310	1
ENSELUG00000015887	110509975	110533987	0
ENSELUG00000018804	110508953	110530094	0
ENSELUG00000008775	110508208	110508220	1
ENSELUG00000022827	110525158	110536491	1
ENSELUG00000017305	110488094	110496701	0
ENSELUG00000023292	110485641	110485642	1
ENSELUG00000006026	110501665	110520416	0
ENSELUG00000000782	110522147	110529197	0
ENSELUG00000012915	110501962	110505453	1
ENSELUG00000016774	110509999	110534004	0
ENSELUG00000008941	110489577	110535440	0
ENSELUG00000015748	110498866	118937298	1
ENSELUG00000001480	110498902	110523903	0
ENSELUG00000022525	110513865	110515416	1
ENSELUG00000004714	110501623	110520461	0
ENSELUG00000003565	110508510	110530544	0
ENSELUG00000024026	110488837	110511522	0
ENSELUG00000024579	110485092	118944496	1
ENSELUG00000021416	110523733	110536817	0
ENSELUG00000004843	110524010	110531578	0
ENSELUG00000016372	110509062	110537231	1
ENSELUG00000010059	100136228	110496418	0
ENSELUG00000005765	110521647	110524529	0
ENSELUG00000002785	110501464	110517473	1
ENSELUG00000019477	110490749	110500177	1
ENSELUG00000000495	110509792	110523586	0
ENSELUG00000021218	110521821	110524756	0
ENSELUG00000003917	110492408	110521288	0
ENSELUG00000015223	110487814	110496773	1
ENSELUG00000020745	100136070	110522199	0
ENSELUG00000018650	110494254	110528171	0
ENSELUG00000014906	110492366	110532037	0
ENSELUG00000003719	110492098	110532564	0
ENSELUG00000022746	110509437	110534122	0
ENSELUG00000020362	100305177	110501478	0
ENSELUG00000001895	110525512	110535894	0
ENSELUG00000007861	110491481	110499110	0
ENSELUG00000022076	110502657	110531152	0
ENSELUG00000002439	110494090	110528335	0
ENSELUG00000010009	110499449	110502784	0
ENSELUG00000001082	110500753	110531887	0
ENSELUG00000001414	110486727	110513844	1
ENSELUG00000023002	110502634	110530670	0
ENSELUG00000014872	110509943	110533957	0
ENSELUG00000010871	110486516	110538476	1
ENSELUG00000016139	110518951	110526881	1
ENSELUG00000019402	110497983	110532319	0
ENSELUG00000002721	110525976	110535107	0
ENSELUG00000001070	110494829	110528639	0
ENSELUG00000018281	110492697	110503218	0
ENSELUG00000016918	100499608	110491163	1
ENSELUG00000020327	110502276	110526424	0
ENSELUG00000001026	110510204	110534196	0
ENSELUG00000004887	110501627	110520450	0
ENSELUG00000020183	110486298	110538233	1
ENSELUG00000013506	110492341	110532062	0
ENSELUG00000017659	110494274	110528157	0
ENSELUG00000003854	110489545	110524107	0
ENSELUG00000000849	100189621	110509899	0
ENSELUG00000014492	110485991	110493710	1
ENSELUG00000015731	110486035	110493752	1
ENSELUG00000010471	110501288	110519971	0
ENSELUG00000024456	110488828	110505035	0
ENSELUG00000020126	110518959	110526809	1
ENSELUG00000000091	110488947	110505147	0
ENSELUG00000003644	110519503	110519559	1
ENSELUG00000023198	110492746	110532515	0
ENSELUG00000007470	110491999	110532668	0
ENSELUG00000021772	110489203	110489220	1
ENSELUG00000018495	110486259	110538187	1
ENSELUG00000009168	110517730	118936573	1
ENSELUG00000004029	110488731	110504932	0
ENSELUG00000006235	110534035	118964349	1
ENSELUG00000013907	110486146	110538070	1
ENSELUG00000004070	110494580	110527887	0
ENSELUG00000015644	110521485	110524350	0
ENSELUG00000023481	110488125	110496448	0
ENSELUG00000002114	110495547	110497026	1
ENSELUG00000015213	110509955	110533969	0
ENSELUG00000010692	118940220	118947749	1
ENSELUG00000018127	110501370	110504776	0
ENSELUG00000010548	110495754	110528883	1
ENSELUG00000010399	110495450	110524164	0
ENSELUG00000013460	110490825	110535364	0
ENSELUG00000022926	110502636	110530741	0
ENSELUG00000005769	110485226	110486806	1
ENSELUG00000010652	110486513	110538471	1
ENSELUG00000000931	110508893	110530142	0
ENSELUG00000011983	110508728	110530962	0
ENSELUG00000017753	110503712	110507593	1
ENSELUG00000003309	110487829	110524093	0
ENSELUG00000009824	110508762	110530279	0
ENSELUG00000020657	100136190	110486692	1
ENSELUG00000009028	110525803	110536199	0
ENSELUG00000009342	110491618	110499073	0
ENSELUG00000022866	110488060	110496678	0
ENSELUG00000020042	110488963	110505170	0
ENSELUG00000013051	110503581	110507458	1
ENSELUG00000023081	110499432	110502759	0
ENSELUG00000017419	110495327	110520608	0
ENSELUG00000007854	110494494	110527971	0
ENSELUG00000013167	100136302	110487876	1
ENSELUG00000020850	110505771	110524238	0
ENSELUG00000011850	110502455	110532635	0
ENSELUG00000024202	110509557	110522811	0
ENSELUG00000004598	110488719	110504437	0
ENSELUG00000014770	110524037	110534884	0
ENSELUG00000022447	110491075	110532495	0
ENSELUG00000012396	110509191	110511052	0
ENSELUG00000019404	110508526	110524268	0
ENSELUG00000002135	110523803	110537124	0
ENSELUG00000023020	110490619	110499788	1
ENSELUG00000019895	110486291	110538226	1
ENSELUG00000017285	110486225	110538155	1
ENSELUG00000015322	110488257	110516043	1
ENSELUG00000004165	110522288	110529666	0
ENSELUG00000015499	110494326	110528108	0
ENSELUG00000005400	110488401	110496114	0
ENSELUG00000012317	110508719	110530327	0
ENSELUG00000017838	110486236	110538166	1
ENSELUG00000008431	110506686	110526557	1
ENSELUG00000015452	110498817	110523755	0
ENSELUG00000022656	110533635	110537487	0
ENSELUG00000010978	110486521	110538481	1
ENSELUG00000008254	110491978	110532687	0
ENSELUG00000002529	110494086	110528338	0
ENSELUG00000008087	110489066	110504654	0
ENSELUG00000006492	110485753	110512626	1
ENSELUG00000007508	110491995	110532667	0
ENSELUG00000005971	110502517	110529591	0
ENSELUG00000018081	110494264	110528164	0
ENSELUG00000014477	110520822	110536625	1
ENSELUG00000004776	110500919	110522708	0
ENSELUG00000022517	110495473	110496915	1
ENSELUG00000016074	110494808	110520258	0
ENSELUG00000017329	110499208	110502925	0
ENSELUG00000003162	100301695	110498369	0
ENSELUG00000024062	110501253	110521175	0
ENSELUG00000012906	110497816	110505645	0
ENSELUG00000003131	110486505	110524085	0
ENSELUG00000017843	110525641	110536011	0
ENSELUG00000017323	110492451	110532827	0
ENSELUG00000019710	110486657	110538616	1
ENSELUG00000022769	110501362	110520587	0
ENSELUG00000013867	110489673	110535353	0
ENSELUG00000009279	110532245	118939577	0
ENSELUG00000019440	110533288	110537846	0
ENSELUG00000010633	110508751	110530306	0
ENSELUG00000015295	110525450	110535834	0
ENSELUG00000007921	110489061	110504661	0
ENSELUG00000013515	110533559	110537567	0
ENSELUG00000001798	110490817	110499875	1
ENSELUG00000002163	110523806	110537118	0
ENSELUG00000010757	110500349	110531449	0
ENSELUG00000008495	110502463	110528870	0
ENSELUG00000011834	110492322	110532076	0
ENSELUG00000008204	110491492	110499117	1
ENSELUG00000009059	110489900	110535656	0
ENSELUG00000021249	110506399	110526229	1
ENSELUG00000002683	110498047	110505401	0
ENSELUG00000019338	110525603	110535969	0
ENSELUG00000004030	110494581	110527886	0
ENSELUG00000023757	110489305	110496135	0
ENSELUG00000022546	110521932	110537965	1
ENSELUG00000019530	110501601	110520517	0
ENSELUG00000003033	110497676	110522659	0
ENSELUG00000019340	110492177	110531212	0
ENSELUG00000022930	110496711	110521983	0
ENSELUG00000019599	110489749	110535252	0
ENSELUG00000007927	110489831	110536599	0
ENSELUG00000003154	110486637	110524086	0
ENSELUG00000000939	110485582	110518551	1
ENSELUG00000002442	110498063	110505385	0
ENSELUG00000010121	110500374	110531466	0
ENSELUG00000000633	110509407	110534011	0
ENSELUG00000020064	100135835	110535247	0
ENSELUG00000008375	110486915	110537857	1
ENSELUG00000014071	110533547	110537579	0
ENSELUG00000021612	110485576	110518739	1
ENSELUG00000023947	110500518	110531656	0
ENSELUG00000019010	110493229	110528177	0
ENSELUG00000006224	110502507	110529506	0
ENSELUG00000006978	118937768	118938331	1
ENSELUG00000020673	110494198	110528221	0
ENSELUG00000002213	110492826	110498936	0
ENSELUG00000019950	110501302	110520529	0
ENSELUG00000000250	110501692	118944694	0
ENSELUG00000006436	110509661	110523445	0
ENSELUG00000015853	110492245	110531201	0
ENSELUG00000000528	110508677	110530372	0
ENSELUG00000000552	110522080	110529465	0
ENSELUG00000016054	110509071	110530001	0
ENSELUG00000022555	110494674	110527782	0
ENSELUG00000004732	110494559	110527903	0
ENSELUG00000017147	110495228	110532156	0
ENSELUG00000001498	110521606	110524486	0
ENSELUG00000016688	110518863	110519153	1
ENSELUG00000018963	110486264	110538197	1
ENSELUG00000017603	110525649	110536020	0
ENSELUG00000003805	110490034	110535544	0
ENSELUG00000008424	110494035	110528429	0
ENSELUG00000023371	110523771	110537151	0
ENSELUG00000011831	110509758	110523549	0
ENSELUG00000024531	110487733	110505034	0
ENSELUG00000020700	110486317	110538259	1
ENSELUG00000016357	110494315	110528127	0
ENSELUG00000014382	110488569	110513958	0
ENSELUG00000023205	110501918	110520139	0
ENSELUG00000009778	110525819	110536180	0
ENSELUG00000016285	110486059	110493761	0
ENSELUG00000011051	110489604	110535405	0
ENSELUG00000001164	110525646	110536017	0
ENSELUG00000005660	110488515	110496109	0
ENSELUG00000018779	110508629	110530970	0
ENSELUG00000010713	110499543	110502791	0
ENSELUG00000013029	110492105	110524137	0
ENSELUG00000006240	110508805	110530222	0
ENSELUG00000016631	110522115	110529489	0
ENSELUG00000022212	110533324	110537791	0
ENSELUG00000000888	110486679	110538635	1
ENSELUG00000007146	110503847	110507679	0
ENSELUG00000021634	110521816	110524751	0
ENSELUG00000021062	110509922	118936600	1
ENSELUG00000001003	110492133	110532530	0
ENSELUG00000020039	110494227	110528207	0
ENSELUG00000001120	110487291	110493489	1
ENSELUG00000003938	110514451	110535151	1
ENSELUG00000003659	110491396	110498993	0
ENSELUG00000011519	110487251	110514733	1
ENSELUG00000022046	110523760	110537160	0
ENSELUG00000003655	110490417	110500061	1
ENSELUG00000014869	110498693	110523666	0
ENSELUG00000011909	110486022	110493736	1
ENSELUG00000021761	110495449	110528846	1
ENSELUG00000020768	110510062	110534070	0
ENSELUG00000001821	110527205	110527206	1
ENSELUG00000005385	110487967	110496864	0
ENSELUG00000014405	110508678	110530370	0
ENSELUG00000001961	110525496	110535880	0
ENSELUG00000010823	110486517	110538475	1
ENSELUG00000018905	110495868	110521202	0
ENSELUG00000003355	110492112	110532551	0
ENSELUG00000007396	110491650	110498792	0
ENSELUG00000006947	110533741	110537378	0
ENSELUG00000016010	110506494	110526366	1
ENSELUG00000007875	101268925	110533762	0
ENSELUG00000019834	110494237	110528194	0
ENSELUG00000017991	110508175	110530412	0
ENSELUG00000019632	110525267	110535687	0
ENSELUG00000023386	110522240	110529622	0
ENSELUG00000002473	100136088	110526988	1
ENSELUG00000017078	110499135	110524097	0
ENSELUG00000000407	118943619	118964336	0
ENSELUG00000010930	110521597	110524471	0
ENSELUG00000001076	110501670	110520410	0
ENSELUG00000006232	110490351	110500130	1
ENSELUG00000022018	110510099	110534110	0
ENSELUG00000008709	110488145	110496431	0
ENSELUG00000002177	110498085	110505366	0
ENSELUG00000002670	110491728	110525355	0
ENSELUG00000009625	110513572	118936837	1
ENSELUG00000006098	110526042	110536406	0
ENSELUG00000004663	110523906	110537019	0
ENSELUG00000006452	110485743	110512505	1
ENSELUG00000003713	110500483	110531624	0
ENSELUG00000018167	110509582	110537428	1
ENSELUG00000010311	110501758	110520321	0
ENSELUG00000000230	110506723	110526586	1
ENSELUG00000012160	110492329	110532072	0
ENSELUG00000022031	110489207	110504513	1
ENSELUG00000014415	110500315	110531426	0
ENSELUG00000017396	110521459	110524320	0
ENSELUG00000010473	110491934	110532727	0
ENSELUG00000015120	110491291	110499495	0
ENSELUG00000010295	110486501	110538288	1
ENSELUG00000002913	110498035	110505413	0
ENSELUG00000024141	110488105	110496469	0
ENSELUG00000014362	110487052	110487058	1
ENSELUG00000012419	110493830	110524149	0
ENSELUG00000019694	110492169	110532440	0
ENSELUG00000017359	110514481	110514595	1
ENSELUG00000022265	110533633	110537491	0
ENSELUG00000003859	110485730	110493495	1
ENSELUG00000014710	118944081	118944764	0
ENSELUG00000004436	110502569	110530112	0
ENSELUG00000008380	110494036	110529019	0
ENSELUG00000013661	110508582	110536375	1
ENSELUG00000006241	110508274	110530655	0
ENSELUG00000000173	110489040	110504647	0
ENSELUG00000000503	110498283	110523448	0
ENSELUG00000022500	110508581	118936258	0
ENSELUG00000017967	110486240	110538170	1
ENSELUG00000023129	110525554	110535058	0
ENSELUG00000001947	110525500	110535886	0
ENSELUG00000021873	110521812	110523029	0
ENSELUG00000000497	110508314	110530779	0
ENSELUG00000017786	110492469	110521296	0
ENSELUG00000000774	110487854	110496729	0
ENSELUG00000006606	110515357	118936878	1
ENSELUG00000018128	110525633	110535999	0
ENSELUG00000023427	110523773	110536812	0
ENSELUG00000005428	100136692	110502539	0
ENSELUG00000008160	110490145	110500293	1
ENSELUG00000020221	110522614	110529293	0
ENSELUG00000024247	110508546	110530513	0
ENSELUG00000017981	110495580	110520827	0
ENSELUG00000000562	110488591	110504801	0
ENSELUG00000019363	100136166	110508592	0
ENSELUG00000022360	110494163	110528263	0
ENSELUG00000003368	110501451	110521143	0
ENSELUG00000012717	110522053	110529441	0
ENSELUG00000005214	110500877	110522713	0
ENSELUG00000012750	110533575	110537551	0
ENSELUG00000003199	110509587	110523370	0
ENSELUG00000022308	110501447	110520113	0
ENSELUG00000010161	110500784	110531919	0
ENSELUG00000018565	110509884	110523674	0
ENSELUG00000021571	110533387	110537808	0
ENSELUG00000010424	110509731	110523519	0
ENSELUG00000023318	110489268	110496145	0
ENSELUG00000012297	110486013	110493727	1
ENSELUG00000015143	110520825	110534340	1
ENSELUG00000019532	110522586	110529309	0
ENSELUG00000023505	110489804	110535203	0
ENSELUG00000001589	110488758	110504950	0
ENSELUG00000022312	110521803	110524732	0
ENSELUG00000011040	110508351	110530734	0
ENSELUG00000008574	110509700	110523487	0
ENSELUG00000023398	110493429	110493438	1
ENSELUG00000022947	110521904	110539093	1
ENSELUG00000022433	110486721	110538673	1
ENSELUG00000002775	110525981	110536354	0
ENSELUG00000007883	110496013	110513336	0
ENSELUG00000015804	110508851	110530179	0
ENSELUG00000010974	110493968	118948024	0
ENSELUG00000002333	110494106	110528317	0
ENSELUG00000008233	110506691	110526560	1
ENSELUG00000018595	110508635	110530426	0
ENSELUG00000014898	110509944	110533958	0
ENSELUG00000001995	110498419	110504281	0
ENSELUG00000001118	110490459	110500004	1
ENSELUG00000020375	110526382	118936521	1
ENSELUG00000011068	110498787	110503044	0
ENSELUG00000023085	110502633	110530724	0
ENSELUG00000003258	110490430	110500047	1
ENSELUG00000009989	110499447	110502783	0
ENSELUG00000021549	110510085	110534099	0
ENSELUG00000012353	110502335	110524388	0
ENSELUG00000007493	110501805	110520273	0
ENSELUG00000011037	101268929	110517608	1
ENSELUG00000023632	110489284	110496140	0
ENSELUG00000004857	110501626	110520452	0
ENSELUG00000014560	110488572	110504785	0
ENSELUG00000011943	100305309	110538843	1
ENSELUG00000003076	110485711	110493462	1
ENSELUG00000000150	110487969	110496582	0
ENSELUG00000014000	110521514	110524380	0
ENSELUG00000003810	110495650	110527323	1
ENSELUG00000000950	110498302	110505942	1
ENSELUG00000005030	110497721	110505743	0
ENSELUG00000016693	110521467	110524331	0
ENSELUG00000004033	110494038	110528386	0
ENSELUG00000006957	110487518	110493569	1
ENSELUG00000013206	110500301	110531432	0
ENSELUG00000000231	110509207	110530664	0
ENSELUG00000010183	110486499	110538291	1
ENSELUG00000000105	110494059	110528361	0
ENSELUG00000013615	110489677	110535360	0
ENSELUG00000020891	110503675	118938460	1
ENSELUG00000004612	110508226	110530034	0
ENSELUG00000015528	110492373	110532025	1
ENSELUG00000012301	110509767	110523558	0
ENSELUG00000009866	110492639	110532253	0
ENSELUG00000011758	110506568	110526446	1
ENSELUG00000005286	110492067	110532599	0
ENSELUG00000016340	110494902	110520323	0
ENSELUG00000023460	110488126	110496447	0
ENSELUG00000010231	110491540	110498788	0
ENSELUG00000016808	110486935	110537863	1
ENSELUG00000018223	110485494	110487229	1
ENSELUG00000013386	110521528	110524391	0
ENSELUG00000019485	110508934	110529122	0
ENSELUG00000003544	110498006	110505438	0
ENSELUG00000007642	110522561	110529767	0
ENSELUG00000011138	110493872	110528941	0
ENSELUG00000022091	110534842	110537795	0
ENSELUG00000020838	110523728	110537199	0
ENSELUG00000021806	110498289	110506002	0
ENSELUG00000012219	110533587	110537541	0
ENSELUG00000004927	110494553	110527912	0
ENSELUG00000002355	110525945	110536327	0
ENSELUG00000002236	100136015	100136065	0
ENSELUG00000019293	110490304	110500181	1
ENSELUG00000022002	110525085	110536437	0
ENSELUG00000008908	110495988	110519671	0
ENSELUG00000015657	110509965	110533979	0
ENSELUG00000010168	110525791	110536170	0
ENSELUG00000023508	110521891	110537909	1
ENSELUG00000004208	110522289	110529670	0
ENSELUG00000011271	110509745	110523528	0
ENSELUG00000005475	110523922	110537003	0
ENSELUG00000001212	110490322	110500168	1
ENSELUG00000020319	110537829	118966703	0
ENSELUG00000010347	110501759	110504376	0
ENSELUG00000010263	110506615	110526485	1
ENSELUG00000003527	110488750	110504945	0
ENSELUG00000012032	110491542	110498831	0
ENSELUG00000007312	110506118	110526577	1
ENSELUG00000019768	110525590	110535956	1
ENSELUG00000014264	110533539	110537599	0
ENSELUG00000018555	110509882	110523672	0
ENSELUG00000018257	110497563	110504244	0
ENSELUG00000008374	110506688	110526558	1
ENSELUG00000009732	110500383	110531484	0
ENSELUG00000001963	110525495	110535879	0
ENSELUG00000019773	110485205	110538995	1
ENSELUG00000007900	110525838	110536222	0
ENSELUG00000004116	110509611	110522818	0
ENSELUG00000024503	110504583	110515721	1
ENSELUG00000005629	110485098	110493551	1
ENSELUG00000007807	110508784	110530242	0
ENSELUG00000020678	110494932	110494933	1
ENSELUG00000012356	110533585	110537546	0
ENSELUG00000013555	110533558	110537568	0
ENSELUG00000007992	110514691	118936818	1
ENSELUG00000023679	110487275	110511666	1
ENSELUG00000021364	110503933	110507770	0
ENSELUG00000024492	110500509	110531645	0
ENSELUG00000017301	110509864	110523648	0
ENSELUG00000004193	110502579	110530180	0
ENSELUG00000023219	110525548	110535923	0
ENSELUG00000019063	110502894	118942053	0
ENSELUG00000020285	110533310	110537827	0
ENSELUG00000008126	110491490	110499116	0
ENSELUG00000017827	110492461	110521299	0
ENSELUG00000019172	110503748	110507166	1
ENSELUG00000013004	110504746	110512013	0
ENSELUG00000013945	110515325	110528721	1
ENSELUG00000017313	110509103	110529975	0
ENSELUG00000016015	110501414	110520629	0
ENSELUG00000007943	110489064	110504669	0
ENSELUG00000009430	110508769	110530268	0
ENSELUG00000001627	110485691	110493444	1
ENSELUG00000006180	110533718	110537400	0
ENSELUG00000003391	110523865	110537062	0
ENSELUG00000024398	110525171	110536467	0
ENSELUG00000018815	110495823	110521155	0
ENSELUG00000022103	110486707	110538660	1
ENSELUG00000014623	110494844	110528680	1
ENSELUG00000022026	110533388	110537794	0
ENSELUG00000005110	110524003	110529747	0
ENSELUG00000011637	110491551	110498836	0
ENSELUG00000014555	110494478	110519986	0
ENSELUG00000012586	110485321	118936529	1
ENSELUG00000012531	110511661	110517035	1
ENSELUG00000002917	110492301	110532104	0
ENSELUG00000023419	110508991	110530064	0
ENSELUG00000004848	110501625	110504522	0
ENSELUG00000006888	110487993	110496605	0
ENSELUG00000019958	110488962	110505166	0
ENSELUG00000002462	110523826	110537094	0
ENSELUG00000001849	110490574	110499894	1
ENSELUG00000022637	110521930	110537969	1
ENSELUG00000008806	110491507	110499129	0
ENSELUG00000024041	110500514	110531650	0
ENSELUG00000009730	110521082	110529231	0
ENSELUG00000012912	110504745	118938770	0
ENSELUG00000010735	110485870	110493599	1
ENSELUG00000004002	110502017	110520481	0
ENSELUG00000013418	110498385	110505311	0
ENSELUG00000001592	110523926	110537000	0
ENSELUG00000018775	110492193	110532417	0
ENSELUG00000015638	110494657	110520144	0
ENSELUG00000022108	110501773	110524209	0
ENSELUG00000008265	110495727	110528881	1
ENSELUG00000019850	110507530	110524255	0
ENSELUG00000017495	100135814	100170203	1
ENSELUG00000001603	110498090	118944259	0
ENSELUG00000007411	110491470	110498757	0
ENSELUG00000018452	110492203	110532406	0
ENSELUG00000019245	110492184	110532422	0
ENSELUG00000000324	110490904	110535448	0
ENSELUG00000001190	110502378	110527634	0
ENSELUG00000019356	110499082	110502884	0
ENSELUG00000002676	110488789	110504990	0
ENSELUG00000006385	110490350	110500133	1
ENSELUG00000023506	110512012	110534548	1
ENSELUG00000022354	110488886	110505081	0
ENSELUG00000018367	110489739	110535269	0
ENSELUG00000008937	110490161	110500285	1
ENSELUG00000003927	110490068	110524111	0
ENSELUG00000005420	110501855	110520225	0
ENSELUG00000010488	110501764	110520315	0
ENSELUG00000009392	110504694	110519955	0
ENSELUG00000004493	110488722	110504918	0
ENSELUG00000019615	110509904	110523696	0
ENSELUG00000002443	110512356	118941088	1
ENSELUG00000019497	110516675	110527016	1
ENSELUG00000013516	110490689	118936571	1
ENSELUG00000004823	110490002	110535578	0
ENSELUG00000022164	110488047	110496668	0
ENSELUG00000024215	110518949	118936560	1
ENSELUG00000023043	100136169	110538429	1
ENSELUG00000020916	110494197	110528226	0
ENSELUG00000003168	110495330	118941073	1
ENSELUG00000001080	110506621	110526488	1
ENSELUG00000024468	110485696	110495100	1
ENSELUG00000001395	110513868	110517131	0
ENSELUG00000016451	110491159	110532808	1
ENSELUG00000005556	110524000	110528753	0
ENSELUG00000005306	110520735	118936611	1
ENSELUG00000010595	110492627	110532271	0
ENSELUG00000007167	110485823	110493565	1
ENSELUG00000013365	110494374	110528062	0
ENSELUG00000014186	118936636	118938357	1
ENSELUG00000005283	110486787	110538748	1
ENSELUG00000008044	110521561	110524428	0
ENSELUG00000012958	110525739	110536114	0
ENSELUG00000013931	110488553	110504768	0
ENSELUG00000006835	110509148	110530873	0
ENSELUG00000022515	110489770	110535222	0
ENSELUG00000015238	110491289	110499498	1
ENSELUG00000010851	110500321	110531928	0
ENSELUG00000008403	110488505	110496000	1
ENSELUG00000008536	110494485	110527977	0
ENSELUG00000009067	110490162	110500284	1
ENSELUG00000004818	110502588	110521206	0
ENSELUG00000018809	110525613	110535979	0
ENSELUG00000024473	110489811	110536538	0
ENSELUG00000006937	110487995	110496607	0
ENSELUG00000020123	110521833	110524784	0
ENSELUG00000015599	110500627	110531784	0
ENSELUG00000000248	110496796	110517265	0
ENSELUG00000016499	110494302	110528134	0
ENSELUG00000008767	110494479	110527980	0
ENSELUG00000016114	110495912	110527527	1
ENSELUG00000022014	110488902	110505098	0
ENSELUG00000006216	110526905	118937404	0
ENSELUG00000002890	110521721	110523008	0
ENSELUG00000004482	110521057	110529677	0
ENSELUG00000005117	110502552	110529992	0
ENSELUG00000005650	110522328	110529707	0
ENSELUG00000024244	110520956	110523020	0
ENSELUG00000008807	110491966	110532699	0
ENSELUG00000004718	110486782	110539015	1
ENSELUG00000003795	110500478	110532940	0
ENSELUG00000022564	110485532	110485533	1
ENSELUG00000013571	110509796	110523590	0
ENSELUG00000007238	110506714	110526579	1
ENSELUG00000013642	100136691	110506532	1
ENSELUG00000019820	110494755	110527716	0
ENSELUG00000018755	110488706	110504902	0
ENSELUG00000002834	110491391	110498972	0
ENSELUG00000006740	110506728	110526593	1
ENSELUG00000002265	110491347	110498938	0
ENSELUG00000005461	110487634	110496112	0
ENSELUG00000012161	110497211	110519243	1
ENSELUG00000006002	110509649	110523429	0
ENSELUG00000020789	110522203	110529578	0
ENSELUG00000016073	110509981	110533991	0
ENSELUG00000004949	110509036	110530022	0
ENSELUG00000013181	110493912	110528528	0
ENSELUG00000019230	110486272	110538209	1
ENSELUG00000003125	110498024	110505426	0
ENSELUG00000014544	110498146	110505290	0
ENSELUG00000014279	110501428	110520642	1
ENSELUG00000023675	110502077	110522059	0
ENSELUG00000011968	110491544	110498833	0
ENSELUG00000013671	110538858	118938385	1
ENSELUG00000010913	110508743	110530310	0
ENSELUG00000022297	110495794	110527418	1
ENSELUG00000016802	110499106	110524021	0
ENSELUG00000005054	100136685	110523916	0
ENSELUG00000014698	110497360	110534537	1
ENSELUG00000018671	110502232	110523292	0
ENSELUG00000010087	110486497	110538294	1
ENSELUG00000011996	100136668	110506559	1
ENSELUG00000008410	110494489	110527974	0
ENSELUG00000019952	110497903	110522960	0
ENSELUG00000009773	110486479	110538308	1
ENSELUG00000005869	110491433	110499032	0
ENSELUG00000010325	110503195	110508019	0
ENSELUG00000002538	110488807	110505012	0
ENSELUG00000012544	110486005	110493722	1
ENSELUG00000000200	110503346	110507660	1
ENSELUG00000015387	110494329	110528105	0
ENSELUG00000023552	110488121	110496453	0
ENSELUG00000022898	110533338	110537780	0
ENSELUG00000021491	110487445	110517398	1
ENSELUG00000019683	110521840	110524800	0
ENSELUG00000021590	110488911	110505107	0
ENSELUG00000001297	110521843	110524812	0
ENSELUG00000020680	110492150	110532461	0
ENSELUG00000021239	110510603	110538229	1
ENSELUG00000013019	110503586	110507461	0
ENSELUG00000004797	110491418	110499017	0
ENSELUG00000009920	110494450	110527996	0
ENSELUG00000021372	100305169	110527001	1
ENSELUG00000019585	110501500	110520067	0
ENSELUG00000001166	110523966	110536955	0
ENSELUG00000010175	110492634	110532261	0
ENSELUG00000008258	110521566	110524433	0
ENSELUG00000024408	110520994	110524675	0
ENSELUG00000003304	110501906	110504222	0
ENSELUG00000001513	110517645	110519875	1
ENSELUG00000008517	110500404	110531518	0
ENSELUG00000013403	110500302	110532909	0
ENSELUG00000018599	110491086	110532412	0
ENSELUG00000021012	110499700	110499701	1
ENSELUG00000021650	110502248	110526033	0
ENSELUG00000005907	110495686	110527354	1
ENSELUG00000010874	110533616	110537511	0
ENSELUG00000024293	110491132	110531964	0
ENSELUG00000010599	110486128	110538020	1
ENSELUG00000016810	110517293	118936644	1
ENSELUG00000014476	110490235	110500235	1
ENSELUG00000022259	110488890	110505086	0
ENSELUG00000011856	110509759	110523550	0
ENSELUG00000008886	110501738	110520344	0
ENSELUG00000002139	110495560	110495561	1
ENSELUG00000023967	110488841	110505045	0
ENSELUG00000000775	110506413	110526302	1
ENSELUG00000005168	110523917	110537006	0
ENSELUG00000011053	110521857	110524839	0
ENSELUG00000018249	110491199	110499525	0
ENSELUG00000006309	110492044	110532626	0
ENSELUG00000015203	110494582	110520069	0
ENSELUG00000021981	110533406	110537797	0
ENSELUG00000023224	100136619	118936274	1
ENSELUG00000020262	110486303	110538237	1
ENSELUG00000012435	110490204	110500256	1
ENSELUG00000013003	110493918	110528521	0
ENSELUG00000007029	110493247	110527962	0
ENSELUG00000012172	110503606	110507484	1
ENSELUG00000002292	110491349	110498943	0
ENSELUG00000006749	110509671	110523452	0
ENSELUG00000011163	110516737	118940250	1
ENSELUG00000004160	110490401	110500080	1
ENSELUG00000011207	110533606	110537519	0
ENSELUG00000019597	110486283	110538215	1
ENSELUG00000022528	110492762	110532498	0
ENSELUG00000010100	110485329	110516605	1
ENSELUG00000021577	110486344	110538461	1
ENSELUG00000020224	110486300	110538235	1
ENSELUG00000021784	110526772	110526773	1
ENSELUG00000012240	110485295	110539069	1
ENSELUG00000006374	110508195	110530221	0
ENSELUG00000003978	110492317	110521284	0
ENSELUG00000005521	110521654	110522998	0
ENSELUG00000008358	110518923	118964739	1
ENSELUG00000013577	110489679	110535361	0
ENSELUG00000003221	110508528	110530983	0
ENSELUG00000012914	110509780	110523571	0
ENSELUG00000012510	110486008	110493725	1
ENSELUG00000013344	110487423	110487454	1
ENSELUG00000010065	110491536	110498790	0
ENSELUG00000000944	110521814	110524750	0
ENSELUG00000018803	110516876	118944524	1
ENSELUG00000023696	110492437	110531971	0
ENSELUG00000003340	110494058	110528363	0
ENSELUG00000015829	110509067	110530004	0
ENSELUG00000014507	110488242	110496341	0
ENSELUG00000017776	110486234	110538164	0
ENSELUG00000021702	110533617	110537509	0
ENSELUG00000018067	110525284	110535704	0
ENSELUG00000013100	110488218	110496359	0
ENSELUG00000016290	110521472	110524336	0
ENSELUG00000007570	110494961	110528405	0
ENSELUG00000002373	110495358	110495361	1
ENSELUG00000004275	110497704	110505764	1
ENSELUG00000001836	110525519	110535900	0
ENSELUG00000003149	110492119	110532542	0
ENSELUG00000009960	110486940	110514133	1
ENSELUG00000012919	110533571	110537552	0
ENSELUG00000009987	110491026	110534223	0
ENSELUG00000019858	110522172	110529550	0
ENSELUG00000019110	110502021	110518747	0
ENSELUG00000006323	110491449	110499048	0
ENSELUG00000022162	110500540	110531674	0
ENSELUG00000009056	110508186	110530263	0
ENSELUG00000014965	110509946	110533960	0
ENSELUG00000014116	110487344	118948235	1
ENSELUG00000021412	100462680	110494717	0
ENSELUG00000006495	110486388	110538405	1
ENSELUG00000011798	110492321	110532078	0
ENSELUG00000019981	110494233	110528199	0
ENSELUG00000020774	110501472	110520090	0
ENSELUG00000003570	110488749	110504943	0
ENSELUG00000003479	110491858	110532191	0
ENSELUG00000019511	110507802	110524265	0
ENSELUG00000002184	110523807	110537115	0
ENSELUG00000020075	110506434	110524247	0
ENSELUG00000004375	110494572	110527895	0
ENSELUG00000012460	110493709	110524147	0
ENSELUG00000003702	110494054	118959024	1
ENSELUG00000021837	110502662	110531225	0
ENSELUG00000016197	110491279	110499508	0
ENSELUG00000011848	110506562	110526438	1
ENSELUG00000005394	110501854	110520224	0
ENSELUG00000021723	110533392	110537801	0
ENSELUG00000002689	110488788	110504993	0
ENSELUG00000010494	110486506	110538283	1
ENSELUG00000018476	110499185	110502906	0
ENSELUG00000000140	110495679	110527346	1
ENSELUG00000010170	110488166	110496414	0
ENSELUG00000011329	110533601	110537524	0
ENSELUG00000022650	110526745	110526998	1
ENSELUG00000016268	110500880	110531767	0
ENSELUG00000021659	110485344	118936554	1
ENSELUG00000001575	110508944	110537022	1
ENSELUG00000008178	110488064	110496683	0
ENSELUG00000013654	100301755	110487451	1
ENSELUG00000010667	110501767	110520311	0
ENSELUG00000000643	110500613	110531754	0
ENSELUG00000012899	110488214	110496361	0
ENSELUG00000020097	110495844	110527462	1
ENSELUG00000018344	110486253	110538184	1
ENSELUG00000015308	110502398	110527844	0
ENSELUG00000022357	110486717	110538671	1
ENSELUG00000019290	110498007	110523083	0
ENSELUG00000020003	110497890	110522951	0
ENSELUG00000015453	110494626	110520111	0
ENSELUG00000012613	110499306	110502998	0
ENSELUG00000005274	110485224	110511568	1
ENSELUG00000023720	110523777	110537146	0
ENSELUG00000020863	110494199	110528225	0
ENSELUG00000011478	110506580	110526454	1
ENSELUG00000000893	110495065	118938528	1
ENSELUG00000000838	110494764	110527705	0
ENSELUG00000024582	110500506	110531642	0
ENSELUG00000008602	110537344	118966764	0
ENSELUG00000008728	110495738	110528892	1
ENSELUG00000017932	110486239	110538169	1
ENSELUG00000014425	110497367	110534531	1
ENSELUG00000004923	110493960	110507329	1
ENSELUG00000013678	110488056	110515656	1
ENSELUG00000021879	110494182	110528250	0
ENSELUG00000008813	100136084	110486554	1
ENSELUG00000013277	110498122	110505313	0
ENSELUG00000010793	110493906	110512077	0
ENSELUG00000023242	110485635	110485636	1
ENSELUG00000005604	110521061	110529703	0
ENSELUG00000006421	110502496	110529412	0
ENSELUG00000003989	110504934	118936297	0
ENSELUG00000024250	110492123	110532539	0
ENSELUG00000011811	110538856	110539183	1
ENSELUG00000017855	110510018	110533119	0
ENSELUG00000000760	110494262	110528991	0
ENSELUG00000021535	110523748	110537173	0
ENSELUG00000022570	110503805	110538803	1
ENSELUG00000000354	110486476	110538313	1
ENSELUG00000000696	110487879	110496714	1
ENSELUG00000004659	110491413	110498743	1
ENSELUG00000003782	110494048	110528371	0
ENSELUG00000004750	110523909	110537014	0
ENSELUG00000000360	110500380	110531481	0
ENSELUG00000004607	110521668	110524555	0
ENSELUG00000015828	110502334	110527082	0
ENSELUG00000015365	110523122	110536895	1
ENSELUG00000021520	110523747	110537175	0
ENSELUG00000006121	110496019	110513288	0
ENSELUG00000002750	110494073	110528350	0
ENSELUG00000012876	110488213	110496363	0
ENSELUG00000009467	110504696	110519956	0
ENSELUG00000012848	110501580	110520002	0
ENSELUG00000023234	110502056	110522073	0
ENSELUG00000010783	110500348	110531445	0
ENSELUG00000023279	110488860	110505061	0
ENSELUG00000016570	110495023	110520414	0
ENSELUG00000014065	110509923	110533936	1
ENSELUG00000002060	110489569	110535450	0
ENSELUG00000013451	110523108	110536854	1
ENSELUG00000022987	110501927	110520131	0
ENSELUG00000017643	110504039	110507863	0
ENSELUG00000010657	110506601	110526473	1
ENSELUG00000007219	110492007	110532657	0
ENSELUG00000023195	110489310	110496147	0
ENSELUG00000020575	110522195	110529569	0
ENSELUG00000009539	110491525	110499149	0
ENSELUG00000011872	110509760	110523552	0
ENSELUG00000003765	100301840	110493493	1
ENSELUG00000017051	110488645	110504851	0
ENSELUG00000013828	110498391	110523486	0
ENSELUG00000018869	110522160	110529533	0
ENSELUG00000006088	110489983	110535593	0
ENSELUG00000006765	110490755	110500141	1
ENSELUG00000001251	110509528	110509537	1
ENSELUG00000007729	110509690	110523473	0
ENSELUG00000003490	110492107	110531227	0
ENSELUG00000011901	110501783	110520298	0
ENSELUG00000002551	110494085	110528342	0
ENSELUG00000008492	110501725	110520352	0
ENSELUG00000015376	110508838	110536976	1
ENSELUG00000016957	110502364	110527415	0
ENSELUG00000004103	110488730	110504930	0
ENSELUG00000021543	110508882	110530149	0
ENSELUG00000020215	110490968	110534229	0
ENSELUG00000013415	110522036	110529423	0
ENSELUG00000003334	110491855	110532196	0
ENSELUG00000002672	110488790	110504991	0
ENSELUG00000021635	110485343	110494921	1
ENSELUG00000018871	110502007	110520491	0
ENSELUG00000005811	110487973	110496585	0
ENSELUG00000016319	110504064	110507895	0
ENSELUG00000020679	110522198	110529572	0
ENSELUG00000002590	110523836	110536802	0
ENSELUG00000021349	110501463	110520097	0
ENSELUG00000015760	110502333	110527080	0
ENSELUG00000008538	110521112	110529165	0
ENSELUG00000018827	110526830	110526832	1
ENSELUG00000016516	110504059	110507887	0
ENSELUG00000000319	110486436	110538352	1
ENSELUG00000018556	110486261	110539167	1
ENSELUG00000020074	100301776	110504274	1
ENSELUG00000003392	110506144	110506823	1
ENSELUG00000010343	110499897	110524551	0
ENSELUG00000016104	110494832	110520267	0
ENSELUG00000013523	110490219	110501062	1
ENSELUG00000022832	110492751	110532508	0
ENSELUG00000011822	110538840	118938558	1
ENSELUG00000022744	110501942	110520125	0
ENSELUG00000016580	100136949	110504828	0
ENSELUG00000005903	110491434	110499033	0
ENSELUG00000006350	110495692	110527363	1
ENSELUG00000015360	110502397	110527837	0
ENSELUG00000003813	110494588	110527882	0
ENSELUG00000000790	110509881	110523671	0
ENSELUG00000010613	110494803	110527688	0
ENSELUG00000003808	110509605	110523393	0
ENSELUG00000014219	110488235	110496344	0
ENSELUG00000002630	110521732	110524621	0
ENSELUG00000002734	110488781	110504985	0
ENSELUG00000019410	110525599	110535965	0
ENSELUG00000011551	110494422	110528021	0
ENSELUG00000007703	110502417	110525089	0
ENSELUG00000023494	110494703	110527758	0
ENSELUG00000005435	110506885	110506902	1
ENSELUG00000012421	110494212	110515971	0
ENSELUG00000020138	110522176	110529554	0
ENSELUG00000016890	110525672	110536040	1
ENSELUG00000016670	110488624	110504297	0
ENSELUG00000021354	110523734	110537179	0
ENSELUG00000016525	110497542	110505222	0
ENSELUG00000005237	110509045	110530925	0
ENSELUG00000002132	110495549	110495559	1
ENSELUG00000022599	110489282	110496162	0
ENSELUG00000017061	110498210	110505219	0
ENSELUG00000024536	110523790	110537132	0
ENSELUG00000019796	110499097	110502870	0
ENSELUG00000017418	110498624	110534566	1
ENSELUG00000007569	110509686	110523467	0
ENSELUG00000008086	110533771	110537352	0
ENSELUG00000014601	110508630	110536706	1
ENSELUG00000018054	110492419	110531160	0
ENSELUG00000020946	110522207	110529582	0
ENSELUG00000017789	110502375	110527528	0
ENSELUG00000022633	110502646	110530876	0
ENSELUG00000018741	110509418	110534036	0
ENSELUG00000017341	110499222	110502940	0
ENSELUG00000009503	110509472	118936902	1
ENSELUG00000020201	110502281	110526460	0
ENSELUG00000001730	100301773	110523984	0
ENSELUG00000015768	110523127	110536901	0
ENSELUG00000014626	110498682	110532343	0
ENSELUG00000008664	110500169	110524844	0
ENSELUG00000010754	110494796	110527685	0
ENSELUG00000007052	110501814	110520264	0
ENSELUG00000002639	110490886	110535499	0
ENSELUG00000007164	110494502	110527965	0
ENSELUG00000014198	110508309	118943921	1
ENSELUG00000011442	110512008	110534598	1
ENSELUG00000006940	101268944	110496033	0
ENSELUG00000012085	110494184	110515869	0
ENSELUG00000016610	110485252	110514297	1
ENSELUG00000003609	100136089	110528367	0
ENSELUG00000012755	110508708	110530338	0
ENSELUG00000020887	110486318	110538261	1
ENSELUG00000014746	110506506	110526385	1
ENSELUG00000007087	110525848	110536231	0
ENSELUG00000012495	110533583	110537548	0
ENSELUG00000015803	110504079	110507910	0
ENSELUG00000010496	110494779	110527691	0
ENSELUG00000010452	110526481	118936478	1
ENSELUG00000005177	110492070	110532595	0
ENSELUG00000005104	110533678	110537442	0
ENSELUG00000005791	110501662	110520418	0
ENSELUG00000004418	110490953	110524123	0
ENSELUG00000023478	110503769	110507161	0
ENSELUG00000002756	110488780	110504981	0
ENSELUG00000012148	110491906	110531255	0
ENSELUG00000007744	110485953	110493673	1
ENSELUG00000021224	110494718	110527740	0
ENSELUG00000016561	110525058	110527031	1
ENSELUG00000019053	110499165	110502895	0
ENSELUG00000019804	110502224	110532307	0
ENSELUG00000012189	110490201	110500258	1
ENSELUG00000018352	110498172	110523378	0
ENSELUG00000002332	110490472	110499996	1
ENSELUG00000003195	110498021	110505429	0
ENSELUG00000006120	110485663	110503821	1
ENSELUG00000019310	110509892	110523685	0
ENSELUG00000014720	110486169	110538092	1
ENSELUG00000005316	110500432	110532933	0
ENSELUG00000000896	110486308	110538245	1
ENSELUG00000001039	110524077	110528178	0
ENSELUG00000011536	110491553	110499577	0
ENSELUG00000003852	110505458	118941361	0
ENSELUG00000019421	110497974	110523059	0
ENSELUG00000017437	110525655	110536022	0
ENSELUG00000021971	110533397	110537798	0
ENSELUG00000001216	110488027	110496955	0
ENSELUG00000015024	110509949	110533962	0
ENSELUG00000007815	110488074	110496688	0
ENSELUG00000010904	110491926	110532733	0
ENSELUG00000014503	110497365	110534529	1
ENSELUG00000002706	110488786	110504989	0
ENSELUG00000009590	110495175	110528443	0
ENSELUG00000018731	110499404	110502727	0
ENSELUG00000004537	110485764	110493513	1
ENSELUG00000010879	110506592	110526467	1
ENSELUG00000005218	110502544	110529943	0
ENSELUG00000010868	110494434	110528010	0
ENSELUG00000016358	110519138	110526872	1
ENSELUG00000014069	110511347	110512274	1
ENSELUG00000005123	110487957	110496576	0
ENSELUG00000001580	110497988	110505461	0
ENSELUG00000016034	110509980	110533117	0
ENSELUG00000004077	110502586	110530243	0
ENSELUG00000016150	110514127	110526876	1
ENSELUG00000008250	110521126	110529239	1
ENSELUG00000022723	110492757	110532505	0
ENSELUG00000021313	110501188	110521185	0
ENSELUG00000008105	110489826	110535188	0
ENSELUG00000020739	110488981	110505190	0
ENSELUG00000022122	110494176	110528254	0
ENSELUG00000019307	110527702	118940502	0
ENSELUG00000008270	110496006	110510474	0
ENSELUG00000004529	100136710	110511859	1
ENSELUG00000004499	110501611	110520467	0
ENSELUG00000023054	110496728	110521997	0
ENSELUG00000012394	110500888	110531864	0
ENSELUG00000020333	110501313	110504700	0
ENSELUG00000020031	110494228	110528206	0
ENSELUG00000000576	110506490	110526376	1
ENSELUG00000002580	110506859	110515300	1
ENSELUG00000023496	110488124	110496450	0
ENSELUG00000022131	110486706	110538662	1
ENSELUG00000015595	110490254	110500220	1
ENSELUG00000012273	110487211	110487212	1
ENSELUG00000014343	110500682	110531826	0
ENSELUG00000020687	110501323	110520551	0
ENSELUG00000023713	110488845	110504157	0
ENSELUG00000018946	110498034	110523264	0
ENSELUG00000023682	110488120	110496457	0
ENSELUG00000014075	110503508	110507422	1
ENSELUG00000007290	110521612	110524495	0
ENSELUG00000012713	110509364	110523564	0
ENSELUG00000002246	110498377	110505367	0
ENSELUG00000018895	110521848	110524819	0
ENSELUG00000015548	110522004	110529374	0
ENSELUG00000008857	110488149	110496428	0
ENSELUG00000021708	110503921	110507762	1
ENSELUG00000009239	110491956	110532708	0
ENSELUG00000004895	110485774	110493527	1
ENSELUG00000005120	110495676	110527344	1
ENSELUG00000014127	100499617	110538077	1
ENSELUG00000003634	110525931	110536307	0
ENSELUG00000012487	110522057	110529444	0
ENSELUG00000024630	110508532	110530525	0
ENSELUG00000018372	110492427	110531979	0
ENSELUG00000021252	110486332	110538276	1
ENSELUG00000021517	110508603	110530463	0
ENSELUG00000017774	110502285	110524205	0
ENSELUG00000017065	110510009	110534013	0
ENSELUG00000021758	110510090	110534104	0
ENSELUG00000000624	110491122	110517304	0
ENSELUG00000023976	110495504	110495508	1
ENSELUG00000021605	110485578	110487244	1
ENSELUG00000012466	110494886	118938170	1
ENSELUG00000016790	110487812	110496767	1
ENSELUG00000020864	110486319	110538262	1
ENSELUG00000006066	110509651	110523434	0
ENSELUG00000022377	110502651	110530927	0
ENSELUG00000001894	110492506	110508377	0
ENSELUG00000003535	110488417	110524100	0
ENSELUG00000024183	110488832	110505039	0
ENSELUG00000016538	110487822	110504292	1
ENSELUG00000016187	110493390	118938149	1
ENSELUG00000022430	110502648	110530900	0
ENSELUG00000008415	110491974	110532706	0
ENSELUG00000007968	110533766	110537358	0
ENSELUG00000003743	110508506	110530566	0
ENSELUG00000002872	110485690	110493441	1
ENSELUG00000022368	110509502	110523299	0
ENSELUG00000009701	100505418	110530276	0
ENSELUG00000023614	110494120	110528290	0
ENSELUG00000017717	110501376	110520593	0
ENSELUG00000011156	101268967	118936246	1
ENSELUG00000011173	110487092	110487093	1
ENSELUG00000011531	110494051	110513717	0
ENSELUG00000004693	101268941	110492076	0
ENSELUG00000019817	110506373	110526258	1
ENSELUG00000009403	118938882	118942854	1
ENSELUG00000003680	110500486	110531628	0
ENSELUG00000007499	110488081	110496693	0
ENSELUG00000013067	110509787	110523577	0
ENSELUG00000020142	110499536	110502698	0
ENSELUG00000004105	110508497	110530582	0
ENSELUG00000005051	110509039	110530016	0
ENSELUG00000018057	110510959	110534743	1
ENSELUG00000019964	110495851	110527469	1
ENSELUG00000017810	110492417	110531990	1
ENSELUG00000011123	110491806	110525582	0
ENSELUG00000014448	110509932	110533948	0
ENSELUG00000018505	110499411	110502735	0
ENSELUG00000001165	110494584	110527885	0
ENSELUG00000003903	110534068	110535394	1
ENSELUG00000013491	110487137	110539065	1
ENSELUG00000006132	110490357	110500129	1
ENSELUG00000004548	110490387	110500095	1
ENSELUG00000019191	110503993	110507825	0
ENSELUG00000020713	110510059	110534067	0
ENSELUG00000008405	110491829	110532228	0
ENSELUG00000008817	110508187	110530261	0
ENSELUG00000019897	110492160	110532445	0
ENSELUG00000011908	110491907	110532749	0
ENSELUG00000006483	100136795	110532631	0
ENSELUG00000004417	110489156	110504568	1
ENSELUG00000023055	110533645	110537479	0
ENSELUG00000012989	110493919	110528520	0
ENSELUG00000011441	110534879	110537527	0
ENSELUG00000009815	110494453	110527994	0
ENSELUG00000014284	110500684	110531828	0
ENSELUG00000010206	100301712	110506620	1
ENSELUG00000024615	110488953	110504165	0
ENSELUG00000011600	110494071	110514038	0
ENSELUG00000005786	110506746	110526610	1
ENSELUG00000022578	110525567	110535938	0
ENSELUG00000000459	110499314	110503004	0
ENSELUG00000010315	110503403	110508020	1
ENSELUG00000021498	110521818	110524754	0
ENSELUG00000013494	110533561	110537566	0
ENSELUG00000018546	110525626	110535989	0
ENSELUG00000008659	110502460	110528719	0
ENSELUG00000022906	110493428	110495000	1
ENSELUG00000013589	110522029	110529416	0
ENSELUG00000015792	110497537	110505226	0
ENSELUG00000001837	110492485	110531953	0
ENSELUG00000003050	110485710	110495101	1
ENSELUG00000022861	100136202	110524201	0
ENSELUG00000022450	110488880	110505076	0
ENSELUG00000005365	110494548	110527919	0
ENSELUG00000019321	110503989	110507821	0
ENSELUG00000021998	110508593	110530472	0
ENSELUG00000020577	110488977	110505185	0
ENSELUG00000006637	110492029	110532637	0
ENSELUG00000004549	110506777	118936661	1
ENSELUG00000023830	110521781	110524697	0
ENSELUG00000024114	110495514	110519411	1
ENSELUG00000003023	110485708	110493459	1
ENSELUG00000000175	110509643	110523424	0
ENSELUG00000011349	110499458	110502802	0
ENSELUG00000013412	110493909	110528536	0
ENSELUG00000004859	110502561	110530032	0
ENSELUG00000009981	110491945	110532719	0
ENSELUG00000019800	110499386	110502706	0
ENSELUG00000020469	110485557	110495066	1
ENSELUG00000022480	110521798	110524727	0
ENSELUG00000010339	100653486	110530723	0
ENSELUG00000016974	110509856	110522917	0
ENSELUG00000017145	110510010	110534015	0
ENSELUG00000000448	110486015	110493729	1
ENSELUG00000012166	110486017	110493730	1
ENSELUG00000020129	110500558	110531692	0
ENSELUG00000021108	110488920	110505115	0
ENSELUG00000000470	110494380	110528056	0
ENSELUG00000019906	100136172	110523704	0
ENSELUG00000023690	110485650	110485651	1
ENSELUG00000022999	110499433	110502762	0
ENSELUG00000013214	110503572	110507448	1
ENSELUG00000012164	110508326	110530765	0
ENSELUG00000014023	110498649	110534520	1
ENSELUG00000019157	110521098	110529314	0
ENSELUG00000005418	110536792	118936294	0
ENSELUG00000021707	110488910	110505105	0
ENSELUG00000023785	110488113	110496455	0
ENSELUG00000004470	110497711	110505754	0
ENSELUG00000022429	110501360	110504760	0
ENSELUG00000022452	110492766	110532497	0
ENSELUG00000013947	110506526	110526405	1
ENSELUG00000023154	110494642	110527820	0
ENSELUG00000024246	110521874	110537932	1
ENSELUG00000005037	110509038	110530020	0
ENSELUG00000024091	110492124	110532538	0
ENSELUG00000013359	110498124	110505310	0
ENSELUG00000006273	110522770	110524519	0
ENSELUG00000024455	110525529	110535906	0
ENSELUG00000006865	110485238	110539043	1
ENSELUG00000014143	110525712	110536084	0
ENSELUG00000022407	110486719	110538672	1
ENSELUG00000005799	110494537	110527928	0
ENSELUG00000009542	110490168	110500280	1
ENSELUG00000022486	110488877	110505074	0
ENSELUG00000004339	110485756	110493468	1
ENSELUG00000022544	110533329	110537785	0
ENSELUG00000011713	110494413	110528972	1
ENSELUG00000011227	110533605	110537520	0
ENSELUG00000009306	110492659	110532247	0
ENSELUG00000005599	110492061	110532612	0
ENSELUG00000023740	110521888	110537913	1
ENSELUG00000007730	110522557	110529768	0
ENSELUG00000009486	110492644	110532250	0
ENSELUG00000010812	110491928	110532731	0
ENSELUG00000019598	110494762	110528948	0
ENSELUG00000008785	110502230	110525667	0
ENSELUG00000006684	110533735	110537381	0
ENSELUG00000007358	110486861	110486862	1
ENSELUG00000008489	110509699	110523483	0
ENSELUG00000007517	110494986	110528404	0
ENSELUG00000002259	110527257	118965235	1
ENSELUG00000019081	110510034	110534041	0
ENSELUG00000019792	110501299	110520523	0
ENSELUG00000017280	110522355	110529918	0
ENSELUG00000012932	110525740	110536115	0
ENSELUG00000000291	110489929	110535630	0
ENSELUG00000009679	110486477	110538312	1
ENSELUG00000019468	110498761	110503127	0
ENSELUG00000015377	100305345	110521492	0
ENSELUG00000000529	110500678	110531822	0
ENSELUG00000015471	110503535	110507376	1
ENSELUG00000022022	110490077	110519284	1
ENSELUG00000003323	110492113	110532550	0
ENSELUG00000018029	110494267	110528161	0
ENSELUG00000021716	110489189	110504485	1
ENSELUG00000015852	110506479	110526370	1
ENSELUG00000006006	110523931	110536988	0
ENSELUG00000002433	110491356	110498949	0
ENSELUG00000021301	110494188	110528243	0
ENSELUG00000020476	100499599	110488933	0
ENSELUG00000020983	110494210	110528232	0
ENSELUG00000023262	110525547	110535920	0
ENSELUG00000019159	110492187	110532421	0
ENSELUG00000015173	110523976	110536911	0
ENSELUG00000004367	110526651	110526659	1
ENSELUG00000012068	110522467	110529854	0
ENSELUG00000015240	110521497	110524363	0
ENSELUG00000012042	110533590	110538892	0
ENSELUG00000001606	110490392	110500090	1
ENSELUG00000006588	110509667	110523449	0
ENSELUG00000022561	110508969	110530077	0
ENSELUG00000006007	110508458	110530646	0
ENSELUG00000020820	110501470	110520091	0
ENSELUG00000002798	110488774	110504974	0
ENSELUG00000006198	110492046	110532624	0
ENSELUG00000005932	110523930	110536991	0
ENSELUG00000021209	110522213	110529590	0
ENSELUG00000016055	110522093	110529476	0
ENSELUG00000024178	110508549	110530511	0
ENSELUG00000008742	110500101	110524813	0
ENSELUG00000007558	110491474	110499065	0
ENSELUG00000002997	110510834	110519502	1
ENSELUG00000012650	110494252	110516533	0
ENSELUG00000013950	110509801	110523589	0
ENSELUG00000018844	100136773	110526828	1
ENSELUG00000007809	110491986	110532682	0
ENSELUG00000001485	110525928	110536303	0
ENSELUG00000005494	110510135	110534146	0
ENSELUG00000011877	110486023	110493735	1
ENSELUG00000023247	110521898	110539105	1
ENSELUG00000024008	110492455	110531968	0
ENSELUG00000004863	110502573	110522709	0
ENSELUG00000023643	110489259	110496138	0
ENSELUG00000022081	110510101	110534111	0
ENSELUG00000014236	110492786	110531262	0
ENSELUG00000021006	110503264	110507239	1
ENSELUG00000011434	110509748	110523533	0
ENSELUG00000007936	110501795	110520287	1
ENSELUG00000024054	110502165	110522810	0
ENSELUG00000022317	110510107	110534115	0
ENSELUG00000004442	110500453	110531599	0
ENSELUG00000014120	110522023	110529408	0
ENSELUG00000010573	110493835	110510575	0
ENSELUG00000016453	110498196	110505209	0
ENSELUG00000003465	110498010	110505437	0
ENSELUG00000019353	118944439	118964977	1
ENSELUG00000014135	110492355	110532048	0
ENSELUG00000015087	110508176	110530963	0
ENSELUG00000014588	110502405	110527930	0
ENSELUG00000006759	110487991	110496602	0
ENSELUG00000023499	110492431	110531972	0
ENSELUG00000019470	110494242	110528188	0
ENSELUG00000016587	110521469	110524334	0
ENSELUG00000002896	110488948	110505148	0
ENSELUG00000020311	110502277	110526431	0
ENSELUG00000010466	110487017	110514322	1
ENSELUG00000017378	110495317	110520570	0
ENSELUG00000007210	110497760	110505701	0
ENSELUG00000023041	110485625	110514401	1
ENSELUG00000009184	110500796	110531362	0
ENSELUG00000022032	110488900	110505097	0
ENSELUG00000010192	110500370	110531458	0
ENSELUG00000009797	110489003	110537870	0
ENSELUG00000013068	110491850	110531260	0
ENSELUG00000020932	110494209	110528231	0
ENSELUG00000008788	110486442	110538343	1
ENSELUG00000000417	110506578	110526451	1
ENSELUG00000022705	110525565	110535936	0
ENSELUG00000020312	110497857	110522881	0
ENSELUG00000000490	110509791	110523583	0
ENSELUG00000000582	110488299	110503983	1
ENSELUG00000007138	110493250	110521379	0
ENSELUG00000016436	110521471	110524335	0
ENSELUG00000022006	110506206	110506963	1
ENSELUG00000010844	110486518	110538477	1
ENSELUG00000004881	110489238	110504466	1
ENSELUG00000009102	110491959	110532692	0
ENSELUG00000022138	110533311	110537793	0
ENSELUG00000003451	110494601	110527871	0
ENSELUG00000019621	110518175	118944410	1
ENSELUG00000005036	110487952	110496569	0
ENSELUG00000023414	110525165	110536477	0
ENSELUG00000003906	110489874	110524108	0
ENSELUG00000019531	110525055	118944448	1
ENSELUG00000018072	110508645	110530414	0
ENSELUG00000016987	110504052	110507882	1
ENSELUG00000007491	110522563	110529763	0
ENSELUG00000012430	110494395	110528042	0
ENSELUG00000022037	110502055	110524211	1
ENSELUG00000011477	110497835	110505627	0
ENSELUG00000009057	100305166	110499137	0
ENSELUG00000008440	110525830	110536209	0
ENSELUG00000022179	110485561	110485562	1
ENSELUG00000013835	110502423	110528176	0
ENSELUG00000013447	110494371	110528063	0
ENSELUG00000016906	110522111	110529494	0
ENSELUG00000022531	110499761	118936535	1
ENSELUG00000019859	110494235	110528196	0
ENSELUG00000016892	110492410	110531997	0
ENSELUG00000007121	110492013	110532652	0
ENSELUG00000001315	110520963	110529366	0
ENSELUG00000010410	110485311	110518411	1
ENSELUG00000012222	100750226	110526432	1
ENSELUG00000003602	110494056	110528366	0
ENSELUG00000019765	110489242	110504355	1
ENSELUG00000013538	110497382	110534510	1
ENSELUG00000020135	100301691	110503972	0
ENSELUG00000012825	110488533	110504738	0
ENSELUG00000012881	110494398	118938374	1
ENSELUG00000010819	110490803	110490805	0
ENSELUG00000017183	110522114	110529497	0
ENSELUG00000005544	110485792	110493549	1
ENSELUG00000017436	110503317	110507584	1
ENSELUG00000008387	110493502	110521406	0
ENSELUG00000021530	110485173	110538463	1
ENSELUG00000024323	110494132	110528302	0
ENSELUG00000009358	110513768	110534660	1
ENSELUG00000009249	110509713	110523504	0
ENSELUG00000020163	110488019	110496636	0
ENSELUG00000004882	110510158	110534160	0
ENSELUG00000016149	100136252	110488612	0
ENSELUG00000000181	110496103	110515118	0
ENSELUG00000018868	110493230	110528174	0
ENSELUG00000019107	110491046	110533281	0
ENSELUG00000024580	110510202	110534192	0
ENSELUG00000021834	110510093	110534107	0
ENSELUG00000000698	110492415	110531992	0
ENSELUG00000004726	110494562	110527904	0
ENSELUG00000010010	110494448	110527997	0
ENSELUG00000016773	110499068	110524015	0
ENSELUG00000023468	110493431	110493434	1
ENSELUG00000018771	110485509	110493422	1
ENSELUG00000008596	110525832	110536211	0
ENSELUG00000006104	110485805	110493554	1
ENSELUG00000003251	110490431	110501032	1
ENSELUG00000017963	110485195	110538551	1
ENSELUG00000013744	110531234	118943940	1
ENSELUG00000013686	110489420	110496833	0
ENSELUG00000017703	110486588	110538547	1
ENSELUG00000018948	110525610	110535976	0
ENSELUG00000008068	110489067	110504676	0
ENSELUG00000019444	110503314	110507564	1
ENSELUG00000015478	110502388	110527765	0
ENSELUG00000003293	110508527	110530534	0
ENSELUG00000003561	110498005	110505442	0
ENSELUG00000018065	110497555	110504245	0
ENSELUG00000005744	110502079	110520420	0
ENSELUG00000014339	110486156	110538080	1
ENSELUG00000014423	110493895	110528551	0
ENSELUG00000009410	110515322	118938840	1
ENSELUG00000005983	110502516	110529556	0
ENSELUG00000017585	110492531	110521301	0
ENSELUG00000015800	110488607	110504813	0
ENSELUG00000016872	110499075	110524028	0
ENSELUG00000010815	110514485	110517426	1
ENSELUG00000017960	110514391	110518781	1
ENSELUG00000001463	110525493	110535875	0
ENSELUG00000020070	110508922	110530119	0
ENSELUG00000023668	110521782	110524699	0
ENSELUG00000013281	110492337	110532064	0
ENSELUG00000024335	110497771	110522804	0
ENSELUG00000000130	110508483	110530599	0
ENSELUG00000006053	110492867	110521347	0
ENSELUG00000007197	110501810	110520266	0
ENSELUG00000003722	110508505	110530562	0
ENSELUG00000018073	110521440	110524299	0
ENSELUG00000016758	110533498	118966717	1
ENSELUG00000002460	110523828	110537096	0
ENSELUG00000018084	100305338	110486594	1
ENSELUG00000011948	110491546	110498834	0
ENSELUG00000013037	110499558	110502837	0
ENSELUG00000009706	110499989	110524646	0
ENSELUG00000016070	110498186	110505203	0
ENSELUG00000024368	110485698	110493451	1
ENSELUG00000006921	110487994	110496608	0
ENSELUG00000008091	110494957	110528414	0
ENSELUG00000013544	110501956	110522711	0
ENSELUG00000022760	110499776	110499783	1
ENSELUG00000000090	110491888	110522720	0
ENSELUG00000018385	110506414	110526299	1
ENSELUG00000020900	110486320	110538264	1
ENSELUG00000009448	100136171	110486464	1
ENSELUG00000008918	110521577	110524447	0
ENSELUG00000008556	110489570	110535449	0
ENSELUG00000014302	110500683	110531827	0
ENSELUG00000017173	110510011	110534016	0
ENSELUG00000017800	110521447	110524309	0
ENSELUG00000008604	110506681	110526550	1
ENSELUG00000002393	110525949	110536331	0
ENSELUG00000011913	110493956	110528491	0
ENSELUG00000004167	110487723	110504925	0
ENSELUG00000009287	110507950	118944880	1
ENSELUG00000007466	110495698	110495699	1
ENSELUG00000016910	110503512	110507297	0
ENSELUG00000012124	118937806	118938371	1
ENSELUG00000021088	100136226	110488921	0
ENSELUG00000013113	110502435	110528384	0
ENSELUG00000006357	110491450	110498751	0
ENSELUG00000021380	110521820	110523031	0
ENSELUG00000017614	100653470	110530403	0
ENSELUG00000003592	110498004	110505445	0
ENSELUG00000004983	110509623	110523406	0
ENSELUG00000004246	110490510	110524117	0
ENSELUG00000008219	110491824	110532220	0
ENSELUG00000004000	110502589	110530258	0
ENSELUG00000001609	110495782	110521117	0
ENSELUG00000007252	110488090	118941205	0
ENSELUG00000009062	110511271	118936849	1
ENSELUG00000019946	110495852	110527470	0
ENSELUG00000007775	110521556	110524423	0
ENSELUG00000003384	110491856	110532197	0
ENSELUG00000020168	110508919	110530120	0
ENSELUG00000023338	110487785	110504542	1
ENSELUG00000023772	110508559	110530506	0
ENSELUG00000005830	110487610	110496105	0
ENSELUG00000023595	110492434	110531969	0
ENSELUG00000005012	110487948	110496565	0
ENSELUG00000012603	110522452	110529866	0
ENSELUG00000020328	110502187	110522864	0
ENSELUG00000012426	110503597	110507474	1
ENSELUG00000016282	118944505	118964990	1
ENSELUG00000015424	110522084	110529468	0
ENSELUG00000006462	110487983	110496594	0
ENSELUG00000013703	118937852	118938386	1
ENSELUG00000005919	110506282	110526161	1
ENSELUG00000009208	110495771	110527403	1
ENSELUG00000022042	110488898	110505095	1
ENSELUG00000016963	110492411	110531996	0
ENSELUG00000006413	110498337	110505715	1
ENSELUG00000009207	110525806	110536194	0
ENSELUG00000022258	110533325	110537789	0
ENSELUG00000014697	110509937	110533954	0
ENSELUG00000015624	110492374	110532024	0
ENSELUG00000007555	110488496	110496042	0
ENSELUG00000004808	110510161	110534161	0
ENSELUG00000008665	110503900	110507740	0
ENSELUG00000017450	110492579	110521306	0
ENSELUG00000011090	110494427	110528017	0
ENSELUG00000016439	110525107	110535728	0
ENSELUG00000012404	110503598	110507478	1
ENSELUG00000009153	110491622	110499076	0
ENSELUG00000004716	110500446	110531568	0
ENSELUG00000009535	110492642	110532251	0
ENSELUG00000019345	110499083	110502886	0
ENSELUG00000017732	110522128	110529513	0
ENSELUG00000004508	110485763	110495111	1
ENSELUG00000012004	110508330	110530757	0
ENSELUG00000017941	110525637	110536004	0
ENSELUG00000011894	110488196	110496835	0
ENSELUG00000022099	110488045	110496665	0
ENSELUG00000021094	110521822	110524759	0
ENSELUG00000021124	110495814	110528806	1
ENSELUG00000012786	110493931	110528514	0
ENSELUG00000006977	110509673	110522829	0
ENSELUG00000023510	110494631	110527832	0
ENSELUG00000021293	110522215	110529593	0
ENSELUG00000013953	110533549	110537578	0
ENSELUG00000003139	110488945	110505144	0
ENSELUG00000012928	110500717	110531857	0
ENSELUG00000020779	110521827	110524768	0
ENSELUG00000021270	110497610	110504236	0
ENSELUG00000021074	110494192	110528238	0
ENSELUG00000001477	110515947	110536569	0
ENSELUG00000002449	110526710	110526712	1
ENSELUG00000009534	110486545	110538508	1
ENSELUG00000024299	110509516	118964572	0
ENSELUG00000005674	110510225	110534213	0
ENSELUG00000002484	110489535	110535492	0
ENSELUG00000016174	110493388	118938150	1
ENSELUG00000010645	110499323	110503012	0
ENSELUG00000016084	110522001	110529363	0
ENSELUG00000019430	110533287	110537849	0
ENSELUG00000003163	110485719	110493505	1
ENSELUG00000006868	110525852	110536237	0
ENSELUG00000010714	110493875	110511358	0
ENSELUG00000023771	110488116	110496458	0
ENSELUG00000024212	110494615	110527850	0
ENSELUG00000004641	110494566	110527900	0
ENSELUG00000008679	110500153	110521107	0
ENSELUG00000005433	110485483	110511352	1
ENSELUG00000018083	110499327	110524264	0
ENSELUG00000023401	110497632	110505824	0
ENSELUG00000015373	110502395	110527826	0
ENSELUG00000008388	110508416	110530696	0
ENSELUG00000017277	110525660	110536030	0
ENSELUG00000007374	110497763	110504214	0
ENSELUG00000021128	110501339	110520572	0
ENSELUG00000019556	110494240	110528191	0
ENSELUG00000024100	110488833	110505036	0
ENSELUG00000014808	110503548	110507390	0
ENSELUG00000018703	110522153	110529530	0
ENSELUG00000007874	110491821	110532215	0
ENSELUG00000014744	110524036	110534779	0
ENSELUG00000005796	110489276	110496104	0
ENSELUG00000010905	110508354	110531008	0
ENSELUG00000015077	110508764	110536807	1
ENSELUG00000018569	110491087	110532411	0
ENSELUG00000011303	110521854	110524831	0
ENSELUG00000024187	110485686	110487282	1
ENSELUG00000002752	110498045	110505409	0
ENSELUG00000013853	110508686	110529129	0
ENSELUG00000005115	110508229	110530017	0
ENSELUG00000015215	110488254	110496329	0
ENSELUG00000021720	110508600	110530465	0
ENSELUG00000021471	110523739	110537177	0
ENSELUG00000004954	110512753	110523401	0
ENSELUG00000013036	110497392	110533186	1
ENSELUG00000013949	110493903	110529037	0
ENSELUG00000001865	110492492	110531948	0
ENSELUG00000010849	110490912	110535408	0
ENSELUG00000008491	110521570	110524436	0
ENSELUG00000005554	110502531	110529780	0
ENSELUG00000016775	110508661	110530395	0
ENSELUG00000005508	110501704	110521338	0
ENSELUG00000011681	110506573	110526448	1
ENSELUG00000013927	110487087	110515725	1
ENSELUG00000002806	110509571	110523355	0
ENSELUG00000011019	110510792	118942821	1
ENSELUG00000010334	110492629	110532266	0
ENSELUG00000010463	110485881	110495123	1
ENSELUG00000016479	100135951	100135952	0
ENSELUG00000004477	110501610	110504539	0
ENSELUG00000022826	110508971	110530074	0
ENSELUG00000010193	110492848	110498789	0
ENSELUG00000010529	110492626	110532270	0
ENSELUG00000019217	110503750	110507173	1
ENSELUG00000013062	110503159	110507997	1
ENSELUG00000014689	110498148	110505286	0
ENSELUG00000007720	110506700	110526568	1
ENSELUG00000006172	110496020	110513603	0
ENSELUG00000008885	110486445	110538341	1
ENSELUG00000012089	110491110	110531175	0
ENSELUG00000024071	110525161	110535910	0
ENSELUG00000001952	110492516	110508396	0
ENSELUG00000000934	110521819	110524755	0
ENSELUG00000011612	110490188	110500269	1
ENSELUG00000009234	110534175	110535663	1
ENSELUG00000020894	110526794	118936341	1
ENSELUG00000023949	110508552	110530509	0
ENSELUG00000022652	110485617	110487230	1
ENSELUG00000005898	110509647	110523426	0
ENSELUG00000023023	110509510	110523313	0
ENSELUG00000005916	100500939	110500122	1
ENSELUG00000006981	110488472	110496034	0
ENSELUG00000004725	110506765	110526644	1
ENSELUG00000003957	110490036	110536594	0
ENSELUG00000022782	100136242	110532254	0
ENSELUG00000019507	110494759	110527712	0
ENSELUG00000022080	110509500	110524956	0
ENSELUG00000024165	110509306	110523338	0
ENSELUG00000011506	110500891	110531878	0
ENSELUG00000005236	110533685	110537436	0
ENSELUG00000019106	110502307	110526727	0
ENSELUG00000003983	110487928	110496547	0
ENSELUG00000020026	110494741	110527723	0
ENSELUG00000020911	110523730	110537193	0
ENSELUG00000021669	110523758	110537166	0
ENSELUG00000003306	110495627	110518089	1
ENSELUG00000006889	110494982	110528388	0
ENSELUG00000007886	110508783	110530248	0
ENSELUG00000001910	110490559	110501019	1
ENSELUG00000007975	110485950	110495137	1
ENSELUG00000003711	110497996	110505451	0
ENSELUG00000008520	100135955	110489943	1
ENSELUG00000003760	110490721	110536591	0
ENSELUG00000005100	110501639	110520439	0
ENSELUG00000019574	110488958	110505159	0
ENSELUG00000012063	110511737	118941435	1
ENSELUG00000016519	110492229	110532379	0
ENSELUG00000012493	100136010	110486012	1
ENSELUG00000003847	110508502	110530569	0
ENSELUG00000020485	110501316	110520539	0
ENSELUG00000012843	110521041	110529438	0
ENSELUG00000006023	110492846	110521345	0
ENSELUG00000008939	110489090	110504684	0
ENSELUG00000021836	110489948	110489949	0
ENSELUG00000011866	110491908	110531254	0
ENSELUG00000014271	110509807	110524742	0
ENSELUG00000024564	110527158	118941019	1
ENSELUG00000017649	110521449	110524311	0
ENSELUG00000020827	110497603	110505844	0
ENSELUG00000010436	110492574	110531942	0
ENSELUG00000019735	110503701	110507577	0
ENSELUG00000021690	110533389	110537802	0
ENSELUG00000016014	110521474	110524339	0
ENSELUG00000021630	110523753	110537170	0
ENSELUG00000007299	110501807	110520270	0
ENSELUG00000015663	110503531	110507365	0
ENSELUG00000005021	110538732	110539024	1
ENSELUG00000019653	110486286	110538217	1
ENSELUG00000017022	110504051	110507881	0
ENSELUG00000005020	110510155	110534157	0
ENSELUG00000015398	110508861	118938256	1
ENSELUG00000006796	110518388	110520499	1
ENSELUG00000001109	110497612	110505842	0
ENSELUG00000006729	110485837	110493578	1
ENSELUG00000008803	110525823	110536203	0
ENSELUG00000019727	110492170	110532442	0
ENSELUG00000002710	110526679	118936412	1
ENSELUG00000023805	110501245	110519945	0
ENSELUG00000004513	100136347	110535113	0
ENSELUG00000004344	110501999	110520476	0
ENSELUG00000010308	110500366	110531459	0
ENSELUG00000023095	110525555	110535927	0
ENSELUG00000020573	100301793	110527735	0
ENSELUG00000008727	110505240	110506269	0
ENSELUG00000000056	110525487	110535870	0
ENSELUG00000020499	110488975	110505183	0
ENSELUG00000014409	110488238	110496343	0
ENSELUG00000006659	110502490	110529343	0
ENSELUG00000010478	110500356	110531451	0
ENSELUG00000001310	110494575	110527892	0
ENSELUG00000012203	110511356	110517746	1
ENSELUG00000003178	110508162	110530533	0
ENSELUG00000012414	110533880	110537240	0
ENSELUG00000013552	110520816	110536337	1
ENSELUG00000018528	110486084	110493798	1
ENSELUG00000000521	110509929	110533943	0
ENSELUG00000002884	110518734	118947559	1
ENSELUG00000023348	110499426	110502753	0
ENSELUG00000018825	110503737	110507610	1
ENSELUG00000022752	110500884	110524202	0
ENSELUG00000009322	110489435	110507980	1
ENSELUG00000011198	110521855	110524836	0
ENSELUG00000007198	100136765	110533266	1
ENSELUG00000007835	110512281	110531356	1
ENSELUG00000019984	110523708	110537217	0
ENSELUG00000017177	110518866	118965014	1
ENSELUG00000021518	110521817	110524752	0
ENSELUG00000004633	110501881	110520189	0
ENSELUG00000017335	118943899	118947024	1
ENSELUG00000014102	110485985	110493706	1
ENSELUG00000009971	110501278	110519977	0
ENSELUG00000006377	110509659	110523441	0
ENSELUG00000000997	110510131	110534134	0
ENSELUG00000010169	110489589	110535418	0
ENSELUG00000016322	110498926	110523921	0
ENSELUG00000015523	110522086	110529470	0
ENSELUG00000010132	110521591	110524467	0
ENSELUG00000005255	110521658	110524545	0
ENSELUG00000019806	110505246	110506265	0
ENSELUG00000018786	110493867	110527647	0
ENSELUG00000022434	110494159	110528265	0
ENSELUG00000020472	110486307	110538244	1
ENSELUG00000007695	110491476	110499066	0
ENSELUG00000016728	110509374	110534003	0
ENSELUG00000002403	110525952	110536334	0
ENSELUG00000008653	110500397	110531498	0
ENSELUG00000004692	110490008	110535572	0
ENSELUG00000000908	110488929	110505124	0
ENSELUG00000023410	110486365	110538425	1
ENSELUG00000008830	110489085	110504671	0
ENSELUG00000003979	110489515	110535157	1
ENSELUG00000008253	110521089	110529771	0
ENSELUG00000007989	110508779	110530252	0
ENSELUG00000008214	110508421	110530692	0
ENSELUG00000019383	110525601	110535966	0
ENSELUG00000017011	110489352	110517586	1
ENSELUG00000013574	110524932	110536763	1
ENSELUG00000012387	110503600	110507479	1
ENSELUG00000006739	110508795	110530229	0
ENSELUG00000012370	110506553	110526427	1
ENSELUG00000008487	110495997	110513545	0
ENSELUG00000002732	110525979	110536353	0
ENSELUG00000018489	110506415	110526300	1
ENSELUG00000004214	110508489	110530593	0
ENSELUG00000021972	110485567	110485568	1
ENSELUG00000007836	110500345	110525034	0
ENSELUG00000000286	110508432	110530993	0
ENSELUG00000021135	110488917	110505113	0
ENSELUG00000001126	110488006	110496620	0
ENSELUG00000005148	110502555	110521216	0
ENSELUG00000002507	110528716	110528717	1
ENSELUG00000021774	110510091	110534106	0
ENSELUG00000002754	110488779	110504980	0
ENSELUG00000024314	110494616	110527851	0
ENSELUG00000010546	110486130	110538022	1
ENSELUG00000020501	110494729	110527729	0
ENSELUG00000004280	110526012	110536377	0
ENSELUG00000008200	110493488	110521407	0
ENSELUG00000008407	110488144	110496433	0
ENSELUG00000019920	110486290	110538223	1
ENSELUG00000011938	100301863	110526442	1
ENSELUG00000013606	110514334	110516940	1
ENSELUG00000018453	110507618	118944016	0
ENSELUG00000017834	110521032	110529179	0
ENSELUG00000016466	110492399	110532006	0
ENSELUG00000013820	110500695	110531839	0
ENSELUG00000015382	110502394	110527817	0
ENSELUG00000008140	110503881	110507714	0
ENSELUG00000010417	110491936	110531246	0
ENSELUG00000009074	110491958	110532691	0
ENSELUG00000022501	110510111	110511048	0
ENSELUG00000004138	110490402	110500079	1
ENSELUG00000010126	110503310	110507533	1
ENSELUG00000016404	110488621	110504829	0
ENSELUG00000007919	110501797	110520286	0
ENSELUG00000003807	110508503	110530568	0
ENSELUG00000002122	110489556	110535463	0
ENSELUG00000002351	110494101	110528319	0
ENSELUG00000020603	110486312	110538251	1
ENSELUG00000019323	110499084	110502883	0
ENSELUG00000019835	110501495	110520074	0
ENSELUG00000009176	110491957	110531240	0
ENSELUG00000001542	110501631	110520448	0
ENSELUG00000006387	110521634	110524516	0
ENSELUG00000011607	110522486	110529846	0
ENSELUG00000022818	110533336	110538908	0
ENSELUG00000018525	110516815	110532844	1
ENSELUG00000021419	118938189	118940333	1
ENSELUG00000002318	110488822	110505028	0
ENSELUG00000011915	110492324	118965936	0
ENSELUG00000014759	110508676	110530376	0
ENSELUG00000003179	110495331	118965206	1
ENSELUG00000016653	110499026	110524001	0
ENSELUG00000017163	110499568	110513516	1
ENSELUG00000019460	110502299	110526628	0
ENSELUG00000017374	110488097	110496705	0
ENSELUG00000010866	110500895	110531889	0
ENSELUG00000008613	110500221	110524896	0
ENSELUG00000010625	110508750	110530305	0
ENSELUG00000018039	110492207	110531207	0
ENSELUG00000008232	110508420	110530693	0
ENSELUG00000006476	110497749	110504217	0
ENSELUG00000011759	110499331	110503015	0
ENSELUG00000012020	110506557	110526435	1
ENSELUG00000004970	110522310	110529691	0
ENSELUG00000006630	110501683	110520404	0
ENSELUG00000014868	110492365	110532041	0
ENSELUG00000018929	110509886	110523678	0
ENSELUG00000000171	110508808	110530217	0
ENSELUG00000003641	110523872	110537054	0
ENSELUG00000012318	110522461	110529861	0
ENSELUG00000000515	110503511	110507414	0
ENSELUG00000004579	110508478	110530608	0
ENSELUG00000010430	110487113	118937811	1
ENSELUG00000001267	110495579	110524166	0
ENSELUG00000006924	110494964	110528389	0
ENSELUG00000007997	110489830	110535186	0
ENSELUG00000014941	110498161	110505279	0
ENSELUG00000022604	110525062	110536507	1
ENSELUG00000008708	110500132	110524843	0
ENSELUG00000007772	110493405	110521391	0
ENSELUG00000016446	110488644	110505200	1
ENSELUG00000013040	110501574	110520005	0
ENSELUG00000021210	110502261	110526236	0
ENSELUG00000014919	110509945	110533959	0
ENSELUG00000019202	110499394	110502718	0
ENSELUG00000015121	110498432	110498433	1
ENSELUG00000014355	110488114	110515810	1
ENSELUG00000003508	110498008	110505441	0
ENSELUG00000019087	110499163	110502893	0
ENSELUG00000004896	110522641	110529274	0
ENSELUG00000011871	110508733	110530317	0
ENSELUG00000018554	110503425	110508054	1
ENSELUG00000000788	110508637	110530424	0
ENSELUG00000003626	110494594	110527877	0
ENSELUG00000015616	110485264	110487012	1
ENSELUG00000006344	110489386	110496867	0
ENSELUG00000017559	110486076	110493781	0
ENSELUG00000008569	110510257	118966680	0
ENSELUG00000007554	110490882	110535180	1
ENSELUG00000018401	110485161	110538186	1
ENSELUG00000018184	110508643	110530416	0
ENSELUG00000010509	110521079	110529833	0
ENSELUG00000016004	110502341	110527164	1
ENSELUG00000012955	110509782	110523572	0
ENSELUG00000023931	110489164	118946054	1
ENSELUG00000012545	100135783	110494392	0
ENSELUG00000000259	110489533	110536532	0
ENSELUG00000007469	110525843	110536228	0
ENSELUG00000015216	110508669	110530388	0
ENSELUG00000015538	110499254	110502960	0
ENSELUG00000019941	110508926	110530116	0
ENSELUG00000000226	110509672	110523454	0
ENSELUG00000012907	100499581	110488216	0
ENSELUG00000017474	110508657	110530968	0
ENSELUG00000005361	110522649	110529265	0
ENSELUG00000019525	110521842	110524807	0
ENSELUG00000009830	110506650	110526520	1
ENSELUG00000018355	110525278	110535699	0
ENSELUG00000014317	110534283	110534305	1
ENSELUG00000016194	110501408	110520623	0
ENSELUG00000020536	110494727	110527731	0
ENSELUG00000022601	110492761	110532501	0
ENSELUG00000002411	110498066	110505383	0
ENSELUG00000006289	110485813	110493559	1
ENSELUG00000008043	110491482	110499114	0
ENSELUG00000011048	110485310	110485313	1
ENSELUG00000022753	110525563	110535932	0
ENSELUG00000014215	110522065	110529451	0
ENSELUG00000000754	110486249	110538179	1
ENSELUG00000012382	110522456	110529864	0
ENSELUG00000022406	110510109	110534116	0
ENSELUG00000023600	110512935	110526724	1
ENSELUG00000007550	110502458	110525170	0
ENSELUG00000007954	110510445	110535187	0
ENSELUG00000012378	110521550	110524414	0
ENSELUG00000019674	110486656	110538614	1
ENSELUG00000002324	110487686	110527161	1
ENSELUG00000020566	110506217	110506991	1
ENSELUG00000010067	110501280	110519975	0
ENSELUG00000004556	110500451	110531598	0
ENSELUG00000022704	110508970	110530076	0
ENSELUG00000014749	110498149	110505285	0
ENSELUG00000004755	110522967	110531511	0
ENSELUG00000004703	110489382	110496559	0
ENSELUG00000019777	110509909	110523699	0
ENSELUG00000022542	110491316	110498906	0
ENSELUG00000013901	110498407	110523495	0
ENSELUG00000003539	110509594	110523377	0
ENSELUG00000016751	110488634	110504839	0
ENSELUG00000015961	110494313	110528117	0
ENSELUG00000010286	110495874	110524168	0
ENSELUG00000008067	110533770	110537353	0
ENSELUG00000024172	110497797	110522805	0
ENSELUG00000002413	110488816	110505023	0
ENSELUG00000018678	110503733	110507615	1
ENSELUG00000015659	110488600	110504810	0
ENSELUG00000017583	110491228	110499526	1
ENSELUG00000015611	110508844	110530186	0
ENSELUG00000009978	110506639	110526509	1
ENSELUG00000013263	110522446	110529872	0
ENSELUG00000014398	110488571	110504781	0
ENSELUG00000013318	110531547	110531557	1
ENSELUG00000006508	110487984	110496595	0
ENSELUG00000010627	110491167	110531194	0
ENSELUG00000020888	110495818	110527438	1
ENSELUG00000021240	110510071	110534085	0
ENSELUG00000022069	110506956	110506961	1
ENSELUG00000023792	110521885	110537919	1
ENSELUG00000016710	118944518	118964994	1
ENSELUG00000004040	110502026	110520480	0
ENSELUG00000003331	110509310	110522815	0
ENSELUG00000014932	110492370	110532036	0
ENSELUG00000000124	110509597	110523380	0
ENSELUG00000017142	110509099	110529970	0
ENSELUG00000011104	110533610	110537517	0
ENSELUG00000010716	110525784	110536165	0
ENSELUG00000016013	110488446	110516285	1
ENSELUG00000022441	110489184	110504523	1
ENSELUG00000019453	110526817	118944397	1
ENSELUG00000004098	110522287	110529665	0
ENSELUG00000015603	110486194	110538119	1
ENSELUG00000009435	101268937	101268938	0
ENSELUG00000001866	110527227	118941034	1
ENSELUG00000008103	110522668	110529242	1
ENSELUG00000013339	110494375	110528061	0
ENSELUG00000020069	110492157	110532448	0
ENSELUG00000006042	110489981	110535597	0
ENSELUG00000008156	110496009	110513412	0
ENSELUG00000010070	110525796	110536172	0
ENSELUG00000008188	110501791	110520291	0
ENSELUG00000020379	110494219	110528214	0
ENSELUG00000024563	110491338	110498736	0
ENSELUG00000015493	110497358	110516113	1
ENSELUG00000011287	110499724	110524453	0
ENSELUG00000007805	110486870	110516439	1
ENSELUG00000006324	110498579	110505525	0
ENSELUG00000004058	110491069	110531229	0
ENSELUG00000014070	110487064	110513965	1
ENSELUG00000000996	110492135	110532527	0
ENSELUG00000017926	110509872	110523658	0
ENSELUG00000011208	110487220	110514668	0
ENSELUG00000018966	110522162	110529538	0
ENSELUG00000011890	110506564	110526441	1
ENSELUG00000006099	110495688	110527359	1
ENSELUG00000011355	110509746	110523530	0
ENSELUG00000005383	110501856	110520223	0
ENSELUG00000022802	110525560	110535931	0
ENSELUG00000019518	110522580	110529310	0
ENSELUG00000000570	110488455	118940514	0
ENSELUG00000004051	110487932	110496549	0
ENSELUG00000001966	110520993	110524665	0
ENSELUG00000004090	110522285	110529664	0
ENSELUG00000005710	110488517	110496108	0
ENSELUG00000015789	110498176	110505259	0
ENSELUG00000019583	110486654	110538611	1
ENSELUG00000000341	110521578	110524448	0
ENSELUG00000011277	110491919	110532740	0
ENSELUG00000020664	110494915	110494916	1
ENSELUG00000019686	110503365	110507136	0
ENSELUG00000022008	110502659	110531174	0
ENSELUG00000018507	110508962	110530084	0
ENSELUG00000014225	110508679	110529131	0
ENSELUG00000003567	110497688	110505776	0
ENSELUG00000004317	110490588	110524121	0
ENSELUG00000013390	100136759	110501040	1
ENSELUG00000015840	110495918	110527532	1
ENSELUG00000013485	110499378	110524285	0
ENSELUG00000006819	110489110	110504615	0
ENSELUG00000017566	110492538	110521302	0
ENSELUG00000016255	110510910	110519363	1
ENSELUG00000020113	110486297	110538232	1
ENSELUG00000000155	110489968	110535608	0
ENSELUG00000000761	110506419	110526305	1
ENSELUG00000019253	118938391	118945979	1
ENSELUG00000004615	110507508	110510956	1
ENSELUG00000006343	110501751	110521354	0
ENSELUG00000012941	110502437	110528391	0
ENSELUG00000006181	110494525	110527937	0
ENSELUG00000004764	110485768	110493519	1
ENSELUG00000015983	110508375	110530836	0
ENSELUG00000006364	110502127	110520249	0
ENSELUG00000024527	110523789	110537131	0
ENSELUG00000024016	110488109	110496465	0
ENSELUG00000004372	110492086	110531230	0
ENSELUG00000015998	110486043	110493757	1
ENSELUG00000023222	110522237	110529619	0
ENSELUG00000017208	110488649	110504853	0
ENSELUG00000011501	110488193	110496386	0
ENSELUG00000006119	110492805	110509457	0
ENSELUG00000016381	110486209	110538135	1
ENSELUG00000023050	110500307	110524197	0
ENSELUG00000008929	110491961	110532696	0
ENSELUG00000017986	110497554	110504246	0
ENSELUG00000012582	110491899	110531258	0
ENSELUG00000020432	110494929	118936367	1
ENSELUG00000022412	110525573	110535942	0
ENSELUG00000016432	110522096	110529478	0
ENSELUG00000017333	110522112	110529501	0
ENSELUG00000003620	110501903	110520163	0
ENSELUG00000020217	110533307	110537832	0
ENSELUG00000003843	110494046	110528375	0
ENSELUG00000002448	110526713	110526714	1
ENSELUG00000012753	110509775	110523567	0
ENSELUG00000020638	110504277	110512290	0
ENSELUG00000008724	110489573	110535446	0
ENSELUG00000005998	110489976	110535601	0
ENSELUG00000019528	110494760	110527711	0
ENSELUG00000019697	110521102	110529298	0
ENSELUG00000022383	110533327	110537788	0
ENSELUG00000012169	110500333	110531417	0
ENSELUG00000016598	110511121	110517039	1
ENSELUG00000004800	110523914	110537009	0
ENSELUG00000018311	110486251	110538182	0
ENSELUG00000022622	110508574	110530488	0
ENSELUG00000017290	110492450	118966118	1
ENSELUG00000004389	110508484	110530598	0
ENSELUG00000023639	110511978	110539072	1
ENSELUG00000017672	110508649	110530405	0
ENSELUG00000024623	110491341	110498737	0
ENSELUG00000006692	110509669	110523451	0
