ENSELUG00000008701	110491501	110499128	0
ENSELUG00000005551	110485794	110493548	1
ENSELUG00000002230	110490481	110499986	1
ENSELUG00000003774	110525933	110536310	0
ENSELUG00000016102	110499244	110502957	0
ENSELUG00000019878	110486662	110538622	1
ENSELUG00000018010	110525634	110536001	0
ENSELUG00000006143	110491441	110499039	0
ENSELUG00000006552	110533731	110537387	0
ENSELUG00000007350	110488088	110496697	1
ENSELUG00000007876	110521557	110524426	0
ENSELUG00000009480	110503671	110507071	0
ENSELUG00000024001	110485678	110487281	1
ENSELUG00000013169	110521531	110524393	0
ENSELUG00000003136	110497052	110497053	1
ENSELUG00000019142	110506999	118964981	1
ENSELUG00000003146	110525353	110535758	0
ENSELUG00000006156	110492890	110521350	0
ENSELUG00000010816	110508744	110530308	0
ENSELUG00000019721	110486282	110538218	1
ENSELUG00000020231	110502279	110526449	0
ENSELUG00000002074	110490903	110535454	0
ENSELUG00000008592	110494034	110528431	0
ENSELUG00000001900	110495544	110527232	1
ENSELUG00000019960	110499381	110502702	0
ENSELUG00000017224	110525662	110536031	0
ENSELUG00000006340	110503826	110507113	0
ENSELUG00000005547	110490368	110500114	1
ENSELUG00000006353	110502140	110505314	0
ENSELUG00000010333	110495805	110524165	0
ENSELUG00000017257	110486074	110493771	0
ENSELUG00000007598	110496049	110514094	0
ENSELUG00000005702	110492825	110521342	0
ENSELUG00000024140	110514102	110516570	1
ENSELUG00000003881	110506139	110517805	1
ENSELUG00000006142	100136621	110527938	0
ENSELUG00000008015	110523967	110536954	0
ENSELUG00000008554	110489944	110535621	0
ENSELUG00000022566	110488874	110505071	0
ENSELUG00000009220	110503239	110507232	0
ENSELUG00000013954	110532996	118943826	1
ENSELUG00000019554	110503981	110507800	0
ENSELUG00000011149	110509742	110522888	0
ENSELUG00000013991	110488554	110504769	0
ENSELUG00000020539	110508906	110530130	0
ENSELUG00000014303	110502413	110528057	0
ENSELUG00000000546	110508670	110530384	0
ENSELUG00000005771	110487637	110496106	0
ENSELUG00000021906	110502566	110524216	0
ENSELUG00000011402	110503619	110507502	0
ENSELUG00000011448	110486028	110493742	0
ENSELUG00000020585	110529570	118936415	0
ENSELUG00000017448	110488098	110496704	0
ENSELUG00000005073	110487955	110496574	0
ENSELUG00000023024	110522235	110529617	0
ENSELUG00000023926	110509000	110530057	0
ENSELUG00000009540	118936793	118936842	1
ENSELUG00000017298	110493408	110493411	1
ENSELUG00000006586	110508800	110530224	0
ENSELUG00000015166	110486033	110493748	0
ENSELUG00000021033	110495943	110527558	1
ENSELUG00000021437	110533394	110537814	0
ENSELUG00000021515	100301824	110508881	0
ENSELUG00000010948	110493874	110527643	0
ENSELUG00000020596	100305314	110527733	0
ENSELUG00000006897	110486399	110538388	1
ENSELUG00000024056	110488108	110496466	0
ENSELUG00000002142	110497028	118941087	1
ENSELUG00000023017	110485623	110487267	1
ENSELUG00000002993	110485979	110524081	0
ENSELUG00000011535	110492318	110532086	0
ENSELUG00000024156	110509554	110523337	0
ENSELUG00000005457	110509380	110534149	0
ENSELUG00000009737	110487546	110538310	1
ENSELUG00000018617	110508958	110530088	0
ENSELUG00000012714	110502442	110528425	0
ENSELUG00000019935	110499382	110502703	0
ENSELUG00000006336	110502503	110529484	0
ENSELUG00000011032	110503632	110507513	0
ENSELUG00000002596	110525963	110536346	0
ENSELUG00000009790	110521587	110524458	0
ENSELUG00000016123	110491121	110532014	0
ENSELUG00000012518	110487724	110515183	0
ENSELUG00000014667	110508696	110536756	1
ENSELUG00000015946	110522000	110529362	0
ENSELUG00000013434	110533562	110537564	0
ENSELUG00000022440	110488881	110505078	0
ENSELUG00000022189	110489295	110496179	0
ENSELUG00000013158	110503576	110507452	0
ENSELUG00000015299	110494332	110528103	0
ENSELUG00000022228	110488051	110496670	0
ENSELUG00000020252	110501482	110520083	0
ENSELUG00000009218	110532707	118939474	0
ENSELUG00000020452	110510160	110537869	0
ENSELUG00000002926	110498032	110505415	0
ENSELUG00000000928	110523746	110537192	0
ENSELUG00000004243	110497702	110505765	0
ENSELUG00000017756	110501375	110520594	0
ENSELUG00000013852	110486145	110538069	0
ENSELUG00000013087	110491298	110499559	0
ENSELUG00000022475	110495454	110495471	1
ENSELUG00000024352	110494124	110528303	0
ENSELUG00000005031	101268964	110530007	0
ENSELUG00000003000	110490443	110500036	1
ENSELUG00000001959	110490519	110499940	1
ENSELUG00000019609	100499174	100499175	0
ENSELUG00000022641	110488054	110496879	0
ENSELUG00000014991	110502402	110527905	0
ENSELUG00000005665	110492059	110532614	0
ENSELUG00000019776	110490321	110500170	0
ENSELUG00000009180	110487764	110504688	0
ENSELUG00000023714	110508839	110530192	0
ENSELUG00000023624	110501329	110521162	1
ENSELUG00000002381	110494099	110528323	0
ENSELUG00000021516	110534852	110537813	0
ENSELUG00000008910	110486492	110513517	0
ENSELUG00000024366	110508540	110530518	0
ENSELUG00000013213	110533908	110537223	0
ENSELUG00000020607	110487257	110494898	1
ENSELUG00000003276	110523863	110537070	0
ENSELUG00000000646	110490063	110507289	0
ENSELUG00000016644	110494299	110528140	0
ENSELUG00000014189	110497371	110534525	1
ENSELUG00000003755	110494050	110528370	0
ENSELUG00000017031	110490265	110500210	0
ENSELUG00000021961	110489951	110535617	0
ENSELUG00000001060	110525558	110535928	0
ENSELUG00000005527	110491060	110532609	0
ENSELUG00000018850	110525611	110535977	0
ENSELUG00000008568	100305334	110499124	0
ENSELUG00000002536	110525965	110536343	0
ENSELUG00000012926	110489641	110535375	0
ENSELUG00000013825	110486144	110538067	0
ENSELUG00000011471	110499545	110502805	0
ENSELUG00000011949	110490738	110500264	0
ENSELUG00000009227	110508771	110530264	0
ENSELUG00000023606	110489299	110496141	0
ENSELUG00000014821	110515898	110534811	1
ENSELUG00000018604	110486262	110538191	1
ENSELUG00000015622	110508236	110530011	0
ENSELUG00000007176	110494987	110528394	0
ENSELUG00000008161	110501792	110520290	0
ENSELUG00000021646	110503923	110507763	0
ENSELUG00000016305	110488619	110504826	0
ENSELUG00000005464	110486791	118936310	1
ENSELUG00000011420	110523532	118945262	0
ENSELUG00000014132	110524026	110533997	0
ENSELUG00000003422	110508520	110530543	0
ENSELUG00000003933	110492094	110532568	0
ENSELUG00000013416	110501952	110510426	0
ENSELUG00000015372	110498429	110498458	1
ENSELUG00000020118	110523707	110537215	0
ENSELUG00000017068	100136654	110494284	0
ENSELUG00000013479	110521523	110524390	0
ENSELUG00000021327	110523742	110537183	0
ENSELUG00000013355	110503569	110507060	0
ENSELUG00000018277	110510023	110534028	0
ENSELUG00000014972	110498437	110498439	1
ENSELUG00000007635	110502121	110505387	0
ENSELUG00000005482	110485789	110493541	0
ENSELUG00000016764	110502354	110527319	0
ENSELUG00000006675	110498323	110498423	1
ENSELUG00000009835	110499442	110502775	0
ENSELUG00000014139	110494361	110528074	0
ENSELUG00000010299	110521595	110524466	0
ENSELUG00000005558	110486798	118938327	1
ENSELUG00000016975	110499227	110503025	0
ENSELUG00000014559	110500826	110532908	0
ENSELUG00000020297	110525585	110535948	0
ENSELUG00000015517	110509964	110533975	0
ENSELUG00000016195	110488990	110505194	0
ENSELUG00000022209	110490105	110519325	0
ENSELUG00000004130	110500471	118966005	0
ENSELUG00000006580	110527379	110528763	1
ENSELUG00000001844	110525528	110535898	0
ENSELUG00000006701	110486396	110538394	1
ENSELUG00000022768	110492754	110532506	0
ENSELUG00000004292	110510173	110534172	0
ENSELUG00000011559	110522488	110529844	0
ENSELUG00000003247	110498019	110505430	0
ENSELUG00000004565	110497970	110505487	0
ENSELUG00000001511	110519453	118936772	1
ENSELUG00000001253	110497470	110534382	0
ENSELUG00000009684	110508765	110530277	0
ENSELUG00000022183	110525575	110535944	0
ENSELUG00000017055	110502365	110527449	0
ENSELUG00000013618	110488550	110504765	0
ENSELUG00000018004	110492418	110531988	0
ENSELUG00000003860	110502596	110530293	0
ENSELUG00000024068	110488107	110496467	0
ENSELUG00000008058	110500951	110532986	0
ENSELUG00000013463	110513904	110531805	1
ENSELUG00000010773	110493900	110511826	0
ENSELUG00000015409	110525116	110535833	0
ENSELUG00000019029	110500590	110531717	0
ENSELUG00000016871	110502357	110527348	0
ENSELUG00000001046	110498015	110523110	0
ENSELUG00000017980	110509874	110523660	0
ENSELUG00000000832	110525265	110535688	0
ENSELUG00000016665	110488293	110496287	0
ENSELUG00000007224	110501808	110520269	0
ENSELUG00000003117	110495621	110495622	1
ENSELUG00000007435	110533749	110537369	0
ENSELUG00000011851	110491548	110498835	0
ENSELUG00000020568	110523720	110537206	0
ENSELUG00000022831	110494152	110528269	0
ENSELUG00000017820	110497289	110534754	1
ENSELUG00000020533	110502053	110504179	0
ENSELUG00000015810	110503527	110507359	0
ENSELUG00000017397	110495325	110520584	0
ENSELUG00000003150	110525995	110536365	0
ENSELUG00000011249	110491922	110532739	0
ENSELUG00000008315	110495728	110528915	0
ENSELUG00000005125	110533680	110537441	0
ENSELUG00000020729	110495827	110527446	1
ENSELUG00000013964	100305278	100499589	0
ENSELUG00000024587	110509013	110530928	0
ENSELUG00000008606	110488490	110495994	0
ENSELUG00000023608	110494628	110527838	0
ENSELUG00000002831	110511285	118947555	1
ENSELUG00000023576	110522246	110529628	0
ENSELUG00000006223	110486382	110538410	1
ENSELUG00000015037	110498389	110505270	0
ENSELUG00000014862	110486030	110493743	0
ENSELUG00000013978	110492354	110531167	0
ENSELUG00000013478	110522033	110529419	0
ENSELUG00000002182	110498379	110504192	0
ENSELUG00000017272	110500608	110531745	0
ENSELUG00000024278	110523783	110537140	0
ENSELUG00000022520	110501271	110524203	0
ENSELUG00000001873	110495532	110495534	1
ENSELUG00000011050	110501261	110519965	0
ENSELUG00000008217	110486910	118937770	1
ENSELUG00000002486	110527274	110527275	1
ENSELUG00000022572	110510116	110534119	0
ENSELUG00000022367	110521019	110537966	1
ENSELUG00000023073	110485210	110538682	1
ENSELUG00000013234	110493913	110528530	0
ENSELUG00000018551	110499182	110502905	0
ENSELUG00000012687	110494390	110528046	0
ENSELUG00000001459	110491185	110532854	0
ENSELUG00000007564	110491647	110498794	0
ENSELUG00000018982	110486265	110538198	1
ENSELUG00000018486	110504006	110507834	0
ENSELUG00000016737	110485250	118937771	1
ENSELUG00000001841	110525523	110535899	0
ENSELUG00000008252	110486430	110538357	0
ENSELUG00000019734	110505254	110506256	0
ENSELUG00000005798	110501839	110520237	0
ENSELUG00000023899	110492128	110532534	0
ENSELUG00000009653	110518928	118947753	1
ENSELUG00000019633	110499092	110502873	0
ENSELUG00000007880	110486888	110486890	1
ENSELUG00000019264	110498232	110504264	0
ENSELUG00000021021	110523741	110537191	0
ENSELUG00000015450	110500645	110531793	0
ENSELUG00000013623	110492343	110532056	0
ENSELUG00000002625	110523840	110537086	0
ENSELUG00000013112	110517414	118937853	1
ENSELUG00000015783	110504080	110507911	0
ENSELUG00000003114	110486340	110524084	0
ENSELUG00000013137	110488540	110504752	0
ENSELUG00000007174	110497759	110505702	0
ENSELUG00000023159	110512031	110538828	0
ENSELUG00000005278	110509628	110523413	0
ENSELUG00000021698	110502247	110526041	0
ENSELUG00000000359	110508761	110530281	0
ENSELUG00000021071	110503940	110507776	0
ENSELUG00000007038	110492016	110532651	0
ENSELUG00000006212	110490071	110507343	0
ENSELUG00000023145	110489271	110496149	0
ENSELUG00000004260	110526009	110536376	0
ENSELUG00000004172	110508492	110530591	0
ENSELUG00000023767	110492134	110532529	0
ENSELUG00000018944	110508218	110530092	0
ENSELUG00000010763	110525782	110536159	0
ENSELUG00000020340	110506390	110526240	0
ENSELUG00000006301	110491448	110499046	0
ENSELUG00000021237	110495807	110528804	1
ENSELUG00000006901	110494654	110527809	0
ENSELUG00000022336	110508585	110530479	0
ENSELUG00000013376	110500704	110531843	0
ENSELUG00000014485	110523084	110536875	0
ENSELUG00000018728	110522155	110529532	0
ENSELUG00000011444	110490846	110500931	0
ENSELUG00000023491	110499459	110524190	0
ENSELUG00000003625	110491395	110498992	0
ENSELUG00000012494	110508715	110530332	0
ENSELUG00000014748	110489657	110535335	0
ENSELUG00000006459	100170207	110490348	0
ENSELUG00000002645	110525973	110536349	0
ENSELUG00000014370	110493894	110528548	0
ENSELUG00000021282	110495808	110527429	1
ENSELUG00000006093	110502511	110532683	0
ENSELUG00000008869	110489086	110504656	0
ENSELUG00000000716	110499201	110503140	0
ENSELUG00000003383	110508523	110530540	0
ENSELUG00000004348	110523898	110537025	0
ENSELUG00000015427	110485445	118940268	1
ENSELUG00000021550	110488039	110496656	0
ENSELUG00000004421	110509022	110530040	0
ENSELUG00000021598	110494715	110527745	0
ENSELUG00000017146	110497312	110497313	1
ENSELUG00000009801	110508763	110530278	0
ENSELUG00000003888	110494585	110527884	0
ENSELUG00000004740	110492074	110532588	0
ENSELUG00000002989	110509575	110522814	0
ENSELUG00000002256	110491344	110498740	0
ENSELUG00000015259	110523121	110536893	0
ENSELUG00000009963	110491010	110534222	0
ENSELUG00000024096	110500445	118936577	1
ENSELUG00000019846	110494753	110527718	0
ENSELUG00000012251	110522460	110529860	0
ENSELUG00000019313	110494246	110528182	0
ENSELUG00000019931	110501493	110520075	0
ENSELUG00000022078	110486710	110538656	1
ENSELUG00000009014	110535707	110535723	1
ENSELUG00000007737	110500368	110525078	0
ENSELUG00000015468	110508886	110534353	1
ENSELUG00000007212	110508855	110530174	0
ENSELUG00000016966	110509094	110529969	0
ENSELUG00000001598	110491526	110499148	0
ENSELUG00000005055	110489999	110535587	0
ENSELUG00000001611	110486400	110538389	1
ENSELUG00000001353	110488829	110505037	0
ENSELUG00000006267	110506735	110526599	1
ENSELUG00000018329	110504009	110507838	0
ENSELUG00000018945	110509887	110523679	0
ENSELUG00000014014	110504136	110507960	0
ENSELUG00000015175	110500660	110531788	0
ENSELUG00000023532	110501915	110520143	0
ENSELUG00000013541	110507529	110524018	0
ENSELUG00000001199	110506077	110506164	1
ENSELUG00000008756	110487762	110504389	0
ENSELUG00000018176	110499192	110502913	0
ENSELUG00000009008	110501590	110519987	0
ENSELUG00000021617	110488042	110496658	0
ENSELUG00000019446	110503988	110507820	0
ENSELUG00000011435	110491557	110498837	0
ENSELUG00000022095	110489205	110504517	0
ENSELUG00000016909	110486063	110493763	0
ENSELUG00000015028	110486180	110538102	0
ENSELUG00000008046	110533768	110537354	0
ENSELUG00000020619	110502598	110521200	0
ENSELUG00000011528	110490184	110500271	0
ENSELUG00000010457	110525785	110536160	0
ENSELUG00000015947	110497541	110505223	0
ENSELUG00000017601	110499211	110502927	0
ENSELUG00000020159	101268920	110525240	0
ENSELUG00000006487	110509664	110523446	0
ENSELUG00000023735	110494141	110528293	0
ENSELUG00000021951	110488904	110505100	0
ENSELUG00000021623	110502249	110525977	0
ENSELUG00000018646	110508633	110530428	0
ENSELUG00000004125	110492362	110521282	0
ENSELUG00000021858	110502819	110524218	0
ENSELUG00000020068	110495843	110527460	0
ENSELUG00000001002	110522250	110529631	0
ENSELUG00000000256	110486402	110538385	1
ENSELUG00000007115	110525846	110536229	0
ENSELUG00000019610	110501499	110505248	0
ENSELUG00000007669	110501801	110505369	0
ENSELUG00000018744	110493870	110527649	0
ENSELUG00000022057	110488046	110496666	0
ENSELUG00000015848	110498179	110505255	0
ENSELUG00000006469	110533729	110537404	0
ENSELUG00000018448	110499188	110503134	0
ENSELUG00000002377	110525947	110536329	0
ENSELUG00000023985	110510142	110534140	0
ENSELUG00000020178	110506388	110526241	1
ENSELUG00000019750	110499387	110502707	0
ENSELUG00000003799	110495652	110527321	1
ENSELUG00000011199	110515851	110535404	0
ENSELUG00000000095	110525993	110536649	0
ENSELUG00000012269	110491904	110532751	0
ENSELUG00000007054	110518980	118946051	1
ENSELUG00000012012	110487479	110514930	0
ENSELUG00000021107	110508895	110530141	0
ENSELUG00000007756	110489056	110504657	0
ENSELUG00000000318	110491970	110532704	0
ENSELUG00000018605	110485504	110518251	1
ENSELUG00000015687	110490256	110500217	0
ENSELUG00000004437	110497062	110527334	1
ENSELUG00000020648	110510206	110537939	0
ENSELUG00000008979	110501589	110519985	0
ENSELUG00000008527	100136345	110499123	0
ENSELUG00000023228	110508985	110530065	0
ENSELUG00000011029	110500894	110531885	0
ENSELUG00000003815	110491402	110499000	0
ENSELUG00000023894	110515910	110515911	1
ENSELUG00000006644	110511055	110523450	0
ENSELUG00000004751	110506764	110526641	1
ENSELUG00000005241	110486786	110538750	1
ENSELUG00000019248	110494771	110527701	0
ENSELUG00000017355	110495301	110520559	0
ENSELUG00000023711	110523776	110537147	0
ENSELUG00000006386	110492039	110532627	0
ENSELUG00000011547	110509751	110523541	0
ENSELUG00000019996	110507137	110524251	0
ENSELUG00000007295	110496041	110519740	0
ENSELUG00000017701	110522126	110529511	0
ENSELUG00000021697	110503510	110524223	0
ENSELUG00000015712	110498175	110505260	0
ENSELUG00000024318	110509004	110530046	0
ENSELUG00000010975	110501262	110519967	0
ENSELUG00000024504	110491685	110525336	0
ENSELUG00000018987	110502024	110520493	0
ENSELUG00000006750	100305304	110527812	0
ENSELUG00000022385	110488884	110505080	0
ENSELUG00000011994	110487461	110514890	0
ENSELUG00000017644	110525648	110536019	0
ENSELUG00000013445	110491043	110532792	0
ENSELUG00000001976	110498312	110504268	0
ENSELUG00000010797	110499451	110502793	0
ENSELUG00000019918	110495853	110527471	0
ENSELUG00000023972	110525535	110535912	0
ENSELUG00000023363	110508562	110530500	0
ENSELUG00000019249	100135971	110509890	0
ENSELUG00000002243	110498378	110504318	0
ENSELUG00000003406	110498013	110505434	0
ENSELUG00000004554	100136237	110504919	0
ENSELUG00000015136	110522077	110529462	0
ENSELUG00000012214	110509765	110523555	0
ENSELUG00000006335	110497744	110505719	0
ENSELUG00000002363	110496963	110512784	1
ENSELUG00000019057	110502018	110520495	0
ENSELUG00000024593	110500505	110532942	0
ENSELUG00000003596	110495447	110527309	1
ENSELUG00000006955	110490082	110507330	1
ENSELUG00000012585	110487742	110515194	0
ENSELUG00000015802	110509054	110530006	0
ENSELUG00000015910	110487524	110495167	0
ENSELUG00000023794	110498361	110524183	0
ENSELUG00000014357	100305297	110494353	0
ENSELUG00000012944	110501579	110520004	0
ENSELUG00000004886	110502563	110530055	0
ENSELUG00000020100	110495961	110528819	0
ENSELUG00000020773	110501326	110504720	0
ENSELUG00000002334	110496488	118946483	0
ENSELUG00000011523	110491807	110525612	0
ENSELUG00000007628	110501802	110520278	0
ENSELUG00000013180	110503574	110507449	0
ENSELUG00000021155	110501340	110520573	0
ENSELUG00000014073	100301808	110535347	0
ENSELUG00000019922	110492162	110532446	0
ENSELUG00000024161	110519329	118936670	1
ENSELUG00000001151	110508652	110530404	0
ENSELUG00000011292	110533603	110537522	0
ENSELUG00000022171	110525576	110535945	0
ENSELUG00000017853	110504032	110507852	0
ENSELUG00000005175	110502548	110529957	0
ENSELUG00000011459	110509749	110523534	0
ENSELUG00000011297	110503626	110507505	1
ENSELUG00000005126	110497961	110505492	0
ENSELUG00000002729	110498372	110505402	0
ENSELUG00000020845	110506214	110506981	1
ENSELUG00000020668	110502270	110526355	0
ENSELUG00000005290	110522648	110529266	0
ENSELUG00000004897	110526636	110526970	1
ENSELUG00000009956	110491943	110532716	0
ENSELUG00000013309	110512991	110538864	1
ENSELUG00000000229	110509146	110530857	0
ENSELUG00000003348	110498016	110504320	0
ENSELUG00000005809	110489038	110504649	0
ENSELUG00000021759	110485347	118938430	1
ENSELUG00000017383	100136173	100136655	0
ENSELUG00000017588	110492413	110531995	0
ENSELUG00000015296	110493885	110528567	0
ENSELUG00000011897	110522472	110529850	0
ENSELUG00000018752	110492195	110532416	0
ENSELUG00000007292	110486408	110538378	1
ENSELUG00000001107	110521995	110529180	0
ENSELUG00000015364	110512482	110512509	1
ENSELUG00000015985	110506480	110526368	1
ENSELUG00000009833	110492847	110499154	0
ENSELUG00000003357	110500496	110531637	0
ENSELUG00000011987	110508331	110530762	0
ENSELUG00000013352	110533898	110537220	0
ENSELUG00000020250	110508915	110530121	0
ENSELUG00000013097	110533569	110537556	0
ENSELUG00000016002	110503519	110507355	0
ENSELUG00000016638	110521468	110524332	0
ENSELUG00000003750	110492837	110498996	0
ENSELUG00000017757	110525293	110535708	0
ENSELUG00000019655	110503696	110507573	0
ENSELUG00000003600	110488748	110504944	0
ENSELUG00000014567	110522069	110529452	0
ENSELUG00000003092	110495628	110495629	1
ENSELUG00000018235	100135968	100653488	0
ENSELUG00000014738	100136715	110515914	1
ENSELUG00000001211	110488004	110496617	0
ENSELUG00000018697	110487851	110496744	0
ENSELUG00000012218	100136151	110519953	0
ENSELUG00000008808	110491630	110498801	0
ENSELUG00000004153	110490024	110535555	0
ENSELUG00000009107	110486548	110538511	1
ENSELUG00000006950	110506616	110506629	1
ENSELUG00000013174	110500709	110531850	0
ENSELUG00000021673	110494713	110527748	0
ENSELUG00000021343	110490050	110507311	0
ENSELUG00000020765	110533317	110537820	0
ENSELUG00000016053	110504072	110507904	0
ENSELUG00000021328	110489191	110504482	0
ENSELUG00000020654	110497602	110505845	0
ENSELUG00000017727	110509867	110523652	0
ENSELUG00000017228	110487845	110496901	0
ENSELUG00000006154	110533716	110537396	0
ENSELUG00000016122	110494312	110528122	0
ENSELUG00000009843	110499974	110524604	0
ENSELUG00000011957	110486021	110493734	1
ENSELUG00000007639	110488080	110496692	0
ENSELUG00000007397	110497075	110517300	1
ENSELUG00000020050	110497429	110534447	0
ENSELUG00000003639	110509599	110523384	0
ENSELUG00000018226	110508644	110530418	0
ENSELUG00000002599	110526696	110526698	1
ENSELUG00000003019	110491367	110498974	0
ENSELUG00000010171	110500371	110531462	0
ENSELUG00000017367	110503705	110507580	0
ENSELUG00000005242	110510153	110534154	0
ENSELUG00000015325	110494331	110528104	0
ENSELUG00000017736	110499234	110524199	0
ENSELUG00000000436	110522469	110529852	0
ENSELUG00000011615	110503618	110507500	0
ENSELUG00000020701	110501474	110520088	0
ENSELUG00000010704	110486511	110538472	1
ENSELUG00000016559	110499236	110502951	0
ENSELUG00000009225	110493603	110521416	0
ENSELUG00000008865	110521110	110529285	0
ENSELUG00000008197	110496008	110517409	0
ENSELUG00000007283	110485998	110512912	1
ENSELUG00000023870	110497762	110524182	0
ENSELUG00000009802	110502396	110524623	0
ENSELUG00000016046	110488983	110505193	0
ENSELUG00000022614	110492760	110531222	0
ENSELUG00000014320	110523899	110524027	0
ENSELUG00000007600	110489917	110535639	0
ENSELUG00000009160	110491513	110499140	0
ENSELUG00000022191	110485558	110514184	1
ENSELUG00000009275	100301818	110517212	1
ENSELUG00000002964	110492836	110498973	0
ENSELUG00000015923	110504078	110507909	0
ENSELUG00000014250	110494356	110528081	0
ENSELUG00000020006	110508824	110530207	0
ENSELUG00000003629	110498002	110505448	0
ENSELUG00000013657	110489676	110535359	0
ENSELUG00000010505	110491932	110532728	0
ENSELUG00000001378	110502057	110520070	0
ENSELUG00000007195	110487628	110496038	0
ENSELUG00000011639	110499705	110499707	1
ENSELUG00000020617	110488021	110496640	0
ENSELUG00000007348	110506711	110526576	0
ENSELUG00000021274	110501064	110522700	0
ENSELUG00000021773	100305335	110530467	0
ENSELUG00000020712	110488980	110505189	0
ENSELUG00000005607	110494545	110527922	0
ENSELUG00000006972	110522845	118945261	0
ENSELUG00000002347	110490471	110499995	1
ENSELUG00000015267	110522759	110524361	0
ENSELUG00000017761	110486589	110538549	1
ENSELUG00000003554	110501429	110521139	1
ENSELUG00000023036	110500538	110531671	0
ENSELUG00000008106	110489068	110504674	0
ENSELUG00000010995	110496069	110496087	0
ENSELUG00000017409	110499205	110503021	0
ENSELUG00000016554	110491233	110499513	1
ENSELUG00000006763	110494511	110528962	0
ENSELUG00000014314	110522067	110529453	0
ENSELUG00000001828	110527208	110528727	1
ENSELUG00000007446	110521609	110524492	0
ENSELUG00000016956	110492741	110521324	0
ENSELUG00000019472	110510043	110534051	0
ENSELUG00000011114	110487180	110514588	0
ENSELUG00000004839	110502581	110521207	0
ENSELUG00000005979	110495687	110527356	1
ENSELUG00000014024	110508683	110530367	0
ENSELUG00000015053	110508673	110530382	0
ENSELUG00000023165	110522236	110529618	0
ENSELUG00000013395	110509342	110523581	0
ENSELUG00000018461	110489363	118941209	0
ENSELUG00000006140	110521639	110524521	0
ENSELUG00000022762	110503751	110507082	0
ENSELUG00000014684	110494345	110528093	0
ENSELUG00000010813	110508323	110535935	1
ENSELUG00000000795	110487859	110496740	0
ENSELUG00000017096	110527035	110527036	1
ENSELUG00000013649	110510799	110519517	1
ENSELUG00000006105	110523932	110536789	0
ENSELUG00000012764	110503590	110507466	0
ENSELUG00000013817	110503498	110507432	0
ENSELUG00000008512	110490901	110508030	0
ENSELUG00000007864	110489835	110535189	0
ENSELUG00000006870	110492279	110532140	0
ENSELUG00000000586	110493236	110528113	0
ENSELUG00000001162	110494319	110528116	0
ENSELUG00000000209	110491454	110499052	0
ENSELUG00000001276	100136686	110505477	0
ENSELUG00000002144	100136215	110523804	0
ENSELUG00000012785	110494286	110517088	0
ENSELUG00000002680	110491386	110498965	0
ENSELUG00000017090	110490065	110507292	0
ENSELUG00000012037	110494707	110524162	0
ENSELUG00000003829	110494047	110528374	0
ENSELUG00000024179	110523782	110537141	0
ENSELUG00000014455	110523115	110536876	1
ENSELUG00000017052	110486219	110538147	1
ENSELUG00000021628	110501457	110520102	0
ENSELUG00000013219	110488541	110504756	0
ENSELUG00000008836	110489576	110536578	0
ENSELUG00000007731	110533760	110537362	0
ENSELUG00000003203	110487913	110496522	0
ENSELUG00000008897	110490905	110535442	0
ENSELUG00000019017	110488712	110504909	0
ENSELUG00000010720	110520984	110529835	0
ENSELUG00000010433	110495762	110528872	1
ENSELUG00000021051	110513834	118964962	1
ENSELUG00000003729	110497995	110505452	0
ENSELUG00000006035	110533711	110537411	0
ENSELUG00000018335	110489737	110535270	0
ENSELUG00000013414	110510748	118936570	1
ENSELUG00000014093	110506522	110526403	1
ENSELUG00000023518	110501349	110520578	0
ENSELUG00000001222	110533576	110537550	0
ENSELUG00000007952	110489927	110535631	0
ENSELUG00000014487	110500677	110531823	0
ENSELUG00000008339	110489936	110535626	0
ENSELUG00000015895	110522090	110529474	0
ENSELUG00000013413	110497384	110534499	1
ENSELUG00000012563	110502065	110504116	0
ENSELUG00000024334	110499835	118936578	1
ENSELUG00000007432	110491056	110532666	0
ENSELUG00000009639	110503666	110507546	0
ENSELUG00000001905	110490563	110501018	1
ENSELUG00000010197	110496290	110524169	0
ENSELUG00000023441	110539034	118946105	1
ENSELUG00000000845	110486649	110538606	1
ENSELUG00000005353	110487625	110496806	0
ENSELUG00000007279	110493282	110521383	0
ENSELUG00000013303	110524130	110531543	0
ENSELUG00000005873	110500424	110531584	0
ENSELUG00000012526	110499482	110524359	0
ENSELUG00000002502	110490887	110535494	0
ENSELUG00000003100	110485714	110493464	1
ENSELUG00000004595	110490284	110519872	0
ENSELUG00000017350	110499213	110502928	0
ENSELUG00000002012	110521760	110524662	0
ENSELUG00000009759	110486478	110538309	1
ENSELUG00000006479	110485772	110512558	0
ENSELUG00000022864	110497471	110534381	0
ENSELUG00000000966	110509509	110523307	0
ENSELUG00000021260	110526787	110526789	1
ENSELUG00000000174	100135793	110526614	1
ENSELUG00000005685	100329195	110494652	0
ENSELUG00000002763	110488778	110504979	0
ENSELUG00000008839	110510419	110510459	0
ENSELUG00000017362	110525656	110536026	0
ENSELUG00000000831	110495946	110521304	0
ENSELUG00000018705	110499405	110502728	0
ENSELUG00000010165	110538839	110539185	1
ENSELUG00000019754	110488016	110496630	0
ENSELUG00000001168	110533103	110537338	0
ENSELUG00000014442	110488574	110504784	0
ENSELUG00000004599	110485767	110493515	1
ENSELUG00000018583	110499408	110502732	0
ENSELUG00000018880	110495848	110521169	0
ENSELUG00000018968	110527022	110527023	1
ENSELUG00000001202	110512888	110535244	1
ENSELUG00000000961	110499437	110502770	0
ENSELUG00000007183	110488093	110496700	0
ENSELUG00000016865	110492407	110531998	0
ENSELUG00000009686	110491527	110499151	0
ENSELUG00000016210	110501405	110520621	0
ENSELUG00000008722	110521011	110537934	0
ENSELUG00000016295	110508238	110529997	0
ENSELUG00000005760	110492057	110532617	0
ENSELUG00000005740	110526036	110535118	0
ENSELUG00000012935	110503587	110507061	0
ENSELUG00000005071	110494551	110527915	0
ENSELUG00000007577	110509688	110523468	0
ENSELUG00000003741	110489111	110524106	0
ENSELUG00000001868	110495536	110513922	1
ENSELUG00000010921	110503638	110507519	0
ENSELUG00000000853	110499087	110502880	0
ENSELUG00000013101	110500710	110531851	0
ENSELUG00000006695	110491459	110499054	0
ENSELUG00000007349	110493335	110521385	0
ENSELUG00000022106	110508866	110530166	0
ENSELUG00000014997	100135851	110522005	0
ENSELUG00000009552	110486705	110513832	1
ENSELUG00000020985	110510067	110534080	1
ENSELUG00000018682	110525621	110535985	0
ENSELUG00000000176	110497729	110505735	0
ENSELUG00000005761	110508807	110530216	0
ENSELUG00000020621	110497601	110505846	0
ENSELUG00000021493	110508883	110530148	0
ENSELUG00000023096	101268905	110501922	0
ENSELUG00000003949	110490009	110524110	0
ENSELUG00000014634	110531385	118936686	1
ENSELUG00000018290	110494258	110528167	0
ENSELUG00000004438	110509316	110523399	0
ENSELUG00000018918	110498041	110523274	0
ENSELUG00000012003	110503399	110507210	1
ENSELUG00000024267	110510207	110534197	0
ENSELUG00000007578	110500415	110525151	0
ENSELUG00000007822	110493415	110517476	0
ENSELUG00000004079	110488732	110504931	0
ENSELUG00000002309	110518779	110527160	1
ENSELUG00000009258	110487657	110496099	0
ENSELUG00000022805	110500781	110524200	0
ENSELUG00000004794	110522636	110529294	0
ENSELUG00000021511	110497622	110505833	0
ENSELUG00000022152	110510104	110534112	0
ENSELUG00000003585	110506809	110506810	1
ENSELUG00000011366	110517556	110536148	0
ENSELUG00000006185	110502510	110529516	0
ENSELUG00000005655	110491430	110499031	0
ENSELUG00000002000	110525489	110535874	0
ENSELUG00000023815	110510145	110534137	0
ENSELUG00000020371	110510053	110533124	0
ENSELUG00000014450	110498617	110523630	0
ENSELUG00000018515	110526844	110526846	1
ENSELUG00000004914	110522642	110529272	0
ENSELUG00000009200	110491515	110499141	0
ENSELUG00000017965	110504027	110507848	0
ENSELUG00000014047	110522025	110529411	0
ENSELUG00000011190	110509743	110522892	0
ENSELUG00000008591	110508407	110530999	0
ENSELUG00000002791	110506854	110526668	1
ENSELUG00000006857	110506724	110526588	1
ENSELUG00000019370	110508939	110530106	0
ENSELUG00000003103	110495614	110495615	0
ENSELUG00000021321	110526783	110526784	1
ENSELUG00000018477	110492201	110532409	0
ENSELUG00000023149	110525553	110535926	0
ENSELUG00000006440	110500134	110511067	0
ENSELUG00000011021	110503634	110507516	0
ENSELUG00000004430	110497708	110505760	0
ENSELUG00000006032	110489978	110535598	0
ENSELUG00000006648	110494512	110527953	0
ENSELUG00000005569	110491423	110499024	0
ENSELUG00000019659	110491084	110531213	0
ENSELUG00000015483	110509961	110533973	0
ENSELUG00000013227	110512959	110513592	1
ENSELUG00000014203	110521509	110524376	0
ENSELUG00000021734	110497461	110534407	0
ENSELUG00000008787	110494477	110527982	0
ENSELUG00000022935	110494148	110528274	0
ENSELUG00000015281	110500656	110531795	0
ENSELUG00000023133	110495462	110495482	1
ENSELUG00000005471	110485500	110511341	1
ENSELUG00000016504	110525679	110536047	0
ENSELUG00000017197	110485158	110538152	0
ENSELUG00000023070	110494644	110527814	0
ENSELUG00000008381	110491241	110534256	0
ENSELUG00000019638	110509905	110523697	0
ENSELUG00000014538	110509933	110533950	0
ENSELUG00000004309	110487922	110496552	0
ENSELUG00000011495	110497198	110497203	1
ENSELUG00000022088	100301866	110519306	1
ENSELUG00000004925	110521659	110524552	0
ENSELUG00000006758	110508250	110513441	0
ENSELUG00000004399	110497976	110505479	0
ENSELUG00000002111	110523800	110537129	0
ENSELUG00000019346	100301814	110509895	0
ENSELUG00000010694	110489412	110496838	0
ENSELUG00000014247	110487532	110539163	1
ENSELUG00000018930	110502311	110526778	0
ENSELUG00000015889	110500629	110531778	0
ENSELUG00000024521	110497700	110522730	0
ENSELUG00000004922	110487780	110504575	0
ENSELUG00000010146	110488164	110496415	0
ENSELUG00000010204	110527694	118936559	0
ENSELUG00000018723	110493868	110527650	0
ENSELUG00000003557	110509595	110523379	0
ENSELUG00000021059	110499746	110500960	1
ENSELUG00000012509	110508322	110531015	0
ENSELUG00000013705	110509917	110533931	0
ENSELUG00000024081	110494126	110528300	0
ENSELUG00000017696	110488658	110504418	0
ENSELUG00000013563	110487439	110518132	1
ENSELUG00000002120	110495550	110495565	1
ENSELUG00000002530	110523831	110537092	0
ENSELUG00000009557	110525816	110536183	0
ENSELUG00000018694	110490748	110501049	1
ENSELUG00000004577	110500938	110531593	0
ENSELUG00000010449	110501287	110519972	0
ENSELUG00000004409	110501605	110520474	0
ENSELUG00000013789	110527128	110528979	0
ENSELUG00000003052	110488946	110505146	0
ENSELUG00000003746	110495642	110527315	1
ENSELUG00000013830	110503500	110507430	0
ENSELUG00000008399	110486913	110538914	1
ENSELUG00000000706	110492500	110522733	0
ENSELUG00000017471	110498219	110505909	0
ENSELUG00000000421	110508337	110530802	0
ENSELUG00000013620	118937858	118938384	1
ENSELUG00000021756	110503198	110524220	0
ENSELUG00000023188	110525551	110535925	0
ENSELUG00000019385	110499080	110502882	0
ENSELUG00000013689	110498298	110523466	0
ENSELUG00000005067	110495675	110527343	1
ENSELUG00000011690	110502457	110528682	0
ENSELUG00000009347	110501268	110519991	0
ENSELUG00000004266	110485754	110493470	1
ENSELUG00000008287	110486333	110513274	0
ENSELUG00000010678	110491930	110532730	0
ENSELUG00000012433	110508717	110530330	0
ENSELUG00000011488	110500329	110531407	0
ENSELUG00000001273	110494728	110527730	0
ENSELUG00000002559	110492833	110498741	0
ENSELUG00000021483	110492137	110532474	0
ENSELUG00000014740	110522072	110529190	0
ENSELUG00000019334	110497999	110532326	0
ENSELUG00000014191	110488233	110496345	0
ENSELUG00000023062	110499540	110502760	0
ENSELUG00000019905	110507450	110524254	0
ENSELUG00000002048	110525483	110535865	0
ENSELUG00000017691	110509111	110529981	0
ENSELUG00000008901	110525799	110536201	0
ENSELUG00000011038	110485142	110538009	0
ENSELUG00000004907	110522307	110529689	0
ENSELUG00000011725	110491799	110521481	0
ENSELUG00000022129	110509426	110534113	0
ENSELUG00000009514	110501269	110519988	0
ENSELUG00000006717	110521629	110524510	0
ENSELUG00000000726	110509614	110509624	1
ENSELUG00000008916	110501588	110519989	0
ENSELUG00000020558	110488931	110505128	0
ENSELUG00000007849	110485109	110493672	0
ENSELUG00000024488	110486377	110538416	1
ENSELUG00000020374	110497837	110522826	0
ENSELUG00000020551	110522925	110537207	0
ENSELUG00000011603	110501778	110520304	0
ENSELUG00000016088	110501412	110520627	0
ENSELUG00000017245	110522110	110529498	0
ENSELUG00000005500	110523924	110537002	0
ENSELUG00000007009	110508789	110530235	0
ENSELUG00000011054	110514055	118936449	1
ENSELUG00000010314	110499906	110524558	0
ENSELUG00000019637	110492172	110532438	0
ENSELUG00000004205	110490023	110535556	0
ENSELUG00000003371	110485739	110495106	1
ENSELUG00000014640	100135781	110486965	1
ENSELUG00000012255	110494221	110524152	0
ENSELUG00000000656	110490271	110500205	0
ENSELUG00000018254	110507004	110507011	1
ENSELUG00000011362	110521850	110524830	0
ENSELUG00000009060	110525804	110536196	0
ENSELUG00000014706	110486164	110538085	0
ENSELUG00000010538	110499322	110503011	0
ENSELUG00000020724	110494201	110528996	0
ENSELUG00000021523	110510083	110534098	0
ENSELUG00000013767	110527087	110527183	1
ENSELUG00000021100	110498286	110505990	0
ENSELUG00000006558	110492032	110532634	0
ENSELUG00000002517	110494088	110527140	0
ENSELUG00000023213	110489165	110504363	1
ENSELUG00000024192	110492463	110531965	0
ENSELUG00000014316	110494458	110519951	0
ENSELUG00000014571	110533534	110537606	0
ENSELUG00000006786	110492023	110532647	0
ENSELUG00000003048	110498028	110505422	0
ENSELUG00000018169	110497558	118944331	0
ENSELUG00000019272	110500322	110531927	0
ENSELUG00000013849	110509401	110533935	0
ENSELUG00000020366	110497842	110522853	0
ENSELUG00000008541	110508409	110530703	0
ENSELUG00000016891	110488636	110504411	0
ENSELUG00000024382	110497727	110522758	0
ENSELUG00000017923	110525021	110536005	0
ENSELUG00000023585	110485643	110485645	1
ENSELUG00000017072	110495172	110520509	0
ENSELUG00000023258	110499428	110502754	0
ENSELUG00000017102	110497316	118936741	1
ENSELUG00000020190	110501308	110520532	0
ENSELUG00000011261	110534210	110536068	1
ENSELUG00000023026	110500387	110524198	0
ENSELUG00000008898	110521576	110524446	0
ENSELUG00000006423	100653468	110524515	0
ENSELUG00000021243	100301681	110528241	0
ENSELUG00000020481	110494217	110527137	0
ENSELUG00000013152	110492040	110524135	0
ENSELUG00000007922	110488437	110496014	0
ENSELUG00000021829	110488043	110496663	0
ENSELUG00000001958	110521766	110524668	0
ENSELUG00000009733	110506652	110526523	1
ENSELUG00000019872	110511526	110514974	1
ENSELUG00000013103	110485997	110495162	1
ENSELUG00000004688	110492079	110532585	0
ENSELUG00000002385	110494098	110528322	0
ENSELUG00000014636	110508650	110536732	1
ENSELUG00000002299	110490890	110535480	0
ENSELUG00000008952	110500043	110524766	0
ENSELUG00000006672	110491456	110499053	0
ENSELUG00000007023	110523945	110536982	0
ENSELUG00000008624	110491968	110532702	0
ENSELUG00000018189	110485489	118940023	1
ENSELUG00000022427	110491313	110498899	0
ENSELUG00000019221	110486271	110538207	1
ENSELUG00000019244	110489744	110535257	0
ENSELUG00000007751	110494975	110528410	0
ENSELUG00000008866	110494475	110527983	0
ENSELUG00000004062	110526003	110536372	0
ENSELUG00000015842	110509973	110534923	0
ENSELUG00000023259	110492743	110532518	0
ENSELUG00000010672	110495421	110496968	1
ENSELUG00000002342	110494102	110528318	0
ENSELUG00000002753	100135987	110509568	0
ENSELUG00000001033	100136256	110493449	1
ENSELUG00000015256	110520950	110524362	0
ENSELUG00000012459	110508716	110530331	0
ENSELUG00000013536	110512914	118940264	0
ENSELUG00000005101	110497963	110505493	0
ENSELUG00000005536	110489965	110535609	0
ENSELUG00000000600	110502337	110527092	0
ENSELUG00000014572	110508301	110530810	0
ENSELUG00000000876	110506379	110526252	0
ENSELUG00000015329	110493884	110528568	0
ENSELUG00000017673	110504037	110507859	0
ENSELUG00000012367	110520795	110534239	1
ENSELUG00000014764	110503549	110507391	0
ENSELUG00000007797	110525840	110536223	0
ENSELUG00000002514	110517249	110527173	1
ENSELUG00000022554	110509436	110534118	0
ENSELUG00000009593	110509198	110530709	0
ENSELUG00000012309	110493861	110527654	0
ENSELUG00000009324	110494466	110527986	0
ENSELUG00000002290	110523820	110537106	0
ENSELUG00000000326	110533101	110537343	0
ENSELUG00000014467	110509935	110533947	0
ENSELUG00000002776	110488777	110504978	0
ENSELUG00000020719	110500973	110521197	0
ENSELUG00000021303	110508889	110530144	0
ENSELUG00000014061	110500885	110531831	0
ENSELUG00000009482	110486689	110513818	0
ENSELUG00000010216	110491939	110532721	0
ENSELUG00000013124	110502434	110528376	0
ENSELUG00000017026	110490067	110507295	0
ENSELUG00000003303	110491375	110498983	0
ENSELUG00000018715	110487720	110504900	0
ENSELUG00000006643	110485762	110512609	0
ENSELUG00000009896	110501893	110518240	0
ENSELUG00000022538	110496082	110531058	0
ENSELUG00000003060	110489376	110496520	0
ENSELUG00000010709	110508746	110530307	0
ENSELUG00000013808	110509799	110523584	0
ENSELUG00000020360	110488973	110505179	0
ENSELUG00000021682	110523759	110537167	0
ENSELUG00000014577	110498145	110505289	0
ENSELUG00000015194	110522079	110529464	0
ENSELUG00000022394	110506202	110506948	1
ENSELUG00000022210	100136779	110499751	1
ENSELUG00000005436	110492905	110532606	0
ENSELUG00000001261	110508345	110530750	0
ENSELUG00000003766	110508504	110530567	0
ENSELUG00000014694	110503551	110507392	0
ENSELUG00000021569	110494183	110528248	0
ENSELUG00000011533	110522490	110529847	0
ENSELUG00000004387	110485758	110495110	1
ENSELUG00000020234	110486302	110538236	1
ENSELUG00000007830	110489444	110496957	0
ENSELUG00000012470	110533584	110537547	0
ENSELUG00000008261	110489072	110504678	0
ENSELUG00000019011	110510032	110534038	0
ENSELUG00000008116	110521562	110524429	0
ENSELUG00000013131	110509188	110530777	0
ENSELUG00000007314	110488089	110496698	0
ENSELUG00000016913	110497321	110534949	1
ENSELUG00000007761	110523962	110536961	0
ENSELUG00000022984	110525150	110536483	1
ENSELUG00000002503	110506869	118936663	1
ENSELUG00000019908	110494234	110528197	0
ENSELUG00000004127	110526005	110536373	0
ENSELUG00000017868	110504031	110507850	0
ENSELUG00000013652	110515025	118936688	1
ENSELUG00000017219	110504045	110507874	0
ENSELUG00000001319	110498022	110523250	0
ENSELUG00000005096	110489126	110504588	0
ENSELUG00000018638	110502317	110526894	0
ENSELUG00000003797	110509604	110523391	0
ENSELUG00000018314	110502740	118942012	0
ENSELUG00000012648	110533577	110537549	0
ENSELUG00000013749	110502425	110528200	0
ENSELUG00000003285	110509591	110523374	0
ENSELUG00000022557	110489182	110504524	0
ENSELUG00000012988	110503161	110507999	0
ENSELUG00000003512	110488752	110504947	0
ENSELUG00000014789	110500669	110531811	0
ENSELUG00000005298	110521656	110524541	0
ENSELUG00000008035	110533767	110537355	0
ENSELUG00000011451	110509193	110531010	0
ENSELUG00000004084	110502008	110520478	0
ENSELUG00000017500	110521455	110524318	0
ENSELUG00000009092	110491514	110499139	0
ENSELUG00000020934	110509486	110523257	0
ENSELUG00000006881	110490338	110500147	0
ENSELUG00000007372	110492002	110532662	0
ENSELUG00000009840	110486899	110514079	0
ENSELUG00000009309	110491954	118966098	0
ENSELUG00000003436	110492109	110532555	0
ENSELUG00000015150	110521500	110524366	0
ENSELUG00000001940	110508394	118939569	0
ENSELUG00000012609	110488208	110496367	0
ENSELUG00000005251	110491061	110532598	0
ENSELUG00000001546	110520885	118936983	1
ENSELUG00000002125	110523801	110537126	0
ENSELUG00000014729	110500671	110531813	0
ENSELUG00000007068	110492882	110498755	0
ENSELUG00000013903	110533553	110537574	0
ENSELUG00000000401	110533607	110537518	0
ENSELUG00000014012	110489670	110535348	0
ENSELUG00000008244	110503887	110507719	0
ENSELUG00000004553	110485220	110486776	1
ENSELUG00000003265	110492115	110532548	0
ENSELUG00000001192	110499186	110502908	0
ENSELUG00000007083	110491464	110499586	0
ENSELUG00000015970	110502339	110527143	0
ENSELUG00000017488	110510012	110534017	0
ENSELUG00000017931	110529330	110529331	0
ENSELUG00000013600	110517601	110519518	1
ENSELUG00000017057	110490066	110507294	0
ENSELUG00000003871	110501894	110520176	0
ENSELUG00000003894	110503062	110530274	0
ENSELUG00000004480	110500093	118936373	1
ENSELUG00000003222	110485745	118938219	1
ENSELUG00000002719	110488782	110504987	0
ENSELUG00000015395	110523123	110536897	1
ENSELUG00000005695	110509640	110523423	0
ENSELUG00000004200	110500465	110531612	0
ENSELUG00000021638	110509496	110523271	0
ENSELUG00000000771	110497565	110505885	0
ENSELUG00000015374	110501937	110520649	0
ENSELUG00000009312	110525808	110536192	0
ENSELUG00000005588	110522656	118965482	0
ENSELUG00000006935	110508791	110530233	0
ENSELUG00000019403	110491068	110534836	0
ENSELUG00000017393	110515428	110533207	1
ENSELUG00000022184	110495798	110527422	0
ENSELUG00000015462	110488259	110496316	0
ENSELUG00000019220	110486644	110538602	1
ENSELUG00000020391	110510054	110534060	0
ENSELUG00000003001	110488766	110504962	0
ENSELUG00000022808	110512045	110538967	1
ENSELUG00000006980	110527385	110528772	1
ENSELUG00000012854	110488532	110504743	0
ENSELUG00000014084	110497374	110534522	1
ENSELUG00000018339	110508278	110530421	0
ENSELUG00000006059	110533713	110537410	0
ENSELUG00000008054	110494491	110527973	0
ENSELUG00000003932	110500846	110531620	0
ENSELUG00000016021	110504076	110507907	0
ENSELUG00000001021	110497643	110505812	0
ENSELUG00000023921	110518420	118938834	1
ENSELUG00000005091	110521913	110537904	1
ENSELUG00000014220	110487060	110487063	1
ENSELUG00000005846	110487974	110496586	0
ENSELUG00000023511	110486367	118937738	1
ENSELUG00000016278	110518911	118944463	1
ENSELUG00000009712	110503663	110507070	0
ENSELUG00000004250	110502577	110530167	0
ENSELUG00000003666	110491397	110498994	0
ENSELUG00000013056	110494333	110517792	0
ENSELUG00000013148	110487473	118937783	1
ENSELUG00000014151	110497373	110534524	1
ENSELUG00000023485	110499698	110524192	1
ENSELUG00000015934	110500633	110531775	0
ENSELUG00000015040	110521501	110524369	0
ENSELUG00000002322	110525941	110536320	0
ENSELUG00000002501	110494089	110529007	0
ENSELUG00000013845	100499596	110530365	0
ENSELUG00000011059	110508352	110530735	0
ENSELUG00000024403	110525169	110536468	0
ENSELUG00000024027	110522256	110529641	0
ENSELUG00000012562	110508714	110530334	0
ENSELUG00000007347	110486042	110512956	1
ENSELUG00000012107	110485139	110537977	0
ENSELUG00000008790	110503680	110507558	0
ENSELUG00000007021	110527394	110528890	1
ENSELUG00000020704	110494200	110528222	0
ENSELUG00000023275	110490605	110490610	1
ENSELUG00000018627	110502322	110526927	0
ENSELUG00000016565	110498955	110523948	0
ENSELUG00000018708	110521429	110524287	0
ENSELUG00000013079	110493916	110528522	0
ENSELUG00000018395	110491127	110531978	0
ENSELUG00000007641	110500385	110525096	0
ENSELUG00000013877	110506527	110526406	1
ENSELUG00000022024	110492813	110498887	0
ENSELUG00000015258	110504098	110507924	0
ENSELUG00000004106	110490717	110535553	0
ENSELUG00000003783	110488739	110504939	0
ENSELUG00000024221	110521876	110537929	0
ENSELUG00000019866	110525589	110535951	0
ENSELUG00000019824	110508929	110530114	0
ENSELUG00000007096	110494504	110527964	0
ENSELUG00000023748	110522249	110529630	0
ENSELUG00000021232	110501341	110520574	0
ENSELUG00000021291	110488036	110496653	0
ENSELUG00000021039	110526792	118944495	1
ENSELUG00000013805	110504126	110507985	0
ENSELUG00000005484	101268950	101268951	0
ENSELUG00000019810	110489394	110496873	1
ENSELUG00000009528	110499999	110524680	0
ENSELUG00000014332	110503561	110507407	0
ENSELUG00000020157	110503970	110507806	0
ENSELUG00000015265	110490244	110500226	0
ENSELUG00000011543	110533598	110537529	0
ENSELUG00000023779	110494133	110528292	0
ENSELUG00000005555	110521651	110524537	0
ENSELUG00000005336	110489384	110496579	0
ENSELUG00000006470	110494520	110527945	0
ENSELUG00000014820	110508724	110536762	1
ENSELUG00000006089	110491440	110499038	0
ENSELUG00000012556	110502823	110517611	0
ENSELUG00000013011	110522450	110529870	0
ENSELUG00000023628	110488122	110496454	0
ENSELUG00000017006	110495151	110520494	0
ENSELUG00000004689	110521662	110523002	0
ENSELUG00000006629	110487987	110496600	0
ENSELUG00000020071	110506993	110524248	0
ENSELUG00000014469	110494352	110528086	0
ENSELUG00000010369	110508757	110530302	0
ENSELUG00000000941	110509377	110534097	0
ENSELUG00000023945	110488112	110496463	0
ENSELUG00000014561	110533535	110537605	0
ENSELUG00000018591	110488702	110504897	0
ENSELUG00000008959	110499134	118939514	0
ENSELUG00000003250	110491374	110498980	0
ENSELUG00000011269	110503627	110507506	0
ENSELUG00000011490	110488192	110496387	0
ENSELUG00000020396	110534844	110537826	0
ENSELUG00000007163	110489390	110496612	0
ENSELUG00000007150	110515723	118966684	0
ENSELUG00000018721	110525617	110535981	0
ENSELUG00000008480	110533100	110536836	0
ENSELUG00000008627	110509702	110523488	0
ENSELUG00000016390	110522376	110529898	0
ENSELUG00000003107	110487728	110504957	0
ENSELUG00000023475	110522243	110529624	0
ENSELUG00000007465	110494980	110528399	0
ENSELUG00000020939	110521824	110524761	1
ENSELUG00000019076	110502308	110526728	0
ENSELUG00000008832	100135927	110490158	0
ENSELUG00000008211	110489819	110535194	0
ENSELUG00000012821	110492606	110524139	0
ENSELUG00000001922	110525507	110535052	0
ENSELUG00000001931	110525504	110535890	0
ENSELUG00000000316	110508774	110530257	0
ENSELUG00000021746	110488041	110496659	0
ENSELUG00000006298	110533725	110537399	0
ENSELUG00000016675	110486937	110486944	1
ENSELUG00000010507	110500350	110531448	0
ENSELUG00000022225	100136025	110508862	0
ENSELUG00000008907	110489089	110504672	0
ENSELUG00000004649	110522305	110529685	0
ENSELUG00000023495	110509549	110523330	0
ENSELUG00000015696	110500628	110531782	0
ENSELUG00000003851	110500477	110531621	0
ENSELUG00000002002	110539057	110539058	1
ENSELUG00000014038	110488555	110504402	0
ENSELUG00000002525	110490463	110500001	1
ENSELUG00000000750	110505921	118941505	0
ENSELUG00000019000	110493296	110528595	0
ENSELUG00000016120	110503516	110507350	0
ENSELUG00000003317	110528754	118941096	1
ENSELUG00000011197	110506107	110526459	1
ENSELUG00000007518	110490128	110491182	0
ENSELUG00000015010	110502401	110527891	0
ENSELUG00000014424	110503559	110507405	0
ENSELUG00000016343	110521473	110524337	0
ENSELUG00000002665	110526686	118936599	1
ENSELUG00000023686	100170214	110489166	0
ENSELUG00000018294	110499417	110502741	0
ENSELUG00000004434	110497710	110505761	0
ENSELUG00000003433	110498012	110505435	0
ENSELUG00000003013	110488764	110504959	0
ENSELUG00000024030	110493220	110529003	0
ENSELUG00000006367	110501678	110520406	0
ENSELUG00000011826	110499467	110502814	0
ENSELUG00000003249	110488941	110505140	0
ENSELUG00000019701	110525591	110535957	0
ENSELUG00000003712	110506804	110515541	1
ENSELUG00000019641	110503695	110507572	0
ENSELUG00000003124	110495619	118936677	1
ENSELUG00000022939	110533341	110537779	0
ENSELUG00000016216	110495045	110495142	1
ENSELUG00000023167	110494641	110527821	0
ENSELUG00000019210	110510037	110534044	0
ENSELUG00000011119	110525774	110535084	0
ENSELUG00000003506	110490418	110500058	1
ENSELUG00000019657	110522588	110529176	0
ENSELUG00000019241	110487959	110504351	1
ENSELUG00000009522	110491523	110499145	0
ENSELUG00000024611	110492465	110531962	0
ENSELUG00000018449	110525244	110535696	0
ENSELUG00000004880	110487945	110496562	0
ENSELUG00000009405	110493658	110508905	0
ENSELUG00000011895	110499470	110502816	0
ENSELUG00000013385	110533565	110537561	0
ENSELUG00000000514	110497372	110534523	1
ENSELUG00000015146	110488581	110504791	0
ENSELUG00000019892	110509913	110523703	0
ENSELUG00000015627	110502332	110527034	0
ENSELUG00000020908	110505456	110524231	0
ENSELUG00000020035	110485602	118940344	1
ENSELUG00000023995	110494113	110528298	0
ENSELUG00000023227	110504541	118938725	0
ENSELUG00000001494	110491502	110498765	0
ENSELUG00000004561	110485765	110493514	1
ENSELUG00000000960	110497004	110528724	1
ENSELUG00000009456	110506670	110526538	1
ENSELUG00000024561	110509560	110523344	0
ENSELUG00000013604	110492342	110532057	0
ENSELUG00000006780	110502488	110529299	0
ENSELUG00000021103	110523744	110537190	0
ENSELUG00000000313	110508413	110530698	0
ENSELUG00000017094	100305229	110509171	1
ENSELUG00000003962	110485727	110493499	1
ENSELUG00000019391	110501503	110520065	0
ENSELUG00000008473	110491831	110532232	0
ENSELUG00000007681	110506701	110526569	1
ENSELUG00000004427	110498365	110505481	0
ENSELUG00000024433	110497345	110524172	0
ENSELUG00000020723	110486695	110538647	1
ENSELUG00000022239	110486712	110538665	1
ENSELUG00000016812	110500623	110532973	0
ENSELUG00000010581	110486510	110538469	1
ENSELUG00000017554	110500604	110531735	0
ENSELUG00000005643	110489277	110496110	0
ENSELUG00000007938	110490950	110535014	0
ENSELUG00000004087	110507681	110517609	1
ENSELUG00000012224	110525757	110536131	0
ENSELUG00000005324	110485403	110511506	0
ENSELUG00000009899	110506648	110526519	1
ENSELUG00000004132	110508495	110530586	0
ENSELUG00000021472	110510078	110534094	0
ENSELUG00000003252	110487912	110496523	0
ENSELUG00000015997	110491274	110499505	0
ENSELUG00000010042	110500375	110531475	0
ENSELUG00000011744	110491798	110525521	0
ENSELUG00000004711	110489144	110504560	1
ENSELUG00000005256	110497960	110505497	0
ENSELUG00000001790	110492467	110531959	0
ENSELUG00000012190	110522464	110529857	0
ENSELUG00000024152	110509446	110534205	0
ENSELUG00000002220	110526899	110536296	1
ENSELUG00000012548	110522454	110529865	0
ENSELUG00000012979	110488494	110504747	0
ENSELUG00000008597	110523046	110524124	1
ENSELUG00000012735	110509773	110523565	0
ENSELUG00000020970	110488024	110496644	0
ENSELUG00000016835	110498202	110505216	0
ENSELUG00000004999	110501633	110520446	0
ENSELUG00000010733	110521077	110529836	0
ENSELUG00000013473	110508693	110530357	0
ENSELUG00000012366	110522457	110529863	0
ENSELUG00000018011	110486591	110538986	1
ENSELUG00000003044	110497665	110522640	0
ENSELUG00000006174	110508456	110530649	0
ENSELUG00000023321	110501916	110520141	0
ENSELUG00000012342	110497824	110505639	0
ENSELUG00000005817	100136282	110494536	0
ENSELUG00000013407	110494869	110515478	1
ENSELUG00000000999	110489807	110535201	0
ENSELUG00000020298	110486683	110538638	1
ENSELUG00000020133	110508825	110530204	0
ENSELUG00000016845	110494292	110528144	0
ENSELUG00000017858	110522134	110529519	0
ENSELUG00000021170	110506398	110526232	0
ENSELUG00000013588	110488223	110496354	0
ENSELUG00000023079	110486088	118938208	1
ENSELUG00000007089	110508447	110530665	0
ENSELUG00000003377	110494057	110528365	0
ENSELUG00000008582	110486439	110538347	1
ENSELUG00000012996	110533570	110537553	0
ENSELUG00000022036	100137058	100137059	0
ENSELUG00000018977	100136754	110526770	0
ENSELUG00000001525	110503697	110507574	0
ENSELUG00000007725	110486417	110538370	1
ENSELUG00000016346	110498192	110505206	0
ENSELUG00000006970	110497756	110505708	0
ENSELUG00000023571	110498923	118939487	1
ENSELUG00000001941	110521767	110524669	0
ENSELUG00000018898	110502012	110520492	0
ENSELUG00000009007	110525802	110536200	0
ENSELUG00000022094	110488896	110505093	0
ENSELUG00000020871	110510354	110534479	1
ENSELUG00000001025	110511860	110539269	1
ENSELUG00000009237	110501598	110519981	0
ENSELUG00000011993	110509762	110523553	0
ENSELUG00000022586	110509508	110523304	0
ENSELUG00000004869	110501629	110520451	0
ENSELUG00000011843	110503611	110507491	0
ENSELUG00000009417	110525814	110536186	0
ENSELUG00000019901	110502288	110526516	0
ENSELUG00000015958	110501413	110520630	0
ENSELUG00000020369	110488937	110505133	0
ENSELUG00000019650	110525595	110535959	0
ENSELUG00000014426	110494462	110519959	0
ENSELUG00000005977	110501835	110520240	0
ENSELUG00000024421	110497166	110524173	0
ENSELUG00000023593	110488851	110505056	0
ENSELUG00000014055	110498132	110505300	0
ENSELUG00000020420	110523714	110537211	0
ENSELUG00000014824	110489655	110535333	0
ENSELUG00000017880	110510020	110534023	0
ENSELUG00000016276	110492390	110532011	0
ENSELUG00000023047	110494146	110528276	0
ENSELUG00000021179	110494189	110528240	0
ENSELUG00000005128	110502550	110529971	0
ENSELUG00000010560	110528947	118940507	0
ENSELUG00000021670	110503571	110524224	0
ENSELUG00000016801	110497323	110497324	1
ENSELUG00000019308	110510041	110534049	0
ENSELUG00000001558	110486053	110493809	0
ENSELUG00000015511	110503533	110507374	0
ENSELUG00000023671	110499030	110524186	0
ENSELUG00000023005	110495779	118965348	1
ENSELUG00000017915	110522138	110529520	0
ENSELUG00000024112	110508550	110530977	0
ENSELUG00000021281	110503935	110507772	0
ENSELUG00000024376	110487734	110504156	0
ENSELUG00000006590	110487985	110496870	0
ENSELUG00000016085	110512655	110516127	1
ENSELUG00000012878	100136087	110523569	0
ENSELUG00000010894	110489603	110535407	0
ENSELUG00000017850	110525639	110536009	0
ENSELUG00000018757	110525614	110535980	0
ENSELUG00000012788	110492771	110524141	0
ENSELUG00000002288	110490476	110499993	1
ENSELUG00000023932	110497621	110524178	0
ENSELUG00000013561	110498273	110523440	0
ENSELUG00000015239	110494586	110520073	0
ENSELUG00000022356	110494161	110528262	0
ENSELUG00000010873	110510905	110517135	1
ENSELUG00000019027	110521424	110524278	0
ENSELUG00000004056	110525916	110536290	0
ENSELUG00000015839	110509072	110530003	0
ENSELUG00000010420	100305263	110538287	1
ENSELUG00000004155	110526006	110536374	0
ENSELUG00000016683	110508663	110530394	0
ENSELUG00000018713	110494253	110528172	0
ENSELUG00000021545	110499344	110502673	0
ENSELUG00000005539	110502533	110529797	0
ENSELUG00000005367	110492759	110521334	0
ENSELUG00000022693	110502645	110530886	0
ENSELUG00000013526	110508312	110530781	0
ENSELUG00000018666	110503596	110509768	1
ENSELUG00000006973	110492021	110532649	0
ENSELUG00000013453	110524126	110531327	0
ENSELUG00000006826	110501816	110520261	0
ENSELUG00000020264	110488022	110496635	0
ENSELUG00000004992	110518428	110538736	1
ENSELUG00000015332	110490248	110500225	0
ENSELUG00000020786	110495822	110527444	0
ENSELUG00000023846	110492130	110532531	0
ENSELUG00000003403	110491070	110532554	0
ENSELUG00000003396	110490424	110500053	1
ENSELUG00000006395	110501679	110504453	0
ENSELUG00000006379	110502498	110529425	0
ENSELUG00000014375	110489660	110535339	0
ENSELUG00000001569	110487638	110496051	0
ENSELUG00000002302	110488823	110505029	1
ENSELUG00000009443	110506114	110526539	1
ENSELUG00000003796	110502157	110520172	0
ENSELUG00000016099	110498898	110523892	0
ENSELUG00000017221	110509539	110523170	0
ENSELUG00000002095	110489557	110535458	0
ENSELUG00000014056	110508682	110529130	0
ENSELUG00000023453	110494635	110527829	0
ENSELUG00000000826	110521845	110524814	0
ENSELUG00000021608	101268928	110528249	0
ENSELUG00000013727	110498346	110523475	0
ENSELUG00000012062	110510526	110531368	1
ENSELUG00000007459	110488082	110496694	0
ENSELUG00000002545	110490461	110500002	1
ENSELUG00000019751	110505253	110506253	0
ENSELUG00000006734	110508249	110512127	1
ENSELUG00000001944	110525499	110535888	0
ENSELUG00000004795	110502562	110530078	0
ENSELUG00000004012	110488734	110504933	0
ENSELUG00000003605	110492100	110532560	0
ENSELUG00000004655	110492080	110533030	1
ENSELUG00000008100	110500328	110525010	0
ENSELUG00000007773	110490132	110491193	0
ENSELUG00000022123	110488895	110505092	0
ENSELUG00000019486	110493845	110527664	0
ENSELUG00000010331	110508758	110530301	0
ENSELUG00000000471	110490216	110500250	0
ENSELUG00000023408	110492739	110532520	0
ENSELUG00000022213	110502653	110531033	0
ENSELUG00000019083	110502002	110520496	0
ENSELUG00000003054	110494061	110528358	0
ENSELUG00000008634	110508406	110530705	0
ENSELUG00000017303	110488308	110496267	0
ENSELUG00000011151	110521601	110524478	0
ENSELUG00000012808	110530340	110530341	1
ENSELUG00000019769	110499095	110502871	0
ENSELUG00000001110	110509494	110523267	0
ENSELUG00000016977	110509143	110537283	1
ENSELUG00000015888	110498183	110505199	0
ENSELUG00000000728	110509877	110523664	0
ENSELUG00000006219	110534896	110537393	0
ENSELUG00000006067	110503344	110507110	0
ENSELUG00000019581	110497968	110523048	0
ENSELUG00000007799	110523963	110536959	0
ENSELUG00000014849	110500667	110531809	0
ENSELUG00000018108	100500736	110502916	0
ENSELUG00000008684	110494480	110527979	0
ENSELUG00000005382	110492064	110532604	0
ENSELUG00000014832	110494341	110528096	0
ENSELUG00000002808	110496505	110513484	0
ENSELUG00000020574	110497445	110534432	1
ENSELUG00000006069	110496017	110510413	0
ENSELUG00000018295	110486250	110538180	1
ENSELUG00000020189	110498762	110502858	0
ENSELUG00000018621	110502320	110526912	0
ENSELUG00000008958	110486525	110513574	0
ENSELUG00000010198	110503655	110507532	0
ENSELUG00000001488	110500469	110531616	0
ENSELUG00000005078	110522312	110529693	0
ENSELUG00000007910	110491820	110532217	0
ENSELUG00000014092	110492651	110532780	0
ENSELUG00000005942	110502518	110529610	0
ENSELUG00000002097	110523797	110539124	0
ENSELUG00000021685	110486339	110538458	0
ENSELUG00000000884	110488964	110505171	0
ENSELUG00000023542	110503777	110507169	0
ENSELUG00000011568	110485368	110494884	1
ENSELUG00000021729	110533618	110537508	0
ENSELUG00000008361	110500283	110524937	0
ENSELUG00000021946	110533390	110537799	0
ENSELUG00000007659	110502097	110520279	0
ENSELUG00000000233	110502480	110529185	0
ENSELUG00000012323	110494142	110524151	0
ENSELUG00000019328	110501504	110520064	0
ENSELUG00000004034	110490405	110500078	1
ENSELUG00000020127	110490948	110534236	0
ENSELUG00000020037	110501491	110520076	0
ENSELUG00000023089	110500532	110531666	0
ENSELUG00000022490	110510110	110534117	0
ENSELUG00000020061	110508198	110530206	0
ENSELUG00000005701	110533689	110537426	0
ENSELUG00000020439	110505971	110505977	0
ENSELUG00000014154	110493899	110528544	0
ENSELUG00000017368	110486077	110493775	0
ENSELUG00000020560	110488978	110505186	0
ENSELUG00000007479	110490127	110491126	0
ENSELUG00000001892	100305198	110527231	1
ENSELUG00000003752	110498561	110534938	1
ENSELUG00000023307	110502171	110520140	0
ENSELUG00000022156	110495435	110528845	1
ENSELUG00000018799	110509817	110509831	1
ENSELUG00000024103	110513917	118965336	1
ENSELUG00000015774	110504500	110528659	0
ENSELUG00000023903	110521883	110537923	1
ENSELUG00000019915	110489232	110504469	1
ENSELUG00000016469	110489560	110513600	1
ENSELUG00000000725	110508647	110530410	0
ENSELUG00000007209	110523951	110536978	0
ENSELUG00000014969	110498162	110505278	0
ENSELUG00000006117	110533715	110537406	0
ENSELUG00000022913	110502638	110530763	0
ENSELUG00000023544	110489279	110496139	0
ENSELUG00000005639	110509453	110534212	0
ENSELUG00000011976	100136684	110524405	0
ENSELUG00000005421	110506753	110526619	1
ENSELUG00000009378	110490816	110499694	1
ENSELUG00000012464	100305168	110487670	0
ENSELUG00000003207	110492117	110531226	0
ENSELUG00000007881	110494968	110528413	0
ENSELUG00000002280	100499601	110537109	0
ENSELUG00000005858	110533699	110537421	0
ENSELUG00000010919	110497189	110498602	1
ENSELUG00000011800	110494104	110514277	0
ENSELUG00000012799	110490214	110500252	0
ENSELUG00000014681	101268914	110504149	0
ENSELUG00000010258	110501282	110519974	0
ENSELUG00000015141	110500661	110531794	0
ENSELUG00000020228	110499374	110502696	0
ENSELUG00000011256	110500744	110531882	0
ENSELUG00000022664	110497465	110534402	0
ENSELUG00000008571	110486409	110513430	0
ENSELUG00000008153	110521563	110524431	0
ENSELUG00000017821	110492210	110531206	0
ENSELUG00000018090	110494819	110528624	0
ENSELUG00000005693	110494541	110527925	0
ENSELUG00000008549	110503894	110507733	0
ENSELUG00000014297	110498136	110505296	0
ENSELUG00000022606	110533330	110537784	0
ENSELUG00000004115	110485725	110493500	1
ENSELUG00000020317	110510052	110534059	0
ENSELUG00000019860	110492164	110532443	0
ENSELUG00000003147	110497054	118941042	1
ENSELUG00000006817	110508193	110530232	0
ENSELUG00000012095	110502447	110528533	0
ENSELUG00000003301	110490427	110500049	1
ENSELUG00000024099	110489808	110536539	0
ENSELUG00000007882	110523965	110536956	0
ENSELUG00000022931	110501928	110520129	0
ENSELUG00000006526	110527374	110527375	1
ENSELUG00000013878	110500694	110531838	0
ENSELUG00000008607	110489081	110504665	0
ENSELUG00000016163	110498187	110505204	0
ENSELUG00000019458	110493313	118938182	1
ENSELUG00000015255	110525700	110536069	0
ENSELUG00000022851	110501272	110521176	0
ENSELUG00000008925	100135909	110494474	0
ENSELUG00000004022	110522282	110529660	0
ENSELUG00000022195	110503108	110532813	0
ENSELUG00000007046	110489122	110504612	0
ENSELUG00000007359	110489048	110504642	0
ENSELUG00000012471	110499311	110503002	0
ENSELUG00000008516	110503892	110507731	0
ENSELUG00000019437	110488957	110505157	0
ENSELUG00000010382	110506612	110526483	0
ENSELUG00000019990	110508217	110530118	0
ENSELUG00000008838	100301722	110531509	0
ENSELUG00000003943	110500474	110533002	0
ENSELUG00000016066	110492384	110532013	0
ENSELUG00000002805	110525982	110536357	0
ENSELUG00000015709	110491272	118942021	1
ENSELUG00000006546	110486392	110538400	1
ENSELUG00000021637	110510856	110538403	1
ENSELUG00000008003	110491644	110498796	0
ENSELUG00000023799	110509550	110523331	0
ENSELUG00000014945	110535830	118964873	0
ENSELUG00000007898	110500336	110525022	0
ENSELUG00000004174	110491405	110499006	0
ENSELUG00000009344	110493623	110508655	0
ENSELUG00000023282	110485639	110485640	1
ENSELUG00000007513	110508785	110530238	0
ENSELUG00000009283	110490164	110500282	0
ENSELUG00000009368	110491518	110499142	0
ENSELUG00000003856	110508501	110530571	0
ENSELUG00000012640	110494391	110528045	0
ENSELUG00000020732	110500984	110521191	0
ENSELUG00000009816	110486482	110538304	1
ENSELUG00000001516	110488751	110504946	0
ENSELUG00000019766	110508620	110530443	0
ENSELUG00000023155	110502630	110530648	0
ENSELUG00000016597	110504057	110507885	0
ENSELUG00000004454	100301697	110493859	0
ENSELUG00000019699	110499389	110502710	0
ENSELUG00000015701	110504085	110507912	0
ENSELUG00000015679	110521483	110524347	0
ENSELUG00000000871	110525269	110535683	0
ENSELUG00000005477	110497957	110505500	0
ENSELUG00000002305	110495584	110527270	1
ENSELUG00000021162	110522212	110529588	0
ENSELUG00000009854	110508760	110530280	0
ENSELUG00000023168	110490606	110519829	1
ENSELUG00000020548	110522191	110529565	0
ENSELUG00000005047	110487956	110496573	0
ENSELUG00000023166	110500854	110531665	0
ENSELUG00000022713	110510118	110534120	0
ENSELUG00000007294	110497761	110504215	0
ENSELUG00000005157	110533681	110537438	0
ENSELUG00000024010	110489309	110496131	0
ENSELUG00000019409	110488106	110530109	0
ENSELUG00000003964	110492093	110531228	0
ENSELUG00000004191	110490058	110507306	0
ENSELUG00000002080	110489564	110536584	0
ENSELUG00000002193	110523808	110537116	0
ENSELUG00000015071	110500662	110532977	0
ENSELUG00000002266	110495575	110527263	1
ENSELUG00000013300	110521529	110524398	0
ENSELUG00000020325	110501479	118936376	0
ENSELUG00000005849	110494534	110527931	0
ENSELUG00000002216	110525924	110536644	0
ENSELUG00000002724	110504986	118936299	0
ENSELUG00000015683	100136794	110497538	0
ENSELUG00000013975	110523078	110536868	0
ENSELUG00000010723	110501266	110519968	0
ENSELUG00000017007	110502361	110527436	0
ENSELUG00000021439	110523745	110539130	0
ENSELUG00000002312	110525940	110536318	0
ENSELUG00000016746	110486926	110486927	1
ENSELUG00000011497	110499615	110524413	0
ENSELUG00000015117	110490013	110535569	0
ENSELUG00000016045	110537203	118936409	1
ENSELUG00000014436	110500680	110531824	0
ENSELUG00000012827	110525743	110536117	0
ENSELUG00000020510	110522186	110529561	0
ENSELUG00000024309	110485675	110485687	1
ENSELUG00000007438	110523954	110536973	0
ENSELUG00000017081	110504049	110507877	0
ENSELUG00000001853	110525516	110535895	0
ENSELUG00000007082	110509677	110523459	0
ENSELUG00000022118	110501450	110520112	0
ENSELUG00000006126	110508196	110530218	0
ENSELUG00000011438	110499692	110524441	0
ENSELUG00000005198	110521657	110524543	0
ENSELUG00000013139	110485357	110487504	1
ENSELUG00000018300	110503086	118965293	0
ENSELUG00000024031	110521879	110537927	0
ENSELUG00000008674	110486462	110513504	1
ENSELUG00000008289	110493244	110528964	0
ENSELUG00000009842	110503248	110508060	0
ENSELUG00000011565	110503621	110507501	0
ENSELUG00000005342	110515633	118937766	1
ENSELUG00000009669	110494457	110527992	0
ENSELUG00000018212	110492206	110532403	0
ENSELUG00000018983	110499169	110502897	0
ENSELUG00000012306	110487104	110511316	1
ENSELUG00000002108	110523799	110537130	0
ENSELUG00000005625	110522327	110529705	0
ENSELUG00000009878	110525797	110536174	0
ENSELUG00000013047	110487821	110515302	0
ENSELUG00000004763	110490004	110535577	0
ENSELUG00000015600	110489353	110496759	0
ENSELUG00000007748	110502466	110528940	0
ENSELUG00000015250	110494604	110520078	0
ENSELUG00000016902	110521464	110524326	0
ENSELUG00000018289	110508640	110530419	0
ENSELUG00000008029	110503880	110507118	0
ENSELUG00000015151	110488252	110496332	0
ENSELUG00000015825	110503526	110507358	0
ENSELUG00000019371	110488955	110505154	0
ENSELUG00000010444	110495217	110524163	0
ENSELUG00000002389	110523823	110537102	0
ENSELUG00000020840	110488925	110505121	0
ENSELUG00000006875	110509326	110522828	0
ENSELUG00000012905	110520852	110520853	1
ENSELUG00000014562	110502406	110527939	0
ENSELUG00000018552	110525006	110536622	0
ENSELUG00000008831	110521109	110529286	0
ENSELUG00000022892	110502637	110532793	0
ENSELUG00000022596	110522222	110529600	0
ENSELUG00000016545	110494967	110520365	0
ENSELUG00000005677	110522331	110529708	0
ENSELUG00000002469	110509561	110523346	0
ENSELUG00000012289	110503603	110507482	0
ENSELUG00000004682	110502565	110530085	0
ENSELUG00000013920	110490926	110535351	0
ENSELUG00000010142	110486498	110538293	1
ENSELUG00000023385	110499955	110524194	0
ENSELUG00000006186	110491442	110499040	0
ENSELUG00000003223	110509589	110523371	0
ENSELUG00000005451	110492782	110521337	0
ENSELUG00000021061	110497609	110505840	0
ENSELUG00000012044	100305206	110494195	0
ENSELUG00000021164	110494190	110528239	0
ENSELUG00000004484	110497063	110527336	1
ENSELUG00000011698	110499702	110499703	1
ENSELUG00000016857	110525673	110536041	0
ENSELUG00000005889	110504868	110509131	0
ENSELUG00000008795	110493566	110521411	0
ENSELUG00000006321	110502505	110529485	0
ENSELUG00000004837	110510193	110534184	0
ENSELUG00000017605	110490280	110500198	0
ENSELUG00000001776	110499846	110499851	1
ENSELUG00000014372	110524030	110534079	0
ENSELUG00000017238	110509101	110529974	0
ENSELUG00000016681	110509998	110534002	0
ENSELUG00000022785	110486730	110538677	1
ENSELUG00000013461	110522034	110529420	0
ENSELUG00000005188	110489442	110496950	0
ENSELUG00000011719	110522477	110529848	0
ENSELUG00000002946	110485700	110493453	1
ENSELUG00000014979	110500663	110531806	0
ENSELUG00000022863	110510122	110534123	0
ENSELUG00000011356	110536075	110537383	1
ENSELUG00000012276	110508324	110530767	0
ENSELUG00000021397	110533409	110537815	0
ENSELUG00000019883	110506376	110526255	0
ENSELUG00000012114	110525762	110536138	0
ENSELUG00000017578	110501377	110520599	0
ENSELUG00000017266	110488655	110504856	0
ENSELUG00000014654	110500674	110531817	0
ENSELUG00000007191	110494974	110528396	0
ENSELUG00000009939	110506643	110526513	0
ENSELUG00000018654	110497394	110534483	1
ENSELUG00000006270	110490070	110507346	0
ENSELUG00000001415	100884157	100884158	0
ENSELUG00000017543	110490276	110501055	0
ENSELUG00000024028	110509001	110530054	0
ENSELUG00000018025	110486241	110538173	1
ENSELUG00000024053	110521778	110524690	0
ENSELUG00000013092	110523104	110536760	1
ENSELUG00000016736	118947579	118948700	1
ENSELUG00000000929	110506397	110526932	0
ENSELUG00000020175	110501484	110520081	0
ENSELUG00000002820	110525377	110535773	0
ENSELUG00000019988	110522175	110529553	0
ENSELUG00000001208	110486127	110538017	0
ENSELUG00000010185	110507851	110535811	1
ENSELUG00000020702	110522926	110537201	0
ENSELUG00000016831	110490263	110501058	1
ENSELUG00000004690	110500447	110531587	0
ENSELUG00000002075	110498384	110505354	0
ENSELUG00000021092	110522209	110529585	0
ENSELUG00000006976	110523942	110536783	0
ENSELUG00000018420	110498151	110523376	0
ENSELUG00000019042	110488714	110504911	0
ENSELUG00000018660	110502009	110520488	0
ENSELUG00000008143	110489822	110535195	0
ENSELUG00000019365	110494768	110527704	0
ENSELUG00000003951	110494043	110528377	0
ENSELUG00000014880	110508742	110536773	1
ENSELUG00000019523	110537845	118966696	0
ENSELUG00000020606	110494207	110528219	0
ENSELUG00000003814	110525935	110536312	0
ENSELUG00000003018	110490440	110500037	0
ENSELUG00000018702	110492196	110532415	0
ENSELUG00000007614	110493372	110522742	0
ENSELUG00000016613	110497333	110497340	1
ENSELUG00000004883	110521660	110524549	0
ENSELUG00000018435	110487855	110515531	0
ENSELUG00000010654	110521078	110529834	0
ENSELUG00000014768	110493400	118940278	1
ENSELUG00000022992	110508831	110530197	0
ENSELUG00000014148	110488558	110504772	0
ENSELUG00000005142	110490376	110500105	0
ENSELUG00000023319	110494129	110528279	0
ENSELUG00000005728	110502119	110520422	0
ENSELUG00000008553	110494483	110527978	0
ENSELUG00000017891	110502377	110527613	0
ENSELUG00000009973	110499446	110502781	0
ENSELUG00000015693	110501425	110520637	0
ENSELUG00000004460	110501608	110520472	0
ENSELUG00000019871	110521103	110529303	0
ENSELUG00000016766	110521465	110524330	0
ENSELUG00000017039	110499119	110524092	0
ENSELUG00000020495	110501318	110520540	0
ENSELUG00000016707	110502353	110527294	0
ENSELUG00000020693	110502269	110526347	0
ENSELUG00000008540	110533777	110537345	0
ENSELUG00000010435	110506609	110526482	1
ENSELUG00000023156	110490608	118936456	1
ENSELUG00000023038	110508974	110530071	0
ENSELUG00000003844	110491403	110499001	0
ENSELUG00000011887	110509192	110531011	0
ENSELUG00000012980	110493920	110528519	0
ENSELUG00000018676	110499406	110502731	0
ENSELUG00000018160	110492422	110531981	0
ENSELUG00000016941	110510004	110534008	0
ENSELUG00000005576	110502520	110521229	0
ENSELUG00000020843	110508901	110530136	0
ENSELUG00000023109	110494643	110527819	0
ENSELUG00000006597	110489903	110535653	0
ENSELUG00000003254	110485741	110493477	1
ENSELUG00000022457	110521800	110524729	0
ENSELUG00000007566	110506704	110526572	1
ENSELUG00000013916	110504130	110507189	0
ENSELUG00000010622	110487045	110514420	0
ENSELUG00000008784	110491631	110498800	0
ENSELUG00000011001	110508369	110535970	1
ENSELUG00000013558	110493908	110528538	0
ENSELUG00000015182	110503541	110507383	0
ENSELUG00000016035	110488611	110504821	0
ENSELUG00000024572	110487883	110496480	0
ENSELUG00000020347	110526797	110526798	1
ENSELUG00000020301	110499101	110502857	0
ENSELUG00000022194	110503907	110507752	0
ENSELUG00000014909	110502403	110527916	0
ENSELUG00000002004	110525490	110535871	0
ENSELUG00000000868	110508930	110530113	0
ENSELUG00000011661	110486102	110537986	0
ENSELUG00000000751	110492423	110531980	0
ENSELUG00000016994	110508658	110530398	0
ENSELUG00000006310	110491447	110499045	0
ENSELUG00000023403	110523772	110537150	0
ENSELUG00000016007	110489356	110513117	1
ENSELUG00000007732	110508435	110530681	0
ENSELUG00000013023	110500338	110531423	0
ENSELUG00000013668	110521518	110524389	0
ENSELUG00000007757	110521555	110524422	0
ENSELUG00000019758	110512702	110524258	0
ENSELUG00000022728	110502644	110530866	0
ENSELUG00000013597	110508311	110530782	0
ENSELUG00000006128	110501667	110520412	0
ENSELUG00000000920	110508897	110530137	0
ENSELUG00000000076	110488772	110504971	0
ENSELUG00000011689	110503613	110507496	0
ENSELUG00000021679	110508871	110530155	0
ENSELUG00000017535	110494282	110528153	0
ENSELUG00000001154	110490694	110516535	1
ENSELUG00000002566	110488803	110505005	0
ENSELUG00000003853	110501896	110520174	0
ENSELUG00000023801	118938212	118940354	0
ENSELUG00000004263	110523897	110537028	0
ENSELUG00000005668	110522329	110529706	0
ENSELUG00000018464	110495725	110521024	0
ENSELUG00000018368	110510024	110534029	1
ENSELUG00000015231	110500659	110531800	0
ENSELUG00000003959	110490409	110500071	0
ENSELUG00000017767	110509646	110509655	1
ENSELUG00000021960	110501452	110520109	0
ENSELUG00000001207	110486494	110538297	1
ENSELUG00000018165	110497270	110498620	1
ENSELUG00000015380	110508667	110530391	0
ENSELUG00000011309	110494037	110513605	0
ENSELUG00000015868	100301802	110490388	1
ENSELUG00000000085	110509573	110523357	0
ENSELUG00000019071	110488715	110504913	0
ENSELUG00000004651	110494565	110527901	0
ENSELUG00000018785	110485508	110518890	1
ENSELUG00000023016	110495480	110528832	1
ENSELUG00000006621	110486847	118947906	1
ENSELUG00000007016	110485888	110512719	1
ENSELUG00000009011	110486531	110513587	0
ENSELUG00000007502	110506708	110526573	1
ENSELUG00000009819	110514543	118942857	1
ENSELUG00000016452	110489561	110514542	1
ENSELUG00000007572	110486414	110538374	1
ENSELUG00000004665	110494564	110527902	0
ENSELUG00000005335	110521915	110537903	0
ENSELUG00000020637	110486690	110538646	1
ENSELUG00000015457	110522011	110529378	0
ENSELUG00000012787	110503588	110507467	0
ENSELUG00000011920	110503608	110507488	0
ENSELUG00000021813	110502937	110524219	0
ENSELUG00000019242	110494787	110528580	0
ENSELUG00000022539	110488876	110505073	0
ENSELUG00000006689	110490343	110500142	0
ENSELUG00000013781	110488078	110515724	0
ENSELUG00000005046	110491421	110499019	0
ENSELUG00000017118	110509245	110537306	1
ENSELUG00000017823	110510017	110534022	0
ENSELUG00000004423	110494571	110527896	0
ENSELUG00000014427	110492361	110532044	0
ENSELUG00000003192	118941095	118965229	1
ENSELUG00000003528	110492166	110521291	0
ENSELUG00000001919	110492498	110508385	0
ENSELUG00000016332	110521994	110529356	0
ENSELUG00000019736	110501497	110520071	0
ENSELUG00000010095	110492635	110532256	0
ENSELUG00000001736	110501618	110525190	0
ENSELUG00000017815	110499252	110524212	0
ENSELUG00000007594	110491822	110532211	0
ENSELUG00000022509	110508580	110530486	0
ENSELUG00000020705	110510231	110537964	1
ENSELUG00000020281	110488969	110505177	0
ENSELUG00000012268	110539073	118936532	1
ENSELUG00000023161	110496763	110522032	0
ENSELUG00000000274	110493383	110521389	0
ENSELUG00000000500	110522444	110529876	0
ENSELUG00000007003	110502478	110529161	0
ENSELUG00000020300	110494220	110528212	0
ENSELUG00000024622	110489367	110496482	0
ENSELUG00000015691	110494322	110528111	0
ENSELUG00000023421	100135796	110528786	1
ENSELUG00000007063	110502476	110529121	0
ENSELUG00000018147	110525280	110535701	0
ENSELUG00000016522	110502348	110527212	0
ENSELUG00000011842	110487370	110514831	1
ENSELUG00000012422	118936782	118941442	1
ENSELUG00000022526	110490944	110535221	0
ENSELUG00000005024	110487950	110496567	0
ENSELUG00000000549	110522078	110529463	0
ENSELUG00000006999	110491462	110499059	0
ENSELUG00000016011	110500634	110531774	0
ENSELUG00000023100	110508841	110530188	0
ENSELUG00000009245	110489093	110504690	0
ENSELUG00000024346	110497425	110524175	0
ENSELUG00000019510	110489244	110504290	0
ENSELUG00000018541	110499187	110502909	0
ENSELUG00000023206	110489795	110535211	0
ENSELUG00000013151	110503577	110507453	0
ENSELUG00000014743	110508656	110536748	1
ENSELUG00000020725	110488928	110505123	0
ENSELUG00000022763	110525561	110535930	0
ENSELUG00000024397	110489404	110496473	0
ENSELUG00000004288	110490395	110500084	0
ENSELUG00000018904	110499171	110502898	0
ENSELUG00000012778	110502441	110528418	0
ENSELUG00000005213	110501641	110520436	0
ENSELUG00000022877	110492750	110532511	0
ENSELUG00000019186	110509421	110534032	0
ENSELUG00000007955	110491480	110499112	0
ENSELUG00000001827	110527202	110527204	1
ENSELUG00000010710	110489602	110535409	0
ENSELUG00000004998	110487951	110496568	0
ENSELUG00000024325	110485683	118940357	1
ENSELUG00000021947	110508595	110530470	0
ENSELUG00000014044	110489668	110535346	0
ENSELUG00000018454	110504008	110507831	1
ENSELUG00000003724	110500482	110531626	0
ENSELUG00000021618	110508874	110530153	0
ENSELUG00000016464	110509086	110530924	0
ENSELUG00000015093	110486181	110538103	0
ENSELUG00000002081	110490503	110499971	1
ENSELUG00000004327	110497978	110505473	0
ENSELUG00000006647	110501682	110520402	0
ENSELUG00000011655	110508498	110536166	1
ENSELUG00000010865	110534555	118947748	1
ENSELUG00000014959	110513279	118936552	1
ENSELUG00000003694	110488743	110504941	0
ENSELUG00000008804	110489574	110536580	0
ENSELUG00000006361	110512591	110519436	1
ENSELUG00000005147	110493252	110527917	0
ENSELUG00000003886	110492097	110532567	0
ENSELUG00000010641	110492623	110532274	0
ENSELUG00000013731	110492650	110532789	0
ENSELUG00000003491	110488261	110524099	0
ENSELUG00000005287	110493251	110527918	0
ENSELUG00000013572	110485278	110487154	1
ENSELUG00000021113	110494191	110528237	0
ENSELUG00000023074	110490615	110499790	1
ENSELUG00000000609	110501410	110520625	0
ENSELUG00000012551	110509771	110523560	0
ENSELUG00000010825	110494437	110528006	0
ENSELUG00000005267	110485212	110511593	0
ENSELUG00000004580	110506775	110506779	1
ENSELUG00000001536	110521834	110524793	0
ENSELUG00000003890	110508500	110530573	0
ENSELUG00000022653	110501439	110520122	0
ENSELUG00000023025	110500537	110531673	0
ENSELUG00000002985	110485648	110524079	0
ENSELUG00000021539	110495804	110527425	1
ENSELUG00000021078	110495815	110527435	0
ENSELUG00000017612	110504042	110507865	0
ENSELUG00000017017	110486560	110538521	1
ENSELUG00000004228	110494574	110527890	0
ENSELUG00000022545	110485537	110485538	1
ENSELUG00000008766	110508156	110520778	1
ENSELUG00000004382	110501888	110520178	0
ENSELUG00000005317	110492065	110532600	0
ENSELUG00000011975	110500728	110531871	0
ENSELUG00000012450	110515822	118936324	1
ENSELUG00000023989	110497641	110505815	0
ENSELUG00000001121	110523952	110536977	0
ENSELUG00000022323	110509503	110523291	0
ENSELUG00000013254	110502432	110528321	0
ENSELUG00000013246	110499409	110524302	0
ENSELUG00000022714	110489779	110535215	0
ENSELUG00000014762	110498152	110505283	0
ENSELUG00000000444	110490197	110500261	0
ENSELUG00000008878	110521575	110524444	0
ENSELUG00000018645	110492197	110532413	0
ENSELUG00000014301	110497369	110534533	1
ENSELUG00000006314	110485814	118938221	0
ENSELUG00000019770	110537840	118966698	0
ENSELUG00000013422	110531576	118936687	1
ENSELUG00000009096	110485913	110493643	1
ENSELUG00000002983	110488768	110504963	0
ENSELUG00000004066	110490403	110500076	0
ENSELUG00000015556	110495923	110527538	1
ENSELUG00000007892	110491055	110532684	0
ENSELUG00000003966	110528380	118936271	0
ENSELUG00000020066	110497881	110532298	0
ENSELUG00000017523	110499217	118943894	0
ENSELUG00000003346	110492110	110532552	0
ENSELUG00000006338	110490074	110507348	0
ENSELUG00000005495	110497956	110505501	0
ENSELUG00000022911	110522233	110529615	0
ENSELUG00000023700	110501911	110520149	0
ENSELUG00000002490	110506886	110526987	1
ENSELUG00000004411	110497707	110505762	0
ENSELUG00000014865	110488578	110504788	0
ENSELUG00000015437	110508666	110530392	0
ENSELUG00000003232	110487509	110524090	0
ENSELUG00000002024	110538825	110538826	1
ENSELUG00000019491	110503690	110507566	0
ENSELUG00000007965	110525837	110536220	0
ENSELUG00000006130	110491439	110499037	0
ENSELUG00000002528	110491361	110498960	0
ENSELUG00000009664	110506656	110526527	0
ENSELUG00000004623	110490011	110535571	0
ENSELUG00000017295	110498223	110504170	0
ENSELUG00000005857	110521645	110524527	0
ENSELUG00000022044	110525208	110536435	0
ENSELUG00000001241	110508907	110530129	0
ENSELUG00000018625	110508634	110530427	0
ENSELUG00000017955	110492700	110516471	0
ENSELUG00000019263	110508942	110530103	0
ENSELUG00000001430	100136716	110535009	0
ENSELUG00000011131	110487191	110514600	0
ENSELUG00000023317	110485337	110485637	1
ENSELUG00000003633	110500488	110531631	0
ENSELUG00000019294	100462687	110502305	0
ENSELUG00000017249	110498626	110498627	1
ENSELUG00000006807	110497754	110505709	0
ENSELUG00000009817	110500381	110531482	0
ENSELUG00000015289	110521496	110524360	0
ENSELUG00000011364	110519516	110538805	1
ENSELUG00000010366	110500361	110531460	0
ENSELUG00000021763	110488909	110505104	0
ENSELUG00000018328	110526156	110535065	0
ENSELUG00000023433	110497634	118944266	0
ENSELUG00000012520	110508269	110531056	0
ENSELUG00000019851	110503702	110507578	0
ENSELUG00000015973	110533516	110537628	0
ENSELUG00000024350	110521873	110537936	0
ENSELUG00000012245	110487618	110515085	0
ENSELUG00000013111	110488539	110504751	0
ENSELUG00000002320	110494107	110528316	0
ENSELUG00000006731	110490080	110507332	0
ENSELUG00000023689	110501913	110520146	0
ENSELUG00000009179	110501597	110519990	0
ENSELUG00000022603	110508577	110530487	0
ENSELUG00000005635	110508460	110530639	0
ENSELUG00000011749	110522478	110529849	0
ENSELUG00000009490	110490787	110499791	1
ENSELUG00000023254	110491354	110525320	0
ENSELUG00000019170	110499161	110502890	0
ENSELUG00000014062	110522062	110529449	0
ENSELUG00000018451	110500599	110531729	0
ENSELUG00000000513	110503507	110507413	0
ENSELUG00000009393	110491522	110499144	0
ENSELUG00000004170	110523889	110537037	0
ENSELUG00000015305	110509960	110533972	0
ENSELUG00000021003	110486323	110538266	1
ENSELUG00000017591	110531337	110532874	1
ENSELUG00000007535	110489915	110535642	0
ENSELUG00000021370	110501462	110520099	0
ENSELUG00000003159	110491370	110498979	0
ENSELUG00000018548	110502003	110520484	0
ENSELUG00000023543	110494118	110528289	0
ENSELUG00000016584	110521992	110529341	0
ENSELUG00000004509	110485219	110486774	1
ENSELUG00000012502	110498103	110504187	0
ENSELUG00000011757	110501780	110520302	0
ENSELUG00000010180	110503654	110507531	0
ENSELUG00000003090	110485713	110493463	1
ENSELUG00000023280	110494131	110528278	0
ENSELUG00000002944	110485551	110524078	1
ENSELUG00000019899	110486661	110538621	1
ENSELUG00000004312	110500457	110532935	0
ENSELUG00000016467	110486070	110493768	0
ENSELUG00000018917	110510028	110534045	0
ENSELUG00000022900	110495781	110527407	0
ENSELUG00000019966	110534841	110537836	0
ENSELUG00000006583	110524873	110525986	0
ENSELUG00000013888	110525173	110535133	0
ENSELUG00000002367	110492827	110498948	0
ENSELUG00000019823	110506374	110526256	1
ENSELUG00000002747	110488784	110504982	0
ENSELUG00000000352	110489593	110535421	0
ENSELUG00000013518	110522443	110529878	0
ENSELUG00000010247	110486526	110538485	1
ENSELUG00000016075	110492673	110532800	0
ENSELUG00000017196	110506445	110526328	0
ENSELUG00000016765	110486068	110493766	0
ENSELUG00000001205	110502467	110528926	0
ENSELUG00000016461	110492801	110499567	0
ENSELUG00000007133	110486401	110538386	1
ENSELUG00000021948	110485570	118940349	1
ENSELUG00000001774	110496080	110530849	0
ENSELUG00000010268	110494440	110528004	0
ENSELUG00000010409	110493816	110510264	0
ENSELUG00000000402	100136261	110487241	0
ENSELUG00000009023	110503677	110507555	0
ENSELUG00000023865	110525536	110535056	0
ENSELUG00000010664	110506599	110526471	1
ENSELUG00000023372	110488858	110505057	0
ENSELUG00000020630	110502052	110520086	0
ENSELUG00000007806	110486279	110513241	0
ENSELUG00000023135	110488063	110496681	0
ENSELUG00000000372	110486500	110538289	1
ENSELUG00000009518	110509719	110523510	0
ENSELUG00000020743	110498668	110534431	0
ENSELUG00000020103	110497433	110534445	1
ENSELUG00000018206	110486081	110493796	0
ENSELUG00000005546	110488409	110496805	0
ENSELUG00000001851	100301807	110492489	0
ENSELUG00000001256	100136112	110521616	0
ENSELUG00000019367	110502013	110520510	0
ENSELUG00000014341	110493897	110528547	0
ENSELUG00000018951	110509542	110523212	0
ENSELUG00000023063	110508567	110530496	0
ENSELUG00000014165	110489664	110536558	0
ENSELUG00000008656	110533779	110537342	0
ENSELUG00000014624	110502050	110504879	0
ENSELUG00000004698	110509029	110530028	0
ENSELUG00000006317	110533726	110537401	0
ENSELUG00000006700	110521630	110524509	0
ENSELUG00000015207	110492255	110532351	0
ENSELUG00000015746	110492377	110532021	0
ENSELUG00000024592	110494140	110528306	0
ENSELUG00000012937	110493927	110529031	0
ENSELUG00000019822	110509911	110523701	0
ENSELUG00000001896	110511883	110527230	1
ENSELUG00000014800	110508021	110508022	1
ENSELUG00000016448	110492399	110532007	0
ENSELUG00000001233	110493855	110510928	0
ENSELUG00000015552	110498171	110505264	0
ENSELUG00000013215	110521072	110529236	0
ENSELUG00000021916	110533629	110537499	0
ENSELUG00000012801	110520870	110520882	1
ENSELUG00000001180	110490422	110500056	1
ENSELUG00000008419	110506687	110526556	1
ENSELUG00000006582	110493043	110521363	0
ENSELUG00000022880	110522231	110529613	0
ENSELUG00000003458	110491859	110532193	0
ENSELUG00000009856	110525798	110536176	0
ENSELUG00000018331	110521437	110524292	0
ENSELUG00000001583	110495458	110495475	1
ENSELUG00000009343	110504693	110519954	0
ENSELUG00000016360	110509991	110534000	0
ENSELUG00000016543	110486069	110493767	0
ENSELUG00000014142	110521510	110524377	0
ENSELUG00000013880	110488226	110496350	0
ENSELUG00000007056	110489906	110535651	0
ENSELUG00000018104	110533470	110537673	0
ENSELUG00000020464	110495835	110527453	1
ENSELUG00000015786	110523126	110536900	0
ENSELUG00000005028	110490379	110500102	1
ENSELUG00000009708	110504704	110519960	0
ENSELUG00000010037	110499942	110524575	0
ENSELUG00000013709	110485273	110487153	1
ENSELUG00000023358	110523770	110537152	0
ENSELUG00000010536	110501765	110520314	0
ENSELUG00000003296	110534121	110535510	1
ENSELUG00000013045	110503583	110507459	0
ENSELUG00000002479	110493210	110528336	0
ENSELUG00000013121	110492333	110531170	0
ENSELUG00000006791	110487992	110496603	0
ENSELUG00000010241	110500367	110531457	0
ENSELUG00000013282	110501571	110520009	0
ENSELUG00000013787	110492345	110532053	0
ENSELUG00000000396	110486523	110538483	1
ENSELUG00000000154	110523925	110536999	0
ENSELUG00000015779	110522003	110529182	0
ENSELUG00000005872	110526038	110536403	0
ENSELUG00000001907	110525508	110535892	0
ENSELUG00000023984	110522253	110529639	0
ENSELUG00000022612	110501441	110520120	0
ENSELUG00000013822	110522027	110529414	0
ENSELUG00000010455	110522500	110529830	0
ENSELUG00000017288	110499184	110524125	0
ENSELUG00000012000	110486019	110493733	1
ENSELUG00000023003	110501924	110520132	0
ENSELUG00000016600	110522100	110529487	0
ENSELUG00000019200	110494775	110527699	0
ENSELUG00000019626	110485610	110487262	1
ENSELUG00000013922	110533552	110537575	0
ENSELUG00000010232	110506618	110526960	1
ENSELUG00000008377	110489939	110535624	0
ENSELUG00000019014	110525609	110535974	0
ENSELUG00000020124	110502210	110522912	0
ENSELUG00000023001	110494645	110527815	0
ENSELUG00000007355	110521611	110524494	0
ENSELUG00000014644	110503553	110507395	0
ENSELUG00000021222	110503936	110507773	0
ENSELUG00000019997	110488018	110496631	0
ENSELUG00000023701	110489281	110496137	0
ENSELUG00000014645	110494346	110528092	0
ENSELUG00000010630	110506603	110526474	1
ENSELUG00000024443	100499580	110537136	0
ENSELUG00000019551	110499390	110502712	0
ENSELUG00000008913	110493572	110522748	0
ENSELUG00000006125	110487979	110496590	0
ENSELUG00000021263	100135867	100135868	0
ENSELUG00000015741	110508848	110530183	0
ENSELUG00000012873	110503164	118944670	0
ENSELUG00000008227	110497078	110528906	1
ENSELUG00000023633	110510130	110534135	0
ENSELUG00000018550	118944527	118964984	1
ENSELUG00000006663	110487688	110515164	0
ENSELUG00000020521	110485598	110495067	1
ENSELUG00000008238	110508028	110512028	1
ENSELUG00000004851	110487944	110496561	0
ENSELUG00000006244	110487981	110496592	0
ENSELUG00000005938	110491436	110499036	0
ENSELUG00000000786	110492429	110531977	0
ENSELUG00000023311	110534848	110537773	1
ENSELUG00000021823	110496459	110521835	0
ENSELUG00000013248	110490682	110516816	1
ENSELUG00000000913	110487255	118940339	1
ENSELUG00000004884	110521119	110529275	0
ENSELUG00000004378	110489160	110504571	0
ENSELUG00000006308	110486380	110538412	1
ENSELUG00000006139	110492049	110532623	0
ENSELUG00000015594	110522352	110529887	0
ENSELUG00000020212	110494734	110527726	0
ENSELUG00000017401	100505416	110492412	0
ENSELUG00000023442	110493432	110493435	1
ENSELUG00000007468	110523955	110536971	0
ENSELUG00000004360	110524122	110530936	0
ENSELUG00000003188	110487385	110524089	0
ENSELUG00000017966	110510021	110534024	0
ENSELUG00000004094	110508499	110530581	0
ENSELUG00000000068	110523837	110537089	0
ENSELUG00000001364	110502572	110530152	0
ENSELUG00000014877	110521502	110524370	0
ENSELUG00000002224	110498079	110505358	0
ENSELUG00000022860	110495784	110527410	0
ENSELUG00000000844	110509531	110523223	0
ENSELUG00000023424	110492738	110532521	0
ENSELUG00000000336	110490156	110500288	0
ENSELUG00000013308	110494385	110518777	0
ENSELUG00000016375	110492391	110532008	0
ENSELUG00000014262	110508303	110530797	0
ENSELUG00000017253	110511972	110515544	1
ENSELUG00000006442	110502495	110529369	0
ENSELUG00000008169	110533775	110537349	0
ENSELUG00000002232	110490897	110536586	0
ENSELUG00000021527	110533395	110537811	0
ENSELUG00000000650	100136128	110509348	0
ENSELUG00000006159	110506737	110526601	0
ENSELUG00000002057	110498091	110505350	0
ENSELUG00000017857	110487870	110496720	0
ENSELUG00000007039	110533743	110537375	0
ENSELUG00000001111	110491078	110533024	0
ENSELUG00000022087	110494177	110528252	0
ENSELUG00000015831	110492379	110531165	0
ENSELUG00000013437	110497383	110534507	1
ENSELUG00000013399	110525727	110536098	0
ENSELUG00000004143	110485724	110493501	1
ENSELUG00000023997	110521779	110524693	0
ENSELUG00000015899	110508957	110534365	1
ENSELUG00000020044	110494226	110528205	0
ENSELUG00000017881	110509873	110523659	0
ENSELUG00000011711	110491911	110532746	0
ENSELUG00000007687	110522558	110529769	0
ENSELUG00000012990	110503585	110507462	0
ENSELUG00000010389	110509730	110523517	0
ENSELUG00000019303	110521418	110524271	0
ENSELUG00000020532	110509425	110534063	0
ENSELUG00000017214	110499214	110502931	0
ENSELUG00000007448	100653463	110523463	0
ENSELUG00000022675	110508573	110530491	0
ENSELUG00000013630	110496981	110519331	1
ENSELUG00000015140	110491290	110499496	0
ENSELUG00000021832	110490654	110490657	1
ENSELUG00000024167	110521777	110524685	0
ENSELUG00000000312	110494033	110528430	0
ENSELUG00000019133	110502029	110520498	0
ENSELUG00000011670	110508341	110530803	0
ENSELUG00000017243	110495269	110520537	0
ENSELUG00000002252	110498078	110505368	0
ENSELUG00000011115	110516738	118936549	1
ENSELUG00000014683	110486161	110538084	0
ENSELUG00000011946	110501784	110520296	0
ENSELUG00000004747	110490005	110535575	0
ENSELUG00000013923	110485976	110493702	1
ENSELUG00000019176	110489743	110535259	0
ENSELUG00000000069	110509567	110523353	0
ENSELUG00000002282	110491348	110498940	0
ENSELUG00000017977	100136071	110509563	1
ENSELUG00000016338	110509989	110533996	0
ENSELUG00000006392	110494521	110527942	0
ENSELUG00000014542	110504118	110507936	0
ENSELUG00000013406	110508694	110530354	0
ENSELUG00000016946	110525670	110536038	0
ENSELUG00000020152	110506219	118936604	1
ENSELUG00000012841	110521546	110524409	0
ENSELUG00000008036	110491981	110531237	0
ENSELUG00000003363	110491379	110498985	0
ENSELUG00000004467	110491408	110499011	0
ENSELUG00000004735	110518612	110538730	1
ENSELUG00000023933	110500519	110531655	0
ENSELUG00000023627	110488848	110505053	0
ENSELUG00000014499	110493836	110527669	0
ENSELUG00000019277	110489745	110535256	0
ENSELUG00000015845	110521035	110529367	0
ENSELUG00000001006	110488111	110496462	0
ENSELUG00000007966	110508781	110530249	0
ENSELUG00000008462	110502462	110532653	0
ENSELUG00000022338	110486720	110538669	1
ENSELUG00000006388	110485229	110486827	1
ENSELUG00000005099	110524004	110529807	0
ENSELUG00000013349	110533567	110537560	0
ENSELUG00000007911	110489925	110535634	0
ENSELUG00000005964	110489975	110535602	0
ENSELUG00000020200	110523706	110537214	0
ENSELUG00000021860	110533621	110537502	0
ENSELUG00000000971	110522226	110529606	0
ENSELUG00000016323	110525685	110536051	0
ENSELUG00000022128	110506955	110506960	1
ENSELUG00000014431	110533536	110537603	0
ENSELUG00000001756	110514095	110534710	0
ENSELUG00000022757	110526739	110526776	1
ENSELUG00000019875	110503704	110507075	0
ENSELUG00000021329	110501465	110520096	0
ENSELUG00000004217	110497981	110505472	0
ENSELUG00000021877	110488905	110504161	0
ENSELUG00000017240	110488654	110504855	0
ENSELUG00000022105	100136153	110533312	0
ENSELUG00000009604	110508768	110530271	0
ENSELUG00000022932	110498685	110534372	0
ENSELUG00000011910	110502453	110528603	0
ENSELUG00000008435	110491973	110531239	0
ENSELUG00000013603	110509795	110523582	0
ENSELUG00000018796	110487849	110496746	0
ENSELUG00000024007	110488838	110505043	0
ENSELUG00000013690	110487432	110487435	1
ENSELUG00000003291	110492114	110532549	0
ENSELUG00000020049	110524249	110532071	0
ENSELUG00000002675	110495606	110527283	1
ENSELUG00000023958	110521780	110524694	0
ENSELUG00000017424	110501857	110520650	0
ENSELUG00000009260	110491516	110498769	0
ENSELUG00000017369	110493413	118940029	1
ENSELUG00000023004	110508568	110530495	0
ENSELUG00000019954	110489752	110535248	0
ENSELUG00000013624	110508575	110536367	1
ENSELUG00000016924	110525671	110536039	0
ENSELUG00000004560	110501614	110520466	0
ENSELUG00000004390	110497705	110505763	0
ENSELUG00000024377	110533367	110537744	0
ENSELUG00000018323	110499414	110502739	0
ENSELUG00000002126	110490488	110499977	1
ENSELUG00000023592	100136605	110534129	0
ENSELUG00000008342	110489076	110504391	0
ENSELUG00000021957	110492706	110531301	0
ENSELUG00000019802	110509910	110523700	0
ENSELUG00000007826	110494960	110528411	0
ENSELUG00000011916	110500730	110531873	0
ENSELUG00000018965	110487846	110496750	0
ENSELUG00000007755	110488077	110496690	0
ENSELUG00000002905	110487905	110496517	0
ENSELUG00000023396	110488217	110499425	0
ENSELUG00000018482	110493314	110493320	1
ENSELUG00000010306	110492630	110532267	0
ENSELUG00000010415	110503477	110508013	0
ENSELUG00000010991	110493181	110527644	0
ENSELUG00000018430	110508638	110530423	0
ENSELUG00000019438	110502303	110532536	0
ENSELUG00000007365	110485958	110493680	1
ENSELUG00000007368	110488087	110496696	0
ENSELUG00000013226	110487899	110515384	0
ENSELUG00000002877	110485689	110493440	1
ENSELUG00000023294	110496780	110522154	0
ENSELUG00000017322	110486569	110538527	1
ENSELUG00000003574	110492102	110532562	0
ENSELUG00000022157	110503908	110507753	0
ENSELUG00000005015	110521120	110529270	0
ENSELUG00000015002	110492369	110532034	0
ENSELUG00000015196	110508790	110536899	1
ENSELUG00000014625	110498147	110505287	0
ENSELUG00000012376	110497222	110498425	1
ENSELUG00000006620	110526048	110536412	0
ENSELUG00000020117	110508920	110530934	0
ENSELUG00000017661	110525299	110535709	0
ENSELUG00000002778	110506855	110526669	1
ENSELUG00000014171	110508681	110530368	0
ENSELUG00000008608	110491969	110532703	0
ENSELUG00000000065	110506858	110506862	1
ENSELUG00000017042	110521462	110524325	0
ENSELUG00000000629	110489714	110535296	0
ENSELUG00000007099	110501812	110520263	0
ENSELUG00000022331	110494167	110528261	0
ENSELUG00000016000	100136666	110528118	0
ENSELUG00000011960	110508729	110530319	0
ENSELUG00000006171	110509652	110523432	0
ENSELUG00000000278	110494498	110527970	0
ENSELUG00000007159	110515567	110516199	0
ENSELUG00000006820	110533740	110537380	0
ENSELUG00000002416	110489540	110535485	0
ENSELUG00000002391	110488820	110505027	0
ENSELUG00000007778	110533758	110537361	0
ENSELUG00000013815	110486093	118938348	1
ENSELUG00000002379	110498067	110505382	0
ENSELUG00000005594	110522322	110529702	0
ENSELUG00000014565	110500676	110531820	0
ENSELUG00000005313	110520734	110520736	1
ENSELUG00000020165	110506309	110524245	0
ENSELUG00000004626	110494567	110527899	0
ENSELUG00000015108	110498167	110505269	0
ENSELUG00000014585	110503556	110507397	0
ENSELUG00000012011	110522470	110529851	0
ENSELUG00000009622	110508766	110530272	0
ENSELUG00000011299	110491920	110531250	0
ENSELUG00000012080	110522466	110529856	0
ENSELUG00000007107	110492014	110532654	0
ENSELUG00000006406	110506733	110526967	1
ENSELUG00000015366	110488592	110504407	0
ENSELUG00000014723	110496975	110512526	1
ENSELUG00000008184	110488518	110496010	0
ENSELUG00000005192	110489994	110536598	0
ENSELUG00000019540	110509903	110523692	0
ENSELUG00000006312	110509657	110522825	0
ENSELUG00000004465	110522296	110529678	0
ENSELUG00000020542	110501950	110521553	0
ENSELUG00000014003	110489669	110535349	0
ENSELUG00000008012	110494984	110528417	0
ENSELUG00000005622	110521648	110524532	0
ENSELUG00000015406	110508845	110534346	1
ENSELUG00000017195	110488650	110504854	0
ENSELUG00000022040	110489323	110496184	0
ENSELUG00000011152	110494425	110528019	0
ENSELUG00000022283	110515059	118964958	1
ENSELUG00000017233	110486223	110538153	0
ENSELUG00000003730	110501899	110520167	0
ENSELUG00000000857	110501290	110504652	0
ENSELUG00000022519	110488875	110505072	0
ENSELUG00000018071	110517635	110533769	0
ENSELUG00000018485	110490935	110535264	0
ENSELUG00000012532	110493506	110524144	0
ENSELUG00000016301	110526841	110526842	1
ENSELUG00000023644	110520978	110531079	0
ENSELUG00000003909	110497059	118965249	1
ENSELUG00000003472	110512697	110526110	1
ENSELUG00000021134	110494720	110527739	0
ENSELUG00000013057	110487476	118937785	1
ENSELUG00000003415	110500492	110531634	0
ENSELUG00000015941	110506491	110526369	0
ENSELUG00000013022	110489642	110535372	0
ENSELUG00000003241	110523859	110537068	0
ENSELUG00000019393	110510044	110534050	0
ENSELUG00000020651	110523723	110537202	0
ENSELUG00000001254	110502642	110530770	0
ENSELUG00000014509	110506511	110526390	1
ENSELUG00000024451	110488100	110496474	0
ENSELUG00000012121	110495406	118965217	1
ENSELUG00000011178	110508349	110530738	0
ENSELUG00000014322	110494354	110528083	0
ENSELUG00000023693	110494625	110527841	0
ENSELUG00000008965	110491962	110532695	0
ENSELUG00000004930	110526024	110536385	0
ENSELUG00000016254	110492389	110532012	0
ENSELUG00000015145	110534869	110537612	0
ENSELUG00000015860	110494752	110520206	0
ENSELUG00000019651	110509906	110523698	0
ENSELUG00000024523	110485175	110538415	1
ENSELUG00000019741	110502291	110526548	0
ENSELUG00000010971	118938877	118942848	1
ENSELUG00000008737	110508167	110508190	1
ENSELUG00000023359	110488129	110496445	0
ENSELUG00000023979	110488110	110496464	0
ENSELUG00000015246	110486184	110538106	0
ENSELUG00000021197	110508890	118965528	0
ENSELUG00000015169	110508782	110536887	1
ENSELUG00000001620	110488210	110496365	0
ENSELUG00000014053	100136210	100136953	1
ENSELUG00000015954	110509977	110533988	0
ENSELUG00000005293	110497959	110505498	0
ENSELUG00000024290	110521774	110524677	0
ENSELUG00000016160	110496761	118946523	0
ENSELUG00000005199	110501640	110520437	0
ENSELUG00000019971	110498279	110505959	0
ENSELUG00000014520	110495391	110495392	1
ENSELUG00000021186	110523732	110537186	0
ENSELUG00000003687	110509601	110523387	0
ENSELUG00000022630	110501440	110520121	0
ENSELUG00000001886	110495541	118941037	1
ENSELUG00000008543	110490524	110535605	1
ENSELUG00000007894	110497905	110505563	0
ENSELUG00000010859	110526888	110536156	0
ENSELUG00000003779	110497695	110505770	0
ENSELUG00000012223	110522462	110529859	0
ENSELUG00000003497	110491860	110532189	0
ENSELUG00000012225	110533873	110537246	0
ENSELUG00000016978	110525668	110536035	0
ENSELUG00000009814	100301803	110488158	0
ENSELUG00000022756	110533333	110537781	0
ENSELUG00000014034	110503506	110507421	0
ENSELUG00000008002	110508778	110530253	0
ENSELUG00000008183	110491641	110498797	0
ENSELUG00000013926	110488228	110496349	0
ENSELUG00000014943	110494337	110528100	0
ENSELUG00000014326	110488565	110504775	0
ENSELUG00000004036	110486087	110493802	0
ENSELUG00000016660	110494298	110528141	0
ENSELUG00000006451	110490107	110491314	0
ENSELUG00000007095	110502475	110529113	0
ENSELUG00000015297	110491286	110499499	0
ENSELUG00000018727	110508219	110530089	0
ENSELUG00000014977	110513280	118936319	1
ENSELUG00000023015	110488868	110505065	0
ENSELUG00000010355	110525789	110536168	0
ENSELUG00000013944	110492664	110532786	0
ENSELUG00000022797	110501931	110520126	0
ENSELUG00000019968	110508925	110530117	0
ENSELUG00000004988	110509035	110530021	0
ENSELUG00000021627	110503925	110507766	0
ENSELUG00000006944	110525851	110536236	0
ENSELUG00000019164	110489742	110535260	0
ENSELUG00000005666	100136673	110508819	0
ENSELUG00000013612	110523056	118938406	1
ENSELUG00000013335	110524129	110531395	0
ENSELUG00000000700	110495464	110520739	0
ENSELUG00000016416	110517083	118944501	1
ENSELUG00000020431	110522183	110529560	0
ENSELUG00000019636	110488959	110505160	0
ENSELUG00000023373	110499427	110502751	0
ENSELUG00000013943	110503301	110507425	0
ENSELUG00000016225	110521996	110529357	0
ENSELUG00000011931	101268940	110499569	0
ENSELUG00000012325	118948229	118948632	1
ENSELUG00000024201	110488954	110505153	0
ENSELUG00000006428	110492037	110532630	0
ENSELUG00000002228	110521744	110524637	0
ENSELUG00000020926	110490714	110499695	1
ENSELUG00000013872	110508305	110530787	0
ENSELUG00000005092	110501638	110520441	0
ENSELUG00000019542	110511302	118964972	1
ENSELUG00000007647	110525841	110536224	0
ENSELUG00000016532	110525314	110535726	0
ENSELUG00000004413	110500456	110531602	0
ENSELUG00000022668	110508576	110530489	0
ENSELUG00000015908	110522002	110529181	0
ENSELUG00000011958	110502452	110528582	0
ENSELUG00000006418	110489387	110496868	0
ENSELUG00000001379	110489787	110535213	0
ENSELUG00000001846	110490576	110499893	1
ENSELUG00000017999	110499424	110502749	0
ENSELUG00000018769	110508956	110530090	0
ENSELUG00000014705	110488146	110515888	1
ENSELUG00000016190	110500640	110531769	0
ENSELUG00000015878	110486038	110493755	0
ENSELUG00000023970	110491071	110533026	0
ENSELUG00000023498	110493433	110493437	1
ENSELUG00000012971	110498114	110504186	0
ENSELUG00000022324	110488887	110505082	0
ENSELUG00000006500	110494518	110527946	0
ENSELUG00000022141	110508165	110530476	0
ENSELUG00000024124	110498422	110515679	0
ENSELUG00000015912	110499248	110503032	0
ENSELUG00000021056	110509490	110523259	0
ENSELUG00000001591	110485145	110511665	1
ENSELUG00000006554	110485827	110493571	1
ENSELUG00000004092	110502022	110520477	0
ENSELUG00000002275	110496917	110527266	1
ENSELUG00000022784	110517597	110526738	1
ENSELUG00000000075	110498042	110505405	0
ENSELUG00000019572	110510048	110534054	0
ENSELUG00000005259	110502542	110529921	0
ENSELUG00000010535	110508361	110530686	0
ENSELUG00000004915	110526629	110526633	1
ENSELUG00000013530	110522031	110529418	0
ENSELUG00000004677	110491412	110499013	0
ENSELUG00000008111	110508776	110530254	0
ENSELUG00000017626	110497297	110497298	1
ENSELUG00000012083	110516884	118941436	1
ENSELUG00000005224	110523918	110537005	0
ENSELUG00000020720	110523726	110537204	0
ENSELUG00000020108	110503973	110507814	0
ENSELUG00000003973	110488736	110504935	0
ENSELUG00000018228	110495659	110520933	0
ENSELUG00000010787	110509735	110523524	0
ENSELUG00000003274	110497677	118944303	0
ENSELUG00000002103	110497024	110504762	1
ENSELUG00000017833	110503369	110507853	0
ENSELUG00000013043	110498117	110504185	0
ENSELUG00000007543	110522768	110524490	0
ENSELUG00000010019	110500379	110531477	0
ENSELUG00000010356	110519241	118936630	1
ENSELUG00000007590	110521552	110524419	0
ENSELUG00000020412	110503963	110507795	0
ENSELUG00000000310	110509205	110530996	0
ENSELUG00000003857	100135866	110536311	0
ENSELUG00000015716	118938164	118940266	1
ENSELUG00000011405	110532089	118936330	1
ENSELUG00000000381	110508359	110531006	0
ENSELUG00000009804	110503662	110507540	0
ENSELUG00000021601	110523752	110537171	0
ENSELUG00000022187	100653437	110505089	0
ENSELUG00000012934	110522449	110529869	0
ENSELUG00000006922	110490339	110500148	0
ENSELUG00000006916	110515093	110538789	1
ENSELUG00000003533	110494598	110527874	0
ENSELUG00000013832	110533554	110537573	0
ENSELUG00000021206	118938931	118943005	1
ENSELUG00000014962	110488244	110496337	0
ENSELUG00000006964	110501815	110520260	0
ENSELUG00000022626	110525566	110535937	0
ENSELUG00000019126	110492701	110531290	0
ENSELUG00000020925	110488924	110505120	0
ENSELUG00000012952	110494381	110528055	0
ENSELUG00000004366	110508485	110530597	0
ENSELUG00000015976	100135844	110504077	0
ENSELUG00000011693	110533595	110537531	0
ENSELUG00000015384	110491285	110499563	0
ENSELUG00000006341	110494522	110527941	0
ENSELUG00000005502	110486794	110538756	1
ENSELUG00000005419	110486792	110538753	1
ENSELUG00000019784	110502290	110526533	0
ENSELUG00000001616	110503185	110508005	0
ENSELUG00000006611	110492030	110532638	0
ENSELUG00000008911	110486447	110538337	1
ENSELUG00000015397	110491119	110532026	0
ENSELUG00000014079	110494360	110528980	0
ENSELUG00000020906	110521825	110524763	0
ENSELUG00000005517	110502534	110529822	0
ENSELUG00000002699	110498046	110505399	0
ENSELUG00000016205	110497344	110534556	1
ENSELUG00000010405	110525787	110535087	0
ENSELUG00000014294	100301859	110530371	0
ENSELUG00000013861	110528836	110528837	1
ENSELUG00000024181	110521877	110537930	0
ENSELUG00000021271	110510072	110534087	0
ENSELUG00000014007	110503503	110507424	0
ENSELUG00000011652	110527179	110527180	1
ENSELUG00000006822	110494508	110527956	0
ENSELUG00000006538	110508451	110530990	0
ENSELUG00000000886	110486674	110538631	1
ENSELUG00000008738	110495739	110528880	0
ENSELUG00000020593	110486688	110538643	1
ENSELUG00000021849	110490637	110490638	1
ENSELUG00000006337	110486383	110538409	1
ENSELUG00000014525	110498144	110505291	0
ENSELUG00000007136	110492012	110532656	0
ENSELUG00000017719	110522127	110529512	0
ENSELUG00000000067	110491385	110498963	0
ENSELUG00000020411	110497439	110534440	1
ENSELUG00000007546	110502469	110528986	0
ENSELUG00000016234	110509073	110529999	0
ENSELUG00000016727	110491162	110532819	0
ENSELUG00000015674	110498854	110523812	0
ENSELUG00000000161	110508818	110530213	0
ENSELUG00000010525	110506606	110526477	1
ENSELUG00000003420	110498330	110505783	0
ENSELUG00000016819	110502358	110527342	0
ENSELUG00000013562	110489680	110535362	0
ENSELUG00000002928	110501673	110521236	0
ENSELUG00000004144	110534053	118937745	1
ENSELUG00000020173	110508828	110530198	0
ENSELUG00000004700	110485222	110511897	1
ENSELUG00000013683	110509916	110533930	0
ENSELUG00000003086	110494060	110528359	0
ENSELUG00000001897	110490562	110499909	1
ENSELUG00000005812	110502523	110529681	0
ENSELUG00000012202	110494277	110524153	0
ENSELUG00000020633	110523722	110537205	0
ENSELUG00000010289	110500829	110531469	0
ENSELUG00000006094	110501666	110520413	0
ENSELUG00000022567	110521795	110524724	0
ENSELUG00000009614	110494459	110527990	0
ENSELUG00000019552	110522587	110529308	0
ENSELUG00000023045	110490616	110500977	1
ENSELUG00000024006	110521881	110537924	0
ENSELUG00000024074	110533360	110537755	0
ENSELUG00000018052	110489364	110496894	0
ENSELUG00000000869	110509299	110523227	0
ENSELUG00000000784	110510025	110534030	0
ENSELUG00000012729	110493933	110528512	0
ENSELUG00000020314	110488938	110505134	0
ENSELUG00000003410	100136741	110500054	1
ENSELUG00000011008	110487169	110514548	0
ENSELUG00000024077	110510139	110534145	0
ENSELUG00000005318	110489113	110504599	0
ENSELUG00000010156	110502237	110525910	0
ENSELUG00000023269	110488130	110496443	0
ENSELUG00000016628	110521470	110524333	0
ENSELUG00000007877	110508430	110530683	0
ENSELUG00000016702	110498199	110505212	0
ENSELUG00000010526	110507732	110535823	1
ENSELUG00000007583	110501803	110520276	0
ENSELUG00000019783	110499384	110502705	0
ENSELUG00000007602	110494966	110528406	0
ENSELUG00000023663	110523995	110536923	0
ENSELUG00000000688	110500603	110531734	0
ENSELUG00000012413	110522056	110529443	0
ENSELUG00000009704	110509336	110522861	0
ENSELUG00000002668	100135988	110525975	0
ENSELUG00000019175	110492186	110532424	0
ENSELUG00000008455	110494487	110527975	0
ENSELUG00000013053	110499418	110524313	0
ENSELUG00000013583	110524019	110533496	0
ENSELUG00000001337	110534850	110537745	0
ENSELUG00000016608	110494300	110528138	0
ENSELUG00000016616	110492600	110532814	0
ENSELUG00000016087	110492674	110532801	0
ENSELUG00000010777	110490677	110514895	1
ENSELUG00000002183	110489551	110535469	0
ENSELUG00000015222	110508798	110536908	1
ENSELUG00000019001	110522163	110529539	0
ENSELUG00000020372	110523711	110537213	0
ENSELUG00000019989	110494232	110528202	0
ENSELUG00000021923	110533626	110537497	0
ENSELUG00000007488	110491997	110532670	0
ENSELUG00000023531	110488123	110496451	0
ENSELUG00000023355	110495748	110528876	1
ENSELUG00000000881	110502286	110526511	0
ENSELUG00000004819	110510159	110534159	0
ENSELUG00000006283	110521908	110539104	0
ENSELUG00000010113	110521590	110524464	0
ENSELUG00000006776	110496030	110513167	0
ENSELUG00000019031	110518941	118946021	0
ENSELUG00000020247	110499371	110502694	0
ENSELUG00000000439	110508726	110530321	0
ENSELUG00000018346	110489738	110535272	0
ENSELUG00000003977	110494041	110528382	0
ENSELUG00000007673	110487640	110496100	0
ENSELUG00000022252	110502652	110530947	0
ENSELUG00000019251	110502304	110526678	0
ENSELUG00000009789	110489410	110496425	0
ENSELUG00000017114	110494283	110528152	0
ENSELUG00000005843	110492056	110532618	0
ENSELUG00000013777	110521516	110524384	0
ENSELUG00000006725	110497753	110505710	0
ENSELUG00000014258	110487055	110487059	1
ENSELUG00000001159	110500393	110531495	0
ENSELUG00000017165	110508654	110530400	0
ENSELUG00000022562	110508578	110530975	0
ENSELUG00000014464	110486157	110538081	0
ENSELUG00000004938	110522643	110529271	0
ENSELUG00000024489	110494117	110528304	0
ENSELUG00000017076	110525664	110536032	0
ENSELUG00000024395	110495519	110512308	1
ENSELUG00000011164	110526886	110536151	0
ENSELUG00000015000	110508756	110536796	1
ENSELUG00000014732	110494344	110528094	0
ENSELUG00000021528	110521815	110524753	0
ENSELUG00000010891	110503642	110507067	0
ENSELUG00000016639	110488623	110504831	0
ENSELUG00000008531	110486916	110538912	1
ENSELUG00000018190	110504018	110507844	0
ENSELUG00000001783	110490781	110501007	1
ENSELUG00000006065	110489979	110535594	0
ENSELUG00000004872	110515018	110522639	0
ENSELUG00000004562	110509025	110530035	0
ENSELUG00000006607	110508799	110530227	0
ENSELUG00000020053	110485601	118936522	1
ENSELUG00000005223	110509043	110530014	0
ENSELUG00000010679	110509734	110523523	0
ENSELUG00000005144	110497964	110505495	0
ENSELUG00000019546	110492176	110532435	0
ENSELUG00000016547	110500881	110532974	0
ENSELUG00000018122	110492421	110531982	0
ENSELUG00000005623	110520732	118936609	1
ENSELUG00000000273	110491477	110499067	0
ENSELUG00000003037	110509581	110523365	0
ENSELUG00000017830	110486078	110493789	1
ENSELUG00000022241	110494172	110528257	0
ENSELUG00000001870	110492499	110531947	0
ENSELUG00000005472	110502538	110521224	0
ENSELUG00000004096	101268939	110532569	0
ENSELUG00000007386	110493358	110521386	0
ENSELUG00000010460	110538027	110538028	0
ENSELUG00000006752	110502082	110520401	0
ENSELUG00000000343	110500950	110531358	0
ENSELUG00000016533	110499237	110502952	1
ENSELUG00000011465	110488191	110496388	0
ENSELUG00000004783	110518584	118938768	1
ENSELUG00000023176	110525552	118936292	0
ENSELUG00000008700	110508403	110530706	0
ENSELUG00000023929	110508555	110530508	0
ENSELUG00000022240	110525193	110536449	0
ENSELUG00000013564	110489354	118943830	1
ENSELUG00000012796	110503167	110507969	0
ENSELUG00000018093	110499336	110524273	0
ENSELUG00000021045	110486324	110538267	1
ENSELUG00000023423	110497633	110505823	0
ENSELUG00000008108	110491982	110532685	0
ENSELUG00000012675	110509772	110523563	0
ENSELUG00000002755	110513407	118950607	1
ENSELUG00000008150	118936816	118936860	1
ENSELUG00000012819	110494384	110528051	0
ENSELUG00000022499	110495455	118965247	1
ENSELUG00000009813	110493697	110509244	0
ENSELUG00000020494	110502273	110526371	0
ENSELUG00000020909	110501335	110520558	0
ENSELUG00000007301	110492004	110532659	0
ENSELUG00000000717	110510013	110534019	0
ENSELUG00000009387	110516868	118936542	1
ENSELUG00000003657	110500487	110531630	0
ENSELUG00000001229	110495654	110527327	1
ENSELUG00000003740	110494591	110527879	0
ENSELUG00000006208	110501672	110520411	0
ENSELUG00000006945	100136658	110494977	0
ENSELUG00000017935	110494271	110528159	0
ENSELUG00000019364	100305310	110508940	0
ENSELUG00000012800	110492686	110524140	0
ENSELUG00000018113	110502380	110527687	0
ENSELUG00000005266	100301815	110497723	0
ENSELUG00000022200	110489214	110504538	0
ENSELUG00000015896	110491273	110499507	0
ENSELUG00000010862	110509737	110523525	0
ENSELUG00000019933	110522592	110529304	0
ENSELUG00000006986	110487996	110496611	0
ENSELUG00000021347	110502612	110521184	1
ENSELUG00000022340	110494166	110528260	0
ENSELUG00000021070	110510069	110534082	0
ENSELUG00000011592	110492316	110532085	0
ENSELUG00000002331	110525942	110536321	0
ENSELUG00000015919	110500632	110531776	0
ENSELUG00000019376	110499079	110503128	0
ENSELUG00000005781	110485797	110493545	1
ENSELUG00000012909	110502439	118965320	0
ENSELUG00000002013	100653449	110499954	1
ENSELUG00000003294	110488940	110505137	0
ENSELUG00000010662	110508304	110535873	1
ENSELUG00000016817	110498629	118941430	1
ENSELUG00000019970	110502284	110526503	0
ENSELUG00000008681	110525827	110536206	0
ENSELUG00000018144	100136219	110532402	0
ENSELUG00000013770	110508689	110530362	0
ENSELUG00000003747	110500480	110531623	0
ENSELUG00000013635	110503494	110507437	0
ENSELUG00000005673	110502529	110522714	0
ENSELUG00000008264	110491825	110532223	0
ENSELUG00000015857	110523129	110536905	0
ENSELUG00000014242	110506520	110526401	1
ENSELUG00000012837	100301831	110492528	0
ENSELUG00000000443	110508725	110530323	0
ENSELUG00000007329	110508444	110530677	0
ENSELUG00000003385	110498014	110505433	0
ENSELUG00000020241	100136774	110534057	0
ENSELUG00000019848	110486288	110538221	1
ENSELUG00000002591	110488799	110505004	0
ENSELUG00000023164	110485631	110485632	1
ENSELUG00000006704	110490341	110500144	0
ENSELUG00000003818	110497992	110505457	0
ENSELUG00000020208	110508827	110530201	0
ENSELUG00000002662	110520992	110524620	0
ENSELUG00000004426	110526068	110531936	0
ENSELUG00000013708	110489674	110535357	0
ENSELUG00000009369	110506672	110526541	1
ENSELUG00000018225	110499191	110503137	0
ENSELUG00000007721	110488079	110496691	0
ENSELUG00000009390	110494679	110527792	0
ENSELUG00000022870	110495476	110528830	1
ENSELUG00000013891	110504129	110507951	0
ENSELUG00000016914	110502359	110527358	0
ENSELUG00000020271	110503965	110507811	0
ENSELUG00000007081	118936831	118936874	0
ENSELUG00000002740	110494074	110528349	0
ENSELUG00000011696	110490140	110519367	0
ENSELUG00000011841	110501782	110520299	0
ENSELUG00000013556	110492339	110532058	0
ENSELUG00000011935	110495412	110522577	1
ENSELUG00000017244	110490269	110500207	1
ENSELUG00000018433	110502327	110532561	0
ENSELUG00000024168	101268945	110523781	0
ENSELUG00000009680	110497086	110528795	1
ENSELUG00000021002	110498284	110505988	0
ENSELUG00000009495	110486467	110538319	1
ENSELUG00000013225	110500706	110532979	0
ENSELUG00000019588	100305215	110524259	0
ENSELUG00000022126	110521808	110524739	0
ENSELUG00000009084	110525805	110536197	0
ENSELUG00000022582	110488871	110505070	0
ENSELUG00000011566	110487342	110514794	0
ENSELUG00000013746	110489675	110535358	0
ENSELUG00000022001	110533405	110537796	0
ENSELUG00000023492	110486741	110538689	1
ENSELUG00000020457	110506262	110524243	0
ENSELUG00000017206	110502368	110527498	0
ENSELUG00000006673	110493059	110521364	0
ENSELUG00000003550	110506811	118944498	1
ENSELUG00000009953	110485190	110538498	1
ENSELUG00000008168	110521564	110524432	0
ENSELUG00000014828	110491192	110495382	1
ENSELUG00000015751	110503529	110507361	0
ENSELUG00000008276	110489070	110504670	0
ENSELUG00000018573	110486620	110538990	1
ENSELUG00000008672	110491500	110499125	0
ENSELUG00000021944	110521810	110523028	0
ENSELUG00000004744	110510165	110534163	0
ENSELUG00000023806	118937414	118964806	0
ENSELUG00000006609	110494513	110527952	0
ENSELUG00000020855	110490815	110499697	1
ENSELUG00000018307	110534583	110534586	1
ENSELUG00000018286	110534582	110534584	1
ENSELUG00000013086	110487856	110515353	0
ENSELUG00000007414	110506709	110526575	1
ENSELUG00000007582	100136749	110537367	0
ENSELUG00000011376	110533600	110537526	0
ENSELUG00000020969	110510064	110534074	0
ENSELUG00000012497	110493215	110524146	0
ENSELUG00000012216	110485390	118940260	1
ENSELUG00000006326	110521636	110524517	0
ENSELUG00000015098	110494849	110528673	0
ENSELUG00000005034	110501636	110520444	0
ENSELUG00000018259	110504013	110507840	0
ENSELUG00000021874	110489212	110504511	0
ENSELUG00000020407	110522615	110529289	1
ENSELUG00000002807	110488775	110504976	0
ENSELUG00000008314	110521568	110524435	0
ENSELUG00000007616	110488421	110496050	0
ENSELUG00000014642	110525437	110535827	0
ENSELUG00000019388	110488956	110505155	0
ENSELUG00000021440	110510077	110534093	0
ENSELUG00000018611	110488329	110496242	0
ENSELUG00000015990	110490306	110519702	0
ENSELUG00000004494	110500450	110531596	0
ENSELUG00000010080	110491940	110532720	0
ENSELUG00000012565	110502310	110524343	0
ENSELUG00000007832	110522556	110529770	0
ENSELUG00000011538	110506579	110526452	1
ENSELUG00000000733	110494263	110528165	0
ENSELUG00000012593	110502443	110528470	0
ENSELUG00000012733	110494387	110528048	0
ENSELUG00000009537	110525815	110536184	0
ENSELUG00000014526	110492363	110532040	0
ENSELUG00000017678	110500876	110531733	0
ENSELUG00000011550	110525768	110536144	0
ENSELUG00000016841	110500625	110531763	0
ENSELUG00000004121	110497982	110505463	0
ENSELUG00000003081	110525994	110536363	0
ENSELUG00000001782	110501005	118942893	1
ENSELUG00000000594	110521480	110524345	0
ENSELUG00000023346	110501914	110520145	0
ENSELUG00000003244	110509590	110523372	0
ENSELUG00000022549	110523977	110536907	0
ENSELUG00000011363	110517482	110518248	1
ENSELUG00000020482	100136168	110538640	1
ENSELUG00000018986	110521425	110524279	0
ENSELUG00000004822	110509616	110523404	0
ENSELUG00000014798	110486171	110538095	0
ENSELUG00000005567	110495682	110527350	1
ENSELUG00000020806	100653458	110537200	0
ENSELUG00000020674	110501324	110520550	0
ENSELUG00000016897	110499229	110503026	0
ENSELUG00000015031	110525447	110535832	0
ENSELUG00000020994	110502264	110526306	0
ENSELUG00000003658	110488746	110504441	0
ENSELUG00000018316	110489736	110535273	0
ENSELUG00000021835	110526767	110526771	1
ENSELUG00000018652	110502319	110526877	0
ENSELUG00000003511	110500490	110531633	0
ENSELUG00000000431	110499333	110503042	0
ENSELUG00000000785	110521434	110524290	0
ENSELUG00000006304	110516360	110529251	0
ENSELUG00000009881	110492638	110532255	0
ENSELUG00000021116	110488030	110496647	0
ENSELUG00000010740	110506596	110526469	1
ENSELUG00000021941	110491186	110532871	0
ENSELUG00000010189	110502238	110525930	0
ENSELUG00000010820	110491805	110525562	0
ENSELUG00000004082	100135818	100135819	0
ENSELUG00000005231	110489481	110504594	0
ENSELUG00000021064	110488923	110505116	0
ENSELUG00000010381	110516397	110516398	1
ENSELUG00000023678	110503298	110518838	0
ENSELUG00000004164	110507631	118944843	1
ENSELUG00000011332	110500892	110531879	0
ENSELUG00000022415	110488882	110505079	0
ENSELUG00000013274	110521530	110524394	0
ENSELUG00000002212	110494112	110528309	0
ENSELUG00000000480	110488543	110504757	0
ENSELUG00000021031	110522208	110529583	0
ENSELUG00000006651	110533734	110537382	0
ENSELUG00000010977	110494619	110527847	0
ENSELUG00000018077	110486244	110538175	0
ENSELUG00000010805	110525781	110536158	0
ENSELUG00000012857	110494383	110528052	0
ENSELUG00000001850	110490575	110499895	1
ENSELUG00000005724	110522337	110529710	0
ENSELUG00000006823	110489526	110535174	0
ENSELUG00000009294	110520944	110533812	0
ENSELUG00000016459	110487823	110515400	0
ENSELUG00000014842	110498155	110505280	0
ENSELUG00000013519	110498127	110505306	0
ENSELUG00000009718	110508282	110529124	0
ENSELUG00000003691	110487919	110496541	0
ENSELUG00000012482	100136220	110486134	0
ENSELUG00000001325	110527389	110528768	1
ENSELUG00000019805	110507602	110524256	0
ENSELUG00000016377	110494936	110520354	0
ENSELUG00000024302	110523786	110537138	0
ENSELUG00000000918	110488367	110496210	0
ENSELUG00000023201	110488861	110505064	0
ENSELUG00000022439	110502647	110530893	0
ENSELUG00000013911	110487171	110487336	1
ENSELUG00000001960	110525015	110535881	0
ENSELUG00000008968	110508772	110530262	0
ENSELUG00000010098	110521589	110524463	0
ENSELUG00000004500	110514837	110526647	1
ENSELUG00000020788	110499363	110502684	0
ENSELUG00000015618	110503083	110527013	0
ENSELUG00000020376	110508214	110530126	0
ENSELUG00000008934	110494656	110527807	0
ENSELUG00000021310	110490697	110490812	1
ENSELUG00000010993	110493948	110512529	0
ENSELUG00000012298	110490200	110500259	0
ENSELUG00000012588	100305281	110496368	0
ENSELUG00000016200	110516628	110517756	1
ENSELUG00000012105	110500325	110519597	0
ENSELUG00000022943	110526102	110526733	1
ENSELUG00000003559	110492171	110522731	0
ENSELUG00000019401	110502301	110526671	0
ENSELUG00000008811	110490831	110535008	0
ENSELUG00000017360	110499524	110535006	0
ENSELUG00000010052	110508370	110530714	0
ENSELUG00000009592	110486709	110513923	1
ENSELUG00000009216	110491621	110499077	0
ENSELUG00000024493	110509007	110530043	0
ENSELUG00000019508	110499088	110502878	0
ENSELUG00000013714	110498335	110523455	0
ENSELUG00000003098	110490438	110500040	0
ENSELUG00000024045	110492127	110532535	0
ENSELUG00000015926	110509974	110533985	0
ENSELUG00000009288	110489585	110535426	0
ENSELUG00000003482	110495442	110528833	1
ENSELUG00000005041	110487779	110510766	1
ENSELUG00000006610	110493006	110521362	0
ENSELUG00000013804	110488225	110496351	0
ENSELUG00000002088	110523794	110539127	0
ENSELUG00000005868	110492054	110532619	0
ENSELUG00000002270	110492878	110498939	0
ENSELUG00000016231	110488618	110504823	0
ENSELUG00000012824	110490215	110500251	0
ENSELUG00000009076	110521581	110524450	0
ENSELUG00000022085	110494906	110514149	1
ENSELUG00000002185	110489550	110535471	0
ENSELUG00000019575	110485613	118938183	1
ENSELUG00000013736	110501559	110520013	0
ENSELUG00000006030	110509650	110523430	0
ENSELUG00000017624	110524312	118936337	0
ENSELUG00000005429	110522320	110529220	0
ENSELUG00000003172	110485721	118940361	1
ENSELUG00000000467	110494278	110516970	0
ENSELUG00000010888	110533615	110537512	0
ENSELUG00000015791	110509969	110533982	0
ENSELUG00000005337	110510150	110534150	0
ENSELUG00000018341	110493418	110493419	1
ENSELUG00000022966	110533342	110537778	0
ENSELUG00000023105	110510124	110533130	0
ENSELUG00000003988	110486054	110493803	0
ENSELUG00000013325	110488545	110504759	0
ENSELUG00000004449	110509019	110530041	0
ENSELUG00000009837	110494452	110527991	0
ENSELUG00000013579	110508557	110536358	1
ENSELUG00000018291	100136127	110524297	0
ENSELUG00000016229	110494892	110532139	0
ENSELUG00000016785	110497327	110497328	1
ENSELUG00000024087	110495368	110512403	1
ENSELUG00000011424	110488190	110496389	0
ENSELUG00000020751	110486316	110538257	1
ENSELUG00000009027	110521580	110524449	0
ENSELUG00000024063	110503795	110507635	0
ENSELUG00000007406	110492003	110532663	0
ENSELUG00000023808	110523779	110537144	0
ENSELUG00000005601	110506836	110512181	1
ENSELUG00000022772	110522227	110529207	0
ENSELUG00000012154	110525759	110536137	0
ENSELUG00000014099	110487070	118938343	1
ENSELUG00000004604	110490012	110535570	0
ENSELUG00000021428	110521051	110529205	0
ENSELUG00000018349	110492204	110532404	0
ENSELUG00000014086	110533546	110537580	0
ENSELUG00000014394	110512783	118966091	1
ENSELUG00000000861	110534837	110537843	0
ENSELUG00000002702	118944394	118964941	1
ENSELUG00000012156	110500726	110531868	0
ENSELUG00000022007	110494180	110528251	0
ENSELUG00000015189	110488240	110516015	1
ENSELUG00000002451	110523827	110537097	0
ENSELUG00000003308	110498018	110505432	0
ENSELUG00000004506	110524014	110533060	0
ENSELUG00000019865	110508927	110530115	0
ENSELUG00000018543	110485164	110538190	1
ENSELUG00000013199	110506538	110526416	1
ENSELUG00000012352	110500724	110531865	0
ENSELUG00000022837	110499435	110502767	0
ENSELUG00000000531	110498142	110505292	0
ENSELUG00000021587	110533398	110537809	0
ENSELUG00000024029	110510141	110533132	0
ENSELUG00000004590	110510170	110534166	0
ENSELUG00000009682	110506655	110526524	1
ENSELUG00000001775	110499844	118938832	1
ENSELUG00000018336	110525277	110535700	0
ENSELUG00000011572	118938865	118942868	1
ENSELUG00000020099	110486296	110538231	1
ENSELUG00000015558	110494649	110520123	0
ENSELUG00000003425	110494603	110527868	0
ENSELUG00000005174	110491425	110499022	0
ENSELUG00000004256	110488726	110504923	0
ENSELUG00000021932	110490056	110519256	0
ENSELUG00000023479	110494710	110527753	0
ENSELUG00000022309	110488052	110496672	0
ENSELUG00000007802	110503856	110507308	0
ENSELUG00000018675	110499179	110502904	0
ENSELUG00000005937	110533706	110537416	0
ENSELUG00000011288	110492312	110532093	0
ENSELUG00000016117	110509985	110533994	0
ENSELUG00000022220	110490122	110519336	0
ENSELUG00000016546	110504058	110507886	0
ENSELUG00000018790	110503081	110526858	0
ENSELUG00000004545	110501885	110520183	0
ENSELUG00000000557	110522432	110530908	0
ENSELUG00000023562	110492737	110532523	0
ENSELUG00000000210	100136078	110506677	1
ENSELUG00000020057	110502054	110520077	0
ENSELUG00000023856	110495376	110512990	0
ENSELUG00000017631	110494279	110528155	0
ENSELUG00000011846	110485141	110537982	0
ENSELUG00000016887	110509092	110529968	0
ENSELUG00000020972	110503949	110507781	0
ENSELUG00000018526	110526845	110526847	1
ENSELUG00000020896	110503952	110507783	0
ENSELUG00000019663	110488960	110505162	0
ENSELUG00000022364	110492768	110532493	0
ENSELUG00000024356	110497717	110522771	0
ENSELUG00000006188	110533721	110537392	0
ENSELUG00000017889	110504029	110507849	0
ENSELUG00000023893	110489318	110496132	0
ENSELUG00000013915	110500691	110531834	0
ENSELUG00000011664	110502459	110528701	0
ENSELUG00000005614	110523927	110536997	0
ENSELUG00000008858	110510418	110510457	0
ENSELUG00000010976	110533613	110537515	0
ENSELUG00000005119	110487299	110493535	1
ENSELUG00000022882	110490620	110499786	1
ENSELUG00000013967	110490232	110500240	0
ENSELUG00000021178	110510070	110534083	0
ENSELUG00000012991	110531632	110531639	1
ENSELUG00000002733	110494075	110528347	0
ENSELUG00000013578	110487433	110487434	1
ENSELUG00000021181	110508892	110530143	0
ENSELUG00000018535	110525249	110535695	0
ENSELUG00000008121	110503884	110507713	0
ENSELUG00000014803	110509938	110533955	0
ENSELUG00000015392	110488595	110504802	0
ENSELUG00000015682	110486034	110493750	0
ENSELUG00000015545	110494325	110528109	0
ENSELUG00000012987	110494303	110517311	0
ENSELUG00000024263	110511872	110539196	0
ENSELUG00000015243	110488587	110504795	0
ENSELUG00000016748	110490262	110501059	1
ENSELUG00000006358	110497745	110505720	0
ENSELUG00000016781	110495070	110520468	0
ENSELUG00000002083	110523791	110537133	0
ENSELUG00000008982	110503678	110507556	0
ENSELUG00000007410	110523953	110536972	0
ENSELUG00000011322	110486110	110537994	0
ENSELUG00000005526	110500657	110521226	0
ENSELUG00000002390	110494100	110528326	0
ENSELUG00000007207	110486404	110538384	1
ENSELUG00000013527	110494369	110528066	0
ENSELUG00000004917	110502560	110530018	0
ENSELUG00000018664	110522750	110524288	0
ENSELUG00000002028	110498316	110505940	1
ENSELUG00000010477	110495758	110528893	1
ENSELUG00000018107	110503722	110507606	1
ENSELUG00000023489	110494705	110527756	0
ENSELUG00000024373	110521871	110537938	0
ENSELUG00000000492	110522035	110529422	0
ENSELUG00000005586	110500425	110531585	0
ENSELUG00000009673	110507902	110507929	1
ENSELUG00000010886	110487124	110518542	1
ENSELUG00000022985	110501352	110520581	0
ENSELUG00000018597	110487852	110496743	0
ENSELUG00000001058	110521805	110524734	0
ENSELUG00000001341	110490752	110500154	0
ENSELUG00000022269	110508964	110530083	0
ENSELUG00000021547	110533407	110537810	0
ENSELUG00000004025	110490026	110535550	0
ENSELUG00000008630	110500398	110531513	0
ENSELUG00000005595	110524533	118945773	0
ENSELUG00000017246	100305284	110502370	0
ENSELUG00000000631	110522107	110529495	0
ENSELUG00000017934	110505920	118941504	0
ENSELUG00000019596	110503980	110507801	0
ENSELUG00000006705	110485835	110493577	1
ENSELUG00000022293	110494169	110528258	0
ENSELUG00000012463	110493940	110528505	0
ENSELUG00000006859	110527386	110527387	1
ENSELUG00000020177	110502282	110526492	0
ENSELUG00000014517	110504119	110507935	0
ENSELUG00000012577	110499469	110524349	0
ENSELUG00000017480	110534787	110534796	1
ENSELUG00000001911	110492502	110508382	0
ENSELUG00000023944	110488843	110505049	0
ENSELUG00000005773	110501661	110520419	0
ENSELUG00000014930	110486177	110538099	0
ENSELUG00000004541	110497971	110505486	0
ENSELUG00000021143	110510068	110534081	0
ENSELUG00000007300	110497918	110505546	0
ENSELUG00000013265	110533566	110537558	0
ENSELUG00000023514	110492432	118936388	0
ENSELUG00000000505	110500698	110531842	0
ENSELUG00000002857	110498038	110504197	0
ENSELUG00000007878	110486421	110538367	1
ENSELUG00000004021	110494040	110528383	0
ENSELUG00000003653	110525027	110535103	0
ENSELUG00000005901	110492874	110510234	0
ENSELUG00000019910	110486665	110538624	1
ENSELUG00000010398	100136278	110507788	1
ENSELUG00000002311	110489543	110535481	0
ENSELUG00000022663	110513137	110518410	1
ENSELUG00000008474	110489896	110535660	0
ENSELUG00000008309	110523970	110536952	0
ENSELUG00000004320	110510176	110534171	0
ENSELUG00000005322	110506757	110526622	1
ENSELUG00000007888	110488073	110496687	0
ENSELUG00000006339	110502128	110520247	0
ENSELUG00000015172	110498434	110498642	1
ENSELUG00000001587	110509413	110534031	0
ENSELUG00000017970	110525636	110536003	0
ENSELUG00000003688	110488744	110504942	0
ENSELUG00000006084	110496018	110516508	0
ENSELUG00000010997	110499455	110502797	0
ENSELUG00000024478	110525530	110535907	0
ENSELUG00000007816	100305150	110494497	0
ENSELUG00000018553	110499410	110502734	0
ENSELUG00000019815	110499096	110502868	0
ENSELUG00000004691	110510166	110534164	0
ENSELUG00000006622	110486394	110538397	1
ENSELUG00000011873	110490191	110500265	0
ENSELUG00000013810	110493905	110528540	0
ENSELUG00000005725	110491432	110499029	0
ENSELUG00000022563	110501443	110520117	0
ENSELUG00000013622	110524020	110533608	0
ENSELUG00000012103	110493951	110528497	0
ENSELUG00000004646	110488716	110504914	0
ENSELUG00000013959	110504131	110507953	0
ENSELUG00000010352	110500364	110531456	0
ENSELUG00000008521	110493518	110521410	0
ENSELUG00000002427	110525972	110536339	0
ENSELUG00000017156	110486072	110493770	0
ENSELUG00000013764	110500696	110531840	0
ENSELUG00000018098	110486079	110493792	0
ENSELUG00000005328	110510151	110534152	0
ENSELUG00000000605	110501411	110520626	0
ENSELUG00000002441	110512937	118936672	1
ENSELUG00000018936	110490295	110501048	1
ENSELUG00000009317	110503674	110507553	0
ENSELUG00000013510	110525177	110535129	0
ENSELUG00000016820	110521466	110524329	0
ENSELUG00000020191	110510146	110537847	0
ENSELUG00000011862	110499468	110502815	0
ENSELUG00000000758	110520946	110522878	0
ENSELUG00000006359	110503095	110532673	0
ENSELUG00000008181	101268921	110503878	0
ENSELUG00000019381	110508938	110530108	0
ENSELUG00000013077	110492332	110532066	0
ENSELUG00000008570	110503893	110507734	0
ENSELUG00000006311	110526044	110536408	0
ENSELUG00000012875	110508704	110530345	0
ENSELUG00000006851	110493150	110522741	0
ENSELUG00000006278	110526043	110535119	0
ENSELUG00000006070	110489096	110504637	0
ENSELUG00000006668	110527371	110527372	1
ENSELUG00000023840	110508834	110530195	0
ENSELUG00000012623	110488209	110496366	0
ENSELUG00000005291	110509629	110523414	0
ENSELUG00000006176	110501669	110520409	0
ENSELUG00000012138	110509763	110523554	0
ENSELUG00000022623	110492758	110532502	0
ENSELUG00000012584	110490591	110500958	1
ENSELUG00000010629	110491801	110525546	0
ENSELUG00000020528	110486687	110538642	1
ENSELUG00000014482	110507228	118944049	0
ENSELUG00000015978	110522091	110529475	0
ENSELUG00000019243	110502888	110513322	0
ENSELUG00000017797	110522131	110529515	0
ENSELUG00000002898	110511200	110522973	0
ENSELUG00000004760	110522301	110529686	0
ENSELUG00000013261	110497387	110534496	1
ENSELUG00000002395	110523824	110537101	0
ENSELUG00000014456	110487032	110487040	1
ENSELUG00000024535	110487882	110496476	0
ENSELUG00000019481	100301821	110489747	0
ENSELUG00000003651	110494592	110527878	0
ENSELUG00000010781	110492868	110532472	0
ENSELUG00000011912	110494127	110514924	0
ENSELUG00000010824	110502371	110524482	0
ENSELUG00000015160	110509956	110533964	0
ENSELUG00000011833	110508335	110530753	0
ENSELUG00000000793	110502325	110526991	0
ENSELUG00000003014	110494066	110528356	0
ENSELUG00000002540	110491363	110498961	0
ENSELUG00000011223	110538882	110539075	1
ENSELUG00000006307	110490073	110507347	0
ENSELUG00000003058	100170208	110497629	0
ENSELUG00000019568	110501291	110520520	0
ENSELUG00000019963	110486673	110538630	1
ENSELUG00000006092	110497740	110505724	0
ENSELUG00000022005	110494690	118965355	0
ENSELUG00000009415	110486463	110538326	1
ENSELUG00000015733	110506485	110526373	0
ENSELUG00000002624	110490458	110500005	0
ENSELUG00000000731	110509412	110534027	0
ENSELUG00000020639	110489768	110535236	0
ENSELUG00000000773	110490290	110500189	1
ENSELUG00000004971	110522961	110530621	0
ENSELUG00000013283	110500304	110531427	0
ENSELUG00000017785	110486235	110538165	1
ENSELUG00000003080	110490439	110500039	1
ENSELUG00000014479	110533537	110537602	0
ENSELUG00000016669	110509997	110534001	0
ENSELUG00000023250	110502628	110530617	0
ENSELUG00000008349	110503888	110507726	0
ENSELUG00000023580	110485518	118936555	1
ENSELUG00000023080	110501923	110520134	0
ENSELUG00000021506	110497620	110505834	0
ENSELUG00000006596	110489099	110504630	0
ENSELUG00000001951	110525497	110535883	0
ENSELUG00000014983	110511038	110515218	1
ENSELUG00000023905	110514693	110519300	1
ENSELUG00000005368	110509321	110523415	0
ENSELUG00000016632	110493233	110528137	0
ENSELUG00000005417	110492063	110532605	0
ENSELUG00000002533	100135948	118936256	1
ENSELUG00000014411	110503560	110507406	0
ENSELUG00000004063	110509607	110522817	0
ENSELUG00000001149	110487327	110514781	0
ENSELUG00000004210	110507612	118936613	1
ENSELUG00000003398	110494605	110528956	0
ENSELUG00000004241	110506132	118936437	1
ENSELUG00000011654	110503617	110507499	0
ENSELUG00000012967	110508204	110530773	0
ENSELUG00000003618	110495637	110527311	1
ENSELUG00000010427	110503199	110508012	0
ENSELUG00000022513	110486359	110538432	1
ENSELUG00000003182	100136232	110532545	0
ENSELUG00000016118	110486045	110493760	0
ENSELUG00000007887	110508261	110530871	1
ENSELUG00000010390	110508364	110530727	0
ENSELUG00000023233	110523768	110537153	0
ENSELUG00000016651	110486945	110511683	1
ENSELUG00000009155	110522523	110522524	0
ENSELUG00000009992	110503656	110507535	0
ENSELUG00000014437	110487033	118936481	1
ENSELUG00000009131	110494031	110528435	0
ENSELUG00000021075	110522210	110529586	0
ENSELUG00000002407	110525953	110536335	0
ENSELUG00000004824	110522300	110529687	0
ENSELUG00000003445	110522946	110537061	0
ENSELUG00000017300	110522109	110529499	0
ENSELUG00000006548	110486840	118947904	1
ENSELUG00000012826	110508705	110530343	0
ENSELUG00000011464	110501254	110519936	0
ENSELUG00000009602	110495766	110528796	1
ENSELUG00000014434	110509931	110533946	0
ENSELUG00000011085	110500343	110531442	0
ENSELUG00000002873	110509574	110523361	0
ENSELUG00000005089	118942984	118948718	1
ENSELUG00000024388	110506176	110512412	1
ENSELUG00000016828	110510005	110534007	0
ENSELUG00000016211	110506476	110526365	0
ENSELUG00000018586	110506416	110526298	0
ENSELUG00000017153	110486564	118936304	1
ENSELUG00000000538	110509934	110533951	0
ENSELUG00000005013	110509620	110523407	0
ENSELUG00000004709	110490007	110535574	0
ENSELUG00000003999	110490038	110535547	0
ENSELUG00000020021	110486292	110538227	1
ENSELUG00000001901	110492507	110508381	0
ENSELUG00000013114	110494377	110528059	0
ENSELUG00000007240	110508192	110530949	0
ENSELUG00000008894	110489087	110504673	0
ENSELUG00000010636	110487133	110517726	1
ENSELUG00000011845	110500326	110510780	0
ENSELUG00000002897	110496516	118946517	0
ENSELUG00000014074	110522024	110529409	0
ENSELUG00000013133	110493526	110536502	0
ENSELUG00000020309	110497434	110533177	0
ENSELUG00000005447	110495681	110527347	1
ENSELUG00000011970	110500915	110516332	1
ENSELUG00000019079	110527020	118944530	1
ENSELUG00000003440	118944455	118964936	1
ENSELUG00000012307	110508718	110530326	0
ENSELUG00000023138	110508981	110530068	0
ENSELUG00000000894	110489695	110518416	0
ENSELUG00000014141	110531701	110531710	1
ENSELUG00000004304	110490021	110535557	0
ENSELUG00000018628	110493871	110527651	0
ENSELUG00000017304	110486075	110493774	0
ENSELUG00000004629	110522302	110529684	0
ENSELUG00000023232	110487273	110517362	1
ENSELUG00000006866	110497755	110504216	0
ENSELUG00000001456	110509918	118966777	0
ENSELUG00000001301	118941032	118965374	1
ENSELUG00000017840	110522133	110529518	0
ENSELUG00000010359	110491937	110532725	0
ENSELUG00000019962	110490324	110500166	0
ENSELUG00000014101	110522064	110529450	0
ENSELUG00000022918	110501930	110520127	0
ENSELUG00000010246	110503653	110507525	0
ENSELUG00000002215	110523815	110537114	0
ENSELUG00000018463	110493304	110529054	0
ENSELUG00000010288	110491938	110532722	0
ENSELUG00000014035	110493901	110528543	0
ENSELUG00000007973	110489063	110504662	0
ENSELUG00000012851	110488212	110496362	0
ENSELUG00000008505	110499020	110523269	0
ENSELUG00000020709	110486693	110538644	1
ENSELUG00000008981	110495987	110516488	0
ENSELUG00000023860	110501301	110521166	0
ENSELUG00000010376	110502383	110524536	0
ENSELUG00000010719	110499816	110524496	0
ENSELUG00000013948	110520820	110536431	1
ENSELUG00000008810	110503679	110507559	0
ENSELUG00000010940	110526887	110536155	0
ENSELUG00000016142	110492387	110532015	0
ENSELUG00000022137	110490115	110519296	1
ENSELUG00000017996	110495181	118936263	0
ENSELUG00000021157	100302644	110490712	1
ENSELUG00000020028	110499099	110502860	0
ENSELUG00000004943	110492072	110532593	0
ENSELUG00000011985	110502450	110528559	0
ENSELUG00000013666	110490222	110500247	0
ENSELUG00000014480	110500337	110531429	0
ENSELUG00000016725	110492406	110532001	0
ENSELUG00000023209	110496148	118946455	0
ENSELUG00000014718	110486165	110538087	0
ENSELUG00000003026	110494609	110527864	0
ENSELUG00000007708	110491478	110499069	0
ENSELUG00000019719	110508622	110530442	1
ENSELUG00000018726	110485510	110485511	1
ENSELUG00000005876	110523928	118937626	0
ENSELUG00000022867	110501358	110520585	0
ENSELUG00000008445	110486914	110538913	1
ENSELUG00000015276	110488589	110504799	0
ENSELUG00000014575	110506509	110526389	1
ENSELUG00000017151	110499215	110503022	0
ENSELUG00000004245	110491406	110499008	0
ENSELUG00000003185	110509586	110523369	0
ENSELUG00000021900	110508596	110530469	0
ENSELUG00000015075	110515215	110515885	1
ENSELUG00000010228	110494445	110528001	0
ENSELUG00000015466	110533528	110537614	0
ENSELUG00000019009	110490937	110536548	0
ENSELUG00000018351	110502386	110532592	0
ENSELUG00000020449	110489762	110535239	0
ENSELUG00000003173	110509309	110523367	0
ENSELUG00000006020	110490355	110500127	1
ENSELUG00000019704	110509907	110522923	0
ENSELUG00000010518	110514335	110534719	0
ENSELUG00000008577	110486437	110538349	1
ENSELUG00000007658	110489057	110504659	0
ENSELUG00000011686	110501779	110520305	0
ENSELUG00000000970	110494154	110528268	0
ENSELUG00000022949	110495481	118965246	1
ENSELUG00000008110	110501793	110520288	0
ENSELUG00000020524	110486310	110538248	1
ENSELUG00000005951	110489974	110535603	0
ENSELUG00000017192	110504046	110507875	0
ENSELUG00000023172	110508983	110530067	0
ENSELUG00000016283	110521064	110530916	0
ENSELUG00000015467	110525453	110535838	0
ENSELUG00000020448	110508908	110530128	0
ENSELUG00000000284	110491484	110499072	0
ENSELUG00000003170	110492116	110532543	0
ENSELUG00000024348	110523787	110537137	0
ENSELUG00000012275	110502093	110520295	0
ENSELUG00000000671	110534569	110534570	1
ENSELUG00000003148	110488760	110504954	0
ENSELUG00000021202	110509488	110523265	0
ENSELUG00000018780	110498083	110523285	0
ENSELUG00000006193	110533722	110537397	0
ENSELUG00000015404	110503536	110507377	0
ENSELUG00000018303	110499415	110502743	0
ENSELUG00000010553	110500762	110531918	0
ENSELUG00000021658	110486343	110538460	1
ENSELUG00000003759	110502597	110530346	0
ENSELUG00000010267	110493793	110510003	0
ENSELUG00000020980	110508899	110530139	0
ENSELUG00000015084	110503542	110507384	0
ENSELUG00000010370	110508366	110530725	0
ENSELUG00000014956	110493891	110529039	0
ENSELUG00000006489	110500837	110531561	0
ENSELUG00000021069	110501338	110520569	0
ENSELUG00000024173	110485676	110485677	1
ENSELUG00000008478	110508188	110530256	0
ENSELUG00000017571	110490278	110500199	1
ENSELUG00000020861	110501330	110520556	0
ENSELUG00000012702	110508709	110530336	0
ENSELUG00000023330	110523769	110536814	0
ENSELUG00000011710	110490189	110500268	0
ENSELUG00000013889	110492348	110532052	0
ENSELUG00000011137	110487094	118937810	1
ENSELUG00000013141	110494358	118936285	0
ENSELUG00000019399	110485203	110538992	1
ENSELUG00000006542	110508801	110530223	0
ENSELUG00000019275	110508625	110530438	0
ENSELUG00000010395	110493997	110528458	0
ENSELUG00000013735	110492344	110532054	0
ENSELUG00000010826	110500347	110531444	0
ENSELUG00000022149	110486056	110493814	0
ENSELUG00000008484	110493507	110521409	0
ENSELUG00000015070	110486182	110538104	0
ENSELUG00000016067	110497347	118948720	1
ENSELUG00000020161	110501306	110504677	0
ENSELUG00000002674	110526681	118936662	1
ENSELUG00000021561	110488912	110505110	0
ENSELUG00000010972	110499544	110502795	0
ENSELUG00000001129	110501241	110519946	0
ENSELUG00000006707	110502489	110529328	1
ENSELUG00000003817	110500479	110531622	0
ENSELUG00000006074	110533714	110537409	0
ENSELUG00000008759	110486443	110538344	1
ENSELUG00000011255	110538884	118936512	1
ENSELUG00000016676	110497334	110516757	1
ENSELUG00000022273	110525574	110535943	0
ENSELUG00000015811	110494320	110528114	0
ENSELUG00000022279	110488888	110505084	0
ENSELUG00000012571	110488202	110496370	0
ENSELUG00000006210	110497741	110505722	0
ENSELUG00000019573	110533436	110537702	0
ENSELUG00000020716	110522200	110529573	0
ENSELUG00000019289	110509891	110523684	0
ENSELUG00000013757	110502183	110504910	0
ENSELUG00000015672	110488316	110516135	1
ENSELUG00000005070	110497722	110505740	0
ENSELUG00000017514	110502373	110527518	0
ENSELUG00000009002	110494030	110528433	0
ENSELUG00000015291	110502399	110527853	0
ENSELUG00000005233	110485162	110511626	0
ENSELUG00000004006	110489937	110524109	0
ENSELUG00000012639	110486136	110538033	0
ENSELUG00000024525	110506288	110526168	0
ENSELUG00000022819	110494155	110528270	0
ENSELUG00000008173	110494962	110528420	0
ENSELUG00000011492	110486105	110537990	0
ENSELUG00000018066	110499288	110524253	0
ENSELUG00000018466	110492202	110532408	0
ENSELUG00000014608	110503554	110507396	0
ENSELUG00000022082	110488897	110505094	0
ENSELUG00000013279	110491485	110524132	0
ENSELUG00000019562	110486653	110538609	1
ENSELUG00000008711	110500125	110524838	0
ENSELUG00000001075	110510541	110527156	1
ENSELUG00000017599	110485463	110485465	1
ENSELUG00000023191	110525549	110535924	0
ENSELUG00000006784	110509137	110517127	0
ENSELUG00000009776	110515349	118942856	1
ENSELUG00000008930	110486508	110513558	0
ENSELUG00000021225	110506400	110526231	1
ENSELUG00000011564	110490186	110500272	0
ENSELUG00000024374	110500512	110532943	0
ENSELUG00000006813	110486855	110538788	1
ENSELUG00000013913	110494367	110528067	0
ENSELUG00000006715	110489103	110504629	0
ENSELUG00000012290	110499315	110503005	0
ENSELUG00000012793	110488211	110496364	0
ENSELUG00000005550	110522324	110531082	0
ENSELUG00000012153	110490196	110500260	0
ENSELUG00000010858	110493917	110511950	0
ENSELUG00000020428	110506394	110526235	0
ENSELUG00000018216	110497562	110505889	0
ENSELUG00000019569	100381269	110502297	0
ENSELUG00000015445	110494328	110528106	0
ENSELUG00000013336	110521525	110524392	0
ENSELUG00000009089	110500392	110531508	0
ENSELUG00000002352	110488821	110505025	0
ENSELUG00000022971	110489794	110536544	0
ENSELUG00000018038	110499293	110524242	0
ENSELUG00000010203	110494446	110528000	0
ENSELUG00000023252	110501351	110504742	0
ENSELUG00000020389	110488971	110505181	0
ENSELUG00000014726	110493397	118936519	1
ENSELUG00000009458	110486465	118937824	1
ENSELUG00000000746	110502384	110527713	0
ENSELUG00000024380	110522264	110531081	0
ENSELUG00000022738	110498698	110505830	0
ENSELUG00000021770	110508868	110530158	0
ENSELUG00000012428	110500723	110531863	0
ENSELUG00000020734	110495939	110527551	0
ENSELUG00000004947	110493253	110527913	0
ENSELUG00000017775	110499199	110502920	0
ENSELUG00000008996	110491511	110499136	0
ENSELUG00000012235	110502446	110528511	0
ENSELUG00000015887	110509975	110533987	0
ENSELUG00000002423	110487889	110496497	0
ENSELUG00000005406	110500431	110531564	0
ENSELUG00000018892	110493294	110528591	1
ENSELUG00000019247	110503992	110507823	0
ENSELUG00000018804	110508953	110530094	0
ENSELUG00000008775	110508208	110508220	1
ENSELUG00000020267	110499100	110502861	0
ENSELUG00000005897	110501663	110520417	0
ENSELUG00000009247	118942814	118966155	0
ENSELUG00000024497	101268919	101867532	0
ENSELUG00000017305	110488094	110496701	0
ENSELUG00000017957	110490287	110501051	0
ENSELUG00000011545	110508342	110530751	1
ENSELUG00000006026	110501665	110520416	0
ENSELUG00000016774	110509999	110534004	0
ENSELUG00000008941	110489577	110535440	0
ENSELUG00000015748	110498866	118937298	1
ENSELUG00000004714	110501623	110520461	0
ENSELUG00000018340	110487863	110496724	0
ENSELUG00000023504	110508995	110530062	0
ENSELUG00000019032	110501876	110521218	0
ENSELUG00000024026	110488837	110511522	0
ENSELUG00000021416	110523733	110536817	0
ENSELUG00000004843	110524010	110531578	0
ENSELUG00000016372	110509062	110537231	1
ENSELUG00000010059	100136228	110496418	0
ENSELUG00000020338	110497849	110532293	0
ENSELUG00000005765	110521647	110524529	0
ENSELUG00000002785	110501464	110517473	1
ENSELUG00000013030	110487810	110515290	0
ENSELUG00000000495	110509792	110523586	0
ENSELUG00000021218	110521821	110524756	0
ENSELUG00000015223	110487814	110496773	1
ENSELUG00000011567	110509752	110523543	0
ENSELUG00000018650	110494254	110528171	0
ENSELUG00000013456	110503491	110507440	0
ENSELUG00000014906	110492366	110532037	0
ENSELUG00000019640	110490319	110500172	0
ENSELUG00000022746	110509437	110534122	0
ENSELUG00000020362	100305177	110501478	0
ENSELUG00000024048	110488835	110505041	0
ENSELUG00000001895	110525512	110535894	0
ENSELUG00000007861	110491481	110499110	0
ENSELUG00000022076	110502657	110531152	0
ENSELUG00000002439	110494090	110528335	0
ENSELUG00000010009	110499449	110502784	0
ENSELUG00000001082	110500753	110531887	0
ENSELUG00000014929	110488579	110504406	0
ENSELUG00000023002	110502634	110530670	0
ENSELUG00000014872	110509943	110533957	0
ENSELUG00000010871	110486516	110538476	1
ENSELUG00000019402	110497983	110532319	0
ENSELUG00000001070	110494829	110528639	0
ENSELUG00000020327	110502276	110526424	0
ENSELUG00000001026	110510204	110534196	0
ENSELUG00000020183	110486298	110538233	1
ENSELUG00000013506	110492341	110532062	0
ENSELUG00000017659	110494274	110528157	0
ENSELUG00000003854	110489545	110524107	0
ENSELUG00000000849	100189621	110509899	0
ENSELUG00000012271	110488198	110496377	0
ENSELUG00000014492	110485991	110493710	1
ENSELUG00000015731	110486035	110493752	1
ENSELUG00000010471	110501288	110519971	0
ENSELUG00000024456	110488828	110505035	0
ENSELUG00000020609	110510057	110534064	0
ENSELUG00000000091	110488947	110505147	0
ENSELUG00000023198	110492746	110532515	0
ENSELUG00000021575	110501459	110520104	0
ENSELUG00000007470	110491999	110532668	0
ENSELUG00000014149	110485307	110513333	1
ENSELUG00000018495	110486259	110538187	1
ENSELUG00000019423	110501502	110520066	0
ENSELUG00000002329	110523821	110537103	0
ENSELUG00000006235	110534035	118964349	1
ENSELUG00000004070	110494580	110527887	0
ENSELUG00000015644	110521485	110524350	0
ENSELUG00000015213	110509955	110533969	0
ENSELUG00000010399	110495450	110524164	0
ENSELUG00000013460	110490825	110535364	0
ENSELUG00000015920	110497539	110505224	0
ENSELUG00000022926	110502636	110530741	0
ENSELUG00000010652	110486513	110538471	1
ENSELUG00000010807	110487062	110514472	1
ENSELUG00000000931	110508893	110530142	0
ENSELUG00000011983	110508728	110530962	0
ENSELUG00000023883	110491072	110532532	0
ENSELUG00000003309	110487829	110524093	0
ENSELUG00000009824	110508762	110530279	0
ENSELUG00000020657	100136190	110486692	1
ENSELUG00000009028	110525803	110536199	0
ENSELUG00000009342	110491618	110499073	0
ENSELUG00000020042	110488963	110505170	0
ENSELUG00000005282	110489115	110504372	0
ENSELUG00000017419	110495327	110520608	0
ENSELUG00000013167	100136302	110487876	0
ENSELUG00000020850	110505771	110524238	0
ENSELUG00000011850	110502455	110532635	0
ENSELUG00000024202	110509557	110522811	0
ENSELUG00000014770	110524037	110534884	0
ENSELUG00000022447	110491075	110532495	0
ENSELUG00000012943	110516875	118943930	1
ENSELUG00000012396	110509191	110511052	0
ENSELUG00000005079	110521016	110537905	0
ENSELUG00000018142	110492698	110531289	0
ENSELUG00000005828	110485644	110511176	1
ENSELUG00000018444	110525628	110535064	0
ENSELUG00000019404	110508526	110524268	0
ENSELUG00000002135	110523803	110537124	0
ENSELUG00000023020	110490619	110499788	1
ENSELUG00000019895	110486291	110538226	1
ENSELUG00000015499	110494326	110528108	0
ENSELUG00000000836	110508358	110524267	0
ENSELUG00000005400	110488401	110496114	0
ENSELUG00000017838	110486236	110538166	1
ENSELUG00000015452	110498817	110523755	0
ENSELUG00000022656	110533635	110537487	0
ENSELUG00000018984	110500875	118966015	0
ENSELUG00000010978	110486521	110538481	1
ENSELUG00000009336	110525812	110536190	0
ENSELUG00000008254	110491978	110532687	0
ENSELUG00000002529	110494086	110528338	0
ENSELUG00000000088	110487904	110496512	0
ENSELUG00000008087	110489066	110504654	0
ENSELUG00000006492	110485753	110512626	0
ENSELUG00000007508	110491995	110532667	0
ENSELUG00000005971	110502517	110529591	0
ENSELUG00000014477	110520822	110536625	1
ENSELUG00000004776	110500919	110522708	0
ENSELUG00000007113	110485824	110493568	1
ENSELUG00000016074	110494808	110520258	0
ENSELUG00000017329	110499208	110502925	0
ENSELUG00000003162	100301695	110498369	0
ENSELUG00000024062	110501253	110521175	0
ENSELUG00000012906	110497816	110505645	0
ENSELUG00000003131	110486505	110524085	0
ENSELUG00000017843	110525641	110536011	0
ENSELUG00000022470	110508967	110530079	0
ENSELUG00000017323	110492451	110532827	0
ENSELUG00000019710	110486657	110538616	1
ENSELUG00000022769	110501362	110520587	0
ENSELUG00000019440	110533288	110537846	0
ENSELUG00000010633	110508751	110530306	0
ENSELUG00000015295	110525450	110535834	0
ENSELUG00000001377	110492182	110532419	0
ENSELUG00000001810	110490582	110499878	1
ENSELUG00000014912	110488173	110515941	0
ENSELUG00000007921	110489061	110504661	0
ENSELUG00000013515	110533559	110537567	0
ENSELUG00000015017	110533530	110537610	0
ENSELUG00000001798	110490817	110499875	1
ENSELUG00000013659	110515022	118943919	1
ENSELUG00000009118	110489092	110504663	1
ENSELUG00000014711	110508688	110536755	1
ENSELUG00000010757	110500349	110531449	0
ENSELUG00000001336	110502137	110504211	0
ENSELUG00000008495	110502463	110528870	0
ENSELUG00000015668	110494714	110520156	0
ENSELUG00000011834	110492322	110532076	0
ENSELUG00000019841	110506375	110526257	0
ENSELUG00000002682	110513925	110526680	1
ENSELUG00000002683	110498047	110505401	0
ENSELUG00000011769	100136277	100136789	0
ENSELUG00000010213	110521592	110524468	0
ENSELUG00000016192	110499241	110502956	0
ENSELUG00000019338	110525603	110535969	0
ENSELUG00000003328	110487930	110524094	0
ENSELUG00000004030	110494581	110527886	0
ENSELUG00000023757	110489305	110496135	0
ENSELUG00000019530	110501601	110520517	0
ENSELUG00000005398	110506756	110526620	1
ENSELUG00000016041	110498182	110505201	0
ENSELUG00000019599	110489749	110535252	0
ENSELUG00000007927	110489831	110536599	0
ENSELUG00000003154	110486637	110524086	0
ENSELUG00000000939	110485582	110518551	1
ENSELUG00000002442	110498063	110505385	0
ENSELUG00000010121	110500374	110531466	0
ENSELUG00000000633	110509407	110534011	0
ENSELUG00000020064	100135835	110535247	0
ENSELUG00000016408	110509081	110529996	0
ENSELUG00000014071	110533547	110537579	0
ENSELUG00000019010	110493229	110528177	0
ENSELUG00000006224	110502507	110529506	0
ENSELUG00000006978	118937768	118938331	1
ENSELUG00000020673	110494198	110528221	0
ENSELUG00000013712	110488224	110496352	0
ENSELUG00000019950	110501302	110520529	0
ENSELUG00000000250	110501692	118944694	0
ENSELUG00000016753	110494296	110528143	0
ENSELUG00000002828	110506161	110526975	1
ENSELUG00000006436	110509661	110523445	0
ENSELUG00000006447	110501827	110505333	0
ENSELUG00000015853	110492245	110531201	0
ENSELUG00000000528	110508677	110530372	0
ENSELUG00000014008	110504135	110507958	0
ENSELUG00000000552	110522080	110529465	0
ENSELUG00000016054	110509071	110530001	0
ENSELUG00000022555	110494674	110527782	0
ENSELUG00000004732	110494559	110527903	0
ENSELUG00000001498	110521606	110524486	0
ENSELUG00000003805	110490034	110535544	0
ENSELUG00000023966	110503327	110507630	0
ENSELUG00000018082	110495641	110520931	1
ENSELUG00000023371	110523771	110537151	0
ENSELUG00000011831	110509758	110523549	0
ENSELUG00000024531	110487733	110505034	0
ENSELUG00000006322	110520728	110535199	1
ENSELUG00000002558	110527282	110528748	1
ENSELUG00000020700	110486317	110538259	1
ENSELUG00000016357	110494315	110528127	0
ENSELUG00000023205	110501918	110520139	0
ENSELUG00000019513	110503984	110507809	0
ENSELUG00000009778	110525819	110536180	0
ENSELUG00000011051	110489604	110535405	0
ENSELUG00000002685	110513924	110526682	1
ENSELUG00000001164	110525646	110536017	0
ENSELUG00000005660	110488515	110496109	0
ENSELUG00000018779	110508629	110530970	0
ENSELUG00000024367	110499838	110499840	1
ENSELUG00000002328	110487884	110496487	0
ENSELUG00000010713	110499543	110502791	0
ENSELUG00000013029	110492105	110524137	0
ENSELUG00000006240	110508805	110530222	0
ENSELUG00000006029	110494530	110527934	0
ENSELUG00000022212	110533324	110537791	0
ENSELUG00000005562	110497725	110505741	0
ENSELUG00000000888	110486679	110538635	1
ENSELUG00000007146	110503847	110507679	0
ENSELUG00000021634	110521816	110524751	0
ENSELUG00000021062	110509922	118936600	1
ENSELUG00000020039	110494227	110528207	0
ENSELUG00000001120	110487291	110493489	1
ENSELUG00000003938	110514451	110535151	1
ENSELUG00000003659	110491396	110498993	0
ENSELUG00000022046	110523760	110537160	0
ENSELUG00000021480	110485583	110485584	1
ENSELUG00000014869	110498693	110523666	0
ENSELUG00000000653	110495285	110520547	0
ENSELUG00000001821	110527205	110527206	1
ENSELUG00000005385	110487967	110496864	0
ENSELUG00000004748	110508227	110530026	0
ENSELUG00000014405	110508678	110530370	0
ENSELUG00000001961	110525496	110535880	0
ENSELUG00000010823	110486517	110538475	1
ENSELUG00000018905	110495868	110521202	0
ENSELUG00000006507	110489901	110535654	0
ENSELUG00000003355	110492112	110532551	0
ENSELUG00000007396	110491650	110498792	0
ENSELUG00000006947	110533741	110537378	0
ENSELUG00000016776	110495898	110527512	0
ENSELUG00000016010	110506494	110526366	1
ENSELUG00000007875	101268925	110533762	0
ENSELUG00000019834	110494237	110528194	0
ENSELUG00000017991	110508175	110530412	0
ENSELUG00000023386	110522240	110529622	0
ENSELUG00000019469	110503688	110507565	0
ENSELUG00000021795	110508598	110530468	0
ENSELUG00000017078	110499135	110524097	0
ENSELUG00000010930	110521597	110524471	0
ENSELUG00000001076	110501670	110520410	0
ENSELUG00000015711	110494697	110520152	0
ENSELUG00000006625	110508797	110530228	0
ENSELUG00000006232	110490351	110500130	1
ENSELUG00000022018	110510099	110534110	0
ENSELUG00000008709	110488145	110496431	0
ENSELUG00000002177	110498085	110505366	0
ENSELUG00000002670	110491728	110525355	0
ENSELUG00000009625	110513572	118936837	1
ENSELUG00000006098	110526042	110536406	0
ENSELUG00000004408	110491410	110499009	0
ENSELUG00000014330	110488092	110515778	0
ENSELUG00000006452	110485743	110512505	1
ENSELUG00000003713	110500483	110531624	0
ENSELUG00000018167	110509582	110537428	1
ENSELUG00000010311	110501758	110520321	0
ENSELUG00000000199	110508453	110529141	0
ENSELUG00000000230	110506723	110526586	1
ENSELUG00000012160	110492329	110532072	0
ENSELUG00000014415	110500315	110531426	0
ENSELUG00000013869	110494864	110528694	0
ENSELUG00000010473	110491934	110532727	0
ENSELUG00000015120	110491291	110499495	0
ENSELUG00000019914	110534910	110537708	0
ENSELUG00000012211	110520859	110536241	1
ENSELUG00000010957	110494433	110528009	0
ENSELUG00000002913	110498035	110505413	0
ENSELUG00000013754	110492660	110532788	0
ENSELUG00000024141	110488105	110496469	0
ENSELUG00000014362	110487052	110487058	1
ENSELUG00000012419	110493830	110524149	0
ENSELUG00000016733	110517143	118966142	1
ENSELUG00000021693	110486346	110538457	1
ENSELUG00000022265	110533633	110537491	0
ENSELUG00000008380	110494036	110529019	0
ENSELUG00000013661	110508582	110536375	1
ENSELUG00000019838	110500564	110531699	0
ENSELUG00000006241	110508274	110530655	0
ENSELUG00000006513	110492033	110532633	0
ENSELUG00000013651	110486141	110538063	0
ENSELUG00000023473	110525017	110536631	0
ENSELUG00000000173	110489040	110504647	0
ENSELUG00000000503	110498283	110523448	0
ENSELUG00000022500	110508581	118936258	0
ENSELUG00000017967	110486240	110538170	1
ENSELUG00000007739	110488439	110496016	0
ENSELUG00000023129	110525554	110535058	0
ENSELUG00000001947	110525500	110535886	0
ENSELUG00000021873	110521812	110523029	0
ENSELUG00000000497	110508314	110530779	0
ENSELUG00000017786	110492469	110521296	0
ENSELUG00000013983	110494364	110528071	0
ENSELUG00000006606	110515357	118936878	1
ENSELUG00000010458	110508755	110530303	0
ENSELUG00000018128	110525633	110535999	0
ENSELUG00000023427	110523773	110536812	0
ENSELUG00000005428	100136692	110502539	0
ENSELUG00000013890	110503502	110507428	0
ENSELUG00000024247	110508546	110530513	0
ENSELUG00000017981	110495580	110520827	0
ENSELUG00000014777	110494343	110528095	0
ENSELUG00000019363	100136166	110508592	0
ENSELUG00000022360	110494163	110528263	0
ENSELUG00000003368	110501451	110521143	0
ENSELUG00000012717	110522053	110529441	0
ENSELUG00000000393	100301688	110503187	0
ENSELUG00000022208	110485550	118940350	1
ENSELUG00000003199	110509587	110523370	0
ENSELUG00000022308	110501447	110520113	0
ENSELUG00000010161	110500784	110531919	0
ENSELUG00000018565	110509884	110523674	0
ENSELUG00000010424	110509731	110523519	0
ENSELUG00000023318	110489268	110496145	0
ENSELUG00000022378	110503359	110507125	0
ENSELUG00000001943	110491040	110534217	0
ENSELUG00000015143	110520825	110534340	1
ENSELUG00000002745	110491390	110498970	0
ENSELUG00000015720	110503530	110507364	0
ENSELUG00000019532	110522586	110529309	0
ENSELUG00000023505	110489804	110535203	0
ENSELUG00000001589	110488758	110504950	0
ENSELUG00000022312	110521803	110524732	0
ENSELUG00000011040	110508351	110530734	0
ENSELUG00000008574	110509700	110523487	0
ENSELUG00000013182	110492810	110499560	0
ENSELUG00000023398	110493429	110493438	1
ENSELUG00000002021	110521756	110524659	0
ENSELUG00000022433	110486721	110538673	1
ENSELUG00000013665	110503495	110507436	0
ENSELUG00000002775	110525981	110536354	0
ENSELUG00000007883	110496013	110513336	0
ENSELUG00000022791	110502643	110530850	0
ENSELUG00000015804	110508851	110530179	0
ENSELUG00000010974	110493968	118948024	0
ENSELUG00000005785	110502526	110529704	0
ENSELUG00000002333	110494106	110528317	0
ENSELUG00000018595	110508635	110530426	0
ENSELUG00000014898	110509944	110533958	0
ENSELUG00000020375	110526382	118936521	1
ENSELUG00000011068	110498787	110503044	0
ENSELUG00000023085	110502633	110530724	0
ENSELUG00000003258	110490430	110500047	1
ENSELUG00000001172	110494436	110519532	0
ENSELUG00000009989	110499447	110502783	0
ENSELUG00000000266	110492000	110532672	0
ENSELUG00000022615	110521053	110529601	0
ENSELUG00000021549	110510085	110534099	0
ENSELUG00000012353	110502335	110524388	0
ENSELUG00000007493	110501805	110520273	0
ENSELUG00000023632	110489284	110496140	0
ENSELUG00000004857	110501626	110520452	0
ENSELUG00000009219	110521586	110524457	0
ENSELUG00000001928	110521771	110524670	0
ENSELUG00000009626	110506663	110526532	0
ENSELUG00000011943	100305309	110538843	1
ENSELUG00000003076	110485711	110493462	1
ENSELUG00000000150	110487969	110496582	0
ENSELUG00000014000	110521514	110524380	0
ENSELUG00000003810	110495650	110527323	1
ENSELUG00000005030	110497721	110505743	0
ENSELUG00000016693	110521467	110524331	0
ENSELUG00000004033	110494038	110528386	0
ENSELUG00000013206	110500301	110531432	0
ENSELUG00000010183	110486499	110538291	1
ENSELUG00000000105	110494059	110528361	0
ENSELUG00000013615	110489677	110535360	0
ENSELUG00000020891	110503675	118938460	1
ENSELUG00000004612	110508226	110530034	0
ENSELUG00000012301	110509767	110523558	0
ENSELUG00000009866	110492639	110532253	0
ENSELUG00000023243	110492745	110532516	0
ENSELUG00000005286	110492067	110532599	0
ENSELUG00000016340	110494902	110520323	0
ENSELUG00000023460	110488126	110496447	0
ENSELUG00000010231	110491540	110498788	0
ENSELUG00000016808	110486935	110537863	1
ENSELUG00000018223	110485494	110487229	1
ENSELUG00000013386	110521528	110524391	0
ENSELUG00000019485	110508934	110529122	0
ENSELUG00000012234	110486133	110538031	0
ENSELUG00000004227	110491407	110499007	0
ENSELUG00000011138	110493872	110528941	0
ENSELUG00000022091	110534842	110537795	0
ENSELUG00000020838	110523728	110537199	0
ENSELUG00000021806	110498289	110506002	0
ENSELUG00000004927	110494553	110527912	0
ENSELUG00000002355	110525945	110536327	0
ENSELUG00000019380	110499392	110502715	0
ENSELUG00000002236	100136015	100136065	0
ENSELUG00000023775	110510147	110534136	0
ENSELUG00000023863	110494621	110527846	0
ENSELUG00000015657	110509965	110533979	0
ENSELUG00000010168	110525791	110536170	0
ENSELUG00000004208	110522289	110529670	0
ENSELUG00000004888	110524009	110531039	0
ENSELUG00000005475	110523922	110537003	0
ENSELUG00000001212	110490322	110500168	1
ENSELUG00000006243	110487667	110496023	0
ENSELUG00000006741	110489104	110504628	0
ENSELUG00000019669	110497945	110523010	0
ENSELUG00000020319	110537829	118966703	0
ENSELUG00000010263	110506615	110526485	1
ENSELUG00000003527	110488750	110504945	0
ENSELUG00000012032	110491542	110498831	0
ENSELUG00000007312	110506118	110526577	1
ENSELUG00000014264	110533539	110537599	0
ENSELUG00000018555	110509882	110523672	0
ENSELUG00000011052	110533611	110537516	0
ENSELUG00000018257	110497563	110504244	0
ENSELUG00000008374	110506688	110526558	1
ENSELUG00000009732	110500383	110531484	0
ENSELUG00000001963	110525495	110535879	0
ENSELUG00000007900	110525838	110536222	0
ENSELUG00000011221	110492870	110532479	0
ENSELUG00000004116	110509611	110522818	0
ENSELUG00000018549	110502323	110526969	1
ENSELUG00000016353	110521993	110529355	0
ENSELUG00000013760	110508690	110530360	0
ENSELUG00000005629	110485098	110493551	1
ENSELUG00000007807	110508784	110530242	0
ENSELUG00000011160	110503186	110508006	0
ENSELUG00000007808	110500835	110531542	0
ENSELUG00000012356	110533585	110537546	0
ENSELUG00000023662	110499138	110524187	0
ENSELUG00000013555	110533558	110537568	0
ENSELUG00000021364	110503933	110507770	0
ENSELUG00000024492	110500509	110531645	0
ENSELUG00000017301	110509864	110523648	0
ENSELUG00000004193	110502579	110530180	0
ENSELUG00000023219	110525548	110535923	0
ENSELUG00000020285	110533310	110537827	0
ENSELUG00000008126	110491490	110499116	0
ENSELUG00000017827	110492461	110521299	0
ENSELUG00000001452	110519491	118946074	1
ENSELUG00000013004	110504746	110512013	0
ENSELUG00000013945	110515325	110528721	1
ENSELUG00000017313	110509103	110529975	0
ENSELUG00000016015	110501414	110520629	0
ENSELUG00000017560	110487880	110496710	0
ENSELUG00000013791	110523070	110536873	0
ENSELUG00000007943	110489064	110504669	0
ENSELUG00000018478	110502010	110504579	0
ENSELUG00000009430	110508769	110530268	0
ENSELUG00000006180	110533718	110537400	0
ENSELUG00000018210	110525632	110535997	0
ENSELUG00000019476	110521100	110529177	0
ENSELUG00000014104	110503509	110507420	0
ENSELUG00000005253	110522317	110529698	0
ENSELUG00000003448	110491380	110498989	0
ENSELUG00000018815	110495823	110521155	0
ENSELUG00000022103	110486707	110538660	1
ENSELUG00000014623	110494844	110528680	1
ENSELUG00000006472	110486386	110538404	1
ENSELUG00000022026	110533388	110537794	0
ENSELUG00000005110	110524003	110529747	0
ENSELUG00000014555	110494478	110519986	0
ENSELUG00000012586	110485321	118936529	1
ENSELUG00000002917	110492301	110532104	0
ENSELUG00000023419	110508991	110530064	0
ENSELUG00000006888	110487993	110496605	0
ENSELUG00000002462	110523826	110537094	0
ENSELUG00000001849	110490574	110499894	1
ENSELUG00000022637	110521930	110537969	1
ENSELUG00000024041	110500514	110531650	0
ENSELUG00000009730	110521082	110529231	0
ENSELUG00000012912	110504745	118938770	0
ENSELUG00000010735	110485870	110493599	0
ENSELUG00000017484	110490275	110500201	0
ENSELUG00000004002	110502017	110520481	0
ENSELUG00000010145	110493751	110509695	0
ENSELUG00000013418	110498385	110505311	0
ENSELUG00000014036	110506523	110526949	1
ENSELUG00000018775	110492193	110532417	0
ENSELUG00000015638	110494657	110520144	0
ENSELUG00000022108	110501773	110524209	0
ENSELUG00000014140	110503149	110507192	0
ENSELUG00000019850	110507530	110524255	0
ENSELUG00000001565	110498408	110504284	0
ENSELUG00000021831	110503920	110507761	0
ENSELUG00000007411	110491470	110498757	0
ENSELUG00000018452	110492203	110532406	0
ENSELUG00000019245	110492184	110532422	0
ENSELUG00000000324	110490904	110535448	0
ENSELUG00000001190	110502378	110527634	0
ENSELUG00000019356	110499082	110502884	0
ENSELUG00000002676	110488789	110504990	0
ENSELUG00000022354	110488886	110505081	0
ENSELUG00000018367	110489739	110535269	0
ENSELUG00000003927	110490068	110524111	0
ENSELUG00000005420	110501855	110520225	0
ENSELUG00000010488	110501764	110520315	0
ENSELUG00000009392	110504694	110519955	0
ENSELUG00000004493	110488722	110504918	0
ENSELUG00000019615	110509904	110523696	0
ENSELUG00000016159	110494854	110520275	0
ENSELUG00000013231	110503570	110507447	0
ENSELUG00000016221	110515105	110516629	1
ENSELUG00000004823	110490002	110535578	0
ENSELUG00000022164	110488047	110496668	0
ENSELUG00000023043	100136169	110538429	1
ENSELUG00000012328	110500725	110531867	0
ENSELUG00000016540	110486946	110539052	1
ENSELUG00000020916	110494197	110528226	0
ENSELUG00000001080	110506621	110526488	1
ENSELUG00000024468	110485696	110495100	1
ENSELUG00000004456	110486770	110486773	1
ENSELUG00000003231	110490434	110500046	1
ENSELUG00000005556	110524000	110528753	0
ENSELUG00000020555	110501321	110520543	0
ENSELUG00000010595	110492627	110532271	0
ENSELUG00000013365	110494374	110528062	0
ENSELUG00000005283	110486787	110538748	1
ENSELUG00000008044	110521561	110524428	0
ENSELUG00000013931	110488553	110504768	0
ENSELUG00000013116	110492811	110499494	0
ENSELUG00000001223	100301644	110501419	0
ENSELUG00000015661	110521484	110524348	0
ENSELUG00000022515	110489770	110535222	0
ENSELUG00000015238	110491289	110499498	0
ENSELUG00000010851	110500321	110531928	0
ENSELUG00000008536	110494485	110527977	0
ENSELUG00000001596	110494953	110528387	0
ENSELUG00000009067	110490162	110500284	1
ENSELUG00000004818	110502588	110521206	0
ENSELUG00000017229	110502274	110524112	0
ENSELUG00000018809	110525613	110535979	0
ENSELUG00000017650	110497294	110497295	1
ENSELUG00000024473	110489811	110536538	0
ENSELUG00000006937	110487995	110496607	0
ENSELUG00000001044	110522014	110529379	0
ENSELUG00000020123	110521833	110524784	0
ENSELUG00000006412	110491451	110499049	0
ENSELUG00000015599	110500627	110531784	0
ENSELUG00000000248	110496796	110517265	0
ENSELUG00000016499	110494302	110528134	0
ENSELUG00000000328	100301740	110503215	0
ENSELUG00000020145	110494736	110527724	0
ENSELUG00000023061	110488061	110496680	0
ENSELUG00000008767	110494479	110527980	0
ENSELUG00000005205	110522314	110529696	0
ENSELUG00000022014	110488902	110505098	0
ENSELUG00000006216	110526905	118937404	0
ENSELUG00000002890	110521721	110523008	0
ENSELUG00000004482	110521057	110529677	0
ENSELUG00000014037	110504137	110507961	0
ENSELUG00000005117	110502552	110529992	0
ENSELUG00000005650	110522328	110529707	0
ENSELUG00000024244	110520956	110523020	0
ENSELUG00000008807	110491966	110532699	0
ENSELUG00000017128	110486220	110538149	0
ENSELUG00000024251	110510210	110534202	0
ENSELUG00000004718	110486782	110539015	1
ENSELUG00000003795	110500478	110532940	0
ENSELUG00000022564	110485532	110485533	1
ENSELUG00000013571	110509796	110523590	0
ENSELUG00000007238	110506714	110526579	1
ENSELUG00000012408	118947112	118947903	1
ENSELUG00000008331	110525833	110536213	0
ENSELUG00000009423	110501905	110520161	0
ENSELUG00000019820	110494755	110527716	0
ENSELUG00000018755	110488706	110504902	0
ENSELUG00000002834	110491391	110498972	0
ENSELUG00000002265	110491347	110498938	0
ENSELUG00000005461	110487634	110496112	0
ENSELUG00000021183	110505227	110524230	0
ENSELUG00000012962	110521540	110524406	0
ENSELUG00000012161	110497211	110519243	1
ENSELUG00000006002	110509649	110523429	0
ENSELUG00000020789	110522203	110529578	0
ENSELUG00000011417	100305145	110525771	0
ENSELUG00000012242	110506555	110526430	0
ENSELUG00000004949	110509036	110530022	0
ENSELUG00000013181	110493912	110528528	0
ENSELUG00000019230	110486272	110538209	1
ENSELUG00000003125	110498024	110505426	0
ENSELUG00000012165	110518831	118941082	1
ENSELUG00000014544	110498146	110505290	0
ENSELUG00000012368	110515141	110534759	0
ENSELUG00000023675	110502077	110522059	0
ENSELUG00000011968	110491544	110498833	0
ENSELUG00000010913	110508743	110530310	0
ENSELUG00000023764	110487512	110487513	1
ENSELUG00000010722	110518526	118940219	1
ENSELUG00000005054	100136685	110523916	0
ENSELUG00000022530	100136600	110495788	0
ENSELUG00000018671	110502232	110523292	0
ENSELUG00000014765	110498720	110523687	0
ENSELUG00000010087	110486497	110538294	1
ENSELUG00000019952	110497903	110522960	0
ENSELUG00000018200	110518435	110534571	1
ENSELUG00000009773	110486479	110538308	1
ENSELUG00000005869	110491433	110499032	0
ENSELUG00000010325	110503195	110508019	0
ENSELUG00000001441	110485191	110538502	1
ENSELUG00000000200	110503346	110507660	1
ENSELUG00000020754	110503956	110507790	0
ENSELUG00000023552	110488121	110496453	0
ENSELUG00000022898	110533338	110537780	0
ENSELUG00000016316	110506492	110526360	0
ENSELUG00000021590	110488911	110505107	0
ENSELUG00000001297	110521843	110524812	0
ENSELUG00000010769	110486124	110538013	0
ENSELUG00000020680	110492150	110532461	0
ENSELUG00000021239	110510603	110538229	1
ENSELUG00000013019	110503586	110507461	0
ENSELUG00000009920	110494450	110527996	0
ENSELUG00000021372	100305169	110527001	1
ENSELUG00000019585	110501500	110520067	0
ENSELUG00000001166	110523966	110536955	0
ENSELUG00000006296	110521907	110539090	0
ENSELUG00000000307	110486376	110513321	0
ENSELUG00000010175	110492634	110532261	0
ENSELUG00000020508	110501320	110520541	0
ENSELUG00000008258	110521566	110524433	0
ENSELUG00000024408	110520994	110524675	0
ENSELUG00000003304	110501906	110504222	0
ENSELUG00000012974	110503393	110507965	0
ENSELUG00000023235	110488132	110496437	0
ENSELUG00000013403	110500302	110532909	0
ENSELUG00000023937	110522252	110529638	0
ENSELUG00000018599	110491086	110532412	0
ENSELUG00000021012	110499700	110499701	1
ENSELUG00000008561	110500186	110524881	0
ENSELUG00000021650	110502248	110526033	0
ENSELUG00000005907	110495686	110527354	1
ENSELUG00000013694	110502424	110528213	0
ENSELUG00000010874	110533616	110537511	0
ENSELUG00000010599	110486128	110538020	0
ENSELUG00000022259	110488890	110505086	0
ENSELUG00000011856	110509759	110523550	0
ENSELUG00000008886	110501738	110520344	0
ENSELUG00000002139	110495560	110495561	1
ENSELUG00000008660	110509703	110522839	0
ENSELUG00000023967	110488841	110505045	0
ENSELUG00000012201	110498609	110498611	1
ENSELUG00000005168	110523917	110537006	0
ENSELUG00000011053	110521857	110524839	0
ENSELUG00000006309	110492044	110532626	0
ENSELUG00000015203	110494582	110520069	0
ENSELUG00000021981	110533406	110537797	0
ENSELUG00000013003	110493918	110528521	0
ENSELUG00000005239	110502543	110529936	0
ENSELUG00000007029	110493247	110527962	0
ENSELUG00000019269	110499393	110502716	0
ENSELUG00000002292	110491349	110498943	0
ENSELUG00000006749	110509671	110523452	0
ENSELUG00000019934	110521836	110524779	0
ENSELUG00000004160	110490401	110500080	1
ENSELUG00000019597	110486283	110538215	1
ENSELUG00000022528	110492762	110532498	0
ENSELUG00000020224	110486300	110538235	1
ENSELUG00000021784	110526772	110526773	1
ENSELUG00000006374	110508195	110530221	0
ENSELUG00000003978	110492317	110521284	0
ENSELUG00000005521	110521654	110522998	0
ENSELUG00000013577	110489679	110535361	0
ENSELUG00000003221	110508528	110530983	0
ENSELUG00000007137	110523950	110536980	0
ENSELUG00000012510	110486008	110493725	1
ENSELUG00000013344	110487423	110487454	1
ENSELUG00000010065	110491536	110498790	0
ENSELUG00000000944	110521814	110524750	0
ENSELUG00000009799	110491528	110499153	0
ENSELUG00000023696	110492437	110531971	0
ENSELUG00000015829	110509067	110530004	0
ENSELUG00000014507	110488242	110496341	0
ENSELUG00000002447	110525971	110536341	0
ENSELUG00000022176	110533322	110537792	0
ENSELUG00000018067	110525284	110535704	0
ENSELUG00000018656	110503731	110507614	0
ENSELUG00000013100	110488218	110496359	0
ENSELUG00000012060	110487486	110514960	0
ENSELUG00000007570	110494961	110528405	0
ENSELUG00000002373	110495358	110495361	1
ENSELUG00000004275	110497704	110505764	0
ENSELUG00000012919	110533571	110537552	0
ENSELUG00000013565	110503492	110507439	0
ENSELUG00000019858	110522172	110529550	0
ENSELUG00000019110	110502021	110518747	0
ENSELUG00000006323	110491449	110499048	0
ENSELUG00000022162	110500540	110531674	0
ENSELUG00000021578	110508880	110530150	0
ENSELUG00000009056	110508186	110530263	0
ENSELUG00000014965	110509946	110533960	0
ENSELUG00000014116	110487344	118948235	1
ENSELUG00000019696	110499094	118943890	0
ENSELUG00000006495	110486388	110538405	1
ENSELUG00000011798	110492321	110532078	0
ENSELUG00000019981	110494233	110528199	0
ENSELUG00000017444	110512666	118944433	1
ENSELUG00000019797	110502287	110526526	0
ENSELUG00000020774	110501472	110520090	0
ENSELUG00000003570	110488749	110504943	0
ENSELUG00000003525	110493258	110527116	0
ENSELUG00000019511	110507802	110524265	0
ENSELUG00000002184	110523807	110537115	0
ENSELUG00000020075	110506434	110524247	0
ENSELUG00000004375	110494572	110527895	0
ENSELUG00000020219	110510050	110534056	0
ENSELUG00000012460	110493709	110524147	0
ENSELUG00000021837	110502662	110531225	0
ENSELUG00000016197	110491279	110499508	0
ENSELUG00000011848	110506562	110526438	0
ENSELUG00000005394	110501854	110520224	0
ENSELUG00000021723	110533392	110537801	0
ENSELUG00000015995	110485269	110485272	1
ENSELUG00000018132	110499421	110502745	0
ENSELUG00000002689	110488788	110504993	0
ENSELUG00000010494	110486506	110538283	1
ENSELUG00000018476	110499185	110502906	0
ENSELUG00000014992	110504104	110507917	0
ENSELUG00000020229	110506389	110526933	0
ENSELUG00000022650	110526745	110526998	1
ENSELUG00000016268	110500880	110531767	0
ENSELUG00000014603	110490245	110500227	0
ENSELUG00000018889	110509541	110523207	0
ENSELUG00000001575	110508944	110537022	1
ENSELUG00000008178	110488064	110496683	0
ENSELUG00000013654	100301755	110487451	1
ENSELUG00000010667	110501767	110520311	0
ENSELUG00000000643	110500613	110531754	0
ENSELUG00000012899	110488214	110496361	0
ENSELUG00000018344	110486253	110538184	1
ENSELUG00000000898	110486686	110538641	1
ENSELUG00000015308	110502398	110527844	0
ENSELUG00000022357	110486717	110538671	1
ENSELUG00000019290	110498007	110523083	0
ENSELUG00000020003	110497890	110522951	0
ENSELUG00000015453	110494626	110520111	0
ENSELUG00000012613	110499306	110502998	0
ENSELUG00000016103	110492675	110517102	0
ENSELUG00000019993	110503976	110507803	0
ENSELUG00000023720	110523777	110537146	0
ENSELUG00000004093	110509610	110522844	0
ENSELUG00000007225	110491469	110499062	0
ENSELUG00000020863	110494199	110528225	0
ENSELUG00000013641	110509797	110523588	0
ENSELUG00000011478	110506580	110526454	1
ENSELUG00000000893	110495065	118938528	1
ENSELUG00000005778	110497731	110505734	0
ENSELUG00000016383	110488993	110505195	0
ENSELUG00000000838	110494764	110527705	0
ENSELUG00000024582	110500506	110531642	0
ENSELUG00000009606	110503667	110507548	0
ENSELUG00000008602	110537344	118966764	0
ENSELUG00000012384	110488201	110496376	0
ENSELUG00000014425	110497367	110534531	1
ENSELUG00000004923	110493960	110507329	1
ENSELUG00000021879	110494182	110528250	0
ENSELUG00000015968	110494780	110520211	0
ENSELUG00000008813	100136084	110486554	1
ENSELUG00000013277	110498122	110505313	0
ENSELUG00000010793	110493906	110512077	0
ENSELUG00000023242	110485635	110485636	1
ENSELUG00000013733	110498357	110523481	0
ENSELUG00000016503	110516028	110519383	1
ENSELUG00000006421	110502496	110529412	0
ENSELUG00000003989	110504934	118936297	0
ENSELUG00000014834	110492364	110532039	0
ENSELUG00000005624	110492060	110532613	0
ENSELUG00000024250	110492123	110532539	0
ENSELUG00000011811	110538856	110539183	1
ENSELUG00000022472	110488879	110505075	0
ENSELUG00000000760	110494262	110528991	0
ENSELUG00000021535	110523748	110537173	0
ENSELUG00000022570	110503805	110538803	1
ENSELUG00000000354	110486476	110538313	1
ENSELUG00000000696	110487879	110496714	0
ENSELUG00000004659	110491413	110498743	1
ENSELUG00000003782	110494048	110528371	0
ENSELUG00000003723	110523877	110537050	0
ENSELUG00000021980	110488903	110505099	0
ENSELUG00000013295	110503305	110507446	0
ENSELUG00000001117	110521759	110524661	0
ENSELUG00000004750	110523909	110537014	0
ENSELUG00000000360	110500380	110531481	0
ENSELUG00000005483	110494546	110527921	0
ENSELUG00000004607	110521668	110524555	0
ENSELUG00000015828	110502334	110527082	0
ENSELUG00000021520	110523747	110537175	0
ENSELUG00000006121	110496019	110513288	0
ENSELUG00000002750	110494073	110528350	0
ENSELUG00000012876	110488213	110496363	0
ENSELUG00000009467	110504696	110519956	0
ENSELUG00000012848	110501580	110520002	0
ENSELUG00000023234	110502056	110522073	0
ENSELUG00000010783	110500348	110531445	0
ENSELUG00000023279	110488860	110505061	0
ENSELUG00000016570	110495023	110520414	0
ENSELUG00000009460	110497873	110504204	0
ENSELUG00000017643	110504039	110507863	0
ENSELUG00000010657	110506601	110526473	1
ENSELUG00000007219	110492007	110532657	0
ENSELUG00000023195	110489310	110496147	0
ENSELUG00000005706	110509452	110534209	0
ENSELUG00000020575	110522195	110529569	0
ENSELUG00000009539	110491525	110499149	0
ENSELUG00000011872	110509760	110523552	0
ENSELUG00000013828	110498391	110523486	0
ENSELUG00000018869	110522160	110529533	0
ENSELUG00000006088	110489983	110535593	0
ENSELUG00000007729	110509690	110523473	0
ENSELUG00000003490	110492107	110531227	0
ENSELUG00000011901	110501783	110520298	0
ENSELUG00000010508	110509732	110523521	0
ENSELUG00000008395	110491975	110532689	0
ENSELUG00000005059	110490378	110500103	0
ENSELUG00000002551	110494085	110528342	0
ENSELUG00000008492	110501725	110520352	0
ENSELUG00000015376	110508838	110536976	1
ENSELUG00000016957	110502364	110527415	0
ENSELUG00000004103	110488730	110504930	0
ENSELUG00000021543	110508882	110530149	0
ENSELUG00000020215	110490968	110534229	0
ENSELUG00000005991	110503817	110507657	0
ENSELUG00000003334	110491855	110532196	0
ENSELUG00000002672	110488790	110504991	0
ENSELUG00000021635	110485343	110494921	1
ENSELUG00000018871	110502007	110520491	0
ENSELUG00000005811	110487973	110496585	0
ENSELUG00000022257	110491786	110498804	0
ENSELUG00000016319	110504064	110507895	0
ENSELUG00000002590	110523836	110536802	0
ENSELUG00000021349	110501463	110520097	0
ENSELUG00000015760	110502333	110527080	0
ENSELUG00000016516	110504059	110507887	0
ENSELUG00000018556	110486261	110539167	1
ENSELUG00000020828	110508902	110530134	0
ENSELUG00000003392	110506144	110506823	1
ENSELUG00000010343	110499897	110524551	0
ENSELUG00000016104	110494832	110520267	0
ENSELUG00000009277	110491955	110532709	0
ENSELUG00000013523	110490219	110501062	0
ENSELUG00000022832	110492751	110532508	0
ENSELUG00000011822	110538840	118938558	1
ENSELUG00000022744	110501942	110520125	0
ENSELUG00000016580	100136949	110504828	0
ENSELUG00000005903	110491434	110499033	0
ENSELUG00000010164	110493285	110527695	0
ENSELUG00000010613	110494803	110527688	0
ENSELUG00000003808	110509605	110523393	0
ENSELUG00000013963	110492658	110532785	0
ENSELUG00000018325	110493305	110528642	0
ENSELUG00000014219	110488235	110496344	0
ENSELUG00000002630	110521732	110524621	0
ENSELUG00000002734	110488781	110504985	0
ENSELUG00000019410	110525599	110535965	0
ENSELUG00000023434	110525541	110535917	0
ENSELUG00000007703	110502417	110525089	0
ENSELUG00000022224	110494173	110528255	0
ENSELUG00000023920	110489168	118946065	0
ENSELUG00000012421	110494212	110515971	0
ENSELUG00000020138	110522176	110529554	0
ENSELUG00000016890	110525672	110536040	0
ENSELUG00000023559	110494701	110527759	0
ENSELUG00000018598	110499407	110502729	0
ENSELUG00000023435	110486740	118937757	1
ENSELUG00000016741	110492609	110532820	0
ENSELUG00000016670	110488624	110504297	0
ENSELUG00000021354	110523734	110537179	0
ENSELUG00000016525	110497542	110505222	0
ENSELUG00000005237	110509045	110530925	0
ENSELUG00000002132	110495549	110495559	1
ENSELUG00000022599	110489282	110496162	0
ENSELUG00000012084	110502449	110528542	0
ENSELUG00000017061	110498210	110505219	0
ENSELUG00000024536	110523790	110537132	0
ENSELUG00000019796	110499097	110502870	0
ENSELUG00000017418	110498624	110534566	1
ENSELUG00000016203	110504068	110507901	0
ENSELUG00000007569	110509686	110523467	0
ENSELUG00000008086	110533771	110537352	0
ENSELUG00000006147	110490104	110491287	0
ENSELUG00000018230	100136701	110489733	0
ENSELUG00000012975	110508702	110530347	0
ENSELUG00000016618	110520967	110529488	0
ENSELUG00000014601	110508630	110536706	1
ENSELUG00000018054	110492419	110531160	0
ENSELUG00000005867	110506741	110526607	1
ENSELUG00000020946	110522207	110529582	0
ENSELUG00000017789	110502375	110527528	0
ENSELUG00000012589	110490203	110501065	1
ENSELUG00000018741	110509418	110534036	1
ENSELUG00000017341	110499222	110502940	0
ENSELUG00000009503	110509472	118936902	1
ENSELUG00000015768	110523127	110536901	0
ENSELUG00000014626	110498682	110532343	0
ENSELUG00000008180	110503885	110507717	0
ENSELUG00000004642	110490292	110519775	0
ENSELUG00000012673	110486139	110538035	0
ENSELUG00000008664	110500169	110524844	0
ENSELUG00000010742	110494438	110528005	1
ENSELUG00000014198	110508309	118943921	1
ENSELUG00000011442	110512008	110534598	1
ENSELUG00000008471	110508411	110530700	0
ENSELUG00000013292	110499296	110502992	0
ENSELUG00000006940	101268944	110496033	0
ENSELUG00000012085	110494184	110515869	0
ENSELUG00000016610	110485252	110514297	1
ENSELUG00000003609	100136089	110528367	0
ENSELUG00000012755	110508708	110530338	0
ENSELUG00000011502	110525767	110536145	0
ENSELUG00000016302	110492693	110531271	0
ENSELUG00000020887	110486318	110538261	1
ENSELUG00000005204	110492069	110532596	0
ENSELUG00000006233	110487767	110504634	0
ENSELUG00000016915	110525311	110535718	0
ENSELUG00000014746	110506506	110526385	1
ENSELUG00000007087	110525848	110536231	0
ENSELUG00000012495	110533583	110537548	0
ENSELUG00000015803	110504079	110507910	0
ENSELUG00000009864	110488160	110496424	0
ENSELUG00000010496	110494779	110527691	0
ENSELUG00000010452	110526481	118936478	1
ENSELUG00000015088	110501822	110520060	0
ENSELUG00000005177	110492070	110532595	0
ENSELUG00000005791	110501662	110520418	0
ENSELUG00000013146	110491297	110499602	0
ENSELUG00000004418	110490953	110524123	0
ENSELUG00000013223	110506537	110526415	0
ENSELUG00000016796	110503488	110507300	0
ENSELUG00000003707	110490415	110500067	0
ENSELUG00000016756	110486924	110512521	1
ENSELUG00000002756	110488780	110504981	0
ENSELUG00000012148	110491906	110531255	0
ENSELUG00000021224	110494718	110527740	0
ENSELUG00000016561	110525058	110527031	0
ENSELUG00000019804	110502224	110532307	0
ENSELUG00000018352	110498172	110523378	0
ENSELUG00000023887	110497920	110524180	0
ENSELUG00000003195	110498021	110505429	0
ENSELUG00000012760	110501581	110520000	0
ENSELUG00000019310	110509892	110523685	0
ENSELUG00000005316	110500432	110532933	0
ENSELUG00000005427	110504604	118946002	0
ENSELUG00000011536	110491553	110499577	0
ENSELUG00000001030	110508536	110530523	0
ENSELUG00000003852	110505458	118941361	0
ENSELUG00000010007	110493713	110509312	0
ENSELUG00000002844	110490447	110500012	0
ENSELUG00000017437	110525655	110536022	0
ENSELUG00000021971	110533397	110537798	0
ENSELUG00000015024	110509949	110533962	0
ENSELUG00000007815	110488074	110496688	0
ENSELUG00000010904	110491926	110532733	0
ENSELUG00000014503	110497365	110534529	1
ENSELUG00000002706	110488786	110504989	0
ENSELUG00000020805	110503954	110507789	0
ENSELUG00000018731	110499404	110502727	0
ENSELUG00000004537	110485764	110493513	1
ENSELUG00000004491	110492347	110522725	0
ENSELUG00000012540	110533579	110539143	0
ENSELUG00000008497	110501788	110520294	0
ENSELUG00000000910	110503363	110507787	0
ENSELUG00000010868	110494434	110528010	0
ENSELUG00000014069	110511347	110512274	1
ENSELUG00000005123	110487957	110496576	0
ENSELUG00000001580	110497988	110505461	0
ENSELUG00000016034	110509980	110533117	0
ENSELUG00000004077	110502586	110530243	0
ENSELUG00000016150	110514127	110526876	1
ENSELUG00000022723	110492757	110532505	0
ENSELUG00000006560	110486393	110538398	1
ENSELUG00000008105	110489826	110535188	0
ENSELUG00000010056	110490863	110499796	1
ENSELUG00000022122	110494176	110528254	0
ENSELUG00000008270	110496006	110510474	0
ENSELUG00000004529	100136710	110511859	1
ENSELUG00000004499	110501611	110520467	0
ENSELUG00000014963	110486977	110515874	1
ENSELUG00000023054	110496728	110521997	0
ENSELUG00000012394	110500888	110531864	0
ENSELUG00000020333	110501313	110504700	0
ENSELUG00000020031	110494228	110528206	0
ENSELUG00000002580	110506859	110515300	1
ENSELUG00000023496	110488124	110496450	0
ENSELUG00000008396	110489938	110535623	0
ENSELUG00000022131	110486706	110538662	1
ENSELUG00000004866	110493965	110507380	1
ENSELUG00000020527	110494215	110528216	0
ENSELUG00000012951	110490212	110501063	1
ENSELUG00000018185	110497264	110498622	1
ENSELUG00000014343	110500682	110531826	0
ENSELUG00000014993	110522075	110529458	0
ENSELUG00000011421	110486109	110537996	0
ENSELUG00000003987	110497987	110505464	0
ENSELUG00000020687	110501323	110520551	0
ENSELUG00000023669	110496807	110522040	0
ENSELUG00000018946	110498034	110523264	0
ENSELUG00000023682	110488120	110496457	0
ENSELUG00000007290	110521612	110524495	0
ENSELUG00000012713	110509364	110523564	0
ENSELUG00000002246	110498377	110505367	0
ENSELUG00000013490	110531799	118966075	1
ENSELUG00000018895	110521848	110524819	0
ENSELUG00000015548	110522004	110529374	0
ENSELUG00000014527	110502412	110528049	0
ENSELUG00000009239	110491956	110532708	0
ENSELUG00000004895	110485774	110493527	1
ENSELUG00000011561	110503412	110507979	0
ENSELUG00000001333	110508450	110530660	0
ENSELUG00000008327	110488482	110496004	0
ENSELUG00000016815	110503514	110507299	0
ENSELUG00000005120	110495676	110527344	1
ENSELUG00000003634	110525931	110536307	0
ENSELUG00000012487	110522057	110529444	0
ENSELUG00000022674	110489179	110504530	0
ENSELUG00000018372	110492427	110531979	0
ENSELUG00000021252	110486332	110538276	1
ENSELUG00000021517	110508603	110530463	0
ENSELUG00000017774	110502285	110524205	0
ENSELUG00000017065	110510009	110534013	0
ENSELUG00000021758	110510090	110534104	0
ENSELUG00000000624	110491122	110517304	0
ENSELUG00000023976	110495504	110495508	1
ENSELUG00000021605	110485578	110487244	1
ENSELUG00000012466	110494886	118938170	1
ENSELUG00000016790	110487812	110496767	1
ENSELUG00000000461	110487659	110515154	0
ENSELUG00000022540	110495789	110527417	0
ENSELUG00000020864	110486319	110538262	1
ENSELUG00000022377	110502651	110530927	0
ENSELUG00000001894	110492506	110508377	0
ENSELUG00000003535	110488417	110524100	0
ENSELUG00000024183	110488832	110505039	0
ENSELUG00000016538	110487822	110504292	1
ENSELUG00000016187	110493390	118938149	1
ENSELUG00000022430	110502648	110530900	0
ENSELUG00000008415	110491974	110532706	0
ENSELUG00000007968	110533766	110537358	0
ENSELUG00000003743	110508506	110530566	0
ENSELUG00000019764	110501496	110520072	0
ENSELUG00000002872	110485690	110493441	1
ENSELUG00000004148	110488728	110504926	0
ENSELUG00000022368	110509502	110523299	0
ENSELUG00000009701	100505418	110530276	0
ENSELUG00000023614	110494120	110528290	0
ENSELUG00000017717	110501376	110520593	0
ENSELUG00000016056	100301744	110532799	0
ENSELUG00000009996	110521588	110524460	0
ENSELUG00000011156	101268967	118936246	1
ENSELUG00000011173	110487092	110487093	1
ENSELUG00000004693	101268941	110492076	0
ENSELUG00000019762	110493278	110527715	0
ENSELUG00000019817	110506373	110526258	0
ENSELUG00000003680	110500486	110531628	0
ENSELUG00000000263	110487630	110496040	1
ENSELUG00000007499	110488081	110496693	0
ENSELUG00000017887	110492209	110532399	0
ENSELUG00000013067	110509787	110523577	0
ENSELUG00000020142	110499536	110502698	0
ENSELUG00000004105	110508497	110530582	0
ENSELUG00000005051	110509039	110530016	0
ENSELUG00000023210	118941182	118946471	0
ENSELUG00000019964	110495851	110527469	1
ENSELUG00000000632	110495161	110520502	0
ENSELUG00000017810	110492417	110531990	0
ENSELUG00000011123	110491806	110525582	0
ENSELUG00000018901	100136310	110528175	0
ENSELUG00000014448	110509932	110533948	0
ENSELUG00000018505	110499411	110502735	0
ENSELUG00000012053	110522468	110529853	0
ENSELUG00000003903	110534068	110535394	1
ENSELUG00000013491	110487137	110539065	1
ENSELUG00000006132	110490357	110500129	1
ENSELUG00000017275	110511817	110519246	1
ENSELUG00000020713	110510059	110534067	0
ENSELUG00000008405	110491829	110532228	0
ENSELUG00000017572	110494281	110528154	0
ENSELUG00000008817	110508187	110530261	0
ENSELUG00000019897	110492160	110532445	0
ENSELUG00000011908	110491907	110532749	0
ENSELUG00000006483	100136795	110532631	0
ENSELUG00000023055	110533645	110537479	0
ENSELUG00000012989	110493919	110528520	0
ENSELUG00000015536	110503532	110507369	0
ENSELUG00000011441	110534879	110537527	0
ENSELUG00000009815	110494453	110527994	0
ENSELUG00000014284	110500684	110531828	0
ENSELUG00000010206	100301712	110506620	1
ENSELUG00000024615	110488953	110504165	0
ENSELUG00000022578	110525567	110535938	0
ENSELUG00000000459	110499314	110503004	0
ENSELUG00000015927	110493235	110528984	0
ENSELUG00000010315	110503403	110508020	0
ENSELUG00000013494	110533561	110537566	0
ENSELUG00000008530	110500215	110524905	0
ENSELUG00000018546	110525626	110535989	0
ENSELUG00000008659	110502460	110528719	0
ENSELUG00000022906	110493428	110495000	1
ENSELUG00000013589	110522029	110529416	0
ENSELUG00000012330	110503602	110507481	0
ENSELUG00000017759	110492453	110532829	0
ENSELUG00000020120	110506387	110526245	0
ENSELUG00000023404	110522241	110529623	0
ENSELUG00000015792	110497537	110505226	0
ENSELUG00000001837	110492485	110531953	0
ENSELUG00000009699	110507285	118944772	0
ENSELUG00000003050	110485710	110495101	1
ENSELUG00000022861	100136202	110524201	0
ENSELUG00000022450	110488880	110505076	0
ENSELUG00000001823	110525525	110535902	0
ENSELUG00000019222	110495861	110527479	0
ENSELUG00000000689	110504044	110507868	0
ENSELUG00000005365	110494548	110527919	0
ENSELUG00000019321	110503989	110507821	0
ENSELUG00000020577	110488977	110505185	0
ENSELUG00000024042	110509002	110530053	0
ENSELUG00000006637	110492029	110532637	0
ENSELUG00000012939	110487773	110515238	1
ENSELUG00000004549	110506777	118936661	1
ENSELUG00000023830	110521781	110524697	0
ENSELUG00000024114	110495514	110519411	1
ENSELUG00000003023	110485708	110493459	1
ENSELUG00000000175	110509643	110523424	0
ENSELUG00000009740	110503251	110508058	0
ENSELUG00000013982	110492661	110532784	0
ENSELUG00000013412	110493909	110528536	0
ENSELUG00000012047	110490194	110500262	0
ENSELUG00000004859	110502561	110530032	0
ENSELUG00000009981	110491945	110532719	0
ENSELUG00000011961	110496914	118941041	1
ENSELUG00000019800	110499386	110502706	0
ENSELUG00000020469	110485557	110495066	1
ENSELUG00000022480	110521798	110524727	0
ENSELUG00000010339	100653486	110530723	0
ENSELUG00000016974	110509856	110522917	0
ENSELUG00000017145	110510010	110534015	0
ENSELUG00000000448	110486015	110493729	1
ENSELUG00000020129	110500558	110531692	0
ENSELUG00000009354	110525811	110536189	0
ENSELUG00000003667	110485732	110493491	1
ENSELUG00000021108	110488920	110505115	0
ENSELUG00000000470	110494380	110528056	0
ENSELUG00000019906	100136172	110523704	0
ENSELUG00000001091	110490173	110500276	0
ENSELUG00000022999	110499433	110502762	0
ENSELUG00000009970	110503658	110507537	0
ENSELUG00000020245	110503967	110507810	0
ENSELUG00000014023	110498649	110534520	1
ENSELUG00000019157	110521098	110529314	0
ENSELUG00000005418	110536792	118936294	0
ENSELUG00000015755	110493299	110528579	0
ENSELUG00000021707	110488910	110505105	0
ENSELUG00000023785	110488113	110496455	0
ENSELUG00000004470	110497711	110505754	0
ENSELUG00000022429	110501360	110504760	0
ENSELUG00000022452	110492766	110532497	0
ENSELUG00000003919	110492880	110499003	0
ENSELUG00000023154	110494642	110527820	0
ENSELUG00000022045	110503917	110507759	0
ENSELUG00000021000	110494206	110528233	0
ENSELUG00000005037	110509038	110530020	0
ENSELUG00000024091	110492124	110532538	0
ENSELUG00000017084	110492691	110521313	0
ENSELUG00000024455	110525529	110535906	0
ENSELUG00000006865	110485238	110539043	1
ENSELUG00000014143	110525712	110536084	0
ENSELUG00000022407	110486719	110538672	1
ENSELUG00000005799	110494537	110527928	0
ENSELUG00000009542	110490168	110500280	0
ENSELUG00000003607	110498582	110504324	0
ENSELUG00000022486	110488877	110505074	0
ENSELUG00000004339	110485756	110493468	1
ENSELUG00000022544	110533329	110537785	0
ENSELUG00000015045	101268927	110507386	0
ENSELUG00000011227	110533605	110537520	0
ENSELUG00000009306	110492659	110532247	0
ENSELUG00000011863	110494122	110514811	0
ENSELUG00000005599	110492061	110532612	0
ENSELUG00000022654	110489775	110535217	0
ENSELUG00000007730	110522557	110529768	0
ENSELUG00000015056	110494848	110528674	0
ENSELUG00000009486	110492644	110532250	0
ENSELUG00000010812	110491928	110532731	0
ENSELUG00000019598	110494762	110528948	0
ENSELUG00000008785	110502230	110525667	0
ENSELUG00000006684	110533735	110537381	0
ENSELUG00000007358	110486861	110486862	1
ENSELUG00000011947	110487447	110514864	0
ENSELUG00000023189	110500528	110531663	0
ENSELUG00000009470	110486681	110503910	0
ENSELUG00000016491	110491160	110532811	0
ENSELUG00000008489	110509699	110523483	0
ENSELUG00000007517	110494986	110528404	0
ENSELUG00000019081	110510034	110534041	0
ENSELUG00000013160	110509789	110523578	0
ENSELUG00000017280	110522355	110529918	0
ENSELUG00000012932	110525740	110536115	0
ENSELUG00000000291	110489929	110535630	0
ENSELUG00000009679	110486477	110538312	1
ENSELUG00000018911	110501514	110520057	0
ENSELUG00000019468	110498761	110503127	0
ENSELUG00000000992	110494632	110527833	0
ENSELUG00000022022	110490077	110519284	0
ENSELUG00000003323	110492113	110532550	0
ENSELUG00000021716	110489189	110504485	0
ENSELUG00000015852	110506479	110526370	0
ENSELUG00000017311	110520911	110537340	1
ENSELUG00000006006	110523931	110536988	0
ENSELUG00000002433	110491356	110498949	0
ENSELUG00000020929	110501467	110520093	0
ENSELUG00000020608	110503265	110508083	1
ENSELUG00000021301	110494188	110528243	0
ENSELUG00000017143	110492647	110521310	0
ENSELUG00000020983	110494210	110528232	0
ENSELUG00000003581	110495441	110527308	1
ENSELUG00000023262	110525547	110535920	0
ENSELUG00000015503	110500643	110531786	0
ENSELUG00000015173	110523976	110536911	0
ENSELUG00000004367	110526651	110526659	1
ENSELUG00000009040	110486559	110513614	1
ENSELUG00000015035	110493851	110527679	0
ENSELUG00000001877	110490567	110501015	1
ENSELUG00000012068	110522467	110529854	0
ENSELUG00000015240	110521497	110524363	0
ENSELUG00000022595	110525568	110535939	0
ENSELUG00000012042	110533590	110538892	0
ENSELUG00000024344	110497735	110522782	0
ENSELUG00000006588	110509667	110523449	0
ENSELUG00000017596	110522125	110529510	0
ENSELUG00000022561	110508969	110530077	0
ENSELUG00000018527	110492200	110532410	0
ENSELUG00000006007	110508458	110530646	0
ENSELUG00000016130	110496905	110514965	0
ENSELUG00000001574	110500644	110531789	0
ENSELUG00000012521	110502444	110528479	0
ENSELUG00000020820	110501470	110520091	0
ENSELUG00000002798	110488774	110504974	0
ENSELUG00000006198	110492046	110532624	0
ENSELUG00000005932	110523930	110536991	0
ENSELUG00000021209	110522213	110529590	0
ENSELUG00000016055	110522093	110529476	0
ENSELUG00000024178	110508549	110530511	0
ENSELUG00000008742	110500101	110524813	0
ENSELUG00000009685	110503665	110507544	0
ENSELUG00000002997	110510834	110519502	1
ENSELUG00000005145	110489441	110496578	0
ENSELUG00000012650	110494252	110516533	0
ENSELUG00000013950	110509801	110523589	0
ENSELUG00000018844	100136773	110526828	1
ENSELUG00000007809	110491986	110532682	0
ENSELUG00000007515	110491994	110532674	0
ENSELUG00000001485	110525928	110536303	0
ENSELUG00000005494	110510135	110534146	0
ENSELUG00000024008	110492455	110531968	0
ENSELUG00000004863	110502573	110522709	0
ENSELUG00000023643	110489259	110496138	0
ENSELUG00000022081	110510101	110534111	0
ENSELUG00000010131	110489411	110496840	0
ENSELUG00000011434	110509748	110523533	0
ENSELUG00000007936	110501795	110520287	1
ENSELUG00000017627	110492416	110531994	0
ENSELUG00000024054	110502165	110522810	0
ENSELUG00000022317	110510107	110534115	0
ENSELUG00000004442	110500453	110531599	0
ENSELUG00000007873	110522555	110529225	0
ENSELUG00000014120	110522023	110529408	0
ENSELUG00000003604	110509598	110523383	0
ENSELUG00000010573	110493835	110510575	0
ENSELUG00000016453	110498196	110505209	0
ENSELUG00000003465	110498010	110505437	0
ENSELUG00000002824	110495607	110517899	1
ENSELUG00000015087	110508176	110530963	0
ENSELUG00000006759	110487991	110496602	0
ENSELUG00000023499	110492431	110531972	0
ENSELUG00000019470	110494242	110528188	0
ENSELUG00000016587	110521469	110524334	0
ENSELUG00000002896	110488948	110505148	0
ENSELUG00000019557	110503691	110507567	0
ENSELUG00000020311	110502277	110526431	0
ENSELUG00000010466	110487017	110514322	1
ENSELUG00000000518	110498585	110523599	0
ENSELUG00000017378	110495317	110520570	0
ENSELUG00000023041	110485625	110514401	1
ENSELUG00000009184	110500796	110531362	0
ENSELUG00000022032	110488900	110505097	0
ENSELUG00000010192	110500370	110531458	0
ENSELUG00000009797	110489003	110537870	0
ENSELUG00000013068	110491850	110531260	0
ENSELUG00000020932	110494209	110528231	0
ENSELUG00000008788	110486442	110538343	1
ENSELUG00000000417	110506578	110526451	1
ENSELUG00000014328	110521508	110524375	0
ENSELUG00000022705	110525565	110535936	0
ENSELUG00000020312	110497857	110522881	0
ENSELUG00000000490	110509791	110523583	0
ENSELUG00000000582	110488299	110503983	1
ENSELUG00000021848	110489211	110504508	0
ENSELUG00000007138	110493250	110521379	0
ENSELUG00000016093	110509982	110533990	0
ENSELUG00000016436	110521471	110524335	0
ENSELUG00000004765	110491063	110533031	0
ENSELUG00000022006	110506206	110506963	1
ENSELUG00000010844	110486518	110538477	1
ENSELUG00000009102	110491959	110532692	0
ENSELUG00000011033	110508350	110530733	0
ENSELUG00000003451	110494601	110527871	0
ENSELUG00000019621	110518175	118944410	1
ENSELUG00000005036	110487952	110496569	0
ENSELUG00000018072	110508645	110530414	0
ENSELUG00000007491	110522563	110529763	0
ENSELUG00000012430	110494395	110528042	0
ENSELUG00000011477	110497835	110505627	0
ENSELUG00000003880	110525934	110536313	0
ENSELUG00000009057	100305166	110499137	0
ENSELUG00000007284	110495700	118965258	1
ENSELUG00000008440	110525830	110536209	0
ENSELUG00000022179	110485561	110485562	1
ENSELUG00000007151	110486860	110538041	1
ENSELUG00000013835	110502423	110528176	0
ENSELUG00000023326	110522239	110529621	0
ENSELUG00000013447	110494371	110528063	0
ENSELUG00000016906	110522111	110529494	0
ENSELUG00000022531	110499761	118936535	1
ENSELUG00000019859	110494235	110528196	0
ENSELUG00000003166	110508530	110530532	0
ENSELUG00000016892	110492410	110531997	0
ENSELUG00000001315	110520963	110529366	0
ENSELUG00000010410	110485311	110518411	1
ENSELUG00000008565	110521572	110524437	0
ENSELUG00000019765	110489242	110504355	1
ENSELUG00000013538	110497382	110534510	1
ENSELUG00000020135	100301691	110503972	0
ENSELUG00000012825	110488533	110504738	0
ENSELUG00000017773	110494270	110528158	0
ENSELUG00000012881	110494398	118938374	1
ENSELUG00000017183	110522114	110529497	0
ENSELUG00000010626	110511247	118941186	0
ENSELUG00000016672	110495034	110520440	0
ENSELUG00000005544	110485792	110493549	1
ENSELUG00000017436	110503317	110507584	0
ENSELUG00000008387	110493502	110521406	0
ENSELUG00000021530	110485173	110538463	1
ENSELUG00000024323	110494132	110528302	0
ENSELUG00000009358	110513768	110534660	0
ENSELUG00000009249	110509713	110523504	0
ENSELUG00000020163	110488019	110496636	0
ENSELUG00000004882	110510158	110534160	0
ENSELUG00000000181	110496103	110515118	0
ENSELUG00000006561	100136320	110527377	1
ENSELUG00000003868	110498331	110505769	0
ENSELUG00000009030	110501591	110519992	0
ENSELUG00000005874	110502521	110529651	0
ENSELUG00000019107	110491046	110533281	0
ENSELUG00000024580	110510202	110534192	0
ENSELUG00000000160	110485796	110493547	1
ENSELUG00000021834	110510093	110534107	0
ENSELUG00000004383	100136324	110523398	0
ENSELUG00000000698	110492415	110531992	0
ENSELUG00000004726	110494562	110527904	0
ENSELUG00000010010	110494448	110527997	0
ENSELUG00000023468	110493431	110493434	1
ENSELUG00000018771	110485509	110493422	1
ENSELUG00000005995	110487976	110496588	0
ENSELUG00000008596	110525832	110536211	0
ENSELUG00000003251	110490431	110501032	1
ENSELUG00000017963	110485195	110538551	1
ENSELUG00000014505	110493184	110528553	0
ENSELUG00000013744	110531234	118943940	1
ENSELUG00000013686	110489420	110496833	0
ENSELUG00000017703	110486588	110538547	1
ENSELUG00000008068	110489067	110504676	0
ENSELUG00000015478	110502388	110527765	0
ENSELUG00000003561	110498005	110505442	0
ENSELUG00000018065	110497555	110504245	0
ENSELUG00000005744	110502079	110520420	0
ENSELUG00000014339	110486156	110538080	0
ENSELUG00000014423	110493895	110528551	0
ENSELUG00000023153	110491317	110498910	0
ENSELUG00000009410	110515322	118938840	1
ENSELUG00000005983	110502516	110529556	0
ENSELUG00000008279	110500292	110524948	0
ENSELUG00000017585	110492531	110521301	0
ENSELUG00000003845	110486052	110493806	0
ENSELUG00000019928	110503316	110507581	0
ENSELUG00000015800	110488607	110504813	0
ENSELUG00000020181	110526262	118938202	1
ENSELUG00000010815	110514485	110517426	1
ENSELUG00000010002	110525882	118943913	0
ENSELUG00000020380	110505969	118941522	0
ENSELUG00000001463	110525493	110535875	0
ENSELUG00000001194	110523709	110539131	0
ENSELUG00000020070	110508922	110530119	0
ENSELUG00000023668	110521782	110524699	0
ENSELUG00000003662	100653467	110523382	0
ENSELUG00000013281	110492337	110532064	0
ENSELUG00000024335	110497771	110522804	0
ENSELUG00000000130	110508483	110530599	0
ENSELUG00000006053	110492867	110521347	0
ENSELUG00000007197	110501810	110520266	0
ENSELUG00000003722	110508505	110530562	0
ENSELUG00000005953	110533707	110537417	0
ENSELUG00000002951	110491849	110521237	0
ENSELUG00000016758	110533498	118966717	1
ENSELUG00000002460	110523828	110537096	0
ENSELUG00000004743	110501877	110520193	0
ENSELUG00000015356	110490247	110500223	0
ENSELUG00000017545	110499219	110502936	0
ENSELUG00000013037	110499558	110502837	0
ENSELUG00000006496	110492034	110532632	0
ENSELUG00000009706	110499989	110524646	0
ENSELUG00000016070	110498186	110505203	0
ENSELUG00000023512	110503773	110507174	0
ENSELUG00000024368	110485698	110493451	1
ENSELUG00000020846	110523727	110537198	0
ENSELUG00000007069	110496035	110517080	0
ENSELUG00000006921	110487994	110496608	0
ENSELUG00000008091	110494957	110528414	0
ENSELUG00000022760	110499776	110499783	1
ENSELUG00000000090	110491888	110522720	0
ENSELUG00000020900	110486320	110538264	1
ENSELUG00000016967	110525310	110535717	0
ENSELUG00000008918	110521577	110524447	0
ENSELUG00000008556	110489570	110535449	0
ENSELUG00000015420	110508875	110536998	1
ENSELUG00000014302	110500683	110531827	0
ENSELUG00000017173	110510011	110534016	0
ENSELUG00000013228	110510724	110518353	1
ENSELUG00000008604	110506681	110526550	0
ENSELUG00000022250	110508586	110530478	0
ENSELUG00000002393	110525949	110536331	0
ENSELUG00000011913	110493956	110528491	0
ENSELUG00000020002	110495850	110527466	0
ENSELUG00000000370	110494442	110528966	0
ENSELUG00000008179	110525834	110536217	0
ENSELUG00000004167	110487723	110504925	0
ENSELUG00000006568	110486843	110486846	1
ENSELUG00000009287	110507950	118944880	1
ENSELUG00000008562	110508408	110530998	0
ENSELUG00000007466	110495698	110495699	1
ENSELUG00000016910	110503512	110507297	0
ENSELUG00000021341	110510073	110534088	0
ENSELUG00000004073	110502019	110520479	0
ENSELUG00000013113	110502435	110528384	0
ENSELUG00000006357	110491450	110498751	0
ENSELUG00000021380	110521820	110523031	0
ENSELUG00000017614	100653470	110530403	0
ENSELUG00000003592	110498004	110505445	0
ENSELUG00000004983	110509623	110523406	0
ENSELUG00000004246	110490510	110524117	0
ENSELUG00000008219	110491824	110532220	0
ENSELUG00000004000	110502589	110530258	0
ENSELUG00000001609	110495782	110521117	0
ENSELUG00000015543	110512269	118938338	1
ENSELUG00000020440	110489763	110535240	0
ENSELUG00000007252	110488090	118941205	0
ENSELUG00000009062	110511271	118936849	1
ENSELUG00000019946	110495852	110527470	0
ENSELUG00000007872	100505415	110521393	0
ENSELUG00000007547	110533755	110537368	0
ENSELUG00000002715	110488785	110504988	0
ENSELUG00000007129	110509327	110522831	0
ENSELUG00000003384	110491856	110532197	0
ENSELUG00000008501	110489454	110496925	0
ENSELUG00000023859	110497636	110505818	0
ENSELUG00000020168	110508919	110530120	0
ENSELUG00000023338	110487785	110504542	0
ENSELUG00000023772	110508559	110530506	0
ENSELUG00000005830	110487610	110496105	0
ENSELUG00000023595	110492434	110531969	0
ENSELUG00000005012	110487948	110496565	0
ENSELUG00000012603	110522452	110529866	0
ENSELUG00000020328	110502187	110522864	0
ENSELUG00000016282	118944505	118964990	1
ENSELUG00000015424	110522084	110529468	0
ENSELUG00000006462	110487983	110496594	0
ENSELUG00000009208	110495771	110527403	1
ENSELUG00000016963	110492411	110531996	0
ENSELUG00000004543	110524013	110532571	0
ENSELUG00000006413	110498337	110505715	1
ENSELUG00000009207	110525806	110536194	0
ENSELUG00000015430	110491283	110499501	0
ENSELUG00000022258	110533325	110537789	0
ENSELUG00000014697	110509937	110533954	0
ENSELUG00000015624	110492374	110532024	0
ENSELUG00000007555	110488496	110496042	0
ENSELUG00000004808	110510161	110534161	0
ENSELUG00000008665	110503900	110507740	0
ENSELUG00000017450	110492579	110521306	0
ENSELUG00000013658	110485274	110487425	1
ENSELUG00000011090	110494427	110528017	0
ENSELUG00000016439	110525107	110535728	0
ENSELUG00000012404	110503598	110507478	0
ENSELUG00000006600	110521633	110524511	0
ENSELUG00000009153	110491622	110499076	0
ENSELUG00000018655	110503995	110507827	0
ENSELUG00000004716	110500446	110531568	0
ENSELUG00000009535	110492642	110532251	0
ENSELUG00000019345	110499083	110502886	0
ENSELUG00000017732	110522128	110529513	0
ENSELUG00000004508	110485763	110495111	1
ENSELUG00000012004	110508330	110530757	0
ENSELUG00000017941	110525637	110536004	0
ENSELUG00000006331	110509658	110523438	0
ENSELUG00000011894	110488196	110496835	0
ENSELUG00000022099	110488045	110496665	0
ENSELUG00000021094	110521822	110524759	0
ENSELUG00000006977	110509673	110522829	0
ENSELUG00000023510	110494631	110527832	0
ENSELUG00000021293	110522215	110529593	0
ENSELUG00000003139	110488945	110505144	0
ENSELUG00000012928	110500717	110531857	0
ENSELUG00000020779	110521827	110524768	0
ENSELUG00000002436	110497041	110512355	1
ENSELUG00000001977	110498313	110504269	0
ENSELUG00000021270	110497610	110504236	0
ENSELUG00000021074	110494192	110528238	0
ENSELUG00000001477	110515947	110536569	0
ENSELUG00000002449	110526710	110526712	1
ENSELUG00000020216	110501483	110520082	0
ENSELUG00000012445	110525752	110536129	0
ENSELUG00000009534	110486545	110538508	1
ENSELUG00000000765	110509878	110523669	0
ENSELUG00000024299	110509516	118964572	0
ENSELUG00000005674	110510225	110534213	0
ENSELUG00000002484	110489535	110535492	0
ENSELUG00000016174	110493388	118938150	1
ENSELUG00000024534	110500508	110531643	0
ENSELUG00000010645	110499323	110503012	0
ENSELUG00000016842	110525312	110535720	0
ENSELUG00000019430	110533287	110537849	0
ENSELUG00000006868	110525852	110536237	0
ENSELUG00000023771	110488116	110496458	0
ENSELUG00000024212	110494615	110527850	0
ENSELUG00000016493	110522097	110529480	0
ENSELUG00000004641	110494566	110527900	0
ENSELUG00000008679	110500153	110521107	0
ENSELUG00000005433	110485483	110511352	0
ENSELUG00000018083	110499327	110524264	0
ENSELUG00000021701	110503352	110524222	0
ENSELUG00000023401	110497632	110505824	0
ENSELUG00000023484	110494706	110527755	0
ENSELUG00000015373	110502395	110527826	0
ENSELUG00000008388	110508416	110530696	0
ENSELUG00000017277	110525660	110536030	0
ENSELUG00000006894	110502483	110529206	0
ENSELUG00000008213	110500303	110524999	0
ENSELUG00000007374	110497763	110504214	0
ENSELUG00000021128	110501339	110520572	0
ENSELUG00000019556	110494240	110528191	0
ENSELUG00000014808	110503548	110507390	0
ENSELUG00000007874	110491821	110532215	0
ENSELUG00000005423	110498364	110505499	0
ENSELUG00000011776	110538834	110538855	1
ENSELUG00000005796	110489276	110496104	0
ENSELUG00000010905	110508354	110531008	0
ENSELUG00000015077	110508764	110536807	1
ENSELUG00000018569	110491087	110532411	0
ENSELUG00000011303	110521854	110524831	0
ENSELUG00000024187	110485686	110487282	1
ENSELUG00000001067	110503528	110507360	0
ENSELUG00000002752	110498045	110505409	0
ENSELUG00000007425	110493364	110521387	0
ENSELUG00000013853	110508686	110529129	0
ENSELUG00000005115	110508229	110530017	0
ENSELUG00000015215	110488254	110496329	0
ENSELUG00000000292	110523969	110536953	0
ENSELUG00000021720	110508600	110530465	0
ENSELUG00000021471	110523739	110537177	0
ENSELUG00000021952	110508867	110530161	0
ENSELUG00000004954	110512753	110523401	0
ENSELUG00000013036	110497392	110533186	1
ENSELUG00000013949	110493903	110529037	0
ENSELUG00000001865	110492492	110531948	0
ENSELUG00000017366	110509865	110523646	0
ENSELUG00000008491	110521570	110524436	0
ENSELUG00000016775	110508661	110530395	0
ENSELUG00000005508	110501704	110521338	0
ENSELUG00000011681	110506573	110526448	1
ENSELUG00000020025	110495849	110527464	0
ENSELUG00000002806	110509571	110523355	0
ENSELUG00000001484	110522251	110529635	0
ENSELUG00000011019	110510792	118942821	1
ENSELUG00000010598	110500353	110531450	0
ENSELUG00000013794	110500308	110531421	0
ENSELUG00000010334	110492629	110532266	0
ENSELUG00000016479	100135951	100135952	0
ENSELUG00000013110	110487833	110515318	0
ENSELUG00000008115	110485945	110493668	0
ENSELUG00000004477	110501610	110504539	0
ENSELUG00000023814	110489257	110496133	0
ENSELUG00000022826	110508971	110530074	0
ENSELUG00000010529	110492626	110532270	0
ENSELUG00000019216	110509376	110534046	0
ENSELUG00000013062	110503159	110507997	0
ENSELUG00000014689	110498148	110505286	0
ENSELUG00000003762	110509602	110523381	0
ENSELUG00000007720	110506700	110526568	1
ENSELUG00000006172	110496020	110513603	0
ENSELUG00000008885	110486445	110538341	1
ENSELUG00000012089	110491110	110531175	0
ENSELUG00000024071	110525161	110535910	0
ENSELUG00000001952	110492516	110508396	0
ENSELUG00000000934	110521819	110524755	0
ENSELUG00000009234	110534175	110535663	1
ENSELUG00000011578	110503207	110507977	0
ENSELUG00000020894	110526794	118936341	1
ENSELUG00000023949	110508552	110530509	0
ENSELUG00000007556	110490052	110507316	0
ENSELUG00000022652	110485617	110487230	1
ENSELUG00000005898	110509647	110523426	0
ENSELUG00000023023	110509510	110523313	0
ENSELUG00000005916	100500939	110500122	1
ENSELUG00000006981	110488472	110496034	0
ENSELUG00000004725	110506765	110526644	1
ENSELUG00000003957	110490036	110536594	0
ENSELUG00000022782	100136242	110532254	0
ENSELUG00000019507	110494759	110527712	0
ENSELUG00000024165	110509306	110523338	0
ENSELUG00000011506	110500891	110531878	0
ENSELUG00000005236	110533685	110537436	0
ENSELUG00000001249	110499465	110503119	0
ENSELUG00000011181	110487202	110514613	0
ENSELUG00000020088	110503975	110507794	0
ENSELUG00000021415	110488916	110505112	0
ENSELUG00000020026	110494741	110527723	0
ENSELUG00000020911	110523730	110537193	0
ENSELUG00000021669	110523758	110537166	0
ENSELUG00000006211	110510112	110533270	0
ENSELUG00000003306	110495627	110518089	1
ENSELUG00000007886	110508783	110530248	0
ENSELUG00000001910	110490559	110501019	1
ENSELUG00000007975	110485950	110495137	0
ENSELUG00000003711	110497996	110505451	0
ENSELUG00000003760	110490721	110536591	0
ENSELUG00000017782	110490285	110501054	0
ENSELUG00000005515	110523923	110537001	0
ENSELUG00000005100	110501639	110520439	0
ENSELUG00000017327	110525056	110525057	1
ENSELUG00000019574	110488958	110505159	0
ENSELUG00000020696	110503955	110507791	0
ENSELUG00000012063	110511737	118941435	1
ENSELUG00000012493	100136010	110486012	1
ENSELUG00000003847	110508502	110530569	0
ENSELUG00000020485	110501316	110520539	0
ENSELUG00000012843	110521041	110529438	0
ENSELUG00000003995	110495176	110528385	0
ENSELUG00000006023	110492846	110521345	0
ENSELUG00000013489	110501953	110509417	0
ENSELUG00000014271	110509807	110524742	0
ENSELUG00000015658	110488311	110516080	0
ENSELUG00000024564	110527158	118941019	1
ENSELUG00000017649	110521449	110524311	0
ENSELUG00000020827	110497603	110505844	0
ENSELUG00000010436	110492574	110531942	0
ENSELUG00000004237	110527893	118940158	0
ENSELUG00000019735	110503701	110507577	0
ENSELUG00000024574	110525533	110535903	0
ENSELUG00000021690	110533389	110537802	0
ENSELUG00000016014	110521474	110524339	0
ENSELUG00000021630	110523753	110537170	0
ENSELUG00000002147	110498087	110505360	0
ENSELUG00000015524	110503381	110507149	0
ENSELUG00000007299	110501807	110520270	0
ENSELUG00000015663	110503531	110507365	0
ENSELUG00000005021	110538732	110539024	1
ENSELUG00000019653	110486286	110538217	1
ENSELUG00000017022	110504051	110507881	0
ENSELUG00000003920	110508159	110530574	0
ENSELUG00000015398	110508861	118938256	1
ENSELUG00000006796	110518388	110520499	1
ENSELUG00000009782	100301778	110486484	1
ENSELUG00000006729	110485837	110493578	1
ENSELUG00000008803	110525823	110536203	0
ENSELUG00000002710	110526679	118936412	1
ENSELUG00000023805	110501245	110519945	0
ENSELUG00000004513	100136347	110535113	0
ENSELUG00000010308	110500366	110531459	0
ENSELUG00000023095	110525555	110535927	0
ENSELUG00000020573	100301793	110527735	0
ENSELUG00000015284	110486185	110538107	0
ENSELUG00000008727	110505240	110506269	0
ENSELUG00000000056	110525487	110535870	0
ENSELUG00000020499	110488975	110505183	0
ENSELUG00000014409	110488238	110496343	0
ENSELUG00000006659	110502490	110529343	0
ENSELUG00000010478	110500356	110531451	0
ENSELUG00000001310	110494575	110527892	0
ENSELUG00000023722	110485654	110485655	1
ENSELUG00000012203	110511356	110517746	1
ENSELUG00000013743	110486143	110538066	0
ENSELUG00000003178	110508162	110530533	0
ENSELUG00000012414	110533880	110537240	0
ENSELUG00000002916	110525988	110536648	0
ENSELUG00000013552	110520816	110536337	1
ENSELUG00000023664	110523775	110537148	0
ENSELUG00000019652	110502294	110526580	0
ENSELUG00000000521	110509929	110533943	0
ENSELUG00000002884	110518734	118947559	1
ENSELUG00000023348	110499426	110502753	0
ENSELUG00000018825	110503737	110507610	1
ENSELUG00000017216	110492220	110532391	0
ENSELUG00000013136	110503089	110528362	0
ENSELUG00000022752	110500884	110524202	0
ENSELUG00000011198	110521855	110524836	0
ENSELUG00000007835	110512281	110531356	1
ENSELUG00000019114	110508946	110530100	0
ENSELUG00000019984	110523708	110537217	0
ENSELUG00000004633	110501881	110520189	0
ENSELUG00000014102	110485985	110493706	1
ENSELUG00000009971	110501278	110519977	0
ENSELUG00000006377	110509659	110523441	0
ENSELUG00000018897	110521426	110524282	0
ENSELUG00000010817	110486123	110538012	0
ENSELUG00000000997	110510131	110534134	0
ENSELUG00000010169	110489589	110535418	0
ENSELUG00000016322	110498926	110523921	0
ENSELUG00000015523	110522086	110529470	0
ENSELUG00000010132	110521591	110524467	0
ENSELUG00000005255	110521658	110524545	0
ENSELUG00000019806	110505246	110506265	0
ENSELUG00000018786	110493867	110527647	0
ENSELUG00000012351	110522458	110529862	0
ENSELUG00000022434	110494159	110528265	0
ENSELUG00000020472	110486307	110538244	1
ENSELUG00000004950	110489130	110504580	0
ENSELUG00000016728	110509374	110534003	0
ENSELUG00000002403	110525952	110536334	0
ENSELUG00000004692	110490008	110535572	0
ENSELUG00000000908	110488929	110505124	0
ENSELUG00000023410	110486365	110538425	1
ENSELUG00000008830	110489085	110504671	0
ENSELUG00000008253	110521089	110529771	0
ENSELUG00000007989	110508779	110530252	0
ENSELUG00000020203	110533422	110537710	0
ENSELUG00000008214	110508421	110530692	0
ENSELUG00000019383	110525601	110535966	0
ENSELUG00000017011	110489352	110517586	0
ENSELUG00000006739	110508795	110530229	0
ENSELUG00000008487	110495997	110513545	0
ENSELUG00000004379	110502571	110530138	0
ENSELUG00000002732	110525979	110536353	0
ENSELUG00000002796	110488776	110504977	0
ENSELUG00000018489	110506415	110526300	1
ENSELUG00000021972	110485567	110485568	1
ENSELUG00000007836	110500345	110525034	0
ENSELUG00000000286	110508432	110530993	0
ENSELUG00000021135	110488917	110505113	0
ENSELUG00000003224	110501909	110520154	0
ENSELUG00000001126	110488006	110496620	0
ENSELUG00000009210	110486598	110513756	0
ENSELUG00000012525	110485113	110493724	0
ENSELUG00000022107	110496485	110521853	0
ENSELUG00000005148	110502555	110521216	0
ENSELUG00000021774	110510091	110534106	0
ENSELUG00000002754	110488779	110504980	0
ENSELUG00000024314	110494616	110527851	0
ENSELUG00000010546	110486130	110538022	0
ENSELUG00000020501	110494729	110527729	0
ENSELUG00000010674	110486126	110538015	0
ENSELUG00000004280	110526012	110536377	0
ENSELUG00000008200	110493488	110521407	0
ENSELUG00000021395	110503929	110507127	0
ENSELUG00000008407	110488144	110496433	0
ENSELUG00000019920	110486290	110538223	1
ENSELUG00000011938	100301863	110526442	1
ENSELUG00000013772	110503497	110507431	0
ENSELUG00000001555	110485553	110485554	1
ENSELUG00000013606	110514334	110516940	1
ENSELUG00000017834	110521032	110529179	0
ENSELUG00000015382	110502394	110527817	0
ENSELUG00000008140	110503881	110507714	0
ENSELUG00000020977	110497452	110534419	0
ENSELUG00000010126	110503310	110507533	1
ENSELUG00000016404	110488621	110504829	0
ENSELUG00000007919	110501797	110520286	0
ENSELUG00000003807	110508503	110530568	0
ENSELUG00000002122	110489556	110535463	0
ENSELUG00000002351	110494101	110528319	0
ENSELUG00000002746	110487903	110496503	0
ENSELUG00000019835	110501495	110520074	0
ENSELUG00000009176	110491957	110531240	0
ENSELUG00000001542	110501631	110520448	0
ENSELUG00000015443	110488598	110504804	0
ENSELUG00000006387	110521634	110524516	0
ENSELUG00000011607	110522486	110529846	0
ENSELUG00000022818	110533336	110538908	0
ENSELUG00000016779	110486215	110538142	0
ENSELUG00000021419	118938189	118940333	1
ENSELUG00000002318	110488822	110505028	0
ENSELUG00000023368	110503765	110507178	0
ENSELUG00000011915	110492324	118965936	0
ENSELUG00000014759	110508676	110530376	0
ENSELUG00000003179	110495331	118965206	1
ENSELUG00000019460	110502299	110526628	0
ENSELUG00000017374	110488097	110496705	0
ENSELUG00000010866	110500895	110531889	0
ENSELUG00000008613	110500221	110524896	0
ENSELUG00000020336	110522181	110529559	0
ENSELUG00000011189	110525777	110536150	0
ENSELUG00000010625	110508750	110530305	0
ENSELUG00000018039	110492207	110531207	0
ENSELUG00000008232	110508420	110530693	0
ENSELUG00000006476	110497749	110504217	0
ENSELUG00000011759	110499331	110503015	0
ENSELUG00000021885	110533619	110537500	0
ENSELUG00000004970	110522310	110529691	0
ENSELUG00000006630	110501683	110520404	0
ENSELUG00000018929	110509886	110523678	0
ENSELUG00000003641	110523872	110537054	0
ENSELUG00000012318	110522461	110529861	0
ENSELUG00000001348	110518853	118965000	1
ENSELUG00000000515	110503511	110507414	0
ENSELUG00000004579	110508478	110530608	0
ENSELUG00000001267	110495579	110524166	0
ENSELUG00000006924	110494964	110528389	0
ENSELUG00000007000	110485879	110512703	1
ENSELUG00000007997	110489830	110535186	0
ENSELUG00000014941	110498161	110505279	0
ENSELUG00000013987	110498126	110505309	0
ENSELUG00000008708	110500132	110524843	0
ENSELUG00000006391	110494527	110527936	0
ENSELUG00000014159	110503565	110507412	0
ENSELUG00000021210	110502261	110526236	0
ENSELUG00000002977	110485706	110493457	1
ENSELUG00000003008	110487747	110504163	0
ENSELUG00000015121	110498432	110498433	1
ENSELUG00000014355	110488114	110515810	0
ENSELUG00000003508	110498008	110505441	0
ENSELUG00000019087	110499163	110502893	0
ENSELUG00000004896	110522641	110529274	0
ENSELUG00000011871	110508733	110530317	0
ENSELUG00000000788	110508637	110530424	0
ENSELUG00000019236	110508170	110530437	0
ENSELUG00000015050	110503543	110507053	0
ENSELUG00000006344	110489386	110496867	0
ENSELUG00000017559	110486076	110493781	0
ENSELUG00000018401	110485161	110538186	0
ENSELUG00000018184	110508643	110530416	0
ENSELUG00000011348	110486108	110537993	0
ENSELUG00000010509	110521079	110529833	0
ENSELUG00000016004	110502341	110527164	0
ENSELUG00000012955	110509782	110523572	0
ENSELUG00000023931	110489164	118946054	1
ENSELUG00000012545	100135783	110494392	0
ENSELUG00000015921	110490316	110519667	1
ENSELUG00000011680	110503615	110507497	0
ENSELUG00000007469	110525843	110536228	0
ENSELUG00000015216	110508669	110530388	0
ENSELUG00000019941	110508926	110530116	0
ENSELUG00000000226	110509672	110523454	0
ENSELUG00000012907	100499581	110488216	0
ENSELUG00000020358	110502471	110529004	0
ENSELUG00000023971	110510143	110534141	0
ENSELUG00000014974	110486178	110538100	0
ENSELUG00000005361	110522649	110529265	0
ENSELUG00000019525	110521842	110524807	0
ENSELUG00000009830	110506650	110526520	1
ENSELUG00000012014	110490193	110500263	0
ENSELUG00000022505	110489185	110504525	0
ENSELUG00000018355	110525278	110535699	0
ENSELUG00000014317	110534283	110534305	1
ENSELUG00000016194	110501408	110520623	0
ENSELUG00000020536	110494727	110527731	0
ENSELUG00000022601	110492761	110532501	0
ENSELUG00000012116	118943837	118966724	1
ENSELUG00000002411	110498066	110505383	0
ENSELUG00000006289	110485813	110493559	0
ENSELUG00000008043	110491482	110499114	0
ENSELUG00000008558	110506682	110526551	1
ENSELUG00000016988	110488638	110504847	0
ENSELUG00000022753	110525563	110535932	0
ENSELUG00000014215	110522065	110529451	0
ENSELUG00000012382	110522456	110529864	0
ENSELUG00000022406	110510109	110534116	0
ENSELUG00000007550	110502458	110525170	0
ENSELUG00000023347	110499817	110500993	1
ENSELUG00000007954	110510445	110535187	0
ENSELUG00000012378	110521550	110524414	0
ENSELUG00000007608	110487760	110504667	0
ENSELUG00000019674	110486656	110538614	1
ENSELUG00000023699	110486373	110538421	1
ENSELUG00000002324	110487686	110527161	1
ENSELUG00000020566	110506217	110506991	1
ENSELUG00000010067	110501280	110519975	0
ENSELUG00000014212	110500686	110531829	0
ENSELUG00000004556	110500451	110531598	0
ENSELUG00000013634	110521521	110524387	0
ENSELUG00000022704	110508970	110530076	0
ENSELUG00000014749	110498149	110505285	0
ENSELUG00000004755	110522967	110531511	0
ENSELUG00000004703	110489382	110496559	0
ENSELUG00000019777	110509909	110523699	0
ENSELUG00000022542	110491316	110498906	0
ENSELUG00000014635	110494347	110528090	0
ENSELUG00000013901	110498407	110523495	0
ENSELUG00000003220	110490433	110500045	0
ENSELUG00000016751	110488634	110504839	0
ENSELUG00000015961	110494313	110528117	0
ENSELUG00000010286	110495874	110524168	0
ENSELUG00000021712	110497463	110534408	0
ENSELUG00000008067	110533770	110537353	0
ENSELUG00000024172	110497797	110522805	0
ENSELUG00000002413	110488816	110505023	0
ENSELUG00000015659	110488600	110504810	0
ENSELUG00000017583	110491228	110499526	1
ENSELUG00000015611	110508844	110530186	0
ENSELUG00000015394	110522085	110529469	0
ENSELUG00000009978	110506639	110526509	1
ENSELUG00000013263	110522446	110529872	0
ENSELUG00000018413	110508639	110530422	0
ENSELUG00000005304	110510152	118936700	0
ENSELUG00000014398	110488571	110504781	0
ENSELUG00000017403	110503706	110507583	0
ENSELUG00000013318	110531547	110531557	1
ENSELUG00000009955	110486496	110538295	1
ENSELUG00000014847	110485153	110538945	0
ENSELUG00000021240	110510071	110534085	0
ENSELUG00000022069	110506956	110506961	1
ENSELUG00000023792	110521885	110537919	0
ENSELUG00000016710	118944518	118964994	1
ENSELUG00000004040	110502026	110520480	0
ENSELUG00000000124	110509597	110523380	0
ENSELUG00000021125	110503937	110507775	0
ENSELUG00000011104	110533610	110537517	0
ENSELUG00000004019	110510183	110534176	0
ENSELUG00000010716	110525784	110536165	0
ENSELUG00000022441	110489184	110504523	0
ENSELUG00000001529	110507711	118937748	1
ENSELUG00000015603	110486194	110538119	1
ENSELUG00000016879	110511521	110519166	1
ENSELUG00000009435	101268937	101268938	0
ENSELUG00000001866	110527227	118941034	1
ENSELUG00000019664	110489750	110535251	0
ENSELUG00000016198	110537113	110537122	1
ENSELUG00000013339	110494375	110528061	0
ENSELUG00000019225	110491227	110499530	0
ENSELUG00000006042	110489981	110535597	0
ENSELUG00000019994	110494230	110528203	0
ENSELUG00000010070	110525796	110536172	0
ENSELUG00000008188	110501791	110520291	0
ENSELUG00000020379	110494219	110528214	0
ENSELUG00000018126	110495651	110520932	0
ENSELUG00000015493	110497358	110516113	1
ENSELUG00000011287	110499724	110524453	0
ENSELUG00000007805	110486870	110516439	1
ENSELUG00000006324	110498579	110505525	0
ENSELUG00000004058	110491069	110531229	0
ENSELUG00000014070	110487064	110513965	1
ENSELUG00000017926	110509872	110523658	0
ENSELUG00000020750	110494208	110528224	0
ENSELUG00000011208	110487220	110514668	0
ENSELUG00000018966	110522162	110529538	0
ENSELUG00000000682	110533479	110537663	0
ENSELUG00000011890	110506564	110526441	1
ENSELUG00000006099	110495688	110527359	1
ENSELUG00000011355	110509746	110523530	0
ENSELUG00000005383	110501856	110520223	0
ENSELUG00000022802	110525560	110535931	0
ENSELUG00000019518	110522580	110529310	0
ENSELUG00000004051	110487932	110496549	0
ENSELUG00000001966	110520993	110524665	0
ENSELUG00000005710	110488517	110496108	0
ENSELUG00000019583	110486654	110538611	1
ENSELUG00000016919	110488637	110504842	0
ENSELUG00000000341	110521578	110524448	0
ENSELUG00000011277	110491919	110532740	0
ENSELUG00000020664	110494915	110494916	1
ENSELUG00000019686	110503365	110507136	0
ENSELUG00000022008	110502659	110531174	0
ENSELUG00000014225	110508679	110529131	0
ENSELUG00000003567	110497688	110505776	0
ENSELUG00000004317	110490588	110524121	0
ENSELUG00000003342	110491377	110498987	0
ENSELUG00000015840	110495918	110527532	0
ENSELUG00000013485	110499378	110524285	0
ENSELUG00000006819	110489110	110504615	0
ENSELUG00000018231	110534579	118936764	1
ENSELUG00000017566	110492538	110521302	0
ENSELUG00000020113	110486297	110538232	1
ENSELUG00000000155	110489968	110535608	0
ENSELUG00000000761	110506419	110526305	1
ENSELUG00000019253	118938391	118945979	1
ENSELUG00000004615	110507508	110510956	1
ENSELUG00000006343	110501751	110521354	0
ENSELUG00000012941	110502437	110528391	0
ENSELUG00000006181	110494525	110527937	0
ENSELUG00000004952	110487295	110493529	1
ENSELUG00000016882	110510002	110534009	0
ENSELUG00000015983	110508375	110530836	0
ENSELUG00000019564	110533291	110537844	0
ENSELUG00000023298	110497630	110505825	0
ENSELUG00000024527	110523789	110537131	0
ENSELUG00000000159	110495191	110527924	0
ENSELUG00000024016	110488109	110496465	0
ENSELUG00000004372	110492086	110531230	0
ENSELUG00000015998	110486043	110493757	0
ENSELUG00000023222	110522237	110529619	0
ENSELUG00000015266	110516312	110518105	1
ENSELUG00000019534	110502298	110526605	0
ENSELUG00000017208	110488649	110504853	0
ENSELUG00000011501	110488193	110496386	0
ENSELUG00000003128	110488762	110504956	0
ENSELUG00000004643	110491414	110498744	0
ENSELUG00000006119	110492805	110509457	0
ENSELUG00000023050	110500307	110524197	0
ENSELUG00000008929	110491961	110532696	0
ENSELUG00000017986	110497554	110504246	0
ENSELUG00000012582	110491899	110531258	0
ENSELUG00000020432	110494929	118936367	1
ENSELUG00000022412	110525573	110535942	0
ENSELUG00000016432	110522096	110529478	0
ENSELUG00000017333	110522112	110529501	0
ENSELUG00000020015	110486085	110493799	0
ENSELUG00000022261	110494171	110528256	0
ENSELUG00000020217	110533307	110537832	0
ENSELUG00000001189	110509970	110533983	0
ENSELUG00000003843	110494046	110528375	0
ENSELUG00000002448	110526713	110526714	1
ENSELUG00000012753	110509775	110523567	0
ENSELUG00000008724	110489573	110535446	0
ENSELUG00000005998	110489976	110535601	0
ENSELUG00000019697	110521102	110529298	0
ENSELUG00000011893	110520790	110520867	1
ENSELUG00000012169	110500333	110531417	0
ENSELUG00000001156	110503757	110507171	0
ENSELUG00000016598	110511121	110517039	1
ENSELUG00000004800	110523914	110537009	0
ENSELUG00000017186	110501382	110520604	0
ENSELUG00000009624	100653453	110507547	0
ENSELUG00000022622	110508574	110530488	0
ENSELUG00000017290	110492450	118966118	0
ENSELUG00000021918	110502506	110524215	0
ENSELUG00000004389	110508484	110530598	0
ENSELUG00000017672	110508649	110530405	0
ENSELUG00000024623	110491341	110498737	0
ENSELUG00000013512	110492652	110531266	0
