"Cluster","Cluster Enrichment Score","Category","Term","Count","List Total","Pop Hits","Pop Total","%","P-Value","Benjamini","Fold Enrichment","Bonferroni","FDR","Fisher Exact","User Ids"
"1","2.92","INTERPRO","Serum_paraoxonase/arylesterase","4","719","4","23408","0.54","1.12e-4","1.03e-1","32.56","1.87e-1","1.03e-1","8.83e-7","ENSDARG00000097789,ENSDARG00000032496,ENSDARG00000040290,ENSDARG00000016856"
"1","2.92","INTERPRO","Arylesterase","4","719","4","23408","0.54","1.12e-4","1.03e-1","32.56","1.87e-1","1.03e-1","8.83e-7","ENSDARG00000097789,ENSDARG00000032496,ENSDARG00000040290,ENSDARG00000016856"
"1","2.92","UP_SEQ_FEATURE","DISULFID:In form B","4","656","4","21277","0.54","1.14e-4","7.22e-2","32.43","6.97e-2","7.22e-2","8.96e-7","ENSDARG00000097789,ENSDARG00000032496,ENSDARG00000040290,ENSDARG00000016856"
"1","2.92","GOTERM_MF_DIRECT","arylesterase activity","4","637","5","21154","0.54","2.59e-4","8.83e-2","26.57","1.42e-1","8.82e-2","3.98e-6","ENSDARG00000097789,ENSDARG00000032496,ENSDARG00000040290,ENSDARG00000016856"
"1","2.92","GOTERM_MF_DIRECT","carboxylic ester hydrolase activity","5","637","45","21154","0.67","4.57e-2","1.00e+0","3.69","1.00e+0","1.00e+0","1.10e-2","ENSDARG00000063621,ENSDARG00000088411,ENSDARG00000097789,ENSDARG00000032496,ENSDARG00000016856"
"1","2.92","INTERPRO","6-blade_b-propeller_TolB-like","4","719","47","23408","0.54","1.74e-1","1.00e+0","2.77","1.00e+0","1.00e+0","5.57e-2","ENSDARG00000097789,ENSDARG00000032496,ENSDARG00000040290,ENSDARG00000016856"
"2","2.07","GOTERM_CC_DIRECT","postsynaptic membrane","15","683","207","22190","2.01","4.97e-3","2.86e-1","2.35","7.99e-1","2.84e-1","1.95e-3","ENSDARG00000071298,ENSDARG00000102295,ENSDARG00000071374,ENSDARG00000074661,ENSDARG00000079348,ENSDARG00000078149,ENSDARG00000070543,ENSDARG00000053542,ENSDARG00000115778,ENSDARG00000058452,ENSDARG00000008487,ENSDARG00000039500,ENSDARG00000030376,ENSDARG00000075802,ENSDARG00000102254"
"2","2.07","GOTERM_CC_DIRECT","synapse","31","683","591","22190","4.16","5.32e-3","2.86e-1","1.70","8.21e-1","2.84e-1","2.93e-3","ENSDARG00000075189,ENSDARG00000045750,ENSDARG00000079348,ENSDARG00000027322,ENSDARG00000062305,ENSDARG00000017108,ENSDARG00000062972,ENSDARG00000058452,ENSDARG00000008487,ENSDARG00000036344,ENSDARG00000104413,ENSDARG00000100592,ENSDARG00000102254,ENSDARG00000073959,ENSDARG00000075830,ENSDARG00000074860,ENSDARG00000071298,ENSDARG00000074661,ENSDARG00000074524,ENSDARG00000070441,ENSDARG00000078149,ENSDARG00000110528,ENSDARG00000070543,ENSDARG00000053460,ENSDARG00000061304,ENSDARG00000115778,ENSDARG00000069937,ENSDARG00000039500,ENSDARG00000030376,ENSDARG00000070932,ENSDARG00000075802"
"2","2.07","UP_KW_CELLULAR_COMPONENT","Synapse","23","509","448","16344","3.09","2.40e-2","2.52e-1","1.65","6.40e-1","2.52e-1","1.32e-2","ENSDARG00000071298,ENSDARG00000102295,ENSDARG00000071374,ENSDARG00000074661,ENSDARG00000070441,ENSDARG00000078149,ENSDARG00000070543,ENSDARG00000110528,ENSDARG00000053542,ENSDARG00000053460,ENSDARG00000004597,ENSDARG00000061304,ENSDARG00000115778,ENSDARG00000062305,ENSDARG00000069937,ENSDARG00000058452,ENSDARG00000008487,ENSDARG00000039500,ENSDARG00000069402,ENSDARG00000104413,ENSDARG00000030376,ENSDARG00000070932,ENSDARG00000102254"
"3","2.06","GOTERM_BP_DIRECT","sulfation","5","644","21","20756","0.67","3.59e-3","1.00e+0","7.67","9.88e-1","1.00e+0","3.81e-4","ENSDARG00000042920,ENSDARG00000071495,ENSDARG00000040781,ENSDARG00000094089,ENSDARG00000093619"
"3","2.06","UP_KW_BIOLOGICAL_PROCESS","Catecholamine metabolism","5","257","22","8466","0.67","3.89e-3","1.75e-1","7.49","2.96e-1","1.75e-1","4.27e-4","ENSDARG00000042920,ENSDARG00000071495,ENSDARG00000040781,ENSDARG00000094089,ENSDARG00000093619"
"3","2.06","GOTERM_BP_DIRECT","xenobiotic metabolic process","8","644","67","20756","1.07","4.61e-3","1.00e+0","3.85","9.97e-1","1.00e+0","1.07e-3","ENSDARG00000042920,ENSDARG00000071495,ENSDARG00000040781,ENSDARG00000056587,ENSDARG00000020046,ENSDARG00000026548,ENSDARG00000094089,ENSDARG00000093619"
"3","2.06","GOTERM_BP_DIRECT","catecholamine metabolic process","5","644","24","20756","0.67","5.92e-3","1.00e+0","6.71","9.99e-1","1.00e+0","7.37e-4","ENSDARG00000042920,ENSDARG00000071495,ENSDARG00000040781,ENSDARG00000094089,ENSDARG00000093619"
"3","2.06","UP_SEQ_FEATURE","DOMAIN:Sulfotransferase","6","656","41","21277","0.81","8.17e-3","5.77e-1","4.75","9.95e-1","5.77e-1","1.51e-3","ENSDARG00000042920,ENSDARG00000071495,ENSDARG00000040781,ENSDARG00000059616,ENSDARG00000094089,ENSDARG00000093619"
"3","2.06","INTERPRO","Sulfotransferase_dom","6","719","46","23408","0.81","1.30e-2","1.00e+0","4.25","1.00e+0","1.00e+0","2.71e-3","ENSDARG00000042920,ENSDARG00000071495,ENSDARG00000040781,ENSDARG00000059616,ENSDARG00000094089,ENSDARG00000093619"
"3","2.06","GOTERM_MF_DIRECT","sulfotransferase activity","6","637","79","21154","0.81","8.93e-2","1.00e+0","2.52","1.00e+0","1.00e+0","3.18e-2","ENSDARG00000042920,ENSDARG00000071495,ENSDARG00000040781,ENSDARG00000059616,ENSDARG00000094089,ENSDARG00000093619"
"4","1.90","UP_SEQ_FEATURE","TRANSMEM:Helical; Name=5","10","656","99","21277","1.34","3.47e-3","4.08e-1","3.28","8.90e-1","4.08e-1","9.59e-4","ENSDARG00000015158,ENSDARG00000074661,ENSDARG00000069669,ENSDARG00000010727,ENSDARG00000014098,ENSDARG00000024771,ENSDARG00000074533,ENSDARG00000038213,ENSDARG00000007678,ENSDARG00000005612"
"4","1.90","UP_SEQ_FEATURE","TRANSMEM:Helical; Name=1","10","656","103","21277","1.34","4.52e-3","4.08e-1","3.15","9.44e-1","4.08e-1","1.30e-3","ENSDARG00000015158,ENSDARG00000074661,ENSDARG00000069669,ENSDARG00000010727,ENSDARG00000024771,ENSDARG00000074533,ENSDARG00000038213,ENSDARG00000022424,ENSDARG00000007678,ENSDARG00000005612"
"4","1.90","UP_SEQ_FEATURE","TRANSMEM:Helical; Name=2","10","656","104","21277","1.34","4.82e-3","4.08e-1","3.12","9.54e-1","4.08e-1","1.40e-3","ENSDARG00000015158,ENSDARG00000074661,ENSDARG00000069669,ENSDARG00000010727,ENSDARG00000024771,ENSDARG00000074533,ENSDARG00000038213,ENSDARG00000022424,ENSDARG00000007678,ENSDARG00000005612"
"4","1.90","UP_SEQ_FEATURE","TRANSMEM:Helical; Name=3","10","656","104","21277","1.34","4.82e-3","4.08e-1","3.12","9.54e-1","4.08e-1","1.40e-3","ENSDARG00000015158,ENSDARG00000074661,ENSDARG00000069669,ENSDARG00000010727,ENSDARG00000024771,ENSDARG00000074533,ENSDARG00000038213,ENSDARG00000022424,ENSDARG00000007678,ENSDARG00000005612"
"4","1.90","UP_SEQ_FEATURE","TRANSMEM:Helical; Name=4","10","656","105","21277","1.34","5.13e-3","4.08e-1","3.09","9.62e-1","4.08e-1","1.51e-3","ENSDARG00000015158,ENSDARG00000074661,ENSDARG00000069669,ENSDARG00000010727,ENSDARG00000024771,ENSDARG00000074533,ENSDARG00000038213,ENSDARG00000022424,ENSDARG00000007678,ENSDARG00000005612"
"4","1.90","UP_SEQ_FEATURE","TRANSMEM:Helical; Name=7","7","656","71","21277","0.94","2.20e-2","1.00e+0","3.20","1.00e+0","1.00e+0","6.19e-3","ENSDARG00000015158,ENSDARG00000074661,ENSDARG00000069669,ENSDARG00000024771,ENSDARG00000038213,ENSDARG00000022424,ENSDARG00000005612"
"4","1.90","UP_SEQ_FEATURE","TRANSMEM:Helical; Name=6","8","656","96","21277","1.07","2.87e-2","1.00e+0","2.70","1.00e+0","1.00e+0","9.63e-3","ENSDARG00000015158,ENSDARG00000074661,ENSDARG00000069669,ENSDARG00000024771,ENSDARG00000074533,ENSDARG00000038213,ENSDARG00000022424,ENSDARG00000005612"
"4","1.90","UP_SEQ_FEATURE","TOPO_DOM:Extracellular","11","656","318","21277","1.48","5.15e-1","1.00e+0","1.12","1.00e+0","1.00e+0","3.86e-1","ENSDARG00000074661,ENSDARG00000053753,ENSDARG00000069669,ENSDARG00000010727,ENSDARG00000014098,ENSDARG00000024771,ENSDARG00000037059,ENSDARG00000022424,ENSDARG00000004497,ENSDARG00000007678,ENSDARG00000087120"
"5","1.82","KEGG_PATHWAY","Focal adhesion","11","282","279","21890","1.48","3.39e-3","2.27e-2","3.06","3.72e-1","1.69e-2","1.05e-3","ENSDARG00000038139,ENSDARG00000034409,ENSDARG00000031483,ENSDARG00000003486,ENSDARG00000087205,ENSDARG00000075733,ENSDARG00000002507,ENSDARG00000078717,ENSDARG00000069640,ENSDARG00000115657,ENSDARG00000008867"
"5","1.82","KEGG_PATHWAY","Regulation of actin cytoskeleton","10","282","325","21890","1.34","2.51e-2","1.01e-1","2.39","9.69e-1","7.53e-2","9.83e-3","ENSDARG00000071298,ENSDARG00000038139,ENSDARG00000034409,ENSDARG00000062865,ENSDARG00000003486,ENSDARG00000017785,ENSDARG00000087205,ENSDARG00000002507,ENSDARG00000063295,ENSDARG00000078717"
"5","1.82","KEGG_PATHWAY","Integrin signaling","7","282","195","21890","0.94","4.05e-2","1.49e-1","2.79","9.97e-1","1.11e-1","1.35e-2","ENSDARG00000038139,ENSDARG00000034409,ENSDARG00000031483,ENSDARG00000087205,ENSDARG00000002507,ENSDARG00000078717,ENSDARG00000069640"
"6","1.70","GOTERM_CC_DIRECT","membrane","270","683","7443","22190","36.24","6.02e-4","9.69e-2","1.18","1.76e-1","9.63e-2","5.06e-4","ENSDARG00000109643,ENSDARG00000002840,ENSDARG00000022690,ENSDARG00000099996,ENSDARG00000079348,ENSDARG00000045694,ENSDARG00000096248,ENSDARG00000053753,ENSDARG00000087093,ENSDARG00000056467,ENSDARG00000018750,ENSDARG00000052300,ENSDARG00000056587,ENSDARG00000078135,ENSDARG00000078014,ENSDARG00000089706,ENSDARG00000036064,ENSDARG00000063438,ENSDARG00000090140,ENSDARG00000013741,ENSDARG00000053070,ENSDARG00000069669,ENSDARG00000017785,ENSDARG00000060058,ENSDARG00000074466,ENSDARG00000078149,ENSDARG00000070543,ENSDARG00000003927,ENSDARG00000020046,ENSDARG00000045447,ENSDARG00000102447,ENSDARG00000041400,ENSDARG00000060741,ENSDARG00000093997,ENSDARG00000100385,ENSDARG00000036619,ENSDARG00000000442,ENSDARG00000022550,ENSDARG00000027322,ENSDARG00000002507,ENSDARG00000100809,ENSDARG00000090834,ENSDARG00000086228,ENSDARG00000035872,ENSDARG00000060070,ENSDARG00000100498,ENSDARG00000045541,ENSDARG00000070441,ENSDARG00000056557,ENSDARG00000099888,ENSDARG00000029751,ENSDARG00000079933,ENSDARG00000061723,ENSDARG00000004597,ENSDARG00000078283,ENSDARG00000040528,ENSDARG00000059770,ENSDARG00000086332,ENSDARG00000011553,ENSDARG00000102668,ENSDARG00000034771,ENSDARG00000038213,ENSDARG00000059534,ENSDARG00000037805,ENSDARG00000078717,ENSDARG00000007180,ENSDARG00000109974,ENSDARG00000019360,ENSDARG00000075345,ENSDARG00000079700,ENSDARG00000026333,ENSDARG00000062947,ENSDARG00000101602,ENSDARG00000058452,ENSDARG00000031372,ENSDARG00000101969,ENSDARG00000024708,ENSDARG00000060092,ENSDARG00000041292,ENSDARG00000052851,ENSDARG00000044551,ENSDARG00000053269,ENSDARG00000008457,ENSDARG00000093687,ENSDARG00000022424,ENSDARG00000087319,ENSDARG00000105190,ENSDARG00000007129,ENSDARG00000061508,ENSDARG00000078186,ENSDARG00000104669,ENSDARG00000059557,ENSDARG00000006396,ENSDARG00000104665,ENSDARG00000037905,ENSDARG00000079829,ENSDARG00000011533,ENSDARG00000052966,ENSDARG00000006869,ENSDARG00000045750,ENSDARG00000105060,ENSDARG00000021787,ENSDARG00000023724,ENSDARG00000013360,ENSDARG00000023967,ENSDARG00000061635,ENSDARG00000020574,ENSDARG00000045518,ENSDARG00000104538,ENSDARG00000008487,ENSDARG00000090190,ENSDARG00000054458,ENSDARG00000045066,ENSDARG00000024940,ENSDARG00000025478,ENSDARG00000110528,ENSDARG00000051981,ENSDARG00000055784,ENSDARG00000074282,ENSDARG00000079175,ENSDARG00000115778,ENSDARG00000056196,ENSDARG00000069937,ENSDARG00000062865,ENSDARG00000040971,ENSDARG00000042357,ENSDARG00000036479,ENSDARG00000090861,ENSDARG00000030494,ENSDARG00000058248,ENSDARG00000039500,ENSDARG00000030376,ENSDARG00000075802,ENSDARG00000053917,ENSDARG00000032318,ENSDARG00000011876,ENSDARG00000102464,ENSDARG00000104470,ENSDARG00000055534,ENSDARG00000078898,ENSDARG00000075149,ENSDARG00000079068,ENSDARG00000060325,ENSDARG00000022858,ENSDARG00000044767,ENSDARG00000075141,ENSDARG00000042469,ENSDARG00000014794,ENSDARG00000061544,ENSDARG00000069028,ENSDARG00000100792,ENSDARG00000103940,ENSDARG00000058815,ENSDARG00000058937,ENSDARG00000075830,ENSDARG00000054438,ENSDARG00000052138,ENSDARG00000074860,ENSDARG00000052012,ENSDARG00000026548,ENSDARG00000021899,ENSDARG00000020326,ENSDARG00000008772,ENSDARG00000061432,ENSDARG00000058943,ENSDARG00000068187,ENSDARG00000039726,ENSDARG00000087120,ENSDARG00000096662,ENSDARG00000102394,ENSDARG00000010727,ENSDARG00000040816,ENSDARG00000027609,ENSDARG00000005612,ENSDARG00000063621,ENSDARG00000069607,ENSDARG00000017128,ENSDARG00000014098,ENSDARG00000069961,ENSDARG00000068199,ENSDARG00000071374,ENSDARG00000071013,ENSDARG00000074524,ENSDARG00000101050,ENSDARG00000101291,ENSDARG00000038296,ENSDARG00000056034,ENSDARG00000038176,ENSDARG00000078560,ENSDARG00000012002,ENSDARG00000089204,ENSDARG00000061335,ENSDARG00000017255,ENSDARG00000104568,ENSDARG00000068883,ENSDARG00000058848,ENSDARG00000045493,ENSDARG00000105363,ENSDARG00000075189,ENSDARG00000074776,ENSDARG00000074533,ENSDARG00000078452,ENSDARG00000005112,ENSDARG00000003615,ENSDARG00000062305,ENSDARG00000008867,ENSDARG00000017108,ENSDARG00000040249,ENSDARG00000100119,ENSDARG00000018432,ENSDARG00000016818,ENSDARG00000100592,ENSDARG00000037879,ENSDARG00000026500,ENSDARG00000026862,ENSDARG00000074661,ENSDARG00000045483,ENSDARG00000001781,ENSDARG00000071037,ENSDARG00000004497,ENSDARG00000062565,ENSDARG00000034473,ENSDARG00000059951,ENSDARG00000014761,ENSDARG00000032970,ENSDARG00000057414,ENSDARG00000103732,ENSDARG00000059835,ENSDARG00000002190,ENSDARG00000104389,ENSDARG00000087285,ENSDARG00000099851,ENSDARG00000093074,ENSDARG00000098769,ENSDARG00000020053,ENSDARG00000053652,ENSDARG00000024771,ENSDARG00000005254,ENSDARG00000036080,ENSDARG00000087869,ENSDARG00000077145,ENSDARG00000007678,ENSDARG00000092660,ENSDARG00000037059,ENSDARG00000069402,ENSDARG00000075517,ENSDARG00000069640,ENSDARG00000070626,ENSDARG00000076848,ENSDARG00000088044,ENSDARG00000105467,ENSDARG00000071298,ENSDARG00000003989,ENSDARG00000045224,ENSDARG00000077155,ENSDARG00000021399,ENSDARG00000078481,ENSDARG00000088709,ENSDARG00000093065,ENSDARG00000059850,ENSDARG00000015158,ENSDARG00000038139,ENSDARG00000010144,ENSDARG00000059057,ENSDARG00000103951,ENSDARG00000059616,ENSDARG00000025074,ENSDARG00000035309,ENSDARG00000014986,ENSDARG00000010941"
"6","1.70","UP_KW_CELLULAR_COMPONENT","Membrane","263","509","7786","16344","35.30","3.93e-2","2.92e-1","1.08","8.14e-1","2.92e-1","3.56e-2","ENSDARG00000109643,ENSDARG00000002840,ENSDARG00000022690,ENSDARG00000099996,ENSDARG00000045694,ENSDARG00000053753,ENSDARG00000087093,ENSDARG00000056467,ENSDARG00000018750,ENSDARG00000052300,ENSDARG00000056587,ENSDARG00000078135,ENSDARG00000089706,ENSDARG00000036064,ENSDARG00000063438,ENSDARG00000090140,ENSDARG00000013741,ENSDARG00000053070,ENSDARG00000069669,ENSDARG00000017785,ENSDARG00000060058,ENSDARG00000074466,ENSDARG00000078149,ENSDARG00000070543,ENSDARG00000003927,ENSDARG00000020046,ENSDARG00000045447,ENSDARG00000041400,ENSDARG00000060741,ENSDARG00000093997,ENSDARG00000000442,ENSDARG00000109742,ENSDARG00000022550,ENSDARG00000027322,ENSDARG00000002507,ENSDARG00000100809,ENSDARG00000009252,ENSDARG00000090834,ENSDARG00000086228,ENSDARG00000035872,ENSDARG00000060070,ENSDARG00000068110,ENSDARG00000045541,ENSDARG00000070441,ENSDARG00000056557,ENSDARG00000099888,ENSDARG00000029751,ENSDARG00000079933,ENSDARG00000061723,ENSDARG00000004597,ENSDARG00000078283,ENSDARG00000059770,ENSDARG00000086332,ENSDARG00000011553,ENSDARG00000102668,ENSDARG00000034771,ENSDARG00000038213,ENSDARG00000059534,ENSDARG00000078717,ENSDARG00000007180,ENSDARG00000109974,ENSDARG00000019360,ENSDARG00000079700,ENSDARG00000026333,ENSDARG00000062947,ENSDARG00000101602,ENSDARG00000058452,ENSDARG00000031372,ENSDARG00000101969,ENSDARG00000060092,ENSDARG00000100752,ENSDARG00000041292,ENSDARG00000102254,ENSDARG00000052851,ENSDARG00000044551,ENSDARG00000053269,ENSDARG00000008457,ENSDARG00000093687,ENSDARG00000022424,ENSDARG00000087319,ENSDARG00000105190,ENSDARG00000007129,ENSDARG00000078186,ENSDARG00000104669,ENSDARG00000059557,ENSDARG00000006396,ENSDARG00000104665,ENSDARG00000079829,ENSDARG00000011533,ENSDARG00000052966,ENSDARG00000006869,ENSDARG00000045750,ENSDARG00000105060,ENSDARG00000021787,ENSDARG00000023724,ENSDARG00000013360,ENSDARG00000020574,ENSDARG00000079163,ENSDARG00000045518,ENSDARG00000062972,ENSDARG00000104538,ENSDARG00000008487,ENSDARG00000090190,ENSDARG00000054458,ENSDARG00000045066,ENSDARG00000070121,ENSDARG00000024940,ENSDARG00000025478,ENSDARG00000051981,ENSDARG00000074282,ENSDARG00000079175,ENSDARG00000115657,ENSDARG00000115778,ENSDARG00000056196,ENSDARG00000069937,ENSDARG00000062865,ENSDARG00000040971,ENSDARG00000042357,ENSDARG00000036479,ENSDARG00000030494,ENSDARG00000058248,ENSDARG00000039500,ENSDARG00000030376,ENSDARG00000053917,ENSDARG00000032318,ENSDARG00000011876,ENSDARG00000102464,ENSDARG00000104470,ENSDARG00000102295,ENSDARG00000055534,ENSDARG00000078898,ENSDARG00000075149,ENSDARG00000060325,ENSDARG00000022858,ENSDARG00000044767,ENSDARG00000075141,ENSDARG00000042469,ENSDARG00000038089,ENSDARG00000037550,ENSDARG00000061544,ENSDARG00000069028,ENSDARG00000100792,ENSDARG00000103940,ENSDARG00000058815,ENSDARG00000058937,ENSDARG00000088100,ENSDARG00000075830,ENSDARG00000054438,ENSDARG00000052138,ENSDARG00000074860,ENSDARG00000052012,ENSDARG00000026548,ENSDARG00000021899,ENSDARG00000017834,ENSDARG00000008772,ENSDARG00000061432,ENSDARG00000058943,ENSDARG00000068187,ENSDARG00000039726,ENSDARG00000087120,ENSDARG00000096662,ENSDARG00000102394,ENSDARG00000010727,ENSDARG00000040816,ENSDARG00000027609,ENSDARG00000005612,ENSDARG00000063621,ENSDARG00000069607,ENSDARG00000017128,ENSDARG00000014098,ENSDARG00000069961,ENSDARG00000068199,ENSDARG00000071374,ENSDARG00000071013,ENSDARG00000074524,ENSDARG00000078326,ENSDARG00000101050,ENSDARG00000101291,ENSDARG00000038296,ENSDARG00000056034,ENSDARG00000038176,ENSDARG00000062537,ENSDARG00000078560,ENSDARG00000012002,ENSDARG00000089204,ENSDARG00000061335,ENSDARG00000017255,ENSDARG00000104568,ENSDARG00000068883,ENSDARG00000058848,ENSDARG00000045493,ENSDARG00000105363,ENSDARG00000075189,ENSDARG00000074776,ENSDARG00000074533,ENSDARG00000078452,ENSDARG00000005112,ENSDARG00000003615,ENSDARG00000008867,ENSDARG00000017108,ENSDARG00000040249,ENSDARG00000100119,ENSDARG00000018432,ENSDARG00000016818,ENSDARG00000100592,ENSDARG00000037879,ENSDARG00000106212,ENSDARG00000026500,ENSDARG00000026862,ENSDARG00000074661,ENSDARG00000045483,ENSDARG00000001781,ENSDARG00000071037,ENSDARG00000053542,ENSDARG00000004497,ENSDARG00000062565,ENSDARG00000034473,ENSDARG00000059951,ENSDARG00000014761,ENSDARG00000032970,ENSDARG00000057414,ENSDARG00000103732,ENSDARG00000059835,ENSDARG00000002190,ENSDARG00000104389,ENSDARG00000087285,ENSDARG00000093074,ENSDARG00000098769,ENSDARG00000020053,ENSDARG00000053530,ENSDARG00000053652,ENSDARG00000024771,ENSDARG00000005254,ENSDARG00000036080,ENSDARG00000087869,ENSDARG00000077145,ENSDARG00000007678,ENSDARG00000092660,ENSDARG00000037059,ENSDARG00000069402,ENSDARG00000075517,ENSDARG00000070626,ENSDARG00000088044,ENSDARG00000105467,ENSDARG00000071298,ENSDARG00000003989,ENSDARG00000045224,ENSDARG00000077155,ENSDARG00000021399,ENSDARG00000078481,ENSDARG00000088709,ENSDARG00000098871,ENSDARG00000093065,ENSDARG00000061496,ENSDARG00000059850,ENSDARG00000015158,ENSDARG00000010144,ENSDARG00000059057,ENSDARG00000103951,ENSDARG00000059616,ENSDARG00000035309,ENSDARG00000014986,ENSDARG00000010941"
"6","1.70","UP_SEQ_FEATURE","TRANSMEM:Helical","192","656","5665","21277","25.77","7.56e-2","1.00e+0","1.10","1.00e+0","1.00e+0","6.67e-2","ENSDARG00000109643,ENSDARG00000104470,ENSDARG00000002840,ENSDARG00000022690,ENSDARG00000099996,ENSDARG00000053753,ENSDARG00000087093,ENSDARG00000078898,ENSDARG00000056467,ENSDARG00000075149,ENSDARG00000018750,ENSDARG00000052300,ENSDARG00000056587,ENSDARG00000078135,ENSDARG00000060325,ENSDARG00000063438,ENSDARG00000036064,ENSDARG00000044767,ENSDARG00000022858,ENSDARG00000075141,ENSDARG00000090140,ENSDARG00000053070,ENSDARG00000038089,ENSDARG00000069669,ENSDARG00000061544,ENSDARG00000069028,ENSDARG00000100792,ENSDARG00000103940,ENSDARG00000058937,ENSDARG00000075830,ENSDARG00000054438,ENSDARG00000052138,ENSDARG00000074466,ENSDARG00000074860,ENSDARG00000078149,ENSDARG00000070543,ENSDARG00000003927,ENSDARG00000020046,ENSDARG00000045447,ENSDARG00000026548,ENSDARG00000021899,ENSDARG00000041400,ENSDARG00000008772,ENSDARG00000093997,ENSDARG00000061432,ENSDARG00000100385,ENSDARG00000058943,ENSDARG00000068187,ENSDARG00000039726,ENSDARG00000087120,ENSDARG00000109742,ENSDARG00000000442,ENSDARG00000096662,ENSDARG00000002507,ENSDARG00000040816,ENSDARG00000027609,ENSDARG00000100809,ENSDARG00000069607,ENSDARG00000017128,ENSDARG00000086228,ENSDARG00000035872,ENSDARG00000060070,ENSDARG00000069961,ENSDARG00000068110,ENSDARG00000068199,ENSDARG00000100498,ENSDARG00000071374,ENSDARG00000071013,ENSDARG00000099888,ENSDARG00000074524,ENSDARG00000070441,ENSDARG00000101050,ENSDARG00000029751,ENSDARG00000079933,ENSDARG00000101291,ENSDARG00000038296,ENSDARG00000061723,ENSDARG00000056034,ENSDARG00000038176,ENSDARG00000004597,ENSDARG00000078283,ENSDARG00000078560,ENSDARG00000012002,ENSDARG00000059770,ENSDARG00000086332,ENSDARG00000089204,ENSDARG00000102668,ENSDARG00000061335,ENSDARG00000017255,ENSDARG00000059534,ENSDARG00000104568,ENSDARG00000068883,ENSDARG00000078717,ENSDARG00000058848,ENSDARG00000007180,ENSDARG00000109974,ENSDARG00000045493,ENSDARG00000105363,ENSDARG00000075189,ENSDARG00000074776,ENSDARG00000026333,ENSDARG00000062947,ENSDARG00000078452,ENSDARG00000005112,ENSDARG00000003615,ENSDARG00000017108,ENSDARG00000101602,ENSDARG00000040249,ENSDARG00000060092,ENSDARG00000018432,ENSDARG00000016818,ENSDARG00000100592,ENSDARG00000041292,ENSDARG00000102254,ENSDARG00000026500,ENSDARG00000045483,ENSDARG00000001781,ENSDARG00000044551,ENSDARG00000053269,ENSDARG00000008457,ENSDARG00000093687,ENSDARG00000004497,ENSDARG00000087319,ENSDARG00000105190,ENSDARG00000007129,ENSDARG00000078186,ENSDARG00000062565,ENSDARG00000059951,ENSDARG00000014761,ENSDARG00000104669,ENSDARG00000032970,ENSDARG00000006396,ENSDARG00000104665,ENSDARG00000103732,ENSDARG00000059835,ENSDARG00000079829,ENSDARG00000011533,ENSDARG00000104389,ENSDARG00000087285,ENSDARG00000006869,ENSDARG00000093074,ENSDARG00000045750,ENSDARG00000098769,ENSDARG00000021787,ENSDARG00000005254,ENSDARG00000020574,ENSDARG00000036080,ENSDARG00000077145,ENSDARG00000087869,ENSDARG00000079163,ENSDARG00000007678,ENSDARG00000045518,ENSDARG00000104538,ENSDARG00000037059,ENSDARG00000069402,ENSDARG00000075517,ENSDARG00000070626,ENSDARG00000088044,ENSDARG00000090190,ENSDARG00000054458,ENSDARG00000071298,ENSDARG00000045066,ENSDARG00000024940,ENSDARG00000003989,ENSDARG00000025478,ENSDARG00000110528,ENSDARG00000045224,ENSDARG00000051981,ENSDARG00000074282,ENSDARG00000077155,ENSDARG00000021399,ENSDARG00000079175,ENSDARG00000115778,ENSDARG00000078481,ENSDARG00000056196,ENSDARG00000093065,ENSDARG00000059850,ENSDARG00000010144,ENSDARG00000059057,ENSDARG00000042357,ENSDARG00000090861,ENSDARG00000058248,ENSDARG00000039500,ENSDARG00000030376,ENSDARG00000103951,ENSDARG00000059616,ENSDARG00000053917,ENSDARG00000035309,ENSDARG00000011876,ENSDARG00000032318,ENSDARG00000014986,ENSDARG00000102464"
"6","1.70","UP_KW_DOMAIN","Transmembrane","164","430","4975","14291","22.01","8.85e-2","1.00e+0","1.10","8.70e-1","1.00e+0","7.86e-2","ENSDARG00000109643,ENSDARG00000022690,ENSDARG00000099996,ENSDARG00000053753,ENSDARG00000087093,ENSDARG00000078898,ENSDARG00000056467,ENSDARG00000075149,ENSDARG00000018750,ENSDARG00000052300,ENSDARG00000056587,ENSDARG00000078135,ENSDARG00000089706,ENSDARG00000060325,ENSDARG00000063438,ENSDARG00000036064,ENSDARG00000044767,ENSDARG00000022858,ENSDARG00000075141,ENSDARG00000090140,ENSDARG00000053070,ENSDARG00000038089,ENSDARG00000069669,ENSDARG00000069028,ENSDARG00000100792,ENSDARG00000103940,ENSDARG00000075830,ENSDARG00000054438,ENSDARG00000074466,ENSDARG00000074860,ENSDARG00000003927,ENSDARG00000020046,ENSDARG00000045447,ENSDARG00000026548,ENSDARG00000041400,ENSDARG00000093997,ENSDARG00000058943,ENSDARG00000068187,ENSDARG00000039726,ENSDARG00000087120,ENSDARG00000109742,ENSDARG00000000442,ENSDARG00000096662,ENSDARG00000010727,ENSDARG00000022550,ENSDARG00000027609,ENSDARG00000005612,ENSDARG00000100809,ENSDARG00000063621,ENSDARG00000069607,ENSDARG00000017128,ENSDARG00000090834,ENSDARG00000086228,ENSDARG00000014098,ENSDARG00000035872,ENSDARG00000060070,ENSDARG00000069961,ENSDARG00000068199,ENSDARG00000071374,ENSDARG00000071013,ENSDARG00000099888,ENSDARG00000074524,ENSDARG00000070441,ENSDARG00000029751,ENSDARG00000079933,ENSDARG00000101291,ENSDARG00000038296,ENSDARG00000061723,ENSDARG00000038176,ENSDARG00000004597,ENSDARG00000078283,ENSDARG00000012002,ENSDARG00000059770,ENSDARG00000086332,ENSDARG00000089204,ENSDARG00000102668,ENSDARG00000038213,ENSDARG00000017255,ENSDARG00000059534,ENSDARG00000104568,ENSDARG00000068883,ENSDARG00000058848,ENSDARG00000007180,ENSDARG00000109974,ENSDARG00000045493,ENSDARG00000075189,ENSDARG00000079700,ENSDARG00000074776,ENSDARG00000074533,ENSDARG00000062947,ENSDARG00000078452,ENSDARG00000005112,ENSDARG00000003615,ENSDARG00000017108,ENSDARG00000101602,ENSDARG00000040249,ENSDARG00000060092,ENSDARG00000018432,ENSDARG00000016818,ENSDARG00000100592,ENSDARG00000037879,ENSDARG00000074661,ENSDARG00000045483,ENSDARG00000053269,ENSDARG00000071037,ENSDARG00000008457,ENSDARG00000093687,ENSDARG00000022424,ENSDARG00000004497,ENSDARG00000087319,ENSDARG00000105190,ENSDARG00000078186,ENSDARG00000062565,ENSDARG00000059951,ENSDARG00000014761,ENSDARG00000104669,ENSDARG00000059557,ENSDARG00000006396,ENSDARG00000104665,ENSDARG00000103732,ENSDARG00000059835,ENSDARG00000011533,ENSDARG00000087285,ENSDARG00000006869,ENSDARG00000093074,ENSDARG00000045750,ENSDARG00000098769,ENSDARG00000024771,ENSDARG00000021787,ENSDARG00000005254,ENSDARG00000077145,ENSDARG00000087869,ENSDARG00000007678,ENSDARG00000045518,ENSDARG00000104538,ENSDARG00000037059,ENSDARG00000069402,ENSDARG00000088044,ENSDARG00000090190,ENSDARG00000054458,ENSDARG00000045066,ENSDARG00000024940,ENSDARG00000003989,ENSDARG00000025478,ENSDARG00000045224,ENSDARG00000051981,ENSDARG00000074282,ENSDARG00000077155,ENSDARG00000079175,ENSDARG00000078481,ENSDARG00000056196,ENSDARG00000093065,ENSDARG00000061496,ENSDARG00000059850,ENSDARG00000010144,ENSDARG00000015158,ENSDARG00000058248,ENSDARG00000039500,ENSDARG00000059616,ENSDARG00000035309,ENSDARG00000032318,ENSDARG00000014986,ENSDARG00000102464,ENSDARG00000010941"
"7","1.46","GOTERM_BP_DIRECT","monoatomic ion transport","33","644","679","20756","4.43","1.33e-2","1.00e+0","1.57","1.00e+0","1.00e+0","7.80e-3","ENSDARG00000000442,ENSDARG00000002840,ENSDARG00000079348,ENSDARG00000010727,ENSDARG00000024771,ENSDARG00000023967,ENSDARG00000020574,ENSDARG00000007678,ENSDARG00000017108,ENSDARG00000014098,ENSDARG00000100592,ENSDARG00000070626,ENSDARG00000074860,ENSDARG00000078149,ENSDARG00000070543,ENSDARG00000053542,ENSDARG00000078283,ENSDARG00000115778,ENSDARG00000078560,ENSDARG00000012002,ENSDARG00000062565,ENSDARG00000034473,ENSDARG00000011553,ENSDARG00000059057,ENSDARG00000008772,ENSDARG00000030376,ENSDARG00000037905,ENSDARG00000075846,ENSDARG00000075802,ENSDARG00000058848,ENSDARG00000104389,ENSDARG00000087120,ENSDARG00000007180"
"7","1.46","UP_KW_MOLECULAR_FUNCTION","Ion channel","21","352","441","11803","2.82","4.00e-2","6.89e-1","1.60","9.40e-1","6.89e-1","2.32e-2","ENSDARG00000045483,ENSDARG00000010727,ENSDARG00000078149,ENSDARG00000070543,ENSDARG00000078283,ENSDARG00000115778,ENSDARG00000079163,ENSDARG00000007678,ENSDARG00000017108,ENSDARG00000062565,ENSDARG00000034473,ENSDARG00000008772,ENSDARG00000014098,ENSDARG00000030376,ENSDARG00000075846,ENSDARG00000068110,ENSDARG00000070626,ENSDARG00000058848,ENSDARG00000102254,ENSDARG00000104389,ENSDARG00000088100"
"7","1.46","GOTERM_BP_DIRECT","monoatomic ion transmembrane transport","21","644","424","20756","2.82","4.21e-2","1.00e+0","1.60","1.00e+0","1.00e+0","2.46e-2","ENSDARG00000079348,ENSDARG00000010727,ENSDARG00000078149,ENSDARG00000070543,ENSDARG00000053542,ENSDARG00000078283,ENSDARG00000115778,ENSDARG00000007678,ENSDARG00000017108,ENSDARG00000062565,ENSDARG00000034473,ENSDARG00000008772,ENSDARG00000014098,ENSDARG00000030376,ENSDARG00000037905,ENSDARG00000075802,ENSDARG00000075846,ENSDARG00000070626,ENSDARG00000058848,ENSDARG00000102254,ENSDARG00000104389"
"7","1.46","UP_KW_BIOLOGICAL_PROCESS","Ion transport","21","257","461","8466","2.82","6.53e-2","1.00e+0","1.50","9.98e-1","1.00e+0","4.06e-2","ENSDARG00000000442,ENSDARG00000074860,ENSDARG00000045483,ENSDARG00000010727,ENSDARG00000024771,ENSDARG00000023967,ENSDARG00000078283,ENSDARG00000079163,ENSDARG00000007678,ENSDARG00000017108,ENSDARG00000012002,ENSDARG00000062565,ENSDARG00000014098,ENSDARG00000100592,ENSDARG00000075846,ENSDARG00000068110,ENSDARG00000058848,ENSDARG00000104389,ENSDARG00000087120,ENSDARG00000007180,ENSDARG00000088100"
"8","1.43","INTERPRO","Tetraspanin/Peripherin","7","719","52","23408","0.94","5.00e-3","1.00e+0","4.38","1.00e+0","1.00e+0","1.01e-3","ENSDARG00000001781,ENSDARG00000103951,ENSDARG00000004497,ENSDARG00000036080,ENSDARG00000068883,ENSDARG00000044767,ENSDARG00000088044"
"8","1.43","INTERPRO","Tetraspanin_EC2_sf","6","719","49","23408","0.81","1.68e-2","1.00e+0","3.99","1.00e+0","1.00e+0","3.74e-3","ENSDARG00000001781,ENSDARG00000103951,ENSDARG00000004497,ENSDARG00000036080,ENSDARG00000044767,ENSDARG00000088044"
"8","1.43","INTERPRO","Tetraspanin_animals","4","719","41","23408","0.54","1.30e-1","1.00e+0","3.18","1.00e+0","1.00e+0","3.64e-2","ENSDARG00000001781,ENSDARG00000103951,ENSDARG00000004497,ENSDARG00000036080"
"8","1.43","PIR_SUPERFAMILY","Tetraspanin","4","67","41","1890","0.54","1.70e-1","1.00e+0","2.75","1.00e+0","1.00e+0","5.46e-2","ENSDARG00000001781,ENSDARG00000103951,ENSDARG00000004497,ENSDARG00000036080"
"9","1.43","SMART","PAC","5","372","27","13267","0.67","6.35e-3","7.09e-1","6.60","8.04e-1","7.09e-1","8.19e-4","ENSDARG00000062565,ENSDARG00000100826,ENSDARG00000020046,ENSDARG00000035732,ENSDARG00000021855"
"9","1.43","INTERPRO","Nuc_translocat","4","719","14","23408","0.54","8.12e-3","1.00e+0","9.30","1.00e+0","1.00e+0","6.91e-4","ENSDARG00000100826,ENSDARG00000020046,ENSDARG00000035732,ENSDARG00000021855"
"9","1.43","SMART","HLH","11","372","147","13267","1.48","8.31e-3","7.09e-1","2.67","8.82e-1","7.09e-1","2.86e-3","ENSDARG00000100826,ENSDARG00000098745,ENSDARG00000037891,ENSDARG00000055798,ENSDARG00000030110,ENSDARG00000020046,ENSDARG00000035732,ENSDARG00000019646,ENSDARG00000063438,ENSDARG00000021855,ENSDARG00000008305"
"9","1.43","INTERPRO","PAC","5","719","27","23408","0.67","8.79e-3","1.00e+0","6.03","1.00e+0","1.00e+0","1.24e-3","ENSDARG00000062565,ENSDARG00000100826,ENSDARG00000020046,ENSDARG00000035732,ENSDARG00000021855"
"9","1.43","INTERPRO","HLH_DNA-bd_sf","11","719","150","23408","1.48","1.75e-2","1.00e+0","2.39","1.00e+0","1.00e+0","6.72e-3","ENSDARG00000100826,ENSDARG00000098745,ENSDARG00000037891,ENSDARG00000055798,ENSDARG00000030110,ENSDARG00000020046,ENSDARG00000035732,ENSDARG00000019646,ENSDARG00000063438,ENSDARG00000021855,ENSDARG00000008305"
"9","1.43","INTERPRO","bHLH_dom","11","719","151","23408","1.48","1.82e-2","1.00e+0","2.37","1.00e+0","1.00e+0","7.05e-3","ENSDARG00000100826,ENSDARG00000098745,ENSDARG00000037891,ENSDARG00000055798,ENSDARG00000030110,ENSDARG00000020046,ENSDARG00000035732,ENSDARG00000019646,ENSDARG00000063438,ENSDARG00000021855,ENSDARG00000008305"
"9","1.43","UP_SEQ_FEATURE","DOMAIN:PAS","5","656","39","21277","0.67","3.12e-2","1.00e+0","4.16","1.00e+0","1.00e+0","6.64e-3","ENSDARG00000062565,ENSDARG00000100826,ENSDARG00000020046,ENSDARG00000035732,ENSDARG00000021855"
"9","1.43","GOTERM_MF_DIRECT","protein dimerization activity","13","637","217","21154","1.74","3.17e-2","1.00e+0","1.99","1.00e+0","1.00e+0","1.47e-2","ENSDARG00000098745,ENSDARG00000055798,ENSDARG00000020046,ENSDARG00000063438,ENSDARG00000098780,ENSDARG00000021855,ENSDARG00000008305,ENSDARG00000100826,ENSDARG00000037891,ENSDARG00000061544,ENSDARG00000030110,ENSDARG00000035732,ENSDARG00000019646"
"9","1.43","INTERPRO","PAS_fold","4","719","27","23408","0.54","4.87e-2","1.00e+0","4.82","1.00e+0","1.00e+0","8.83e-3","ENSDARG00000100826,ENSDARG00000020046,ENSDARG00000035732,ENSDARG00000021855"
"9","1.43","INTERPRO","PAS-like_dom_sf","5","719","47","23408","0.67","5.55e-2","1.00e+0","3.46","1.00e+0","1.00e+0","1.43e-2","ENSDARG00000062565,ENSDARG00000100826,ENSDARG00000020046,ENSDARG00000035732,ENSDARG00000021855"
"9","1.43","INTERPRO","PAS","5","719","48","23408","0.67","5.91e-2","1.00e+0","3.39","1.00e+0","1.00e+0","1.55e-2","ENSDARG00000062565,ENSDARG00000100826,ENSDARG00000020046,ENSDARG00000035732,ENSDARG00000021855"
"9","1.43","SMART","PAS","4","372","35","13267","0.54","7.36e-2","1.00e+0","4.08","1.00e+0","1.00e+0","1.60e-2","ENSDARG00000100826,ENSDARG00000020046,ENSDARG00000035732,ENSDARG00000021855"
"9","1.43","UP_SEQ_FEATURE","DOMAIN:BHLH","8","656","128","21277","1.07","1.01e-1","1.00e+0","2.03","1.00e+0","1.00e+0","4.48e-2","ENSDARG00000100826,ENSDARG00000098745,ENSDARG00000037891,ENSDARG00000020046,ENSDARG00000035732,ENSDARG00000019646,ENSDARG00000021855,ENSDARG00000008305"
"9","1.43","UP_SEQ_FEATURE","DOMAIN:bHLH","4","656","37","21277","0.54","1.05e-1","1.00e+0","3.51","1.00e+0","1.00e+0","2.64e-2","ENSDARG00000055798,ENSDARG00000030110,ENSDARG00000063438,ENSDARG00000008305"
"9","1.43","GOTERM_CC_DIRECT","transcription regulator complex","8","683","164","22190","1.07","2.41e-1","1.00e+0","1.58","1.00e+0","9.97e-1","1.34e-1","ENSDARG00000100826,ENSDARG00000044532,ENSDARG00000069006,ENSDARG00000020046,ENSDARG00000035732,ENSDARG00000102556,ENSDARG00000076297,ENSDARG00000021855"
"9","1.43","GOTERM_BP_DIRECT","animal organ development","8","644","195","20756","1.07","4.00e-1","1.00e+0","1.32","1.00e+0","1.00e+0","2.60e-1","ENSDARG00000102937,ENSDARG00000100826,ENSDARG00000020046,ENSDARG00000103205,ENSDARG00000035732,ENSDARG00000022858,ENSDARG00000021855,ENSDARG00000102464"
"10","1.40","UP_SEQ_FEATURE","TRANSMEM:Helical; Name=7","7","656","71","21277","0.94","2.20e-2","1.00e+0","3.20","1.00e+0","1.00e+0","6.19e-3","ENSDARG00000015158,ENSDARG00000074661,ENSDARG00000069669,ENSDARG00000024771,ENSDARG00000038213,ENSDARG00000022424,ENSDARG00000005612"
"10","1.40","UP_SEQ_FEATURE","TRANSMEM:Helical; Name=6","8","656","96","21277","1.07","2.87e-2","1.00e+0","2.70","1.00e+0","1.00e+0","9.63e-3","ENSDARG00000015158,ENSDARG00000074661,ENSDARG00000069669,ENSDARG00000024771,ENSDARG00000074533,ENSDARG00000038213,ENSDARG00000022424,ENSDARG00000005612"
"10","1.40","UP_SEQ_FEATURE","TRANSMEM:Helical; Name=10","3","656","12","21277","0.40","5.09e-2","1.00e+0","8.11","1.00e+0","1.00e+0","5.21e-3","ENSDARG00000024771,ENSDARG00000038213,ENSDARG00000022424"
"10","1.40","UP_SEQ_FEATURE","TRANSMEM:Helical; Name=8","3","656","12","21277","0.40","5.09e-2","1.00e+0","8.11","1.00e+0","1.00e+0","5.21e-3","ENSDARG00000024771,ENSDARG00000038213,ENSDARG00000022424"
"10","1.40","UP_SEQ_FEATURE","TRANSMEM:Helical; Name=9","3","656","13","21277","0.40","5.90e-2","1.00e+0","7.48","1.00e+0","1.00e+0","6.62e-3","ENSDARG00000024771,ENSDARG00000038213,ENSDARG00000022424"
"11","1.40","UP_KW_MOLECULAR_FUNCTION","Protease","26","352","533","11803","3.49","1.64e-2","3.76e-1","1.64","6.80e-1","3.76e-1","9.37e-3","ENSDARG00000103184,ENSDARG00000074017,ENSDARG00000112495,ENSDARG00000079068,ENSDARG00000022599,ENSDARG00000009313,ENSDARG00000027609,ENSDARG00000089706,ENSDARG00000034862,ENSDARG00000039730,ENSDARG00000060058,ENSDARG00000103422,ENSDARG00000100792,ENSDARG00000014517,ENSDARG00000102478,ENSDARG00000011769,ENSDARG00000058815,ENSDARG00000073837,ENSDARG00000076900,ENSDARG00000019595,ENSDARG00000105190,ENSDARG00000009825,ENSDARG00000043548,ENSDARG00000017676,ENSDARG00000037783,ENSDARG00000029011"
"11","1.40","GOTERM_MF_DIRECT","peptidase activity","24","637","537","21154","3.22","5.64e-2","1.00e+0","1.48","1.00e+0","1.00e+0","3.60e-2","ENSDARG00000103184,ENSDARG00000019595,ENSDARG00000112495,ENSDARG00000079068,ENSDARG00000022599,ENSDARG00000009313,ENSDARG00000027609,ENSDARG00000089706,ENSDARG00000009825,ENSDARG00000043548,ENSDARG00000017676,ENSDARG00000034862,ENSDARG00000039730,ENSDARG00000060058,ENSDARG00000103422,ENSDARG00000100792,ENSDARG00000102478,ENSDARG00000014517,ENSDARG00000011769,ENSDARG00000029011,ENSDARG00000088145,ENSDARG00000068187,ENSDARG00000058815,ENSDARG00000073837"
"11","1.40","GOTERM_BP_DIRECT","proteolysis","29","644","670","20756","3.89","6.74e-2","1.00e+0","1.40","1.00e+0","1.00e+0","4.51e-2","ENSDARG00000103184,ENSDARG00000074017,ENSDARG00000043497,ENSDARG00000112495,ENSDARG00000079068,ENSDARG00000022599,ENSDARG00000009313,ENSDARG00000027609,ENSDARG00000089706,ENSDARG00000034862,ENSDARG00000039730,ENSDARG00000060058,ENSDARG00000103422,ENSDARG00000100792,ENSDARG00000014517,ENSDARG00000102478,ENSDARG00000011769,ENSDARG00000088145,ENSDARG00000058815,ENSDARG00000073837,ENSDARG00000076900,ENSDARG00000019595,ENSDARG00000105190,ENSDARG00000009825,ENSDARG00000043548,ENSDARG00000017676,ENSDARG00000037783,ENSDARG00000029011,ENSDARG00000068187"
"12","1.39","KEGG_PATHWAY","Vascular smooth muscle contraction","10","282","181","21890","1.34","5.73e-4","7.13e-3","4.29","7.55e-2","5.31e-3","1.25e-4","ENSDARG00000003486,ENSDARG00000018750,ENSDARG00000060070,ENSDARG00000063295,ENSDARG00000015263,ENSDARG00000077145,ENSDARG00000115657,ENSDARG00000011876,ENSDARG00000099344,ENSDARG00000056591"
"12","1.39","KEGG_PATHWAY","Purine metabolism","8","282","167","21890","1.07","5.92e-3","3.38e-2","3.72","5.57e-1","2.52e-2","1.49e-3","ENSDARG00000045066,ENSDARG00000018750,ENSDARG00000060070,ENSDARG00000077145,ENSDARG00000016706,ENSDARG00000035309,ENSDARG00000005800,ENSDARG00000056591"
"12","1.39","SMART","CYCc","4","372","27","13267","0.54","3.86e-2","1.00e+0","5.28","1.00e+0","1.00e+0","6.41e-3","ENSDARG00000018750,ENSDARG00000060070,ENSDARG00000077145,ENSDARG00000056591"
"12","1.39","UP_SEQ_FEATURE","DOMAIN:Guanylate cyclase","4","656","25","21277","0.54","4.04e-2","1.00e+0","5.19","1.00e+0","1.00e+0","6.76e-3","ENSDARG00000018750,ENSDARG00000060070,ENSDARG00000077145,ENSDARG00000056591"
"12","1.39","INTERPRO","A/G_cyclase_CS","4","719","26","23408","0.54","4.43e-2","1.00e+0","5.01","1.00e+0","1.00e+0","7.71e-3","ENSDARG00000018750,ENSDARG00000060070,ENSDARG00000077145,ENSDARG00000056591"
"12","1.39","INTERPRO","A/G_cyclase","4","719","27","23408","0.54","4.87e-2","1.00e+0","4.82","1.00e+0","1.00e+0","8.83e-3","ENSDARG00000018750,ENSDARG00000060070,ENSDARG00000077145,ENSDARG00000056591"
"12","1.39","INTERPRO","Nucleotide_cyclase","4","719","27","23408","0.54","4.87e-2","1.00e+0","4.82","1.00e+0","1.00e+0","8.83e-3","ENSDARG00000018750,ENSDARG00000060070,ENSDARG00000077145,ENSDARG00000056591"
"12","1.39","GOTERM_MF_DIRECT","phosphorus-oxygen lyase activity","4","637","29","21154","0.54","5.54e-2","1.00e+0","4.58","1.00e+0","1.00e+0","1.06e-2","ENSDARG00000018750,ENSDARG00000060070,ENSDARG00000077145,ENSDARG00000056591"
"12","1.39","GOTERM_BP_DIRECT","cyclic nucleotide biosynthetic process","4","644","29","20756","0.54","5.96e-2","1.00e+0","4.45","1.00e+0","1.00e+0","1.18e-2","ENSDARG00000018750,ENSDARG00000060070,ENSDARG00000077145,ENSDARG00000056591"
"12","1.39","KEGG_PATHWAY","Gap junction","5","282","131","21890","0.67","8.86e-2","2.64e-1","2.96","1.00e+0","1.96e-1","2.75e-2","ENSDARG00000038139,ENSDARG00000060070,ENSDARG00000077145,ENSDARG00000115657,ENSDARG00000056591"
"12","1.39","UP_KW_MOLECULAR_FUNCTION","Lyase","8","352","190","11803","1.07","3.36e-1","1.00e+0","1.41","1.00e+0","1.00e+0","2.07e-1","ENSDARG00000099336,ENSDARG00000003132,ENSDARG00000018750,ENSDARG00000060070,ENSDARG00000077145,ENSDARG00000027491,ENSDARG00000055370,ENSDARG00000056591"
"12","1.39","GOTERM_MF_DIRECT","lyase activity","7","637","167","21154","0.94","3.88e-1","1.00e+0","1.39","1.00e+0","1.00e+0","2.39e-1","ENSDARG00000099336,ENSDARG00000003132,ENSDARG00000018750,ENSDARG00000060070,ENSDARG00000077145,ENSDARG00000055370,ENSDARG00000056591"
"13","1.37","UP_KW_CELLULAR_COMPONENT","Telomere","5","509","30","16344","0.67","1.33e-2","1.95e-1","5.35","4.31e-1","1.95e-1","2.15e-3","ENSDARG00000040303,ENSDARG00000097346,ENSDARG00000007734,ENSDARG00000098780,ENSDARG00000078055"
"13","1.37","GOTERM_CC_DIRECT","chromosome, telomeric region","5","683","37","22190","0.67","2.62e-2","7.66e-1","4.39","1.00e+0","7.62e-1","5.25e-3","ENSDARG00000040303,ENSDARG00000097346,ENSDARG00000007734,ENSDARG00000098780,ENSDARG00000078055"
"13","1.37","GOTERM_BP_DIRECT","telomere maintenance","4","644","32","20756","0.54","7.56e-2","1.00e+0","4.03","1.00e+0","1.00e+0","1.66e-2","ENSDARG00000040303,ENSDARG00000058893,ENSDARG00000007734,ENSDARG00000078055"
"13","1.37","GOTERM_MF_DIRECT","telomeric repeat DNA binding","3","637","21","21154","0.40","1.30e-1","1.00e+0","4.74","1.00e+0","1.00e+0","2.41e-2","ENSDARG00000097346,ENSDARG00000007734,ENSDARG00000078055"
"14","1.36","KEGG_PATHWAY","Wnt signaling pathway","12","282","235","21890","1.61","2.43e-4","3.70e-3","3.96","3.28e-2","2.75e-3","5.77e-5","ENSDARG00000054438,ENSDARG00000100149,ENSDARG00000088411,ENSDARG00000045694,ENSDARG00000020053,ENSDARG00000069006,ENSDARG00000076420,ENSDARG00000022858,ENSDARG00000115657,ENSDARG00000076297,ENSDARG00000073837,ENSDARG00000102464"
"14","1.36","GOTERM_BP_DIRECT","negative regulation of canonical Wnt signaling pathway","6","644","67","20756","0.81","5.65e-2","1.00e+0","2.89","1.00e+0","1.00e+0","1.76e-2","ENSDARG00000100149,ENSDARG00000088411,ENSDARG00000020053,ENSDARG00000069006,ENSDARG00000015681,ENSDARG00000076420"
"14","1.36","UP_KW_BIOLOGICAL_PROCESS","Wnt signaling pathway","6","257","139","8466","0.81","4.12e-1","1.00e+0","1.42","1.00e+0","1.00e+0","2.47e-1","ENSDARG00000054438,ENSDARG00000100149,ENSDARG00000020053,ENSDARG00000060058,ENSDARG00000076420,ENSDARG00000102464"
"14","1.36","GOTERM_BP_DIRECT","Wnt signaling pathway","6","644","171","20756","0.81","6.14e-1","1.00e+0","1.13","1.00e+0","1.00e+0","4.39e-1","ENSDARG00000100149,ENSDARG00000020053,ENSDARG00000060058,ENSDARG00000076420,ENSDARG00000022858,ENSDARG00000102464"
"15","1.35","INTERPRO","IF_conserved","6","719","40","23408","0.81","7.25e-3","1.00e+0","4.88","1.00e+0","1.00e+0","1.30e-3","ENSDARG00000025301,ENSDARG00000053248,ENSDARG00000005221,ENSDARG00000007751,ENSDARG00000088805,ENSDARG00000013415"
"15","1.35","GOTERM_CC_DIRECT","intermediate filament","7","683","73","22190","0.94","2.47e-2","7.66e-1","3.12","1.00e+0","7.62e-1","7.14e-3","ENSDARG00000025301,ENSDARG00000053248,ENSDARG00000005221,ENSDARG00000007751,ENSDARG00000088805,ENSDARG00000069046,ENSDARG00000013415"
"15","1.35","SMART","Filament","6","372","63","13267","0.81","3.12e-2","1.00e+0","3.40","1.00e+0","1.00e+0","8.26e-3","ENSDARG00000025301,ENSDARG00000053248,ENSDARG00000005221,ENSDARG00000007751,ENSDARG00000088805,ENSDARG00000013415"
"15","1.35","GOTERM_BP_DIRECT","intermediate filament organization","4","644","23","20756","0.54","3.31e-2","1.00e+0","5.61","1.00e+0","1.00e+0","5.08e-3","ENSDARG00000025301,ENSDARG00000053248,ENSDARG00000030020,ENSDARG00000005221"
"15","1.35","UP_SEQ_FEATURE","DOMAIN:IF rod","6","656","62","21277","0.81","4.19e-2","1.00e+0","3.14","1.00e+0","1.00e+0","1.20e-2","ENSDARG00000025301,ENSDARG00000053248,ENSDARG00000005221,ENSDARG00000007751,ENSDARG00000088805,ENSDARG00000013415"
"15","1.35","INTERPRO","IF_rod_dom","6","719","63","23408","0.81","4.38e-2","1.00e+0","3.10","1.00e+0","1.00e+0","1.27e-2","ENSDARG00000025301,ENSDARG00000053248,ENSDARG00000005221,ENSDARG00000007751,ENSDARG00000088805,ENSDARG00000013415"
"15","1.35","INTERPRO","Intermed_filament_DNA-bd","3","719","13","23408","0.40","5.86e-2","1.00e+0","7.51","1.00e+0","1.00e+0","6.56e-3","ENSDARG00000025301,ENSDARG00000053248,ENSDARG00000005221"
"15","1.35","INTERPRO","Intermediate_filament","3","719","19","23408","0.40","1.14e-1","1.00e+0","5.14","1.00e+0","1.00e+0","1.94e-2","ENSDARG00000025301,ENSDARG00000053248,ENSDARG00000005221"
"15","1.35","GOTERM_MF_DIRECT","structural constituent of cytoskeleton","4","637","67","21154","0.54","3.27e-1","1.00e+0","1.98","1.00e+0","1.00e+0","1.43e-1","ENSDARG00000025301,ENSDARG00000005221,ENSDARG00000007751,ENSDARG00000013415"
"16","1.32","GOTERM_MF_DIRECT","NMDA glutamate receptor activity","5","637","13","21154","0.67","4.66e-4","9.21e-2","12.77","2.41e-1","9.20e-2","2.57e-5","ENSDARG00000079348,ENSDARG00000078149,ENSDARG00000070543,ENSDARG00000030376,ENSDARG00000075802"
"16","1.32","GOTERM_CC_DIRECT","postsynaptic density membrane","11","683","91","22190","1.48","4.82e-4","9.69e-2","3.93","1.44e-1","9.63e-2","1.10e-4","ENSDARG00000058452,ENSDARG00000079348,ENSDARG00000078149,ENSDARG00000070543,ENSDARG00000069402,ENSDARG00000077709,ENSDARG00000030376,ENSDARG00000102125,ENSDARG00000004597,ENSDARG00000075802,ENSDARG00000070626"
"16","1.32","KEGG_PATHWAY","Neuroactive ligand signaling","13","282","331","21890","1.74","1.25e-3","1.32e-2","3.05","1.57e-1","9.81e-3","3.89e-4","ENSDARG00000052138,ENSDARG00000074860,ENSDARG00000071298,ENSDARG00000079348,ENSDARG00000078149,ENSDARG00000070543,ENSDARG00000077145,ENSDARG00000115657,ENSDARG00000115778,ENSDARG00000069669,ENSDARG00000060070,ENSDARG00000030376,ENSDARG00000075802"
"16","1.32","GOTERM_CC_DIRECT","NMDA selective glutamate receptor complex","4","683","10","22190","0.54","2.95e-3","2.38e-1","13.00","6.14e-1","2.36e-1","1.61e-4","ENSDARG00000079348,ENSDARG00000078149,ENSDARG00000070543,ENSDARG00000030376"
"16","1.32","GOTERM_BP_DIRECT","excitatory postsynaptic potential","4","644","12","20756","0.54","5.28e-3","1.00e+0","10.74","9.99e-1","1.00e+0","3.73e-4","ENSDARG00000079348,ENSDARG00000078149,ENSDARG00000070543,ENSDARG00000030376"
"16","1.32","GOTERM_BP_DIRECT","long-term synaptic potentiation","4","644","13","20756","0.54","6.71e-3","1.00e+0","9.92","1.00e+0","1.00e+0","5.25e-4","ENSDARG00000079348,ENSDARG00000078149,ENSDARG00000070543,ENSDARG00000030376"
"16","1.32","INTERPRO","NMDAR2_C","3","719","5","23408","0.40","8.83e-3","1.00e+0","19.53","1.00e+0","1.00e+0","2.76e-4","ENSDARG00000078149,ENSDARG00000070543,ENSDARG00000030376"
"16","1.32","GOTERM_MF_DIRECT","transmitter-gated monoatomic ion channel activity involved in regulation of postsynaptic membrane potential","6","637","47","21154","0.81","1.31e-2","8.63e-1","4.24","1.00e+0","8.62e-1","2.74e-3","ENSDARG00000079348,ENSDARG00000078149,ENSDARG00000070543,ENSDARG00000030376,ENSDARG00000075802,ENSDARG00000102254"
"16","1.32","GOTERM_MF_DIRECT","signaling receptor activity","12","637","191","21154","1.61","3.00e-2","1.00e+0","2.09","1.00e+0","1.00e+0","1.32e-2","ENSDARG00000040249,ENSDARG00000071298,ENSDARG00000079348,ENSDARG00000078149,ENSDARG00000052012,ENSDARG00000070543,ENSDARG00000030376,ENSDARG00000002507,ENSDARG00000078135,ENSDARG00000103413,ENSDARG00000075802,ENSDARG00000078717"
"16","1.32","GOTERM_MF_DIRECT","ligand-gated monoatomic ion channel activity","5","637","46","21154","0.67","4.89e-2","1.00e+0","3.61","1.00e+0","1.00e+0","1.21e-2","ENSDARG00000079348,ENSDARG00000078149,ENSDARG00000070543,ENSDARG00000030376,ENSDARG00000075802"
"16","1.32","GOTERM_BP_DIRECT","synaptic transmission, glutamatergic","5","644","46","20756","0.67","5.35e-2","1.00e+0","3.50","1.00e+0","1.00e+0","1.36e-2","ENSDARG00000079348,ENSDARG00000078149,ENSDARG00000070543,ENSDARG00000030376,ENSDARG00000075802"
"16","1.32","UP_SEQ_FEATURE","SITE:Interaction with the cone snail toxin Con-ikot-ikot","3","656","26","21277","0.40","1.90e-1","1.00e+0","3.74","1.00e+0","1.00e+0","4.48e-2","ENSDARG00000078149,ENSDARG00000070543,ENSDARG00000030376"
"16","1.32","SMART","PBPe","3","372","31","13267","0.40","2.15e-1","1.00e+0","3.45","1.00e+0","1.00e+0","5.51e-2","ENSDARG00000078149,ENSDARG00000070543,ENSDARG00000030376"
"16","1.32","SMART","Lig_chan-Glu_bd","3","372","31","13267","0.40","2.15e-1","1.00e+0","3.45","1.00e+0","1.00e+0","5.51e-2","ENSDARG00000078149,ENSDARG00000070543,ENSDARG00000030376"
"16","1.32","INTERPRO","Iono_Glu_rcpt_met","3","719","29","23408","0.40","2.23e-1","1.00e+0","3.37","1.00e+0","1.00e+0","5.84e-2","ENSDARG00000078149,ENSDARG00000070543,ENSDARG00000030376"
"16","1.32","UP_SEQ_FEATURE","SITE:Crucial to convey clamshell closure to channel opening","3","656","29","21277","0.40","2.24e-1","1.00e+0","3.36","1.00e+0","1.00e+0","5.89e-2","ENSDARG00000078149,ENSDARG00000070543,ENSDARG00000030376"
"16","1.32","INTERPRO","Ionotropic_Glu_rcpt","3","719","31","23408","0.40","2.46e-1","1.00e+0","3.15","1.00e+0","1.00e+0","6.87e-2","ENSDARG00000078149,ENSDARG00000070543,ENSDARG00000030376"
"16","1.32","INTERPRO","Iontro_rcpt_C","3","719","31","23408","0.40","2.46e-1","1.00e+0","3.15","1.00e+0","1.00e+0","6.87e-2","ENSDARG00000078149,ENSDARG00000070543,ENSDARG00000030376"
"16","1.32","INTERPRO","Glu/Gly-bd","3","719","31","23408","0.40","2.46e-1","1.00e+0","3.15","1.00e+0","1.00e+0","6.87e-2","ENSDARG00000078149,ENSDARG00000070543,ENSDARG00000030376"
"16","1.32","UP_SEQ_FEATURE","DOMAIN:Ionotropic glutamate receptor C-terminal","3","656","31","21277","0.40","2.47e-1","1.00e+0","3.14","1.00e+0","1.00e+0","6.93e-2","ENSDARG00000078149,ENSDARG00000070543,ENSDARG00000030376"
"16","1.32","UP_SEQ_FEATURE","DOMAIN:Ionotropic glutamate receptor L-glutamate and glycine-binding","3","656","31","21277","0.40","2.47e-1","1.00e+0","3.14","1.00e+0","1.00e+0","6.93e-2","ENSDARG00000078149,ENSDARG00000070543,ENSDARG00000030376"
"16","1.32","GOTERM_MF_DIRECT","monoatomic ion channel activity","9","637","229","21154","1.21","3.84e-1","1.00e+0","1.31","1.00e+0","1.00e+0","2.55e-1","ENSDARG00000017108,ENSDARG00000062565,ENSDARG00000079348,ENSDARG00000078149,ENSDARG00000070543,ENSDARG00000030376,ENSDARG00000037905,ENSDARG00000075802,ENSDARG00000115778"
"16","1.32","INTERPRO","ANF_lig-bd_rcpt","4","719","113","23408","0.54","6.78e-1","1.00e+0","1.15","1.00e+0","1.00e+0","4.59e-1","ENSDARG00000078149,ENSDARG00000070543,ENSDARG00000018750,ENSDARG00000030376"
"16","1.32","INTERPRO","Peripla_BP_I","4","719","115","23408","0.54","6.89e-1","1.00e+0","1.13","1.00e+0","1.00e+0","4.72e-1","ENSDARG00000078149,ENSDARG00000070543,ENSDARG00000018750,ENSDARG00000030376"
"17","1.28","INTERPRO","Znf_NHR/GATA","8","719","80","23408","1.07","1.14e-2","1.00e+0","3.26","1.00e+0","1.00e+0","3.16e-3","ENSDARG00000067669,ENSDARG00000052695,ENSDARG00000044532,ENSDARG00000087195,ENSDARG00000031768,ENSDARG00000002006,ENSDARG00000003820,ENSDARG00000016526"
"17","1.28","SMART","HOLI","7","372","73","13267","0.94","1.62e-2","1.00e+0","3.42","9.85e-1","1.00e+0","4.29e-3","ENSDARG00000052695,ENSDARG00000044532,ENSDARG00000087195,ENSDARG00000056541,ENSDARG00000031768,ENSDARG00000002006,ENSDARG00000003820"
"17","1.28","INTERPRO","Nuclear_hrmn_rcpt","7","719","72","23408","0.94","2.31e-2","1.00e+0","3.17","1.00e+0","1.00e+0","6.56e-3","ENSDARG00000052695,ENSDARG00000044532,ENSDARG00000087195,ENSDARG00000056541,ENSDARG00000031768,ENSDARG00000002006,ENSDARG00000003820"
"17","1.28","INTERPRO","Nucl_hrmn_rcpt_lig-bd","7","719","73","23408","0.94","2.45e-2","1.00e+0","3.12","1.00e+0","1.00e+0","7.07e-3","ENSDARG00000052695,ENSDARG00000044532,ENSDARG00000087195,ENSDARG00000056541,ENSDARG00000031768,ENSDARG00000002006,ENSDARG00000003820"
"17","1.28","INTERPRO","NHR-like_dom_sf","7","719","73","23408","0.94","2.45e-2","1.00e+0","3.12","1.00e+0","1.00e+0","7.07e-3","ENSDARG00000052695,ENSDARG00000044532,ENSDARG00000087195,ENSDARG00000056541,ENSDARG00000031768,ENSDARG00000002006,ENSDARG00000003820"
"17","1.28","UP_SEQ_FEATURE","DOMAIN:NR LBD","7","656","73","21277","0.94","2.49e-2","1.00e+0","3.11","1.00e+0","1.00e+0","7.20e-3","ENSDARG00000052695,ENSDARG00000044532,ENSDARG00000087195,ENSDARG00000056541,ENSDARG00000031768,ENSDARG00000002006,ENSDARG00000003820"
"17","1.28","SMART","ZnF_C4","6","372","70","13267","0.81","4.59e-2","1.00e+0","3.06","1.00e+0","1.00e+0","1.36e-2","ENSDARG00000052695,ENSDARG00000044532,ENSDARG00000087195,ENSDARG00000031768,ENSDARG00000002006,ENSDARG00000003820"
"17","1.28","INTERPRO","Znf_hrmn_rcpt","6","719","70","23408","0.81","6.36e-2","1.00e+0","2.79","1.00e+0","1.00e+0","2.05e-2","ENSDARG00000052695,ENSDARG00000044532,ENSDARG00000087195,ENSDARG00000031768,ENSDARG00000002006,ENSDARG00000003820"
"17","1.28","GOTERM_MF_DIRECT","nuclear receptor activity","6","637","74","21154","0.81","7.19e-2","1.00e+0","2.69","1.00e+0","1.00e+0","2.40e-2","ENSDARG00000052695,ENSDARG00000044532,ENSDARG00000087195,ENSDARG00000031768,ENSDARG00000002006,ENSDARG00000003820"
"17","1.28","UP_SEQ_FEATURE","DOMAIN:Nuclear receptor","5","656","63","21277","0.67","1.29e-1","1.00e+0","2.57","1.00e+0","1.00e+0","4.46e-2","ENSDARG00000044532,ENSDARG00000087195,ENSDARG00000031768,ENSDARG00000002006,ENSDARG00000003820"
"17","1.28","UP_SEQ_FEATURE","DNA_BIND:Nuclear receptor","3","656","23","21277","0.40","1.57e-1","1.00e+0","4.23","1.00e+0","1.00e+0","3.27e-2","ENSDARG00000052695,ENSDARG00000031768,ENSDARG00000002006"
"17","1.28","UP_SEQ_FEATURE","ZN_FING:NR C4-type","3","656","23","21277","0.40","1.57e-1","1.00e+0","4.23","1.00e+0","1.00e+0","3.27e-2","ENSDARG00000052695,ENSDARG00000031768,ENSDARG00000002006"
"17","1.28","GOTERM_MF_DIRECT","sequence-specific DNA binding","11","637","350","21154","1.48","6.10e-1","1.00e+0","1.04","1.00e+0","1.00e+0","4.89e-1","ENSDARG00000067669,ENSDARG00000052695,ENSDARG00000017400,ENSDARG00000076657,ENSDARG00000044532,ENSDARG00000087195,ENSDARG00000021855,ENSDARG00000031768,ENSDARG00000002006,ENSDARG00000003820,ENSDARG00000016526"
"18","1.24","GOTERM_CC_DIRECT","recycling endosome membrane","7","683","61","22190","0.94","1.09e-2","4.40e-1","3.73","9.71e-1","4.37e-1","2.62e-3","ENSDARG00000017834,ENSDARG00000058452,ENSDARG00000044551,ENSDARG00000034771,ENSDARG00000078014,ENSDARG00000059835,ENSDARG00000078560"
"18","1.24","UP_KW_CELLULAR_COMPONENT","Endosome","20","509","396","16344","2.68","4.18e-2","2.92e-1","1.62","8.33e-1","2.92e-1","2.31e-2","ENSDARG00000074661,ENSDARG00000044551,ENSDARG00000056677,ENSDARG00000078326,ENSDARG00000007257,ENSDARG00000013360,ENSDARG00000078014,ENSDARG00000056034,ENSDARG00000061508,ENSDARG00000078560,ENSDARG00000098871,ENSDARG00000017834,ENSDARG00000009252,ENSDARG00000069937,ENSDARG00000058452,ENSDARG00000034771,ENSDARG00000059835,ENSDARG00000058848,ENSDARG00000002190,ENSDARG00000007180"
"18","1.24","GOTERM_CC_DIRECT","endosome","14","683","389","22190","1.88","4.24e-1","1.00e+0","1.17","1.00e+0","9.97e-1","3.11e-1","ENSDARG00000074661,ENSDARG00000044551,ENSDARG00000056677,ENSDARG00000078014,ENSDARG00000056034,ENSDARG00000061508,ENSDARG00000078560,ENSDARG00000098871,ENSDARG00000058452,ENSDARG00000034771,ENSDARG00000018432,ENSDARG00000059835,ENSDARG00000058848,ENSDARG00000002190"
"19","1.23","KEGG_PATHWAY","Glycosphingolipid biosynthesis - lacto and neolacto series","4","282","36","21890","0.54","1.09e-2","5.76e-2","8.62","7.78e-1","4.29e-2","1.15e-3","ENSDARG00000061496,ENSDARG00000079700,ENSDARG00000061432,ENSDARG00000088591"
"19","1.23","GOTERM_MF_DIRECT","N-acetyl-beta-D-glucosaminide beta-(1,3)-galactosyltransferase activity","3","637","13","21154","0.40","5.65e-2","1.00e+0","7.66","1.00e+0","1.00e+0","6.20e-3","ENSDARG00000061496,ENSDARG00000079700,ENSDARG00000061432"
"19","1.23","GOTERM_BP_DIRECT","protein O-linked glycosylation","5","644","55","20756","0.67","9.04e-2","1.00e+0","2.93","1.00e+0","1.00e+0","2.75e-2","ENSDARG00000061496,ENSDARG00000079700,ENSDARG00000061335,ENSDARG00000061432,ENSDARG00000010941"
"19","1.23","INTERPRO","Glyco_trans_31","3","719","28","23408","0.40","2.12e-1","1.00e+0","3.49","1.00e+0","1.00e+0","5.35e-2","ENSDARG00000061496,ENSDARG00000079700,ENSDARG00000061432"
"20","1.21","INTERPRO","USP_CS","6","719","45","23408","0.81","1.19e-2","1.00e+0","4.34","1.00e+0","1.00e+0","2.41e-3","ENSDARG00000060058,ENSDARG00000075798,ENSDARG00000074017,ENSDARG00000103422,ENSDARG00000014517,ENSDARG00000088078"
"20","1.21","INTERPRO","Peptidase_C19_UCH","6","719","50","23408","0.81","1.82e-2","1.00e+0","3.91","1.00e+0","1.00e+0","4.14e-3","ENSDARG00000060058,ENSDARG00000075798,ENSDARG00000074017,ENSDARG00000103422,ENSDARG00000014517,ENSDARG00000088078"
"20","1.21","UP_SEQ_FEATURE","DOMAIN:USP","6","656","51","21277","0.81","1.99e-2","1.00e+0","3.82","1.00e+0","1.00e+0","4.65e-3","ENSDARG00000060058,ENSDARG00000075798,ENSDARG00000074017,ENSDARG00000103422,ENSDARG00000014517,ENSDARG00000088078"
"20","1.21","INTERPRO","USP","6","719","52","23408","0.81","2.12e-2","1.00e+0","3.76","1.00e+0","1.00e+0","5.04e-3","ENSDARG00000060058,ENSDARG00000075798,ENSDARG00000074017,ENSDARG00000103422,ENSDARG00000014517,ENSDARG00000088078"
"20","1.21","INTERPRO","Peptidase_C19","4","719","25","23408","0.54","4.00e-2","1.00e+0","5.21","1.00e+0","1.00e+0","6.68e-3","ENSDARG00000075798,ENSDARG00000103422,ENSDARG00000014517,ENSDARG00000088078"
"20","1.21","INTERPRO","Papain-like_cys_pep_sf","11","719","176","23408","1.48","4.53e-2","1.00e+0","2.03","1.00e+0","1.00e+0","2.04e-2","ENSDARG00000045453,ENSDARG00000019595,ENSDARG00000060058,ENSDARG00000094832,ENSDARG00000075798,ENSDARG00000074017,ENSDARG00000103422,ENSDARG00000014517,ENSDARG00000043548,ENSDARG00000073837,ENSDARG00000088078"
"20","1.21","GOTERM_MF_DIRECT","cysteine-type deubiquitinase activity","7","637","92","21154","0.94","5.89e-2","1.00e+0","2.53","1.00e+0","1.00e+0","2.10e-2","ENSDARG00000059983,ENSDARG00000060058,ENSDARG00000075798,ENSDARG00000074017,ENSDARG00000103422,ENSDARG00000014517,ENSDARG00000088078"
"20","1.21","GOTERM_BP_DIRECT","protein deubiquitination","6","644","68","20756","0.81","5.95e-2","1.00e+0","2.84","1.00e+0","1.00e+0","1.88e-2","ENSDARG00000060058,ENSDARG00000075798,ENSDARG00000074017,ENSDARG00000103422,ENSDARG00000014517,ENSDARG00000088078"
"20","1.21","GOTERM_BP_DIRECT","regulation of protein stability","4","644","37","20756","0.54","1.06e-1","1.00e+0","3.48","1.00e+0","1.00e+0","2.70e-2","ENSDARG00000075798,ENSDARG00000103422,ENSDARG00000014517,ENSDARG00000088078"
"20","1.21","GOTERM_MF_DIRECT","cysteine-type peptidase activity","8","637","160","21154","1.07","2.07e-1","1.00e+0","1.66","1.00e+0","1.00e+0","1.11e-1","ENSDARG00000019595,ENSDARG00000060058,ENSDARG00000074017,ENSDARG00000103422,ENSDARG00000014517,ENSDARG00000088145,ENSDARG00000043548,ENSDARG00000073837"
"20","1.21","UP_KW_MOLECULAR_FUNCTION","Thiol protease","5","352","110","11803","0.67","4.14e-1","1.00e+0","1.52","1.00e+0","1.00e+0","2.31e-1","ENSDARG00000019595,ENSDARG00000060058,ENSDARG00000074017,ENSDARG00000043548,ENSDARG00000073837"
"20","1.21","GOTERM_BP_DIRECT","cranial skeletal system development","4","644","97","20756","0.54","5.82e-1","1.00e+0","1.33","1.00e+0","1.00e+0","3.55e-1","ENSDARG00000060058,ENSDARG00000014517,ENSDARG00000021899,ENSDARG00000088078"
"21","1.15","KEGG_PATHWAY","Melanogenesis","6","282","147","21890","0.81","4.14e-2","1.49e-1","3.17","9.97e-1","1.11e-1","1.21e-2","ENSDARG00000054438,ENSDARG00000060070,ENSDARG00000077145,ENSDARG00000022858,ENSDARG00000115657,ENSDARG00000102464"
"21","1.15","KEGG_PATHWAY","Gap junction","5","282","131","21890","0.67","8.86e-2","2.64e-1","2.96","1.00e+0","1.96e-1","2.75e-2","ENSDARG00000038139,ENSDARG00000060070,ENSDARG00000077145,ENSDARG00000115657,ENSDARG00000056591"
"21","1.15","KEGG_PATHWAY","GnRH signaling pathway","5","282","135","21890","0.67","9.63e-2","2.69e-1","2.87","1.00e+0","2.00e-1","3.07e-2","ENSDARG00000017676,ENSDARG00000060070,ENSDARG00000077145,ENSDARG00000060348,ENSDARG00000115657"
"22","1.14","SMART","TLDc","3","372","15","13267","0.40","6.44e-2","1.00e+0","7.13","1.00e+0","1.00e+0","7.74e-3","ENSDARG00000077559,ENSDARG00000060322,ENSDARG00000092883"
"22","1.14","INTERPRO","TLDc_dom","3","719","15","23408","0.40","7.58e-2","1.00e+0","6.51","1.00e+0","1.00e+0","9.96e-3","ENSDARG00000077559,ENSDARG00000060322,ENSDARG00000092883"
"22","1.14","UP_SEQ_FEATURE","DOMAIN:TLDc","3","656","15","21277","0.40","7.63e-2","1.00e+0","6.49","1.00e+0","1.00e+0","1.01e-2","ENSDARG00000077559,ENSDARG00000060322,ENSDARG00000092883"
"23","1.07","GOTERM_MF_DIRECT","volume-sensitive chloride channel activity","3","637","5","21154","0.40","8.50e-3","7.20e-1","19.93","9.94e-1","7.19e-1","2.60e-4","ENSDARG00000034473,ENSDARG00000010727,ENSDARG00000007678"
"23","1.07","INTERPRO","Tweety","3","719","5","23408","0.40","8.83e-3","1.00e+0","19.53","1.00e+0","1.00e+0","2.76e-4","ENSDARG00000034473,ENSDARG00000010727,ENSDARG00000007678"
"23","1.07","GOTERM_MF_DIRECT","intracellularly calcium-gated chloride channel activity","3","637","8","21154","0.40","2.24e-2","1.00e+0","12.45","1.00e+0","1.00e+0","1.36e-3","ENSDARG00000034473,ENSDARG00000010727,ENSDARG00000007678"
"23","1.07","GOTERM_MF_DIRECT","chloride channel activity","5","637","73","21154","0.67","1.77e-1","1.00e+0","2.27","1.00e+0","1.00e+0","6.90e-2","ENSDARG00000034473,ENSDARG00000061544,ENSDARG00000010727,ENSDARG00000079163,ENSDARG00000007678"
"23","1.07","UP_KW_LIGAND","Chloride","5","238","84","7893","0.67","2.45e-1","8.30e-1","1.97","9.99e-1","8.30e-1","1.09e-1","ENSDARG00000034473,ENSDARG00000010727,ENSDARG00000018750,ENSDARG00000079163,ENSDARG00000007678"
"23","1.07","GOTERM_BP_DIRECT","chloride transport","5","644","82","20756","0.67","2.49e-1","1.00e+0","1.97","1.00e+0","1.00e+0","1.11e-1","ENSDARG00000034473,ENSDARG00000010727,ENSDARG00000022424,ENSDARG00000007678,ENSDARG00000087120"
"23","1.07","GOTERM_CC_DIRECT","chloride channel complex","4","683","63","22190","0.54","3.06e-1","1.00e+0","2.06","1.00e+0","9.97e-1","1.29e-1","ENSDARG00000034473,ENSDARG00000010727,ENSDARG00000079163,ENSDARG00000007678"
"23","1.07","UP_KW_MOLECULAR_FUNCTION","Chloride channel","3","352","52","11803","0.40","4.61e-1","1.00e+0","1.93","1.00e+0","1.00e+0","2.02e-1","ENSDARG00000010727,ENSDARG00000079163,ENSDARG00000007678"
"24","1.01","KEGG_PATHWAY","Cardiac muscle contraction","7","282","147","21890","0.94","1.19e-2","5.97e-2","3.70","8.06e-1","4.45e-2","3.01e-3","ENSDARG00000002840,ENSDARG00000008772,ENSDARG00000014794,ENSDARG00000032970,ENSDARG00000100592,ENSDARG00000020574,ENSDARG00000070626"
"24","1.01","GOTERM_BP_DIRECT","calcium ion transport","10","644","136","20756","1.34","2.58e-2","1.00e+0","2.37","1.00e+0","1.00e+0","9.96e-3","ENSDARG00000013335,ENSDARG00000002840,ENSDARG00000008772,ENSDARG00000014098,ENSDARG00000024771,ENSDARG00000037905,ENSDARG00000100592,ENSDARG00000020574,ENSDARG00000070626,ENSDARG00000115778"
"24","1.01","GOTERM_BP_DIRECT","calcium ion transmembrane transport","7","644","112","20756","0.94","1.35e-1","1.00e+0","2.01","1.00e+0","1.00e+0","5.99e-2","ENSDARG00000002840,ENSDARG00000008772,ENSDARG00000014098,ENSDARG00000024771,ENSDARG00000037905,ENSDARG00000020574,ENSDARG00000070626"
"24","1.01","GOTERM_MF_DIRECT","voltage-gated calcium channel activity","4","637","51","21154","0.54","1.98e-1","1.00e+0","2.60","1.00e+0","1.00e+0","6.71e-2","ENSDARG00000008772,ENSDARG00000014098,ENSDARG00000037905,ENSDARG00000070626"
"24","1.01","GOTERM_BP_DIRECT","intracellular calcium ion homeostasis","4","644","59","20756","0.54","2.76e-1","1.00e+0","2.19","1.00e+0","1.00e+0","1.10e-1","ENSDARG00000002840,ENSDARG00000024771,ENSDARG00000100592,ENSDARG00000020574"
"24","1.01","GOTERM_MF_DIRECT","calcium channel activity","5","637","103","21154","0.67","3.75e-1","1.00e+0","1.61","1.00e+0","1.00e+0","1.99e-1","ENSDARG00000008772,ENSDARG00000014098,ENSDARG00000024771,ENSDARG00000037905,ENSDARG00000070626"
"25","1.01","GOTERM_BP_DIRECT","heart jogging","5","644","40","20756","0.67","3.46e-2","1.00e+0","4.03","1.00e+0","1.00e+0","7.59e-3","ENSDARG00000054438,ENSDARG00000012030,ENSDARG00000014098,ENSDARG00000020053,ENSDARG00000014986"
"25","1.01","GOTERM_BP_DIRECT","embryonic heart tube morphogenesis","4","644","27","20756","0.54","4.99e-2","1.00e+0","4.77","1.00e+0","1.00e+0","9.14e-3","ENSDARG00000012030,ENSDARG00000014098,ENSDARG00000101279,ENSDARG00000014986"
"25","1.01","GOTERM_BP_DIRECT","determination of left/right symmetry","8","644","123","20756","1.07","8.80e-2","1.00e+0","2.10","1.00e+0","1.00e+0","3.79e-2","ENSDARG00000054438,ENSDARG00000012030,ENSDARG00000014098,ENSDARG00000112495,ENSDARG00000053493,ENSDARG00000101279,ENSDARG00000014986,ENSDARG00000103443"
"25","1.01","GOTERM_BP_DIRECT","heart looping","8","644","130","20756","1.07","1.10e-1","1.00e+0","1.98","1.00e+0","1.00e+0","4.98e-2","ENSDARG00000054438,ENSDARG00000012030,ENSDARG00000014098,ENSDARG00000015681,ENSDARG00000101279,ENSDARG00000008305,ENSDARG00000014986,ENSDARG00000100232"
"25","1.01","GOTERM_BP_DIRECT","determination of heart left/right asymmetry","4","644","94","20756","0.54","5.61e-1","1.00e+0","1.37","1.00e+0","1.00e+0","3.34e-1","ENSDARG00000012030,ENSDARG00000014098,ENSDARG00000112495,ENSDARG00000014986"
"26","1.00","UP_SEQ_FEATURE","REPEAT:LRR 5","4","656","28","21277","0.54","5.38e-2","1.00e+0","4.63","1.00e+0","1.00e+0","1.02e-2","ENSDARG00000040853,ENSDARG00000005284,ENSDARG00000012030,ENSDARG00000056938"
"26","1.00","UP_SEQ_FEATURE","REPEAT:LRR 4","4","656","33","21277","0.54","8.02e-2","1.00e+0","3.93","1.00e+0","1.00e+0","1.80e-2","ENSDARG00000040853,ENSDARG00000005284,ENSDARG00000012030,ENSDARG00000056938"
"26","1.00","UP_SEQ_FEATURE","REPEAT:LRR 3","4","656","37","21277","0.54","1.05e-1","1.00e+0","3.51","1.00e+0","1.00e+0","2.64e-2","ENSDARG00000040853,ENSDARG00000005284,ENSDARG00000012030,ENSDARG00000056938"
"26","1.00","UP_SEQ_FEATURE","REPEAT:LRR 1","4","656","38","21277","0.54","1.11e-1","1.00e+0","3.41","1.00e+0","1.00e+0","2.89e-2","ENSDARG00000040853,ENSDARG00000005284,ENSDARG00000012030,ENSDARG00000056938"
"26","1.00","UP_SEQ_FEATURE","REPEAT:LRR 2","4","656","38","21277","0.54","1.11e-1","1.00e+0","3.41","1.00e+0","1.00e+0","2.89e-2","ENSDARG00000040853,ENSDARG00000005284,ENSDARG00000012030,ENSDARG00000056938"
"26","1.00","UP_SEQ_FEATURE","REPEAT:LRR 6","3","656","24","21277","0.40","1.68e-1","1.00e+0","4.05","1.00e+0","1.00e+0","3.65e-2","ENSDARG00000040853,ENSDARG00000012030,ENSDARG00000056938"
"27","0.97","KEGG_PATHWAY","Autophagy - other","4","282","35","21890","0.54","1.01e-2","5.54e-2","8.87","7.52e-1","4.13e-2","1.03e-3","ENSDARG00000040971,ENSDARG00000044551,ENSDARG00000088145,ENSDARG00000043548"
"27","0.97","GOTERM_BP_DIRECT","autophagy","8","644","118","20756","1.07","7.42e-2","1.00e+0","2.19","1.00e+0","1.00e+0","3.07e-2","ENSDARG00000023591,ENSDARG00000040971,ENSDARG00000044551,ENSDARG00000103422,ENSDARG00000088145,ENSDARG00000058848,ENSDARG00000061508,ENSDARG00000043548"
"27","0.97","GOTERM_BP_DIRECT","piecemeal microautophagy of the nucleus","3","644","18","20756","0.40","1.06e-1","1.00e+0","5.37","1.00e+0","1.00e+0","1.71e-2","ENSDARG00000044551,ENSDARG00000088145,ENSDARG00000043548"
"27","0.97","GOTERM_BP_DIRECT","mitophagy","4","644","39","20756","0.54","1.19e-1","1.00e+0","3.31","1.00e+0","1.00e+0","3.20e-2","ENSDARG00000040971,ENSDARG00000044551,ENSDARG00000088145,ENSDARG00000043548"
"27","0.97","GOTERM_BP_DIRECT","autophagosome assembly","4","644","60","20756","0.54","2.84e-1","1.00e+0","2.15","1.00e+0","1.00e+0","1.15e-1","ENSDARG00000002840,ENSDARG00000040971,ENSDARG00000088145,ENSDARG00000043548"
"27","0.97","UP_KW_BIOLOGICAL_PROCESS","Autophagy","4","257","95","8466","0.54","5.52e-1","1.00e+0","1.39","1.00e+0","1.00e+0","3.26e-1","ENSDARG00000040971,ENSDARG00000044551,ENSDARG00000103422,ENSDARG00000043548"
"28","0.97","SMART","GLA","5","372","20","13267","0.67","2.04e-3","5.23e-1","8.92","4.08e-1","5.23e-1","1.85e-4","ENSDARG00000007804,ENSDARG00000076900,ENSDARG00000034862,ENSDARG00000037783,ENSDARG00000058414"
"28","0.97","INTERPRO","GLA_domain","5","719","21","23408","0.67","3.46e-3","1.00e+0","7.75","9.98e-1","1.00e+0","3.64e-4","ENSDARG00000007804,ENSDARG00000076900,ENSDARG00000034862,ENSDARG00000037783,ENSDARG00000058414"
"28","0.97","INTERPRO","GLA-like_dom_SF","5","719","21","23408","0.67","3.46e-3","1.00e+0","7.75","9.98e-1","1.00e+0","3.64e-4","ENSDARG00000007804,ENSDARG00000076900,ENSDARG00000034862,ENSDARG00000037783,ENSDARG00000058414"
"28","0.97","UP_SEQ_FEATURE","DOMAIN:Gla","5","656","21","21277","0.67","3.51e-3","4.08e-1","7.72","8.93e-1","4.08e-1","3.70e-4","ENSDARG00000007804,ENSDARG00000076900,ENSDARG00000034862,ENSDARG00000037783,ENSDARG00000058414"
"28","0.97","INTERPRO","Coagulation_fac-like_Gla_dom","4","719","18","23408","0.54","1.66e-2","1.00e+0","7.23","1.00e+0","1.00e+0","1.92e-3","ENSDARG00000007804,ENSDARG00000076900,ENSDARG00000034862,ENSDARG00000037783"
"28","0.97","UP_KW_PTM","Gamma-carboxyglutamic acid","4","250","19","8073","0.54","1.95e-2","4.68e-1","6.80","3.64e-1","4.68e-1","2.41e-3","ENSDARG00000007804,ENSDARG00000076900,ENSDARG00000037783,ENSDARG00000058414"
"28","0.97","INTERPRO","Pept_S1A_FX","3","719","13","23408","0.40","5.86e-2","1.00e+0","7.51","1.00e+0","1.00e+0","6.56e-3","ENSDARG00000076900,ENSDARG00000034862,ENSDARG00000037783"
"28","0.97","PIR_SUPERFAMILY","Factor_X","3","67","13","1890","0.40","7.31e-2","1.00e+0","6.51","9.88e-1","1.00e+0","9.44e-3","ENSDARG00000076900,ENSDARG00000034862,ENSDARG00000037783"
"28","0.97","INTERPRO","Peptidase_S1_coag_factors","3","719","15","23408","0.40","7.58e-2","1.00e+0","6.51","1.00e+0","1.00e+0","9.96e-3","ENSDARG00000076900,ENSDARG00000034862,ENSDARG00000037783"
"28","0.97","SMART","EGF","10","372","211","13267","1.34","1.38e-1","1.00e+0","1.69","1.00e+0","1.00e+0","7.33e-2","ENSDARG00000007804,ENSDARG00000076900,ENSDARG00000075189,ENSDARG00000074524,ENSDARG00000034862,ENSDARG00000037783,ENSDARG00000075149,ENSDARG00000037362,ENSDARG00000074808,ENSDARG00000103443"
"28","0.97","SMART","Tryp_SPc","7","372","131","13267","0.94","1.61e-1","1.00e+0","1.91","1.00e+0","1.00e+0","7.56e-2","ENSDARG00000103184,ENSDARG00000076900,ENSDARG00000034862,ENSDARG00000037783,ENSDARG00000039730,ENSDARG00000100792,ENSDARG00000027609"
"28","0.97","UP_SEQ_FEATURE","DOMAIN:Peptidase S1","7","656","121","21277","0.94","1.70e-1","1.00e+0","1.88","1.00e+0","1.00e+0","8.08e-2","ENSDARG00000103184,ENSDARG00000076900,ENSDARG00000034862,ENSDARG00000037783,ENSDARG00000039730,ENSDARG00000100792,ENSDARG00000027609"
"28","0.97","GOTERM_BP_DIRECT","blood coagulation","5","644","76","20756","0.67","2.09e-1","1.00e+0","2.12","1.00e+0","1.00e+0","8.71e-2","ENSDARG00000076900,ENSDARG00000034862,ENSDARG00000037783,ENSDARG00000115657,ENSDARG00000100809"
"28","0.97","UP_SEQ_FEATURE","DOMAIN:EGF-like","10","656","216","21277","1.34","2.22e-1","1.00e+0","1.50","1.00e+0","1.00e+0","1.30e-1","ENSDARG00000007804,ENSDARG00000076900,ENSDARG00000075189,ENSDARG00000074524,ENSDARG00000034862,ENSDARG00000037783,ENSDARG00000075149,ENSDARG00000037362,ENSDARG00000074808,ENSDARG00000103443"
"28","0.97","INTERPRO","Trypsin_dom","7","719","135","23408","0.94","2.35e-1","1.00e+0","1.69","1.00e+0","1.00e+0","1.23e-1","ENSDARG00000103184,ENSDARG00000076900,ENSDARG00000034862,ENSDARG00000037783,ENSDARG00000039730,ENSDARG00000100792,ENSDARG00000027609"
"28","0.97","SMART","EGF_CA","7","372","149","13267","0.94","2.39e-1","1.00e+0","1.68","1.00e+0","1.00e+0","1.26e-1","ENSDARG00000007804,ENSDARG00000076900,ENSDARG00000074524,ENSDARG00000034862,ENSDARG00000037783,ENSDARG00000037362,ENSDARG00000074808"
"28","0.97","INTERPRO","Peptidase_S1_PA_chymotrypsin","7","719","137","23408","0.94","2.45e-1","1.00e+0","1.66","1.00e+0","1.00e+0","1.30e-1","ENSDARG00000103184,ENSDARG00000076900,ENSDARG00000034862,ENSDARG00000037783,ENSDARG00000039730,ENSDARG00000100792,ENSDARG00000027609"
"28","0.97","INTERPRO","EGF-type_Asp/Asn_hydroxyl_site","6","719","118","23408","0.81","2.96e-1","1.00e+0","1.66","1.00e+0","1.00e+0","1.56e-1","ENSDARG00000007804,ENSDARG00000076900,ENSDARG00000074524,ENSDARG00000037783,ENSDARG00000037362,ENSDARG00000074808"
"28","0.97","INTERPRO","EGF-like_Ca-bd_dom","7","719","149","23408","0.94","3.08e-1","1.00e+0","1.53","1.00e+0","1.00e+0","1.75e-1","ENSDARG00000007804,ENSDARG00000076900,ENSDARG00000074524,ENSDARG00000034862,ENSDARG00000037783,ENSDARG00000037362,ENSDARG00000074808"
"28","0.97","GOTERM_MF_DIRECT","serine-type endopeptidase activity","9","637","214","21154","1.21","3.16e-1","1.00e+0","1.40","1.00e+0","1.00e+0","1.97e-1","ENSDARG00000103184,ENSDARG00000076900,ENSDARG00000034862,ENSDARG00000037783,ENSDARG00000039730,ENSDARG00000100792,ENSDARG00000027609,ENSDARG00000105190,ENSDARG00000093065"
"28","0.97","INTERPRO","Peptidase_S1_PA","7","719","164","23408","0.94","3.89e-1","1.00e+0","1.39","1.00e+0","1.00e+0","2.41e-1","ENSDARG00000103184,ENSDARG00000076900,ENSDARG00000034862,ENSDARG00000037783,ENSDARG00000039730,ENSDARG00000100792,ENSDARG00000027609"
"28","0.97","INTERPRO","EGF","10","719","267","23408","1.34","4.34e-1","1.00e+0","1.22","1.00e+0","1.00e+0","3.09e-1","ENSDARG00000007804,ENSDARG00000076900,ENSDARG00000075189,ENSDARG00000074524,ENSDARG00000034862,ENSDARG00000037783,ENSDARG00000075149,ENSDARG00000037362,ENSDARG00000074808,ENSDARG00000103443"
"28","0.97","INTERPRO","Peptidase_S1A","5","719","122","23408","0.67","5.17e-1","1.00e+0","1.33","1.00e+0","1.00e+0","3.21e-1","ENSDARG00000103184,ENSDARG00000034862,ENSDARG00000039730,ENSDARG00000100792,ENSDARG00000027609"
"28","0.97","INTERPRO","EGF_Ca-bd_CS","5","719","124","23408","0.67","5.30e-1","1.00e+0","1.31","1.00e+0","1.00e+0","3.33e-1","ENSDARG00000007804,ENSDARG00000076900,ENSDARG00000037783,ENSDARG00000037362,ENSDARG00000074808"
"28","0.97","INTERPRO","TRYPSIN_SER","4","719","98","23408","0.54","5.82e-1","1.00e+0","1.33","1.00e+0","1.00e+0","3.55e-1","ENSDARG00000034862,ENSDARG00000039730,ENSDARG00000100792,ENSDARG00000027609"
"28","0.97","INTERPRO","TRYPSIN_HIS","4","719","101","23408","0.54","6.03e-1","1.00e+0","1.29","1.00e+0","1.00e+0","3.76e-1","ENSDARG00000034862,ENSDARG00000039730,ENSDARG00000100792,ENSDARG00000027609"
"28","0.97","GOTERM_MF_DIRECT","serine-type peptidase activity","4","637","147","21154","0.54","8.22e-1","1.00e+0","0.90","1.00e+0","1.00e+0","6.50e-1","ENSDARG00000034862,ENSDARG00000039730,ENSDARG00000100792,ENSDARG00000027609"
"29","0.96","INTERPRO","NUDIX_hydrolase-like_dom_sf","4","719","27","23408","0.54","4.87e-2","1.00e+0","4.82","1.00e+0","1.00e+0","8.83e-3","ENSDARG00000008014,ENSDARG00000057417,ENSDARG00000016307,ENSDARG00000113961"
"29","0.96","INTERPRO","NUDIX_hydrolase_dom","3","719","24","23408","0.40","1.67e-1","1.00e+0","4.07","1.00e+0","1.00e+0","3.62e-2","ENSDARG00000008014,ENSDARG00000057417,ENSDARG00000113961"
"29","0.96","UP_SEQ_FEATURE","DOMAIN:Nudix hydrolase","3","656","24","21277","0.40","1.68e-1","1.00e+0","4.05","1.00e+0","1.00e+0","3.65e-2","ENSDARG00000008014,ENSDARG00000057417,ENSDARG00000113961"
"30","0.93","INTERPRO","BTB-POZ/Galectin-3-binding","4","719","6","23408","0.54","5.36e-4","3.29e-1","21.70","6.27e-1","3.29e-1","1.26e-5","ENSDARG00000037805,ENSDARG00000102472,ENSDARG00000040528,ENSDARG00000076848"
"30","0.93","UP_SEQ_FEATURE","DOMAIN:SRCR","4","656","23","21277","0.54","3.25e-2","1.00e+0","5.64","1.00e+0","1.00e+0","4.97e-3","ENSDARG00000037805,ENSDARG00000027609,ENSDARG00000040528,ENSDARG00000076848"
"30","0.93","INTERPRO","SRCR","4","719","34","23408","0.54","8.53e-2","1.00e+0","3.83","1.00e+0","1.00e+0","1.97e-2","ENSDARG00000037805,ENSDARG00000027609,ENSDARG00000040528,ENSDARG00000076848"
"30","0.93","INTERPRO","SRCR-like_dom_sf","4","719","35","23408","0.54","9.13e-2","1.00e+0","3.72","1.00e+0","1.00e+0","2.17e-2","ENSDARG00000037805,ENSDARG00000027609,ENSDARG00000040528,ENSDARG00000076848"
"30","0.93","SMART","BACK","5","372","74","13267","0.67","1.53e-1","1.00e+0","2.41","1.00e+0","1.00e+0","5.65e-2","ENSDARG00000052426,ENSDARG00000037805,ENSDARG00000102472,ENSDARG00000040528,ENSDARG00000076848"
"30","0.93","INTERPRO","BACK","5","719","74","23408","0.67","1.92e-1","1.00e+0","2.20","1.00e+0","1.00e+0","7.72e-2","ENSDARG00000052426,ENSDARG00000037805,ENSDARG00000102472,ENSDARG00000040528,ENSDARG00000076848"
"30","0.93","SMART","SR","3","372","30","13267","0.40","2.04e-1","1.00e+0","3.57","1.00e+0","1.00e+0","5.08e-2","ENSDARG00000037805,ENSDARG00000040528,ENSDARG00000076848"
"30","0.93","INTERPRO","SKP1/BTB/POZ_sf","10","719","230","23408","1.34","2.75e-1","1.00e+0","1.42","1.00e+0","1.00e+0","1.73e-1","ENSDARG00000017108,ENSDARG00000079857,ENSDARG00000052426,ENSDARG00000076449,ENSDARG00000079468,ENSDARG00000053542,ENSDARG00000037805,ENSDARG00000102472,ENSDARG00000040528,ENSDARG00000076848"
"30","0.93","INTERPRO","BTB/POZ_dom","8","719","217","23408","1.07","4.99e-1","1.00e+0","1.20","1.00e+0","1.00e+0","3.53e-1","ENSDARG00000017108,ENSDARG00000052426,ENSDARG00000076449,ENSDARG00000079468,ENSDARG00000053542,ENSDARG00000037805,ENSDARG00000102472,ENSDARG00000040528"
"30","0.93","UP_SEQ_FEATURE","DOMAIN:BTB","7","656","212","21277","0.94","6.39e-1","1.00e+0","1.07","1.00e+0","1.00e+0","4.78e-1","ENSDARG00000017108,ENSDARG00000052426,ENSDARG00000076449,ENSDARG00000079468,ENSDARG00000053542,ENSDARG00000102472,ENSDARG00000040528"
"30","0.93","SMART","BTB","5","372","213","13267","0.67","8.51e-1","1.00e+0","0.84","1.00e+0","1.00e+0","7.17e-1","ENSDARG00000017108,ENSDARG00000052426,ENSDARG00000079468,ENSDARG00000053542,ENSDARG00000102472"
"31","0.89","GOTERM_CC_DIRECT","Golgi membrane","23","683","469","22190","3.09","3.39e-2","8.39e-1","1.59","1.00e+0","8.34e-1","1.96e-2","ENSDARG00000000442,ENSDARG00000045493,ENSDARG00000074661,ENSDARG00000079700,ENSDARG00000045541,ENSDARG00000052851,ENSDARG00000070441,ENSDARG00000056557,ENSDARG00000005254,ENSDARG00000021399,ENSDARG00000063438,ENSDARG00000021899,ENSDARG00000009252,ENSDARG00000061496,ENSDARG00000015158,ENSDARG00000061335,ENSDARG00000104669,ENSDARG00000059557,ENSDARG00000061432,ENSDARG00000038213,ENSDARG00000059616,ENSDARG00000058815,ENSDARG00000037879"
"31","0.89","GOTERM_CC_DIRECT","Golgi apparatus","30","683","817","22190","4.03","2.31e-1","1.00e+0","1.19","1.00e+0","9.97e-1","1.81e-1","ENSDARG00000045493,ENSDARG00000000442,ENSDARG00000102394,ENSDARG00000079700,ENSDARG00000024771,ENSDARG00000005254,ENSDARG00000077145,ENSDARG00000060325,ENSDARG00000063438,ENSDARG00000053070,ENSDARG00000018432,ENSDARG00000058815,ENSDARG00000037879,ENSDARG00000074661,ENSDARG00000045541,ENSDARG00000070441,ENSDARG00000044551,ENSDARG00000056557,ENSDARG00000052851,ENSDARG00000021399,ENSDARG00000021899,ENSDARG00000098871,ENSDARG00000015158,ENSDARG00000014763,ENSDARG00000104669,ENSDARG00000061335,ENSDARG00000034771,ENSDARG00000059557,ENSDARG00000061432,ENSDARG00000017255"
"31","0.89","UP_KW_CELLULAR_COMPONENT","Golgi apparatus","21","509","551","16344","2.82","2.72e-1","1.00e+0","1.22","1.00e+0","1.00e+0","1.98e-1","ENSDARG00000000442,ENSDARG00000074661,ENSDARG00000045541,ENSDARG00000052851,ENSDARG00000070441,ENSDARG00000044551,ENSDARG00000056557,ENSDARG00000024771,ENSDARG00000005254,ENSDARG00000077145,ENSDARG00000060325,ENSDARG00000063438,ENSDARG00000098871,ENSDARG00000009252,ENSDARG00000053070,ENSDARG00000015158,ENSDARG00000034771,ENSDARG00000059557,ENSDARG00000059616,ENSDARG00000058815,ENSDARG00000037879"
"32","0.87","GOTERM_MF_DIRECT","ATP transmembrane transporter activity","3","637","12","21154","0.40","4.88e-2","1.00e+0","8.30","1.00e+0","1.00e+0","4.88e-3","ENSDARG00000090861,ENSDARG00000024708,ENSDARG00000100385"
"32","0.87","INTERPRO","MCP_transmembrane","5","719","66","23408","0.67","1.44e-1","1.00e+0","2.47","1.00e+0","1.00e+0","5.20e-2","ENSDARG00000090861,ENSDARG00000024708,ENSDARG00000074533,ENSDARG00000100385,ENSDARG00000025074"
"32","0.87","INTERPRO","MCP_dom_sf","5","719","66","23408","0.67","1.44e-1","1.00e+0","2.47","1.00e+0","1.00e+0","5.20e-2","ENSDARG00000090861,ENSDARG00000024708,ENSDARG00000074533,ENSDARG00000100385,ENSDARG00000025074"
"32","0.87","INTERPRO","MCP","4","719","48","23408","0.54","1.82e-1","1.00e+0","2.71","1.00e+0","1.00e+0","5.94e-2","ENSDARG00000024708,ENSDARG00000074533,ENSDARG00000100385,ENSDARG00000025074"
"32","0.87","UP_SEQ_FEATURE","REPEAT:Solcar","4","656","55","21277","0.54","2.40e-1","1.00e+0","2.36","1.00e+0","1.00e+0","8.92e-2","ENSDARG00000090861,ENSDARG00000024708,ENSDARG00000100385,ENSDARG00000025074"
"33","0.82","SMART","LRR_TYP","12","372","215","13267","1.61","3.95e-2","1.00e+0","1.99","1.00e+0","1.00e+0","1.81e-2","ENSDARG00000045580,ENSDARG00000040249,ENSDARG00000040853,ENSDARG00000045483,ENSDARG00000071374,ENSDARG00000052012,ENSDARG00000098769,ENSDARG00000039500,ENSDARG00000069402,ENSDARG00000004597,ENSDARG00000078283,ENSDARG00000056938"
"33","0.82","INTERPRO","Leu-rich_rpt_typical-subtyp","12","719","215","23408","1.61","6.82e-2","1.00e+0","1.82","1.00e+0","1.00e+0","3.45e-2","ENSDARG00000045580,ENSDARG00000040249,ENSDARG00000040853,ENSDARG00000045483,ENSDARG00000071374,ENSDARG00000052012,ENSDARG00000098769,ENSDARG00000039500,ENSDARG00000069402,ENSDARG00000004597,ENSDARG00000078283,ENSDARG00000056938"
"33","0.82","INTERPRO","LRR_TM_domain-containing","4","719","44","23408","0.54","1.52e-1","1.00e+0","2.96","1.00e+0","1.00e+0","4.55e-2","ENSDARG00000045483,ENSDARG00000052012,ENSDARG00000069402,ENSDARG00000004597"
"33","0.82","SMART","LRRNT","4","372","54","13267","0.54","1.92e-1","1.00e+0","2.64","1.00e+0","1.00e+0","6.43e-2","ENSDARG00000045580,ENSDARG00000069402,ENSDARG00000004597,ENSDARG00000056938"
"33","0.82","SMART","LRRCT","5","372","84","13267","0.67","2.08e-1","1.00e+0","2.12","1.00e+0","1.00e+0","8.69e-2","ENSDARG00000045483,ENSDARG00000052012,ENSDARG00000098769,ENSDARG00000039500,ENSDARG00000069402"
"33","0.82","INTERPRO","LRRNT","4","719","56","23408","0.54","2.46e-1","1.00e+0","2.33","1.00e+0","1.00e+0","9.29e-2","ENSDARG00000045580,ENSDARG00000069402,ENSDARG00000004597,ENSDARG00000056938"
"33","0.82","INTERPRO","Cys-rich_flank_reg_C","5","719","84","23408","0.67","2.57e-1","1.00e+0","1.94","1.00e+0","1.00e+0","1.16e-1","ENSDARG00000045483,ENSDARG00000052012,ENSDARG00000098769,ENSDARG00000039500,ENSDARG00000069402"
"33","0.82","UP_SEQ_FEATURE","DOMAIN:LRRCT","4","656","58","21277","0.54","2.64e-1","1.00e+0","2.24","1.00e+0","1.00e+0","1.03e-1","ENSDARG00000045483,ENSDARG00000012030,ENSDARG00000052012,ENSDARG00000098769"
"34","0.82","SMART","RGS","4","372","43","13267","0.54","1.18e-1","1.00e+0","3.32","1.00e+0","1.00e+0","3.18e-2","ENSDARG00000100149,ENSDARG00000055534,ENSDARG00000037925,ENSDARG00000028276"
"34","0.82","UP_SEQ_FEATURE","DOMAIN:RGS","4","656","42","21277","0.54","1.39e-1","1.00e+0","3.09","1.00e+0","1.00e+0","3.98e-2","ENSDARG00000100149,ENSDARG00000055534,ENSDARG00000037925,ENSDARG00000028276"
"34","0.82","INTERPRO","RGS","4","719","44","23408","0.54","1.52e-1","1.00e+0","2.96","1.00e+0","1.00e+0","4.55e-2","ENSDARG00000100149,ENSDARG00000055534,ENSDARG00000037925,ENSDARG00000028276"
"34","0.82","INTERPRO","RGS_sf","4","719","48","23408","0.54","1.82e-1","1.00e+0","2.71","1.00e+0","1.00e+0","5.94e-2","ENSDARG00000100149,ENSDARG00000055534,ENSDARG00000037925,ENSDARG00000028276"
"34","0.82","INTERPRO","RGS_subdomain_2","4","719","48","23408","0.54","1.82e-1","1.00e+0","2.71","1.00e+0","1.00e+0","5.94e-2","ENSDARG00000100149,ENSDARG00000055534,ENSDARG00000037925,ENSDARG00000028276"
"35","0.78","UP_SEQ_FEATURE","DOMAIN:SEC7","3","656","19","21277","0.40","1.15e-1","1.00e+0","5.12","1.00e+0","1.00e+0","1.96e-2","ENSDARG00000077709,ENSDARG00000007477,ENSDARG00000102125"
"35","0.78","SMART","Sec7","3","372","21","13267","0.40","1.16e-1","1.00e+0","5.09","1.00e+0","1.00e+0","2.00e-2","ENSDARG00000077709,ENSDARG00000007477,ENSDARG00000102125"
"35","0.78","INTERPRO","Sec7_dom_sf","3","719","20","23408","0.40","1.24e-1","1.00e+0","4.88","1.00e+0","1.00e+0","2.23e-2","ENSDARG00000077709,ENSDARG00000007477,ENSDARG00000102125"
"35","0.78","INTERPRO","Sec7_C_sf","3","719","20","23408","0.40","1.24e-1","1.00e+0","4.88","1.00e+0","1.00e+0","2.23e-2","ENSDARG00000077709,ENSDARG00000007477,ENSDARG00000102125"
"35","0.78","INTERPRO","Sec7_dom","3","719","21","23408","0.40","1.35e-1","1.00e+0","4.65","1.00e+0","1.00e+0","2.54e-2","ENSDARG00000077709,ENSDARG00000007477,ENSDARG00000102125"
"35","0.78","GOTERM_BP_DIRECT","regulation of ARF protein signal transduction","3","644","25","20756","0.40","1.81e-1","1.00e+0","3.87","1.00e+0","1.00e+0","4.12e-2","ENSDARG00000077709,ENSDARG00000007477,ENSDARG00000102125"
"35","0.78","GOTERM_MF_DIRECT","guanyl-nucleotide exchange factor activity","8","637","260","21154","1.07","6.69e-1","1.00e+0","1.02","1.00e+0","1.00e+0","5.26e-1","ENSDARG00000007727,ENSDARG00000101602,ENSDARG00000071213,ENSDARG00000079377,ENSDARG00000077709,ENSDARG00000007477,ENSDARG00000102125,ENSDARG00000058459"
"36","0.76","SMART","EFh","10","372","187","13267","1.34","7.97e-2","1.00e+0","1.91","1.00e+0","1.00e+0","3.81e-2","ENSDARG00000052016,ENSDARG00000099996,ENSDARG00000024708,ENSDARG00000036344,ENSDARG00000101181,ENSDARG00000105190,ENSDARG00000075846,ENSDARG00000010454,ENSDARG00000034705,ENSDARG00000088100"
"36","0.76","INTERPRO","EF_Hand_1_Ca_BS","12","719","228","23408","1.61","9.36e-2","1.00e+0","1.71","1.00e+0","1.00e+0","5.01e-2","ENSDARG00000052016,ENSDARG00000099996,ENSDARG00000024708,ENSDARG00000020053,ENSDARG00000036344,ENSDARG00000101181,ENSDARG00000105190,ENSDARG00000075846,ENSDARG00000010454,ENSDARG00000034705,ENSDARG00000041292,ENSDARG00000088100"
"36","0.76","INTERPRO","EF_hand_dom","12","719","265","23408","1.61","1.90e-1","1.00e+0","1.47","1.00e+0","1.00e+0","1.19e-1","ENSDARG00000052016,ENSDARG00000099996,ENSDARG00000024708,ENSDARG00000014098,ENSDARG00000020053,ENSDARG00000036344,ENSDARG00000101181,ENSDARG00000105190,ENSDARG00000075846,ENSDARG00000010454,ENSDARG00000034705,ENSDARG00000088100"
"36","0.76","INTERPRO","EF-hand-dom_pair","13","719","310","23408","1.74","2.45e-1","1.00e+0","1.37","1.00e+0","1.00e+0","1.62e-1","ENSDARG00000052016,ENSDARG00000099996,ENSDARG00000020053,ENSDARG00000101181,ENSDARG00000105190,ENSDARG00000024708,ENSDARG00000008487,ENSDARG00000014098,ENSDARG00000036344,ENSDARG00000075846,ENSDARG00000010454,ENSDARG00000034705,ENSDARG00000088100"
"36","0.76","GOTERM_MF_DIRECT","calcium ion binding","27","637","755","21154","3.62","2.61e-1","1.00e+0","1.19","1.00e+0","1.00e+0","1.95e-1","ENSDARG00000099996,ENSDARG00000078898,ENSDARG00000020053,ENSDARG00000101181,ENSDARG00000005112,ENSDARG00000007678,ENSDARG00000034862,ENSDARG00000024708,ENSDARG00000014098,ENSDARG00000036344,ENSDARG00000058414,ENSDARG00000010454,ENSDARG00000074808,ENSDARG00000058815,ENSDARG00000034705,ENSDARG00000088100,ENSDARG00000007804,ENSDARG00000052016,ENSDARG00000076900,ENSDARG00000074524,ENSDARG00000037362,ENSDARG00000105190,ENSDARG00000092693,ENSDARG00000099344,ENSDARG00000013335,ENSDARG00000037783,ENSDARG00000075846"
"36","0.76","UP_SEQ_FEATURE","DOMAIN:EF-hand","10","656","233","21277","1.34","2.90e-1","1.00e+0","1.39","1.00e+0","1.00e+0","1.84e-1","ENSDARG00000052016,ENSDARG00000099996,ENSDARG00000024708,ENSDARG00000020053,ENSDARG00000036344,ENSDARG00000101181,ENSDARG00000105190,ENSDARG00000010454,ENSDARG00000034705,ENSDARG00000088100"
"37","0.74","GOTERM_BP_DIRECT","estrogen biosynthetic process","3","644","8","20756","0.40","2.37e-2","1.00e+0","12.09","1.00e+0","1.00e+0","1.48e-3","ENSDARG00000027469,ENSDARG00000105060,ENSDARG00000035872"
"37","0.74","GOTERM_MF_DIRECT","estradiol 17-beta-dehydrogenase [NAD(P)+] activity","3","637","15","21154","0.40","7.32e-2","1.00e+0","6.64","1.00e+0","1.00e+0","9.44e-3","ENSDARG00000027469,ENSDARG00000105060,ENSDARG00000035872"
"37","0.74","INTERPRO","SDR_fam","3","719","92","23408","0.40","7.78e-1","1.00e+0","1.06","1.00e+0","1.00e+0","5.40e-1","ENSDARG00000027469,ENSDARG00000105060,ENSDARG00000035872"
"37","0.74","INTERPRO","NAD(P)-bd_dom_sf","6","719","215","23408","0.81","7.92e-1","1.00e+0","0.91","1.00e+0","1.00e+0","6.50e-1","ENSDARG00000061145,ENSDARG00000027469,ENSDARG00000105060,ENSDARG00000035872,ENSDARG00000038297,ENSDARG00000102254"
"38","0.74","INTERPRO","AH/BAR_dom_sf","7","719","106","23408","0.94","1.08e-1","1.00e+0","2.15","1.00e+0","1.00e+0","4.50e-2","ENSDARG00000017785,ENSDARG00000078326,ENSDARG00000079377,ENSDARG00000011449,ENSDARG00000013360,ENSDARG00000078014,ENSDARG00000026329"
"38","0.74","UP_SEQ_FEATURE","DOMAIN:F-BAR","3","656","30","21277","0.40","2.36e-1","1.00e+0","3.24","1.00e+0","1.00e+0","6.40e-2","ENSDARG00000011449,ENSDARG00000078014,ENSDARG00000026329"
"38","0.74","INTERPRO","F_BAR_dom","3","719","31","23408","0.40","2.46e-1","1.00e+0","3.15","1.00e+0","1.00e+0","6.87e-2","ENSDARG00000011449,ENSDARG00000078014,ENSDARG00000026329"
"39","0.71","INTERPRO","Pkinase_C","4","719","44","23408","0.54","1.52e-1","1.00e+0","2.96","1.00e+0","1.00e+0","4.55e-2","ENSDARG00000045482,ENSDARG00000057927,ENSDARG00000087205,ENSDARG00000115657"
"39","0.71","UP_SEQ_FEATURE","DOMAIN:AGC-kinase C-terminal","5","656","70","21277","0.67","1.69e-1","1.00e+0","2.32","1.00e+0","1.00e+0","6.47e-2","ENSDARG00000045482,ENSDARG00000057927,ENSDARG00000055534,ENSDARG00000087205,ENSDARG00000115657"
"39","0.71","INTERPRO","AGC-kinase_C","5","719","75","23408","0.67","1.98e-1","1.00e+0","2.17","1.00e+0","1.00e+0","8.07e-2","ENSDARG00000045482,ENSDARG00000057927,ENSDARG00000055534,ENSDARG00000087205,ENSDARG00000115657"
"39","0.71","SMART","S_TK_X","4","372","65","13267","0.54","2.73e-1","1.00e+0","2.19","1.00e+0","1.00e+0","1.09e-1","ENSDARG00000045482,ENSDARG00000057927,ENSDARG00000087205,ENSDARG00000115657"
"40","0.65","GOTERM_BP_DIRECT","calcium ion transmembrane transport","7","644","112","20756","0.94","1.35e-1","1.00e+0","2.01","1.00e+0","1.00e+0","5.99e-2","ENSDARG00000002840,ENSDARG00000008772,ENSDARG00000014098,ENSDARG00000024771,ENSDARG00000037905,ENSDARG00000020574,ENSDARG00000070626"
"40","0.65","GOTERM_CC_DIRECT","sarcoplasmic reticulum membrane","3","683","25","22190","0.40","1.78e-1","1.00e+0","3.90","1.00e+0","9.97e-1","4.04e-2","ENSDARG00000002840,ENSDARG00000014098,ENSDARG00000020574"
"40","0.65","UP_KW_CELLULAR_COMPONENT","Sarcoplasmic reticulum","3","509","32","16344","0.40","2.62e-1","1.00e+0","3.01","1.00e+0","1.00e+0","7.65e-2","ENSDARG00000002840,ENSDARG00000014098,ENSDARG00000020574"
"40","0.65","GOTERM_CC_DIRECT","sarcoplasmic reticulum","3","683","43","22190","0.40","3.83e-1","1.00e+0","2.27","1.00e+0","9.97e-1","1.46e-1","ENSDARG00000002840,ENSDARG00000014098,ENSDARG00000020574"
"41","0.65","SMART","LRR_TYP","12","372","215","13267","1.61","3.95e-2","1.00e+0","1.99","1.00e+0","1.00e+0","1.81e-2","ENSDARG00000045580,ENSDARG00000040249,ENSDARG00000040853,ENSDARG00000045483,ENSDARG00000071374,ENSDARG00000052012,ENSDARG00000098769,ENSDARG00000039500,ENSDARG00000069402,ENSDARG00000004597,ENSDARG00000078283,ENSDARG00000056938"
"41","0.65","INTERPRO","Leu-rich_rpt_typical-subtyp","12","719","215","23408","1.61","6.82e-2","1.00e+0","1.82","1.00e+0","1.00e+0","3.45e-2","ENSDARG00000045580,ENSDARG00000040249,ENSDARG00000040853,ENSDARG00000045483,ENSDARG00000071374,ENSDARG00000052012,ENSDARG00000098769,ENSDARG00000039500,ENSDARG00000069402,ENSDARG00000004597,ENSDARG00000078283,ENSDARG00000056938"
"41","0.65","UP_KW_DOMAIN","Leucine-rich repeat","16","430","509","14291","2.15","5.67e-1","1.00e+0","1.04","1.00e+0","1.00e+0","4.69e-1","ENSDARG00000045580,ENSDARG00000045483,ENSDARG00000071374,ENSDARG00000052012,ENSDARG00000098769,ENSDARG00000075567,ENSDARG00000004597,ENSDARG00000078283,ENSDARG00000040249,ENSDARG00000040853,ENSDARG00000012030,ENSDARG00000005284,ENSDARG00000039500,ENSDARG00000105018,ENSDARG00000069402,ENSDARG00000056938"
"41","0.65","INTERPRO","Leu-rich_rpt","15","719","468","23408","2.01","5.76e-1","1.00e+0","1.04","1.00e+0","1.00e+0","4.65e-1","ENSDARG00000045580,ENSDARG00000045483,ENSDARG00000071374,ENSDARG00000052012,ENSDARG00000098769,ENSDARG00000075567,ENSDARG00000004597,ENSDARG00000078283,ENSDARG00000040249,ENSDARG00000040853,ENSDARG00000012030,ENSDARG00000039500,ENSDARG00000105018,ENSDARG00000069402,ENSDARG00000056938"
"41","0.65","INTERPRO","LRR_dom_sf","16","719","527","23408","2.15","6.53e-1","1.00e+0","0.99","1.00e+0","1.00e+0","5.55e-1","ENSDARG00000045580,ENSDARG00000045483,ENSDARG00000071374,ENSDARG00000052012,ENSDARG00000098769,ENSDARG00000075567,ENSDARG00000004597,ENSDARG00000078283,ENSDARG00000040249,ENSDARG00000040853,ENSDARG00000012030,ENSDARG00000005284,ENSDARG00000039500,ENSDARG00000105018,ENSDARG00000069402,ENSDARG00000056938"
"42","0.64","GOTERM_MF_DIRECT","metal ion binding","155","637","4185","21154","20.81","3.16e-3","4.69e-1","1.23","8.47e-1","4.68e-1","2.46e-3","ENSDARG00000045691,ENSDARG00000002840,ENSDARG00000102295,ENSDARG00000051853,ENSDARG00000099996,ENSDARG00000078775,ENSDARG00000045694,ENSDARG00000087093,ENSDARG00000003132,ENSDARG00000056587,ENSDARG00000112495,ENSDARG00000079068,ENSDARG00000089706,ENSDARG00000060325,ENSDARG00000078251,ENSDARG00000098780,ENSDARG00000059064,ENSDARG00000078092,ENSDARG00000013741,ENSDARG00000037550,ENSDARG00000059983,ENSDARG00000014794,ENSDARG00000060058,ENSDARG00000036344,ENSDARG00000058414,ENSDARG00000058815,ENSDARG00000087530,ENSDARG00000016856,ENSDARG00000075830,ENSDARG00000052016,ENSDARG00000003486,ENSDARG00000077698,ENSDARG00000026548,ENSDARG00000079350,ENSDARG00000021899,ENSDARG00000099344,ENSDARG00000017834,ENSDARG00000041402,ENSDARG00000017676,ENSDARG00000008014,ENSDARG00000103659,ENSDARG00000106529,ENSDARG00000032496,ENSDARG00000102202,ENSDARG00000029011,ENSDARG00000019614,ENSDARG00000099779,ENSDARG00000076657,ENSDARG00000055510,ENSDARG00000101181,ENSDARG00000002507,ENSDARG00000060348,ENSDARG00000113961,ENSDARG00000009252,ENSDARG00000058154,ENSDARG00000067669,ENSDARG00000017128,ENSDARG00000017400,ENSDARG00000062651,ENSDARG00000014098,ENSDARG00000060070,ENSDARG00000099927,ENSDARG00000010454,ENSDARG00000034705,ENSDARG00000075733,ENSDARG00000038176,ENSDARG00000003820,ENSDARG00000052190,ENSDARG00000061335,ENSDARG00000034771,ENSDARG00000040890,ENSDARG00000103511,ENSDARG00000106989,ENSDARG00000014825,ENSDARG00000075846,ENSDARG00000078717,ENSDARG00000007180,ENSDARG00000019360,ENSDARG00000110954,ENSDARG00000079306,ENSDARG00000078452,ENSDARG00000056541,ENSDARG00000003970,ENSDARG00000007654,ENSDARG00000002006,ENSDARG00000040123,ENSDARG00000092359,ENSDARG00000024708,ENSDARG00000019763,ENSDARG00000060092,ENSDARG00000014517,ENSDARG00000100592,ENSDARG00000076308,ENSDARG00000036546,ENSDARG00000037879,ENSDARG00000100232,ENSDARG00000045482,ENSDARG00000052695,ENSDARG00000024847,ENSDARG00000077013,ENSDARG00000105190,ENSDARG00000009825,ENSDARG00000007129,ENSDARG00000010442,ENSDARG00000014763,ENSDARG00000059951,ENSDARG00000059557,ENSDARG00000059556,ENSDARG00000037905,ENSDARG00000059835,ENSDARG00000057417,ENSDARG00000031768,ENSDARG00000101277,ENSDARG00000074796,ENSDARG00000045750,ENSDARG00000018891,ENSDARG00000020053,ENSDARG00000053530,ENSDARG00000028058,ENSDARG00000077143,ENSDARG00000022599,ENSDARG00000077145,ENSDARG00000052164,ENSDARG00000092660,ENSDARG00000111188,ENSDARG00000007678,ENSDARG00000037178,ENSDARG00000062216,ENSDARG00000008487,ENSDARG00000030020,ENSDARG00000094832,ENSDARG00000087195,ENSDARG00000102478,ENSDARG00000102512,ENSDARG00000070484,ENSDARG00000024940,ENSDARG00000097789,ENSDARG00000075139,ENSDARG00000044532,ENSDARG00000054332,ENSDARG00000004796,ENSDARG00000115657,ENSDARG00000078481,ENSDARG00000005800,ENSDARG00000026329,ENSDARG00000040214,ENSDARG00000009685,ENSDARG00000091678,ENSDARG00000036637,ENSDARG00000030376,ENSDARG00000074319,ENSDARG00000039989,ENSDARG00000014986,ENSDARG00000040290,ENSDARG00000016526"
"42","0.64","UP_KW_LIGAND","Metal-binding","119","238","4257","7893","15.97","9.14e-1","1.00e+0","0.93","1.00e+0","1.00e+0","9.03e-1","ENSDARG00000045691,ENSDARG00000002840,ENSDARG00000099996,ENSDARG00000078775,ENSDARG00000087093,ENSDARG00000003132,ENSDARG00000112495,ENSDARG00000079068,ENSDARG00000060325,ENSDARG00000078251,ENSDARG00000098780,ENSDARG00000059064,ENSDARG00000036061,ENSDARG00000013741,ENSDARG00000059983,ENSDARG00000060058,ENSDARG00000036344,ENSDARG00000058414,ENSDARG00000058815,ENSDARG00000087530,ENSDARG00000088100,ENSDARG00000075830,ENSDARG00000052016,ENSDARG00000003486,ENSDARG00000077698,ENSDARG00000079350,ENSDARG00000099344,ENSDARG00000041402,ENSDARG00000008014,ENSDARG00000106529,ENSDARG00000029011,ENSDARG00000068187,ENSDARG00000019614,ENSDARG00000099779,ENSDARG00000076657,ENSDARG00000055510,ENSDARG00000101181,ENSDARG00000002507,ENSDARG00000060348,ENSDARG00000113961,ENSDARG00000058154,ENSDARG00000067669,ENSDARG00000017128,ENSDARG00000017400,ENSDARG00000062651,ENSDARG00000014098,ENSDARG00000099927,ENSDARG00000010454,ENSDARG00000034705,ENSDARG00000038176,ENSDARG00000052190,ENSDARG00000061335,ENSDARG00000034771,ENSDARG00000040890,ENSDARG00000103511,ENSDARG00000106989,ENSDARG00000014825,ENSDARG00000075846,ENSDARG00000078717,ENSDARG00000007180,ENSDARG00000079306,ENSDARG00000078452,ENSDARG00000056541,ENSDARG00000003970,ENSDARG00000002006,ENSDARG00000040123,ENSDARG00000092359,ENSDARG00000024708,ENSDARG00000019763,ENSDARG00000060092,ENSDARG00000100592,ENSDARG00000011769,ENSDARG00000076308,ENSDARG00000036546,ENSDARG00000037879,ENSDARG00000100232,ENSDARG00000045482,ENSDARG00000052695,ENSDARG00000024847,ENSDARG00000077013,ENSDARG00000105190,ENSDARG00000007129,ENSDARG00000010442,ENSDARG00000014763,ENSDARG00000059951,ENSDARG00000059557,ENSDARG00000059556,ENSDARG00000059835,ENSDARG00000057417,ENSDARG00000031768,ENSDARG00000101277,ENSDARG00000074796,ENSDARG00000045750,ENSDARG00000020053,ENSDARG00000028058,ENSDARG00000077143,ENSDARG00000052164,ENSDARG00000092660,ENSDARG00000007678,ENSDARG00000037178,ENSDARG00000062216,ENSDARG00000008487,ENSDARG00000030020,ENSDARG00000094832,ENSDARG00000102512,ENSDARG00000070484,ENSDARG00000024940,ENSDARG00000054332,ENSDARG00000078481,ENSDARG00000026329,ENSDARG00000040214,ENSDARG00000009685,ENSDARG00000091678,ENSDARG00000036637,ENSDARG00000030376,ENSDARG00000074319,ENSDARG00000039989,ENSDARG00000014986,ENSDARG00000016526"
"42","0.64","UP_KW_LIGAND","Zinc","84","238","3363","7893","11.28","9.94e-1","1.00e+0","0.83","1.00e+0","1.00e+0","9.92e-1","ENSDARG00000045691,ENSDARG00000019360,ENSDARG00000102295,ENSDARG00000078775,ENSDARG00000087093,ENSDARG00000045694,ENSDARG00000079306,ENSDARG00000003132,ENSDARG00000112495,ENSDARG00000079068,ENSDARG00000056541,ENSDARG00000003970,ENSDARG00000089706,ENSDARG00000098780,ENSDARG00000002006,ENSDARG00000059064,ENSDARG00000078092,ENSDARG00000013741,ENSDARG00000040123,ENSDARG00000092359,ENSDARG00000059983,ENSDARG00000060058,ENSDARG00000060092,ENSDARG00000014517,ENSDARG00000011769,ENSDARG00000058815,ENSDARG00000087530,ENSDARG00000100232,ENSDARG00000052695,ENSDARG00000077013,ENSDARG00000009825,ENSDARG00000079350,ENSDARG00000017834,ENSDARG00000041402,ENSDARG00000010442,ENSDARG00000017676,ENSDARG00000059556,ENSDARG00000059835,ENSDARG00000068187,ENSDARG00000019614,ENSDARG00000031768,ENSDARG00000101277,ENSDARG00000000442,ENSDARG00000074796,ENSDARG00000099779,ENSDARG00000076657,ENSDARG00000028058,ENSDARG00000055510,ENSDARG00000077143,ENSDARG00000022599,ENSDARG00000052164,ENSDARG00000111188,ENSDARG00000009252,ENSDARG00000037178,ENSDARG00000058154,ENSDARG00000067669,ENSDARG00000017400,ENSDARG00000030020,ENSDARG00000008487,ENSDARG00000062651,ENSDARG00000087195,ENSDARG00000102478,ENSDARG00000099927,ENSDARG00000070484,ENSDARG00000024940,ENSDARG00000075733,ENSDARG00000075139,ENSDARG00000044532,ENSDARG00000054332,ENSDARG00000004796,ENSDARG00000115657,ENSDARG00000005800,ENSDARG00000026329,ENSDARG00000003820,ENSDARG00000040214,ENSDARG00000091678,ENSDARG00000103511,ENSDARG00000074319,ENSDARG00000106989,ENSDARG00000030376,ENSDARG00000014825,ENSDARG00000039989,ENSDARG00000007180,ENSDARG00000016526"
"42","0.64","GOTERM_MF_DIRECT","zinc ion binding","69","637","2985","21154","9.26","9.96e-1","1.00e+0","0.77","1.00e+0","1.00e+0","9.95e-1","ENSDARG00000045691,ENSDARG00000019360,ENSDARG00000102295,ENSDARG00000078775,ENSDARG00000087093,ENSDARG00000045694,ENSDARG00000079306,ENSDARG00000003132,ENSDARG00000112495,ENSDARG00000056541,ENSDARG00000003970,ENSDARG00000089706,ENSDARG00000098780,ENSDARG00000002006,ENSDARG00000013741,ENSDARG00000040123,ENSDARG00000092359,ENSDARG00000059983,ENSDARG00000060092,ENSDARG00000014517,ENSDARG00000011769,ENSDARG00000087530,ENSDARG00000100232,ENSDARG00000052695,ENSDARG00000077013,ENSDARG00000009825,ENSDARG00000079350,ENSDARG00000041402,ENSDARG00000010442,ENSDARG00000017676,ENSDARG00000059835,ENSDARG00000068187,ENSDARG00000019614,ENSDARG00000031768,ENSDARG00000101277,ENSDARG00000074796,ENSDARG00000099779,ENSDARG00000076657,ENSDARG00000028058,ENSDARG00000077143,ENSDARG00000022599,ENSDARG00000052164,ENSDARG00000111188,ENSDARG00000009252,ENSDARG00000037178,ENSDARG00000058154,ENSDARG00000067669,ENSDARG00000017400,ENSDARG00000030020,ENSDARG00000008487,ENSDARG00000062651,ENSDARG00000087195,ENSDARG00000099927,ENSDARG00000070484,ENSDARG00000024940,ENSDARG00000044532,ENSDARG00000054332,ENSDARG00000004796,ENSDARG00000115657,ENSDARG00000026329,ENSDARG00000003820,ENSDARG00000040214,ENSDARG00000091678,ENSDARG00000103511,ENSDARG00000074319,ENSDARG00000106989,ENSDARG00000014825,ENSDARG00000039989,ENSDARG00000016526"
"43","0.59","GOTERM_BP_DIRECT","double-strand break repair via homologous recombination","5","644","60","20756","0.67","1.15e-1","1.00e+0","2.69","1.00e+0","1.00e+0","3.82e-2","ENSDARG00000040303,ENSDARG00000059556,ENSDARG00000043685,ENSDARG00000045853,ENSDARG00000098780"
"43","0.59","UP_KW_BIOLOGICAL_PROCESS","DNA repair","10","257","226","8466","1.34","2.44e-1","1.00e+0","1.46","1.00e+0","1.00e+0","1.53e-1","ENSDARG00000029944,ENSDARG00000040303,ENSDARG00000058893,ENSDARG00000016994,ENSDARG00000092305,ENSDARG00000057114,ENSDARG00000059556,ENSDARG00000103422,ENSDARG00000043685,ENSDARG00000098780"
"43","0.59","GOTERM_BP_DIRECT","DNA damage response","12","644","278","20756","1.61","2.46e-1","1.00e+0","1.39","1.00e+0","1.00e+0","1.57e-1","ENSDARG00000029944,ENSDARG00000040303,ENSDARG00000058893,ENSDARG00000016994,ENSDARG00000057114,ENSDARG00000078166,ENSDARG00000043685,ENSDARG00000102556,ENSDARG00000037906,ENSDARG00000037559,ENSDARG00000098780,ENSDARG00000074915"
"43","0.59","UP_KW_BIOLOGICAL_PROCESS","DNA damage","11","257","266","8466","1.48","2.88e-1","1.00e+0","1.36","1.00e+0","1.00e+0","1.85e-1","ENSDARG00000029944,ENSDARG00000040303,ENSDARG00000058893,ENSDARG00000016994,ENSDARG00000092305,ENSDARG00000057114,ENSDARG00000059556,ENSDARG00000103422,ENSDARG00000043685,ENSDARG00000102556,ENSDARG00000098780"
"43","0.59","GOTERM_CC_DIRECT","chromosome","17","683","442","22190","2.28","2.89e-1","1.00e+0","1.25","1.00e+0","9.97e-1","2.05e-1","ENSDARG00000024681,ENSDARG00000019223,ENSDARG00000053990,ENSDARG00000043685,ENSDARG00000061205,ENSDARG00000007734,ENSDARG00000098780,ENSDARG00000055360,ENSDARG00000078055,ENSDARG00000040303,ENSDARG00000018319,ENSDARG00000058893,ENSDARG00000016994,ENSDARG00000057114,ENSDARG00000059556,ENSDARG00000102556,ENSDARG00000022280"
"43","0.59","GOTERM_BP_DIRECT","DNA repair","10","644","279","20756","1.34","5.02e-1","1.00e+0","1.16","1.00e+0","1.00e+0","3.66e-1","ENSDARG00000029944,ENSDARG00000040303,ENSDARG00000058893,ENSDARG00000016994,ENSDARG00000092305,ENSDARG00000057114,ENSDARG00000059556,ENSDARG00000103422,ENSDARG00000043685,ENSDARG00000098780"
"44","0.58","UP_KW_MOLECULAR_FUNCTION","Metalloprotease","7","352","114","11803","0.94","1.24e-1","1.00e+0","2.06","1.00e+0","1.00e+0","5.41e-2","ENSDARG00000017676,ENSDARG00000112495,ENSDARG00000079068,ENSDARG00000102478,ENSDARG00000011769,ENSDARG00000029011,ENSDARG00000068187"
"44","0.58","INTERPRO","Pept_M10A","3","719","25","23408","0.40","1.78e-1","1.00e+0","3.91","1.00e+0","1.00e+0","4.02e-2","ENSDARG00000017676,ENSDARG00000112495,ENSDARG00000009825"
"44","0.58","INTERPRO","M10A_MMP","3","719","25","23408","0.40","1.78e-1","1.00e+0","3.91","1.00e+0","1.00e+0","4.02e-2","ENSDARG00000017676,ENSDARG00000112495,ENSDARG00000009825"
"44","0.58","INTERPRO","Pept_M10_metallopeptidase","3","719","25","23408","0.40","1.78e-1","1.00e+0","3.91","1.00e+0","1.00e+0","4.02e-2","ENSDARG00000017676,ENSDARG00000112495,ENSDARG00000009825"
"44","0.58","GOTERM_BP_DIRECT","collagen catabolic process","3","644","25","20756","0.40","1.81e-1","1.00e+0","3.87","1.00e+0","1.00e+0","4.12e-2","ENSDARG00000017676,ENSDARG00000112495,ENSDARG00000009825"
"44","0.58","UP_SEQ_FEATURE","BINDING:in inhibited form","3","656","27","21277","0.40","2.01e-1","1.00e+0","3.60","1.00e+0","1.00e+0","4.93e-2","ENSDARG00000017676,ENSDARG00000112495,ENSDARG00000102478"
"44","0.58","GOTERM_MF_DIRECT","metallopeptidase activity","8","637","162","21154","1.07","2.16e-1","1.00e+0","1.64","1.00e+0","1.00e+0","1.17e-1","ENSDARG00000017676,ENSDARG00000112495,ENSDARG00000079068,ENSDARG00000102478,ENSDARG00000022599,ENSDARG00000089706,ENSDARG00000009825,ENSDARG00000068187"
"44","0.58","INTERPRO","MetalloPept_cat_dom_sf","5","719","88","23408","0.67","2.85e-1","1.00e+0","1.85","1.00e+0","1.00e+0","1.34e-1","ENSDARG00000017676,ENSDARG00000112495,ENSDARG00000079068,ENSDARG00000102478,ENSDARG00000009825"
"44","0.58","GOTERM_MF_DIRECT","metalloendopeptidase activity","6","637","120","21154","0.81","2.94e-1","1.00e+0","1.66","1.00e+0","1.00e+0","1.54e-1","ENSDARG00000017676,ENSDARG00000112495,ENSDARG00000079068,ENSDARG00000102478,ENSDARG00000009825,ENSDARG00000068187"
"44","0.58","SMART","ZnMc","3","372","42","13267","0.40","3.29e-1","1.00e+0","2.55","1.00e+0","1.00e+0","1.13e-1","ENSDARG00000017676,ENSDARG00000112495,ENSDARG00000009825"
"44","0.58","INTERPRO","Peptidase_Metallo","3","719","42","23408","0.40","3.71e-1","1.00e+0","2.33","1.00e+0","1.00e+0","1.38e-1","ENSDARG00000017676,ENSDARG00000112495,ENSDARG00000009825"
"44","0.58","GOTERM_BP_DIRECT","extracellular matrix organization","4","644","115","20756","0.54","6.96e-1","1.00e+0","1.12","1.00e+0","1.00e+0","4.80e-1","ENSDARG00000017676,ENSDARG00000112495,ENSDARG00000102478,ENSDARG00000009825"
"44","0.58","GOTERM_CC_DIRECT","extracellular matrix","8","683","267","22190","1.07","7.17e-1","1.00e+0","0.97","1.00e+0","9.97e-1","5.81e-1","ENSDARG00000031483,ENSDARG00000017676,ENSDARG00000101980,ENSDARG00000112495,ENSDARG00000058414,ENSDARG00000024847,ENSDARG00000102478,ENSDARG00000009825"
"45","0.57","INTERPRO","AH/BAR_dom_sf","7","719","106","23408","0.94","1.08e-1","1.00e+0","2.15","1.00e+0","1.00e+0","4.50e-2","ENSDARG00000017785,ENSDARG00000078326,ENSDARG00000079377,ENSDARG00000011449,ENSDARG00000013360,ENSDARG00000078014,ENSDARG00000026329"
"45","0.57","UP_SEQ_FEATURE","DOMAIN:SH3","11","656","265","21277","1.48","3.00e-1","1.00e+0","1.35","1.00e+0","1.00e+0","1.97e-1","ENSDARG00000034409,ENSDARG00000061798,ENSDARG00000017785,ENSDARG00000078326,ENSDARG00000057984,ENSDARG00000100119,ENSDARG00000071037,ENSDARG00000079377,ENSDARG00000013360,ENSDARG00000078014,ENSDARG00000101169"
"45","0.57","SMART","SH3","10","372","261","13267","1.34","3.09e-1","1.00e+0","1.37","1.00e+0","1.00e+0","1.97e-1","ENSDARG00000034409,ENSDARG00000017785,ENSDARG00000078326,ENSDARG00000057984,ENSDARG00000100119,ENSDARG00000071037,ENSDARG00000079377,ENSDARG00000013360,ENSDARG00000078014,ENSDARG00000101169"
"45","0.57","INTERPRO","SH3-like_dom_sf","11","719","283","23408","1.48","3.66e-1","1.00e+0","1.27","1.00e+0","1.00e+0","2.59e-1","ENSDARG00000034409,ENSDARG00000061798,ENSDARG00000017785,ENSDARG00000078326,ENSDARG00000057984,ENSDARG00000100119,ENSDARG00000071037,ENSDARG00000079377,ENSDARG00000013360,ENSDARG00000078014,ENSDARG00000101169"
"45","0.57","INTERPRO","SH3_domain","11","719","284","23408","1.48","3.74e-1","1.00e+0","1.26","1.00e+0","1.00e+0","2.61e-1","ENSDARG00000034409,ENSDARG00000061798,ENSDARG00000017785,ENSDARG00000078326,ENSDARG00000057984,ENSDARG00000100119,ENSDARG00000071037,ENSDARG00000079377,ENSDARG00000013360,ENSDARG00000078014,ENSDARG00000101169"
"46","0.56","GOTERM_BP_DIRECT","calcium-mediated signaling","5","644","57","20756","0.67","9.99e-2","1.00e+0","2.83","1.00e+0","1.00e+0","3.15e-2","ENSDARG00000105363,ENSDARG00000069028,ENSDARG00000061304,ENSDARG00000079829,ENSDARG00000105467"
"46","0.56","GOTERM_MF_DIRECT","C-C chemokine binding","4","637","38","21154","0.54","1.05e-1","1.00e+0","3.50","1.00e+0","1.00e+0","2.68e-2","ENSDARG00000105363,ENSDARG00000069028,ENSDARG00000079829,ENSDARG00000105467"
"46","0.56","GOTERM_MF_DIRECT","C-C chemokine receptor activity","4","637","39","21154","0.54","1.12e-1","1.00e+0","3.41","1.00e+0","1.00e+0","2.91e-2","ENSDARG00000105363,ENSDARG00000069028,ENSDARG00000079829,ENSDARG00000105467"
"46","0.56","GOTERM_MF_DIRECT","chemokine receptor activity","3","637","21","21154","0.40","1.30e-1","1.00e+0","4.74","1.00e+0","1.00e+0","2.41e-2","ENSDARG00000105363,ENSDARG00000079829,ENSDARG00000105467"
"46","0.56","INTERPRO","Chemokine_rcpt","3","719","23","23408","0.40","1.56e-1","1.00e+0","4.25","1.00e+0","1.00e+0","3.24e-2","ENSDARG00000105363,ENSDARG00000079829,ENSDARG00000105467"
"46","0.56","GOTERM_BP_DIRECT","cell chemotaxis","4","644","48","20756","0.54","1.86e-1","1.00e+0","2.69","1.00e+0","1.00e+0","6.11e-2","ENSDARG00000105363,ENSDARG00000069028,ENSDARG00000079829,ENSDARG00000105467"
"46","0.56","INTERPRO","CCR1-9-like","4","719","52","23408","0.54","2.14e-1","1.00e+0","2.50","1.00e+0","1.00e+0","7.52e-2","ENSDARG00000105363,ENSDARG00000069028,ENSDARG00000079829,ENSDARG00000105467"
"46","0.56","GOTERM_CC_DIRECT","external side of plasma membrane","9","683","206","22190","1.21","2.95e-1","1.00e+0","1.42","1.00e+0","9.97e-1","1.88e-1","ENSDARG00000105363,ENSDARG00000090834,ENSDARG00000058248,ENSDARG00000069028,ENSDARG00000069961,ENSDARG00000103413,ENSDARG00000037362,ENSDARG00000079829,ENSDARG00000105467"
"46","0.56","GOTERM_BP_DIRECT","positive regulation of cytosolic calcium ion concentration","4","644","78","20756","0.54","4.36e-1","1.00e+0","1.65","1.00e+0","1.00e+0","2.23e-1","ENSDARG00000105363,ENSDARG00000069028,ENSDARG00000079829,ENSDARG00000105467"
"46","0.56","GOTERM_BP_DIRECT","chemotaxis","4","644","90","20756","0.54","5.31e-1","1.00e+0","1.43","1.00e+0","1.00e+0","3.06e-1","ENSDARG00000105363,ENSDARG00000011449,ENSDARG00000079829,ENSDARG00000105467"
"46","0.56","GOTERM_BP_DIRECT","immune response","9","644","330","20756","1.21","8.06e-1","1.00e+0","0.88","1.00e+0","1.00e+0","6.99e-1","ENSDARG00000098752,ENSDARG00000040249,ENSDARG00000105363,ENSDARG00000060322,ENSDARG00000058248,ENSDARG00000092883,ENSDARG00000069028,ENSDARG00000079829,ENSDARG00000105467"
"46","0.56","INTERPRO","GPCR_Rhodpsn","12","719","723","23408","1.61","9.97e-1","1.00e+0","0.54","1.00e+0","1.00e+0","9.94e-1","ENSDARG00000109742,ENSDARG00000071298,ENSDARG00000105363,ENSDARG00000074661,ENSDARG00000069669,ENSDARG00000101969,ENSDARG00000069028,ENSDARG00000040816,ENSDARG00000079829,ENSDARG00000041292,ENSDARG00000105467,ENSDARG00000011876"
"46","0.56","INTERPRO","GPCR_Rhodpsn_7TM","12","719","733","23408","1.61","9.98e-1","1.00e+0","0.53","1.00e+0","1.00e+0","9.95e-1","ENSDARG00000109742,ENSDARG00000071298,ENSDARG00000105363,ENSDARG00000074661,ENSDARG00000069669,ENSDARG00000101969,ENSDARG00000069028,ENSDARG00000040816,ENSDARG00000079829,ENSDARG00000041292,ENSDARG00000105467,ENSDARG00000011876"
"47","0.52","UP_KW_PTM","Prenylation","11","250","176","8073","1.48","4.55e-2","5.46e-1","2.02","6.57e-1","5.46e-1","2.07e-2","ENSDARG00000070121,ENSDARG00000062865,ENSDARG00000055534,ENSDARG00000045694,ENSDARG00000034771,ENSDARG00000007257,ENSDARG00000007751,ENSDARG00000100752,ENSDARG00000013415,ENSDARG00000062537,ENSDARG00000008867"
"47","0.52","SMART","RAB","10","372","216","13267","1.34","1.53e-1","1.00e+0","1.65","1.00e+0","1.00e+0","8.27e-2","ENSDARG00000070121,ENSDARG00000014763,ENSDARG00000099996,ENSDARG00000062865,ENSDARG00000079468,ENSDARG00000034771,ENSDARG00000036637,ENSDARG00000007257,ENSDARG00000100752,ENSDARG00000008867"
"47","0.52","GOTERM_MF_DIRECT","GTPase activity","18","637","440","21154","2.42","1.74e-1","1.00e+0","1.36","1.00e+0","1.00e+0","1.18e-1","ENSDARG00000070121,ENSDARG00000099996,ENSDARG00000099779,ENSDARG00000079468,ENSDARG00000071059,ENSDARG00000007257,ENSDARG00000087869,ENSDARG00000008867,ENSDARG00000069937,ENSDARG00000060383,ENSDARG00000014763,ENSDARG00000062865,ENSDARG00000086228,ENSDARG00000040300,ENSDARG00000014233,ENSDARG00000034771,ENSDARG00000036637,ENSDARG00000100752"
"47","0.52","SMART","RHO","8","372","174","13267","1.07","2.15e-1","1.00e+0","1.64","1.00e+0","1.00e+0","1.17e-1","ENSDARG00000070121,ENSDARG00000099996,ENSDARG00000062865,ENSDARG00000079468,ENSDARG00000034771,ENSDARG00000007257,ENSDARG00000100752,ENSDARG00000008867"
"47","0.52","SMART","RAS","8","372","182","13267","1.07","2.48e-1","1.00e+0","1.57","1.00e+0","1.00e+0","1.40e-1","ENSDARG00000070121,ENSDARG00000099996,ENSDARG00000062865,ENSDARG00000079468,ENSDARG00000034771,ENSDARG00000007257,ENSDARG00000100752,ENSDARG00000008867"
"47","0.52","UP_KW_LIGAND","GTP-binding","17","238","449","7893","2.28","2.74e-1","8.30e-1","1.26","1.00e+0","8.30e-1","1.97e-1","ENSDARG00000070121,ENSDARG00000099996,ENSDARG00000079468,ENSDARG00000018750,ENSDARG00000071059,ENSDARG00000007257,ENSDARG00000087869,ENSDARG00000056591,ENSDARG00000008867,ENSDARG00000069937,ENSDARG00000060383,ENSDARG00000062865,ENSDARG00000086228,ENSDARG00000040300,ENSDARG00000014233,ENSDARG00000034771,ENSDARG00000100752"
"47","0.52","GOTERM_MF_DIRECT","GTP binding","22","637","605","21154","2.95","2.77e-1","1.00e+0","1.21","1.00e+0","1.00e+0","2.06e-1","ENSDARG00000070121,ENSDARG00000099996,ENSDARG00000099779,ENSDARG00000079468,ENSDARG00000018750,ENSDARG00000071059,ENSDARG00000092883,ENSDARG00000007257,ENSDARG00000087869,ENSDARG00000056591,ENSDARG00000008867,ENSDARG00000069937,ENSDARG00000060383,ENSDARG00000014763,ENSDARG00000062865,ENSDARG00000086228,ENSDARG00000040300,ENSDARG00000014233,ENSDARG00000060322,ENSDARG00000034771,ENSDARG00000036637,ENSDARG00000100752"
"47","0.52","GOTERM_MF_DIRECT","GDP binding","3","637","37","21154","0.40","3.06e-1","1.00e+0","2.69","1.00e+0","1.00e+0","9.95e-2","ENSDARG00000099996,ENSDARG00000062865,ENSDARG00000008867"
"47","0.52","INTERPRO","Small_GTPase","8","719","185","23408","1.07","3.41e-1","1.00e+0","1.41","1.00e+0","1.00e+0","2.10e-1","ENSDARG00000070121,ENSDARG00000099996,ENSDARG00000062865,ENSDARG00000079468,ENSDARG00000034771,ENSDARG00000007257,ENSDARG00000100752,ENSDARG00000008867"
"47","0.52","INTERPRO","Small_GTP-bd","9","719","227","23408","1.21","3.95e-1","1.00e+0","1.29","1.00e+0","1.00e+0","2.67e-1","ENSDARG00000070121,ENSDARG00000014763,ENSDARG00000099996,ENSDARG00000062865,ENSDARG00000034771,ENSDARG00000036637,ENSDARG00000007257,ENSDARG00000100752,ENSDARG00000008867"
"47","0.52","INTERPRO","P-loop_NTPase","43","719","1408","23408","5.77","5.98e-1","1.00e+0","0.99","1.00e+0","1.00e+0","5.39e-1","ENSDARG00000096662,ENSDARG00000099996,ENSDARG00000052348,ENSDARG00000099779,ENSDARG00000079468,ENSDARG00000101161,ENSDARG00000007257,ENSDARG00000092883,ENSDARG00000021787,ENSDARG00000061635,ENSDARG00000087869,ENSDARG00000007654,ENSDARG00000094089,ENSDARG00000001953,ENSDARG00000077461,ENSDARG00000008867,ENSDARG00000042920,ENSDARG00000086228,ENSDARG00000040300,ENSDARG00000060411,ENSDARG00000014233,ENSDARG00000040781,ENSDARG00000061763,ENSDARG00000100119,ENSDARG00000016818,ENSDARG00000100752,ENSDARG00000102353,ENSDARG00000070121,ENSDARG00000071495,ENSDARG00000024681,ENSDARG00000071059,ENSDARG00000069937,ENSDARG00000060383,ENSDARG00000062865,ENSDARG00000014763,ENSDARG00000060322,ENSDARG00000034771,ENSDARG00000059556,ENSDARG00000036637,ENSDARG00000063295,ENSDARG00000059616,ENSDARG00000068187,ENSDARG00000093619"
"47","0.52","SMART","RAN","4","372","112","13267","0.54","6.10e-1","1.00e+0","1.27","1.00e+0","1.00e+0","3.85e-1","ENSDARG00000062865,ENSDARG00000034771,ENSDARG00000007257,ENSDARG00000100752"
"47","0.52","GOTERM_MF_DIRECT","G protein activity","3","637","103","21154","0.40","8.20e-1","1.00e+0","0.97","1.00e+0","1.00e+0","6.03e-1","ENSDARG00000034771,ENSDARG00000007257,ENSDARG00000008867"
"47","0.52","UP_KW_LIGAND","Nucleotide-binding","34","238","1487","7893","4.56","9.83e-1","1.00e+0","0.76","1.00e+0","1.00e+0","9.75e-1","ENSDARG00000096662,ENSDARG00000099996,ENSDARG00000099336,ENSDARG00000055534,ENSDARG00000079468,ENSDARG00000101161,ENSDARG00000018750,ENSDARG00000007257,ENSDARG00000021787,ENSDARG00000087869,ENSDARG00000060325,ENSDARG00000001953,ENSDARG00000077461,ENSDARG00000008867,ENSDARG00000086228,ENSDARG00000039256,ENSDARG00000040300,ENSDARG00000014233,ENSDARG00000061763,ENSDARG00000100119,ENSDARG00000016818,ENSDARG00000036546,ENSDARG00000100752,ENSDARG00000015922,ENSDARG00000070121,ENSDARG00000071059,ENSDARG00000056591,ENSDARG00000060383,ENSDARG00000062865,ENSDARG00000034771,ENSDARG00000059556,ENSDARG00000008192,ENSDARG00000068187,ENSDARG00000035309"
"48","0.50","GOTERM_BP_DIRECT","regulation of calcium ion-dependent exocytosis","3","644","23","20756","0.40","1.58e-1","1.00e+0","4.20","1.00e+0","1.00e+0","3.32e-2","ENSDARG00000075830,ENSDARG00000045750,ENSDARG00000060741"
"48","0.50","GOTERM_MF_DIRECT","calcium ion sensor activity","3","637","25","21154","0.40","1.72e-1","1.00e+0","3.99","1.00e+0","1.00e+0","3.82e-2","ENSDARG00000075830,ENSDARG00000045750,ENSDARG00000060741"
"48","0.50","INTERPRO","Synaptotagmin","3","719","26","23408","0.40","1.89e-1","1.00e+0","3.76","1.00e+0","1.00e+0","4.44e-2","ENSDARG00000075830,ENSDARG00000045750,ENSDARG00000060741"
"48","0.50","GOTERM_MF_DIRECT","SNARE binding","5","637","84","21154","0.67","2.46e-1","1.00e+0","1.98","1.00e+0","1.00e+0","1.09e-1","ENSDARG00000075830,ENSDARG00000006869,ENSDARG00000053070,ENSDARG00000045750,ENSDARG00000060741"
"48","0.50","GOTERM_CC_DIRECT","exocytic vesicle","3","683","31","22190","0.40","2.47e-1","1.00e+0","3.14","1.00e+0","9.97e-1","6.90e-2","ENSDARG00000075830,ENSDARG00000045750,ENSDARG00000060741"
"48","0.50","SMART","C2","7","372","172","13267","0.94","3.50e-1","1.00e+0","1.45","1.00e+0","1.00e+0","2.09e-1","ENSDARG00000075830,ENSDARG00000017128,ENSDARG00000045750,ENSDARG00000078775,ENSDARG00000060741,ENSDARG00000062305,ENSDARG00000115657"
"48","0.50","GOTERM_MF_DIRECT","calcium-dependent phospholipid binding","4","637","70","21154","0.54","3.52e-1","1.00e+0","1.90","1.00e+0","1.00e+0","1.60e-1","ENSDARG00000075830,ENSDARG00000013335,ENSDARG00000045750,ENSDARG00000060741"
"48","0.50","INTERPRO","C2_dom","7","719","181","23408","0.94","4.82e-1","1.00e+0","1.26","1.00e+0","1.00e+0","3.22e-1","ENSDARG00000075830,ENSDARG00000017128,ENSDARG00000045750,ENSDARG00000078775,ENSDARG00000060741,ENSDARG00000062305,ENSDARG00000115657"
"48","0.50","INTERPRO","C2_domain_sf","7","719","216","23408","0.94","6.54e-1","1.00e+0","1.06","1.00e+0","1.00e+0","5.00e-1","ENSDARG00000075830,ENSDARG00000017128,ENSDARG00000045750,ENSDARG00000078775,ENSDARG00000060741,ENSDARG00000062305,ENSDARG00000115657"
"48","0.50","UP_SEQ_FEATURE","DOMAIN:C2","5","656","167","21277","0.67","7.60e-1","1.00e+0","0.97","1.00e+0","1.00e+0","5.89e-1","ENSDARG00000075830,ENSDARG00000017128,ENSDARG00000045750,ENSDARG00000062305,ENSDARG00000115657"
"49","0.50","GOTERM_MF_DIRECT","oxidoreductase activity, acting on paired donors, with incorporation or reduction of molecular oxygen","7","637","117","21154","0.94","1.41e-1","1.00e+0","1.99","1.00e+0","1.00e+0","6.36e-2","ENSDARG00000037550,ENSDARG00000053530,ENSDARG00000056587,ENSDARG00000026548,ENSDARG00000078481,ENSDARG00000092660,ENSDARG00000036061"
"49","0.50","COG_ONTOLOGY","Secondary metabolites biosynthesis, transport, and catabolism","6","62","104","1995","0.81","2.09e-1","1.00e+0","1.86","9.95e-1","1.00e+0","1.00e-1","ENSDARG00000037550,ENSDARG00000053530,ENSDARG00000103659,ENSDARG00000056587,ENSDARG00000026548,ENSDARG00000092660"
"49","0.50","UP_KW_LIGAND","Heme","8","238","164","7893","1.07","2.23e-1","8.30e-1","1.62","9.99e-1","8.30e-1","1.22e-1","ENSDARG00000037550,ENSDARG00000077698,ENSDARG00000053530,ENSDARG00000056587,ENSDARG00000078452,ENSDARG00000038176,ENSDARG00000026548,ENSDARG00000092660"
"49","0.50","INTERPRO","Cyt_P450_CS","5","719","84","23408","0.67","2.57e-1","1.00e+0","1.94","1.00e+0","1.00e+0","1.16e-1","ENSDARG00000037550,ENSDARG00000053530,ENSDARG00000056587,ENSDARG00000026548,ENSDARG00000092660"
"49","0.50","GOTERM_MF_DIRECT","iron ion binding","8","637","175","21154","1.07","2.75e-1","1.00e+0","1.52","1.00e+0","1.00e+0","1.59e-1","ENSDARG00000037550,ENSDARG00000053530,ENSDARG00000056587,ENSDARG00000026548,ENSDARG00000078481,ENSDARG00000092660,ENSDARG00000021404,ENSDARG00000036061"
"49","0.50","UP_KW_LIGAND","Iron","15","238","387","7893","2.01","2.77e-1","8.30e-1","1.29","1.00e+0","8.30e-1","1.91e-1","ENSDARG00000077698,ENSDARG00000053530,ENSDARG00000056587,ENSDARG00000078452,ENSDARG00000038176,ENSDARG00000026548,ENSDARG00000078481,ENSDARG00000092660,ENSDARG00000036061,ENSDARG00000052190,ENSDARG00000062216,ENSDARG00000037550,ENSDARG00000103659,ENSDARG00000019763,ENSDARG00000102512"
"49","0.50","UP_KW_CELLULAR_COMPONENT","Microsome","4","509","61","16344","0.54","2.95e-1","1.00e+0","2.11","1.00e+0","1.00e+0","1.22e-1","ENSDARG00000063621,ENSDARG00000037550,ENSDARG00000056587,ENSDARG00000026548"
"49","0.50","INTERPRO","Cyt_P450","5","719","92","23408","0.67","3.12e-1","1.00e+0","1.77","1.00e+0","1.00e+0","1.53e-1","ENSDARG00000037550,ENSDARG00000053530,ENSDARG00000056587,ENSDARG00000026548,ENSDARG00000092660"
"49","0.50","INTERPRO","Cyt_P450_sf","5","719","92","23408","0.67","3.12e-1","1.00e+0","1.77","1.00e+0","1.00e+0","1.53e-1","ENSDARG00000037550,ENSDARG00000053530,ENSDARG00000056587,ENSDARG00000026548,ENSDARG00000092660"
"49","0.50","GOTERM_MF_DIRECT","heme binding","7","637","167","21154","0.94","3.88e-1","1.00e+0","1.39","1.00e+0","1.00e+0","2.39e-1","ENSDARG00000037550,ENSDARG00000053530,ENSDARG00000056587,ENSDARG00000078452,ENSDARG00000026548,ENSDARG00000092660,ENSDARG00000056591"
"49","0.50","GOTERM_MF_DIRECT","monooxygenase activity","6","637","142","21154","0.81","4.25e-1","1.00e+0","1.40","1.00e+0","1.00e+0","2.57e-1","ENSDARG00000061354,ENSDARG00000037550,ENSDARG00000053530,ENSDARG00000056587,ENSDARG00000026548,ENSDARG00000092660"
"49","0.50","INTERPRO","Cyt_P450_E_grp-I","4","719","80","23408","0.54","4.46e-1","1.00e+0","1.63","1.00e+0","1.00e+0","2.31e-1","ENSDARG00000037550,ENSDARG00000056587,ENSDARG00000026548,ENSDARG00000092660"
"49","0.50","UP_SEQ_FEATURE","BINDING:axial binding residue","5","656","115","21277","0.67","4.74e-1","1.00e+0","1.41","1.00e+0","1.00e+0","2.82e-1","ENSDARG00000037550,ENSDARG00000053530,ENSDARG00000056587,ENSDARG00000026548,ENSDARG00000092660"
"49","0.50","GOTERM_MF_DIRECT","oxidoreductase activity","19","637","686","21154","2.55","7.56e-1","1.00e+0","0.92","1.00e+0","1.00e+0","6.79e-1","ENSDARG00000027469,ENSDARG00000105060,ENSDARG00000053530,ENSDARG00000056587,ENSDARG00000078452,ENSDARG00000053493,ENSDARG00000038297,ENSDARG00000038176,ENSDARG00000026548,ENSDARG00000078481,ENSDARG00000092660,ENSDARG00000036061,ENSDARG00000061354,ENSDARG00000061145,ENSDARG00000037550,ENSDARG00000035872,ENSDARG00000037906,ENSDARG00000102512,ENSDARG00000102254"
"50","0.49","UP_SEQ_FEATURE","DOMAIN:VWFC","3","656","31","21277","0.40","2.47e-1","1.00e+0","3.14","1.00e+0","1.00e+0","6.93e-2","ENSDARG00000101980,ENSDARG00000024847,ENSDARG00000053460"
"50","0.49","SMART","VWC","3","372","41","13267","0.40","3.19e-1","1.00e+0","2.61","1.00e+0","1.00e+0","1.07e-1","ENSDARG00000101980,ENSDARG00000024847,ENSDARG00000053460"
"50","0.49","INTERPRO","VWF_dom","3","719","47","23408","0.40","4.25e-1","1.00e+0","2.08","1.00e+0","1.00e+0","1.75e-1","ENSDARG00000101980,ENSDARG00000024847,ENSDARG00000053460"
"51","0.49","GOTERM_BP_DIRECT","regulation of translational initiation","3","644","16","20756","0.40","8.64e-2","1.00e+0","6.04","1.00e+0","1.00e+0","1.23e-2","ENSDARG00000102080,ENSDARG00000010481,ENSDARG00000102578"
"51","0.49","UP_KW_BIOLOGICAL_PROCESS","Translation regulation","4","257","93","8466","0.54","5.37e-1","1.00e+0","1.42","1.00e+0","1.00e+0","3.12e-1","ENSDARG00000008706,ENSDARG00000102080,ENSDARG00000010481,ENSDARG00000102578"
"51","0.49","GOTERM_BP_DIRECT","regulation of translation","4","644","122","20756","0.54","7.33e-1","1.00e+0","1.06","1.00e+0","1.00e+0","5.27e-1","ENSDARG00000008706,ENSDARG00000102080,ENSDARG00000010481,ENSDARG00000102578"
"52","0.49","UP_KW_LIGAND","Sodium","8","238","155","7893","1.07","1.85e-1","8.30e-1","1.71","9.96e-1","8.30e-1","9.63e-2","ENSDARG00000012002,ENSDARG00000074860,ENSDARG00000024771,ENSDARG00000100592,ENSDARG00000036546,ENSDARG00000007129,ENSDARG00000078560,ENSDARG00000087120"
"52","0.49","GOTERM_BP_DIRECT","sodium ion transport","6","644","98","20756","0.81","1.88e-1","1.00e+0","1.97","1.00e+0","1.00e+0","8.44e-2","ENSDARG00000012002,ENSDARG00000074860,ENSDARG00000024771,ENSDARG00000100592,ENSDARG00000078560,ENSDARG00000087120"
"52","0.49","UP_KW_BIOLOGICAL_PROCESS","Sodium transport","5","257","96","8466","0.67","3.31e-1","1.00e+0","1.72","1.00e+0","1.00e+0","1.67e-1","ENSDARG00000012002,ENSDARG00000074860,ENSDARG00000024771,ENSDARG00000100592,ENSDARG00000087120"
"52","0.49","UP_KW_BIOLOGICAL_PROCESS","Symport","5","257","116","8466","0.67","4.67e-1","1.00e+0","1.42","1.00e+0","1.00e+0","2.76e-1","ENSDARG00000052138,ENSDARG00000074860,ENSDARG00000024771,ENSDARG00000007129,ENSDARG00000087120"
"52","0.49","GOTERM_MF_DIRECT","symporter activity","4","637","116","21154","0.54","6.82e-1","1.00e+0","1.15","1.00e+0","1.00e+0","4.64e-1","ENSDARG00000052138,ENSDARG00000074860,ENSDARG00000024771,ENSDARG00000007129"
"53","0.48","KEGG_PATHWAY","Notch signaling pathway","4","282","85","21890","0.54","9.63e-2","2.69e-1","3.65","1.00e+0","2.00e-1","2.42e-2","ENSDARG00000055798,ENSDARG00000069006,ENSDARG00000005612,ENSDARG00000037879"
"53","0.48","UP_KW_BIOLOGICAL_PROCESS","Notch signaling pathway","3","257","52","8466","0.40","4.70e-1","1.00e+0","1.90","1.00e+0","1.00e+0","2.09e-1","ENSDARG00000055798,ENSDARG00000005612,ENSDARG00000037879"
"53","0.48","GOTERM_BP_DIRECT","Notch signaling pathway","3","644","95","20756","0.40","7.98e-1","1.00e+0","1.02","1.00e+0","1.00e+0","5.69e-1","ENSDARG00000055798,ENSDARG00000005612,ENSDARG00000037879"
"54","0.46","UP_KW_BIOLOGICAL_PROCESS","Differentiation","16","257","427","8466","2.15","3.12e-1","1.00e+0","1.23","1.00e+0","1.00e+0","2.25e-1","ENSDARG00000074661,ENSDARG00000061304,ENSDARG00000068708,ENSDARG00000062972,ENSDARG00000018903,ENSDARG00000059951,ENSDARG00000060741,ENSDARG00000031372,ENSDARG00000006396,ENSDARG00000030110,ENSDARG00000104049,ENSDARG00000019646,ENSDARG00000069640,ENSDARG00000031317,ENSDARG00000037879,ENSDARG00000100232"
"54","0.46","UP_KW_MOLECULAR_FUNCTION","Developmental protein","28","352","838","11803","3.76","3.60e-1","1.00e+0","1.12","1.00e+0","1.00e+0","2.92e-1","ENSDARG00000055798,ENSDARG00000008305,ENSDARG00000068708,ENSDARG00000031372,ENSDARG00000087195,ENSDARG00000018611,ENSDARG00000010630,ENSDARG00000019646,ENSDARG00000069640,ENSDARG00000058815,ENSDARG00000037879,ENSDARG00000031317,ENSDARG00000100232,ENSDARG00000054438,ENSDARG00000030703,ENSDARG00000074661,ENSDARG00000088805,ENSDARG00000061304,ENSDARG00000037362,ENSDARG00000076420,ENSDARG00000018903,ENSDARG00000100149,ENSDARG00000006396,ENSDARG00000030110,ENSDARG00000101279,ENSDARG00000011579,ENSDARG00000031768,ENSDARG00000102464"
"54","0.46","UP_KW_MOLECULAR_FUNCTION","Developmental protein","28","352","838","11803","3.76","3.60e-1","1.00e+0","1.12","1.00e+0","1.00e+0","2.92e-1","ENSDARG00000055798,ENSDARG00000008305,ENSDARG00000068708,ENSDARG00000031372,ENSDARG00000087195,ENSDARG00000018611,ENSDARG00000010630,ENSDARG00000019646,ENSDARG00000069640,ENSDARG00000058815,ENSDARG00000037879,ENSDARG00000031317,ENSDARG00000100232,ENSDARG00000054438,ENSDARG00000030703,ENSDARG00000074661,ENSDARG00000088805,ENSDARG00000061304,ENSDARG00000037362,ENSDARG00000076420,ENSDARG00000018903,ENSDARG00000100149,ENSDARG00000006396,ENSDARG00000030110,ENSDARG00000101279,ENSDARG00000011579,ENSDARG00000031768,ENSDARG00000102464"
"55","0.44","KEGG_PATHWAY","ABC transporters","3","282","50","21890","0.40","1.35e-1","3.13e-1","4.66","1.00e+0","2.33e-1","2.66e-2","ENSDARG00000096662,ENSDARG00000021787,ENSDARG00000016818"
"55","0.44","UP_KW_MOLECULAR_FUNCTION","Translocase","6","352","101","11803","0.81","1.82e-1","1.00e+0","1.99","1.00e+0","1.00e+0","8.12e-2","ENSDARG00000096662,ENSDARG00000002840,ENSDARG00000021787,ENSDARG00000016818,ENSDARG00000020574,ENSDARG00000038176"
"55","0.44","INTERPRO","AAA_lid_3","3","719","30","23408","0.40","2.34e-1","1.00e+0","3.26","1.00e+0","1.00e+0","6.34e-2","ENSDARG00000061763,ENSDARG00000007654,ENSDARG00000068187"
"55","0.44","SMART","AAA","7","372","155","13267","0.94","2.67e-1","1.00e+0","1.61","1.00e+0","1.00e+0","1.46e-1","ENSDARG00000096662,ENSDARG00000101161,ENSDARG00000061763,ENSDARG00000021787,ENSDARG00000016818,ENSDARG00000007654,ENSDARG00000068187"
"55","0.44","UP_SEQ_FEATURE","DOMAIN:AAA+ ATPase","4","656","59","21277","0.54","2.73e-1","1.00e+0","2.20","1.00e+0","1.00e+0","1.08e-1","ENSDARG00000101161,ENSDARG00000061763,ENSDARG00000007654,ENSDARG00000068187"
"55","0.44","INTERPRO","AAA+_ATPase","7","719","155","23408","0.94","3.40e-1","1.00e+0","1.47","1.00e+0","1.00e+0","2.00e-1","ENSDARG00000096662,ENSDARG00000101161,ENSDARG00000061763,ENSDARG00000021787,ENSDARG00000016818,ENSDARG00000007654,ENSDARG00000068187"
"55","0.44","UP_SEQ_FEATURE","DOMAIN:ABC transporter","3","656","50","21277","0.40","4.58e-1","1.00e+0","1.95","1.00e+0","1.00e+0","2.00e-1","ENSDARG00000096662,ENSDARG00000021787,ENSDARG00000016818"
"55","0.44","GOTERM_MF_DIRECT","ABC-type transporter activity","3","637","52","21154","0.40","4.66e-1","1.00e+0","1.92","1.00e+0","1.00e+0","2.06e-1","ENSDARG00000096662,ENSDARG00000021787,ENSDARG00000016818"
"55","0.44","INTERPRO","ABC_transporter-like_ATP-bd","3","719","54","23408","0.40","4.97e-1","1.00e+0","1.81","1.00e+0","1.00e+0","2.30e-1","ENSDARG00000096662,ENSDARG00000021787,ENSDARG00000016818"
"55","0.44","INTERPRO","ATPase_AAA_core","3","719","55","23408","0.40","5.06e-1","1.00e+0","1.78","1.00e+0","1.00e+0","2.39e-1","ENSDARG00000061763,ENSDARG00000007654,ENSDARG00000068187"
"55","0.44","GOTERM_MF_DIRECT","ATP hydrolysis activity","10","637","330","21154","1.34","6.63e-1","1.00e+0","1.01","1.00e+0","1.00e+0","5.37e-1","ENSDARG00000096662,ENSDARG00000002840,ENSDARG00000099996,ENSDARG00000101161,ENSDARG00000061763,ENSDARG00000021787,ENSDARG00000016818,ENSDARG00000020574,ENSDARG00000007654,ENSDARG00000068187"
"55","0.44","GOTERM_BP_DIRECT","anatomical structure morphogenesis","7","644","332","20756","0.94","9.47e-1","1.00e+0","0.68","1.00e+0","1.00e+0","8.93e-1","ENSDARG00000040123,ENSDARG00000061763,ENSDARG00000078898,ENSDARG00000102556,ENSDARG00000007654,ENSDARG00000068187,ENSDARG00000076297"
"56","0.41","SMART","TBC","3","372","42","13267","0.40","3.29e-1","1.00e+0","2.55","1.00e+0","1.00e+0","1.13e-1","ENSDARG00000088972,ENSDARG00000005927,ENSDARG00000037408"
"56","0.41","UP_SEQ_FEATURE","DOMAIN:Rab-GAP TBC","3","656","43","21277","0.40","3.83e-1","1.00e+0","2.26","1.00e+0","1.00e+0","1.46e-1","ENSDARG00000088972,ENSDARG00000005927,ENSDARG00000037408"
"56","0.41","INTERPRO","Rab-GAP-TBC_dom","3","719","44","23408","0.40","3.93e-1","1.00e+0","2.22","1.00e+0","1.00e+0","1.52e-1","ENSDARG00000088972,ENSDARG00000005927,ENSDARG00000037408"
"56","0.41","INTERPRO","Rab-GAP_TBC_sf","3","719","45","23408","0.40","4.04e-1","1.00e+0","2.17","1.00e+0","1.00e+0","1.60e-1","ENSDARG00000088972,ENSDARG00000005927,ENSDARG00000037408"
"56","0.41","UP_KW_MOLECULAR_FUNCTION","GTPase activation","7","352","179","11803","0.94","4.42e-1","1.00e+0","1.31","1.00e+0","1.00e+0","2.86e-1","ENSDARG00000088972,ENSDARG00000061798,ENSDARG00000078775,ENSDARG00000005927,ENSDARG00000078326,ENSDARG00000037408,ENSDARG00000026329"
"57","0.40","INTERPRO","Netrin_module_non-TIMP","3","719","27","23408","0.40","2.00e-1","1.00e+0","3.62","1.00e+0","1.00e+0","4.89e-2","ENSDARG00000001818,ENSDARG00000101364,ENSDARG00000093068"
"57","0.40","INTERPRO","Netrin_domain","3","719","35","23408","0.40","2.92e-1","1.00e+0","2.79","1.00e+0","1.00e+0","9.16e-2","ENSDARG00000001818,ENSDARG00000101364,ENSDARG00000093068"
"57","0.40","UP_SEQ_FEATURE","DOMAIN:NTR","3","656","35","21277","0.40","2.93e-1","1.00e+0","2.78","1.00e+0","1.00e+0","9.24e-2","ENSDARG00000001818,ENSDARG00000101364,ENSDARG00000093068"
"57","0.40","INTERPRO","TIMP-like_OB-fold","3","719","37","23408","0.40","3.15e-1","1.00e+0","2.64","1.00e+0","1.00e+0","1.04e-1","ENSDARG00000001818,ENSDARG00000101364,ENSDARG00000093068"
"57","0.40","UP_KW_MOLECULAR_FUNCTION","Serine protease inhibitor","4","352","69","11803","0.54","3.38e-1","1.00e+0","1.94","1.00e+0","1.00e+0","1.50e-1","ENSDARG00000034168,ENSDARG00000001818,ENSDARG00000101364,ENSDARG00000093068"
"57","0.40","UP_KW_MOLECULAR_FUNCTION","Protease inhibitor","4","352","91","11803","0.54","5.11e-1","1.00e+0","1.47","1.00e+0","1.00e+0","2.88e-1","ENSDARG00000034168,ENSDARG00000001818,ENSDARG00000101364,ENSDARG00000093068"
"57","0.40","GOTERM_MF_DIRECT","serine-type endopeptidase inhibitor activity","4","637","105","21154","0.54","6.15e-1","1.00e+0","1.27","1.00e+0","1.00e+0","3.90e-1","ENSDARG00000034168,ENSDARG00000001818,ENSDARG00000101364,ENSDARG00000093068"
"57","0.40","GOTERM_BP_DIRECT","negative regulation of peptidase activity","3","644","70","20756","0.40","6.43e-1","1.00e+0","1.38","1.00e+0","1.00e+0","3.71e-1","ENSDARG00000001818,ENSDARG00000101364,ENSDARG00000093068"
"57","0.40","GOTERM_MF_DIRECT","peptidase inhibitor activity","3","637","83","21154","0.40","7.17e-1","1.00e+0","1.20","1.00e+0","1.00e+0","4.58e-1","ENSDARG00000001818,ENSDARG00000101364,ENSDARG00000093068"
"58","0.39","SMART","SAM","5","372","98","13267","0.67","2.94e-1","1.00e+0","1.82","1.00e+0","1.00e+0","1.41e-1","ENSDARG00000045519,ENSDARG00000098674,ENSDARG00000036846,ENSDARG00000061304,ENSDARG00000077053"
"58","0.39","UP_SEQ_FEATURE","DOMAIN:SAM","5","656","103","21277","0.67","3.92e-1","1.00e+0","1.57","1.00e+0","1.00e+0","2.12e-1","ENSDARG00000045519,ENSDARG00000098674,ENSDARG00000036846,ENSDARG00000061304,ENSDARG00000077053"
"58","0.39","INTERPRO","SAM","5","719","115","23408","0.67","4.71e-1","1.00e+0","1.42","1.00e+0","1.00e+0","2.79e-1","ENSDARG00000045519,ENSDARG00000098674,ENSDARG00000036846,ENSDARG00000061304,ENSDARG00000077053"
"58","0.39","INTERPRO","SAM/pointed_sf","6","719","152","23408","0.81","5.01e-1","1.00e+0","1.29","1.00e+0","1.00e+0","3.25e-1","ENSDARG00000045519,ENSDARG00000098674,ENSDARG00000057984,ENSDARG00000036846,ENSDARG00000061304,ENSDARG00000077053"
"59","0.38","GOTERM_CC_DIRECT","monoatomic ion channel complex","10","683","162","22190","1.34","6.30e-2","1.00e+0","2.01","1.00e+0","9.97e-1","2.86e-2","ENSDARG00000017108,ENSDARG00000062565,ENSDARG00000008772,ENSDARG00000014098,ENSDARG00000037905,ENSDARG00000068110,ENSDARG00000078283,ENSDARG00000070626,ENSDARG00000104389,ENSDARG00000088100"
"59","0.38","UP_KW_BIOLOGICAL_PROCESS","Potassium transport","5","257","110","8466","0.67","4.27e-1","1.00e+0","1.50","1.00e+0","1.00e+0","2.42e-1","ENSDARG00000017108,ENSDARG00000062565,ENSDARG00000014098,ENSDARG00000024771,ENSDARG00000088100"
"59","0.38","UP_KW_LIGAND","Potassium","7","238","183","7893","0.94","4.73e-1","1.00e+0","1.27","1.00e+0","1.00e+0","3.13e-1","ENSDARG00000017108,ENSDARG00000062565,ENSDARG00000014098,ENSDARG00000024771,ENSDARG00000068110,ENSDARG00000104389,ENSDARG00000088100"
"59","0.38","UP_KW_MOLECULAR_FUNCTION","Potassium channel","4","352","86","11803","0.54","4.73e-1","1.00e+0","1.56","1.00e+0","1.00e+0","2.55e-1","ENSDARG00000017108,ENSDARG00000062565,ENSDARG00000014098,ENSDARG00000088100"
"59","0.38","GOTERM_MF_DIRECT","potassium channel activity","4","637","100","21154","0.54","5.82e-1","1.00e+0","1.33","1.00e+0","1.00e+0","3.55e-1","ENSDARG00000017108,ENSDARG00000062565,ENSDARG00000014098,ENSDARG00000088100"
"59","0.38","UP_KW_MOLECULAR_FUNCTION","Voltage-gated channel","4","352","105","11803","0.54","6.08e-1","1.00e+0","1.28","1.00e+0","1.00e+0","3.83e-1","ENSDARG00000017108,ENSDARG00000062565,ENSDARG00000014098,ENSDARG00000088100"
"59","0.38","GOTERM_BP_DIRECT","potassium ion transmembrane transport","5","644","142","20756","0.67","6.45e-1","1.00e+0","1.13","1.00e+0","1.00e+0","4.51e-1","ENSDARG00000017108,ENSDARG00000062565,ENSDARG00000045483,ENSDARG00000014098,ENSDARG00000078560"
"59","0.38","GOTERM_BP_DIRECT","potassium ion transport","5","644","153","20756","0.67","7.02e-1","1.00e+0","1.05","1.00e+0","1.00e+0","5.17e-1","ENSDARG00000017108,ENSDARG00000062565,ENSDARG00000014098,ENSDARG00000024771,ENSDARG00000104389"
"60","0.37","GOTERM_BP_DIRECT","protein O-linked glycosylation","5","644","55","20756","0.67","9.04e-2","1.00e+0","2.93","1.00e+0","1.00e+0","2.75e-2","ENSDARG00000061496,ENSDARG00000079700,ENSDARG00000061335,ENSDARG00000061432,ENSDARG00000010941"
"60","0.37","UP_KW_DOMAIN","Signal-anchor","11","430","312","14291","1.48","4.62e-1","1.00e+0","1.17","1.00e+0","1.00e+0","3.39e-1","ENSDARG00000063621,ENSDARG00000061496,ENSDARG00000017128,ENSDARG00000079700,ENSDARG00000061335,ENSDARG00000059557,ENSDARG00000022550,ENSDARG00000059616,ENSDARG00000089706,ENSDARG00000037879,ENSDARG00000010941"
"60","0.37","GOTERM_MF_DIRECT","glycosyltransferase activity","10","637","309","21154","1.34","5.86e-1","1.00e+0","1.07","1.00e+0","1.00e+0","4.65e-1","ENSDARG00000079700,ENSDARG00000061335,ENSDARG00000059557,ENSDARG00000061432,ENSDARG00000022550,ENSDARG00000053917,ENSDARG00000036619,ENSDARG00000021899,ENSDARG00000037879,ENSDARG00000010941"
"60","0.37","GOTERM_MF_DIRECT","hexosyltransferase activity","4","637","119","21154","0.54","6.98e-1","1.00e+0","1.12","1.00e+0","1.00e+0","4.83e-1","ENSDARG00000079700,ENSDARG00000061335,ENSDARG00000061432,ENSDARG00000021899"
"60","0.37","UP_KW_MOLECULAR_FUNCTION","Glycosyltransferase","4","352","143","11803","0.54","8.03e-1","1.00e+0","0.94","1.00e+0","1.00e+0","6.21e-1","ENSDARG00000059557,ENSDARG00000022550,ENSDARG00000037879,ENSDARG00000010941"
"61","0.37","GOTERM_MF_DIRECT","GTPase activator activity","12","637","268","21154","1.61","1.87e-1","1.00e+0","1.49","1.00e+0","1.00e+0","1.12e-1","ENSDARG00000019360,ENSDARG00000034409,ENSDARG00000088972,ENSDARG00000061798,ENSDARG00000078775,ENSDARG00000005927,ENSDARG00000030020,ENSDARG00000078326,ENSDARG00000091573,ENSDARG00000037408,ENSDARG00000037925,ENSDARG00000026329"
"61","0.37","UP_KW_MOLECULAR_FUNCTION","GTPase activation","7","352","179","11803","0.94","4.42e-1","1.00e+0","1.31","1.00e+0","1.00e+0","2.86e-1","ENSDARG00000088972,ENSDARG00000061798,ENSDARG00000078775,ENSDARG00000005927,ENSDARG00000078326,ENSDARG00000037408,ENSDARG00000026329"
"61","0.37","SMART","RhoGAP","4","372","94","13267","0.54","4.91e-1","1.00e+0","1.52","1.00e+0","1.00e+0","2.70e-1","ENSDARG00000034409,ENSDARG00000061798,ENSDARG00000078326,ENSDARG00000026329"
"61","0.37","INTERPRO","Rho_GTPase_activation_prot","5","719","124","23408","0.67","5.30e-1","1.00e+0","1.31","1.00e+0","1.00e+0","3.33e-1","ENSDARG00000034409,ENSDARG00000061798,ENSDARG00000078775,ENSDARG00000078326,ENSDARG00000026329"
"61","0.37","UP_SEQ_FEATURE","DOMAIN:Rho-GAP","4","656","91","21277","0.54","5.34e-1","1.00e+0","1.43","1.00e+0","1.00e+0","3.09e-1","ENSDARG00000034409,ENSDARG00000061798,ENSDARG00000078326,ENSDARG00000026329"
"61","0.37","INTERPRO","RhoGAP_dom","4","719","95","23408","0.54","5.61e-1","1.00e+0","1.37","1.00e+0","1.00e+0","3.34e-1","ENSDARG00000034409,ENSDARG00000061798,ENSDARG00000078326,ENSDARG00000026329"
"62","0.33","GOTERM_CC_DIRECT","mitochondrial large ribosomal subunit","4","683","39","22190","0.54","1.17e-1","1.00e+0","3.33","1.00e+0","9.97e-1","3.12e-2","ENSDARG00000075677,ENSDARG00000008920,ENSDARG00000094277,ENSDARG00000016307"
"62","0.33","GOTERM_CC_DIRECT","ribosome","8","683","173","22190","1.07","2.83e-1","1.00e+0","1.50","1.00e+0","9.97e-1","1.66e-1","ENSDARG00000010160,ENSDARG00000075129,ENSDARG00000075677,ENSDARG00000008920,ENSDARG00000091124,ENSDARG00000013307,ENSDARG00000094277,ENSDARG00000016307"
"62","0.33","UP_KW_MOLECULAR_FUNCTION","Ribonucleoprotein","9","352","215","11803","1.21","3.10e-1","1.00e+0","1.40","1.00e+0","1.00e+0","1.90e-1","ENSDARG00000020363,ENSDARG00000010160,ENSDARG00000036675,ENSDARG00000008920,ENSDARG00000091124,ENSDARG00000013307,ENSDARG00000094277,ENSDARG00000039989,ENSDARG00000016307"
"62","0.33","UP_KW_MOLECULAR_FUNCTION","Ribosomal protein","3","352","65","11803","0.40","5.80e-1","1.00e+0","1.55","1.00e+0","1.00e+0","3.06e-1","ENSDARG00000010160,ENSDARG00000091124,ENSDARG00000013307"
"62","0.33","GOTERM_CC_DIRECT","ribonucleoprotein complex","11","683","335","22190","1.48","5.82e-1","1.00e+0","1.07","1.00e+0","9.97e-1","4.56e-1","ENSDARG00000020363,ENSDARG00000010160,ENSDARG00000075129,ENSDARG00000036675,ENSDARG00000075677,ENSDARG00000008920,ENSDARG00000091124,ENSDARG00000013307,ENSDARG00000094277,ENSDARG00000039989,ENSDARG00000016307"
"62","0.33","GOTERM_MF_DIRECT","structural constituent of ribosome","5","637","159","21154","0.67","7.08e-1","1.00e+0","1.04","1.00e+0","1.00e+0","5.24e-1","ENSDARG00000010160,ENSDARG00000075129,ENSDARG00000075677,ENSDARG00000013307,ENSDARG00000016307"
"62","0.33","GOTERM_BP_DIRECT","translation","7","644","297","20756","0.94","9.01e-1","1.00e+0","0.76","1.00e+0","1.00e+0","8.18e-1","ENSDARG00000018903,ENSDARG00000102997,ENSDARG00000010160,ENSDARG00000075129,ENSDARG00000075677,ENSDARG00000013307,ENSDARG00000016889"
"62","0.33","KEGG_PATHWAY","Ribosome","7","282","4198","21890","0.94","1.00e+0","1.00e+0","0.13","1.00e+0","1.00e+0","1.00e+0","ENSDARG00000010160,ENSDARG00000075129,ENSDARG00000075677,ENSDARG00000008920,ENSDARG00000013307,ENSDARG00000094277,ENSDARG00000016307"
"63","0.32","SMART","IGc2","13","372","270","13267","1.74","7.72e-2","1.00e+0","1.72","1.00e+0","1.00e+0","4.18e-2","ENSDARG00000090190,ENSDARG00000075433,ENSDARG00000004597,ENSDARG00000079175,ENSDARG00000039256,ENSDARG00000091579,ENSDARG00000006396,ENSDARG00000039500,ENSDARG00000101364,ENSDARG00000069402,ENSDARG00000104665,ENSDARG00000030157,ENSDARG00000105630"
"63","0.32","INTERPRO","Ig_I-set","10","719","179","23408","1.34","1.01e-1","1.00e+0","1.82","1.00e+0","1.00e+0","5.02e-2","ENSDARG00000075433,ENSDARG00000039256,ENSDARG00000006396,ENSDARG00000039500,ENSDARG00000069402,ENSDARG00000101364,ENSDARG00000104665,ENSDARG00000030157,ENSDARG00000004597,ENSDARG00000105630"
"63","0.32","INTERPRO","Ig_sub2","13","719","270","23408","1.74","1.29e-1","1.00e+0","1.57","1.00e+0","1.00e+0","7.51e-2","ENSDARG00000090190,ENSDARG00000075433,ENSDARG00000004597,ENSDARG00000079175,ENSDARG00000039256,ENSDARG00000091579,ENSDARG00000006396,ENSDARG00000039500,ENSDARG00000101364,ENSDARG00000069402,ENSDARG00000104665,ENSDARG00000030157,ENSDARG00000105630"
"63","0.32","UP_KW_DOMAIN","Immunoglobulin domain","13","430","391","14291","1.74","5.16e-1","1.00e+0","1.10","1.00e+0","1.00e+0","3.92e-1","ENSDARG00000090190,ENSDARG00000075433,ENSDARG00000004597,ENSDARG00000079175,ENSDARG00000039256,ENSDARG00000006396,ENSDARG00000058248,ENSDARG00000039500,ENSDARG00000101364,ENSDARG00000069402,ENSDARG00000104665,ENSDARG00000030157,ENSDARG00000105630"
"63","0.32","SMART","FN3","6","372","181","13267","0.81","5.74e-1","1.00e+0","1.18","1.00e+0","1.00e+0","3.97e-1","ENSDARG00000075433,ENSDARG00000090834,ENSDARG00000039256,ENSDARG00000006396,ENSDARG00000039500,ENSDARG00000030157"
"63","0.32","SMART","IG","15","372","536","13267","2.01","6.42e-1","1.00e+0","1.00","1.00e+0","1.00e+0","5.41e-1","ENSDARG00000090190,ENSDARG00000093074,ENSDARG00000075433,ENSDARG00000004597,ENSDARG00000079175,ENSDARG00000100809,ENSDARG00000039256,ENSDARG00000091579,ENSDARG00000006396,ENSDARG00000039500,ENSDARG00000101364,ENSDARG00000069402,ENSDARG00000104665,ENSDARG00000030157,ENSDARG00000105630"
"63","0.32","INTERPRO","FN3_sf","8","719","254","23408","1.07","6.65e-1","1.00e+0","1.03","1.00e+0","1.00e+0","5.22e-1","ENSDARG00000075433,ENSDARG00000090834,ENSDARG00000039256,ENSDARG00000006396,ENSDARG00000039500,ENSDARG00000069961,ENSDARG00000030157,ENSDARG00000010941"
"63","0.32","INTERPRO","FN3_dom","7","719","241","23408","0.94","7.52e-1","1.00e+0","0.95","1.00e+0","1.00e+0","6.12e-1","ENSDARG00000075433,ENSDARG00000090834,ENSDARG00000039256,ENSDARG00000006396,ENSDARG00000039500,ENSDARG00000030157,ENSDARG00000010941"
"63","0.32","INTERPRO","Ig_sub","15","719","536","23408","2.01","7.67e-1","1.00e+0","0.91","1.00e+0","1.00e+0","6.80e-1","ENSDARG00000090190,ENSDARG00000093074,ENSDARG00000075433,ENSDARG00000004597,ENSDARG00000079175,ENSDARG00000100809,ENSDARG00000039256,ENSDARG00000091579,ENSDARG00000006396,ENSDARG00000039500,ENSDARG00000101364,ENSDARG00000069402,ENSDARG00000104665,ENSDARG00000030157,ENSDARG00000105630"
"63","0.32","UP_SEQ_FEATURE","DOMAIN:Fibronectin type-III","6","656","211","21277","0.81","7.82e-1","1.00e+0","0.92","1.00e+0","1.00e+0","6.36e-1","ENSDARG00000075433,ENSDARG00000090834,ENSDARG00000006396,ENSDARG00000039500,ENSDARG00000030157,ENSDARG00000010941"
"63","0.32","INTERPRO","Ig-like_dom","16","719","616","23408","2.15","8.52e-1","1.00e+0","0.85","1.00e+0","1.00e+0","7.88e-1","ENSDARG00000090190,ENSDARG00000093074,ENSDARG00000075433,ENSDARG00000004597,ENSDARG00000079175,ENSDARG00000009825,ENSDARG00000100809,ENSDARG00000039256,ENSDARG00000091579,ENSDARG00000006396,ENSDARG00000039500,ENSDARG00000101364,ENSDARG00000069402,ENSDARG00000104665,ENSDARG00000030157,ENSDARG00000105630"
"63","0.32","UP_SEQ_FEATURE","DOMAIN:Ig-like","14","656","544","21277","1.88","8.59e-1","1.00e+0","0.83","1.00e+0","1.00e+0","7.91e-1","ENSDARG00000090190,ENSDARG00000093074,ENSDARG00000075433,ENSDARG00000004597,ENSDARG00000079175,ENSDARG00000009825,ENSDARG00000100809,ENSDARG00000091579,ENSDARG00000006396,ENSDARG00000039500,ENSDARG00000069402,ENSDARG00000104665,ENSDARG00000030157,ENSDARG00000105630"
"63","0.32","INTERPRO","Ig-like_fold","25","719","995","23408","3.36","9.10e-1","1.00e+0","0.82","1.00e+0","1.00e+0","8.75e-1","ENSDARG00000093074,ENSDARG00000045453,ENSDARG00000076297,ENSDARG00000100809,ENSDARG00000090834,ENSDARG00000039256,ENSDARG00000094832,ENSDARG00000069402,ENSDARG00000101364,ENSDARG00000069961,ENSDARG00000102556,ENSDARG00000090190,ENSDARG00000075433,ENSDARG00000093068,ENSDARG00000004597,ENSDARG00000079175,ENSDARG00000009825,ENSDARG00000001818,ENSDARG00000091579,ENSDARG00000039500,ENSDARG00000006396,ENSDARG00000104665,ENSDARG00000030157,ENSDARG00000105630,ENSDARG00000010941"
"63","0.32","INTERPRO","Ig-like_dom_sf","16","719","682","23408","2.15","9.32e-1","1.00e+0","0.76","1.00e+0","1.00e+0","8.94e-1","ENSDARG00000090190,ENSDARG00000093074,ENSDARG00000075433,ENSDARG00000004597,ENSDARG00000079175,ENSDARG00000009825,ENSDARG00000100809,ENSDARG00000039256,ENSDARG00000091579,ENSDARG00000006396,ENSDARG00000039500,ENSDARG00000101364,ENSDARG00000069402,ENSDARG00000104665,ENSDARG00000030157,ENSDARG00000105630"
"64","0.31","GOTERM_CC_DIRECT","nuclear speck","7","683","127","22190","0.94","1.97e-1","1.00e+0","1.79","1.00e+0","9.97e-1","9.75e-2","ENSDARG00000018319,ENSDARG00000041402,ENSDARG00000019223,ENSDARG00000116743,ENSDARG00000055124,ENSDARG00000063726,ENSDARG00000100232"
"64","0.31","GOTERM_BP_DIRECT","RNA splicing","9","644","193","20756","1.21","2.50e-1","1.00e+0","1.50","1.00e+0","1.00e+0","1.47e-1","ENSDARG00000035023,ENSDARG00000045691,ENSDARG00000018319,ENSDARG00000041533,ENSDARG00000019223,ENSDARG00000116743,ENSDARG00000031346,ENSDARG00000037965,ENSDARG00000063726"
"64","0.31","UP_KW_BIOLOGICAL_PROCESS","mRNA splicing","7","257","180","8466","0.94","4.63e-1","1.00e+0","1.28","1.00e+0","1.00e+0","3.06e-1","ENSDARG00000035023,ENSDARG00000045691,ENSDARG00000018319,ENSDARG00000019223,ENSDARG00000116743,ENSDARG00000037965,ENSDARG00000063726"
"64","0.31","GOTERM_CC_DIRECT","spliceosomal complex","5","683","116","22190","0.67","4.80e-1","1.00e+0","1.40","1.00e+0","9.97e-1","2.86e-1","ENSDARG00000035023,ENSDARG00000045691,ENSDARG00000031346,ENSDARG00000037965,ENSDARG00000077461"
"64","0.31","UP_KW_BIOLOGICAL_PROCESS","mRNA processing","7","257","234","8466","0.94","7.16e-1","1.00e+0","0.99","1.00e+0","1.00e+0","5.70e-1","ENSDARG00000035023,ENSDARG00000045691,ENSDARG00000018319,ENSDARG00000019223,ENSDARG00000116743,ENSDARG00000037965,ENSDARG00000063726"
"64","0.31","UP_KW_CELLULAR_COMPONENT","Spliceosome","3","509","96","16344","0.40","8.04e-1","1.00e+0","1.00","1.00e+0","1.00e+0","5.79e-1","ENSDARG00000045691,ENSDARG00000031346,ENSDARG00000037965"
"64","0.31","GOTERM_BP_DIRECT","mRNA processing","8","644","497","20756","1.07","9.95e-1","1.00e+0","0.52","1.00e+0","1.00e+0","9.88e-1","ENSDARG00000035023,ENSDARG00000045691,ENSDARG00000018319,ENSDARG00000019223,ENSDARG00000116743,ENSDARG00000031346,ENSDARG00000037965,ENSDARG00000063726"
"65","0.31","INTERPRO","Thioredoxin_domain","3","719","42","23408","0.40","3.71e-1","1.00e+0","2.33","1.00e+0","1.00e+0","1.38e-1","ENSDARG00000101291,ENSDARG00000034777,ENSDARG00000019008"
"65","0.31","UP_SEQ_FEATURE","DOMAIN:Thioredoxin","3","656","43","21277","0.40","3.83e-1","1.00e+0","2.26","1.00e+0","1.00e+0","1.46e-1","ENSDARG00000101291,ENSDARG00000034777,ENSDARG00000019008"
"65","0.31","INTERPRO","Thioredoxin-like_sf","4","719","139","23408","0.54","8.03e-1","1.00e+0","0.94","1.00e+0","1.00e+0","6.22e-1","ENSDARG00000101291,ENSDARG00000034777,ENSDARG00000008920,ENSDARG00000019008"
"66","0.31","GOTERM_CC_DIRECT","endoplasmic reticulum membrane","29","683","816","22190","3.89","2.95e-1","1.00e+0","1.15","1.00e+0","9.97e-1","2.38e-1","ENSDARG00000000442,ENSDARG00000002840,ENSDARG00000019360,ENSDARG00000053530,ENSDARG00000005254,ENSDARG00000056587,ENSDARG00000020574,ENSDARG00000063438,ENSDARG00000053070,ENSDARG00000101602,ENSDARG00000037550,ENSDARG00000014098,ENSDARG00000035872,ENSDARG00000019008,ENSDARG00000100752,ENSDARG00000058815,ENSDARG00000074466,ENSDARG00000054458,ENSDARG00000074661,ENSDARG00000044551,ENSDARG00000077155,ENSDARG00000026548,ENSDARG00000078186,ENSDARG00000059534,ENSDARG00000038213,ENSDARG00000017255,ENSDARG00000053917,ENSDARG00000059835,ENSDARG00000010941"
"66","0.31","UP_KW_CELLULAR_COMPONENT","Endoplasmic reticulum","27","509","800","16344","3.62","4.37e-1","1.00e+0","1.08","1.00e+0","1.00e+0","3.59e-1","ENSDARG00000000442,ENSDARG00000002840,ENSDARG00000053530,ENSDARG00000005254,ENSDARG00000056587,ENSDARG00000063438,ENSDARG00000063621,ENSDARG00000053070,ENSDARG00000101602,ENSDARG00000037550,ENSDARG00000014098,ENSDARG00000035872,ENSDARG00000058815,ENSDARG00000054458,ENSDARG00000074661,ENSDARG00000044551,ENSDARG00000077155,ENSDARG00000026548,ENSDARG00000078186,ENSDARG00000061354,ENSDARG00000059534,ENSDARG00000038213,ENSDARG00000017255,ENSDARG00000070932,ENSDARG00000053917,ENSDARG00000059835,ENSDARG00000010941"
"66","0.31","GOTERM_CC_DIRECT","endoplasmic reticulum","24","683","960","22190","3.22","9.14e-1","1.00e+0","0.81","1.00e+0","9.97e-1","8.78e-1","ENSDARG00000000442,ENSDARG00000019360,ENSDARG00000074661,ENSDARG00000044551,ENSDARG00000005254,ENSDARG00000061723,ENSDARG00000063438,ENSDARG00000078186,ENSDARG00000005612,ENSDARG00000061354,ENSDARG00000063621,ENSDARG00000101602,ENSDARG00000102937,ENSDARG00000014098,ENSDARG00000035872,ENSDARG00000038213,ENSDARG00000017255,ENSDARG00000059534,ENSDARG00000103511,ENSDARG00000070932,ENSDARG00000053917,ENSDARG00000059835,ENSDARG00000058815,ENSDARG00000010941"
"67","0.26","UP_SEQ_FEATURE","DOMAIN:Laminin G","3","656","45","21277","0.40","4.05e-1","1.00e+0","2.16","1.00e+0","1.00e+0","1.61e-1","ENSDARG00000007804,ENSDARG00000075189,ENSDARG00000074524"
"67","0.26","SMART","LamG","3","372","50","13267","0.40","4.10e-1","1.00e+0","2.14","1.00e+0","1.00e+0","1.65e-1","ENSDARG00000007804,ENSDARG00000075189,ENSDARG00000074524"
"67","0.26","INTERPRO","Laminin_G","3","719","57","23408","0.40","5.25e-1","1.00e+0","1.71","1.00e+0","1.00e+0","2.55e-1","ENSDARG00000007804,ENSDARG00000075189,ENSDARG00000074524"
"67","0.26","INTERPRO","ConA-like_dom_sf","7","719","526","23408","0.94","9.99e-1","1.00e+0","0.43","1.00e+0","1.00e+0","9.97e-1","ENSDARG00000007804,ENSDARG00000070484,ENSDARG00000075189,ENSDARG00000074524,ENSDARG00000090930,ENSDARG00000038153,ENSDARG00000003970"
"68","0.26","UP_SEQ_FEATURE","DOMAIN:HMG box","3","656","52","21277","0.40","4.79e-1","1.00e+0","1.87","1.00e+0","1.00e+0","2.16e-1","ENSDARG00000016994,ENSDARG00000016871,ENSDARG00000053990"
"68","0.26","SMART","HMG","3","372","63","13267","0.40","5.29e-1","1.00e+0","1.70","1.00e+0","1.00e+0","2.59e-1","ENSDARG00000016994,ENSDARG00000016871,ENSDARG00000053990"
"68","0.26","UP_SEQ_FEATURE","DNA_BIND:HMG box","3","656","60","21277","0.40","5.55e-1","1.00e+0","1.62","1.00e+0","1.00e+0","2.82e-1","ENSDARG00000016994,ENSDARG00000016871,ENSDARG00000053990"
"68","0.26","INTERPRO","HMG_box_dom","3","719","64","23408","0.40","5.88e-1","1.00e+0","1.53","1.00e+0","1.00e+0","3.14e-1","ENSDARG00000016994,ENSDARG00000016871,ENSDARG00000053990"
"68","0.26","INTERPRO","HMG_box_dom_sf","3","719","67","23408","0.40","6.13e-1","1.00e+0","1.46","1.00e+0","1.00e+0","3.39e-1","ENSDARG00000016994,ENSDARG00000016871,ENSDARG00000053990"
"69","0.25","SMART","LIM","4","372","100","13267","0.54","5.33e-1","1.00e+0","1.43","1.00e+0","1.00e+0","3.08e-1","ENSDARG00000017834,ENSDARG00000078092,ENSDARG00000045694,ENSDARG00000075733"
"69","0.25","UP_SEQ_FEATURE","DOMAIN:LIM zinc-binding","4","656","92","21277","0.54","5.42e-1","1.00e+0","1.41","1.00e+0","1.00e+0","3.16e-1","ENSDARG00000017834,ENSDARG00000078092,ENSDARG00000045694,ENSDARG00000075733"
"69","0.25","INTERPRO","Znf_LIM","4","719","100","23408","0.54","5.96e-1","1.00e+0","1.30","1.00e+0","1.00e+0","3.69e-1","ENSDARG00000017834,ENSDARG00000078092,ENSDARG00000045694,ENSDARG00000075733"
"70","0.25","SMART","CUB","3","372","61","13267","0.40","5.12e-1","1.00e+0","1.75","1.00e+0","1.00e+0","2.44e-1","ENSDARG00000103184,ENSDARG00000100792,ENSDARG00000037362"
"70","0.25","UP_SEQ_FEATURE","DOMAIN:CUB","3","656","59","21277","0.40","5.46e-1","1.00e+0","1.65","1.00e+0","1.00e+0","2.74e-1","ENSDARG00000103184,ENSDARG00000100792,ENSDARG00000037362"
"70","0.25","INTERPRO","CUB_dom","3","719","64","23408","0.40","5.88e-1","1.00e+0","1.53","1.00e+0","1.00e+0","3.14e-1","ENSDARG00000103184,ENSDARG00000100792,ENSDARG00000037362"
"70","0.25","INTERPRO","Sperma_CUB_dom_sf","3","719","67","23408","0.40","6.13e-1","1.00e+0","1.46","1.00e+0","1.00e+0","3.39e-1","ENSDARG00000103184,ENSDARG00000100792,ENSDARG00000037362"
"71","0.24","INTERPRO","MFS_trans_sf","8","719","178","23408","1.07","3.06e-1","1.00e+0","1.46","1.00e+0","1.00e+0","1.83e-1","ENSDARG00000053269,ENSDARG00000014761,ENSDARG00000102668,ENSDARG00000079933,ENSDARG00000052300,ENSDARG00000104568,ENSDARG00000056196,ENSDARG00000032318"
"71","0.24","GOTERM_MF_DIRECT","transmembrane transporter activity","9","637","261","21154","1.21","5.28e-1","1.00e+0","1.15","1.00e+0","1.00e+0","3.88e-1","ENSDARG00000096662,ENSDARG00000074860,ENSDARG00000104538,ENSDARG00000053269,ENSDARG00000102668,ENSDARG00000079933,ENSDARG00000037059,ENSDARG00000056196,ENSDARG00000087120"
"71","0.24","UP_SEQ_FEATURE","DOMAIN:Major facilitator superfamily (MFS) profile","3","656","96","21277","0.40","7.99e-1","1.00e+0","1.01","1.00e+0","1.00e+0","5.72e-1","ENSDARG00000053269,ENSDARG00000102668,ENSDARG00000056196"
"71","0.24","INTERPRO","MFS_dom","3","719","111","23408","0.40","8.59e-1","1.00e+0","0.88","1.00e+0","1.00e+0","6.67e-1","ENSDARG00000053269,ENSDARG00000102668,ENSDARG00000056196"
"72","0.23","INTERPRO","Znf_FYVE_PHD","6","719","157","23408","0.81","5.29e-1","1.00e+0","1.24","1.00e+0","1.00e+0","3.52e-1","ENSDARG00000099779,ENSDARG00000091678,ENSDARG00000054332,ENSDARG00000059835,ENSDARG00000099927,ENSDARG00000019614"
"72","0.23","SMART","PHD","4","372","103","13267","0.54","5.53e-1","1.00e+0","1.39","1.00e+0","1.00e+0","3.27e-1","ENSDARG00000091678,ENSDARG00000054332,ENSDARG00000099927,ENSDARG00000019614"
"72","0.23","INTERPRO","Znf_PHD-finger","4","719","95","23408","0.54","5.61e-1","1.00e+0","1.37","1.00e+0","1.00e+0","3.34e-1","ENSDARG00000091678,ENSDARG00000054332,ENSDARG00000099927,ENSDARG00000019614"
"72","0.23","UP_SEQ_FEATURE","DOMAIN:PHD-type","4","656","100","21277","0.54","5.98e-1","1.00e+0","1.30","1.00e+0","1.00e+0","3.72e-1","ENSDARG00000091678,ENSDARG00000054332,ENSDARG00000099927,ENSDARG00000019614"
"72","0.23","INTERPRO","Znf_PHD","4","719","103","23408","0.54","6.16e-1","1.00e+0","1.26","1.00e+0","1.00e+0","3.90e-1","ENSDARG00000091678,ENSDARG00000054332,ENSDARG00000099927,ENSDARG00000019614"
"72","0.23","INTERPRO","Zinc_finger_PHD-type_CS","3","719","73","23408","0.40","6.60e-1","1.00e+0","1.34","1.00e+0","1.00e+0","3.90e-1","ENSDARG00000091678,ENSDARG00000054332,ENSDARG00000019614"
"73","0.23","UP_SEQ_FEATURE","DOMAIN:FERM","3","656","58","21277","0.40","5.37e-1","1.00e+0","1.68","1.00e+0","1.00e+0","2.65e-1","ENSDARG00000061398,ENSDARG00000055784,ENSDARG00000020326"
"73","0.23","SMART","B41","3","372","68","13267","0.40","5.71e-1","1.00e+0","1.57","1.00e+0","1.00e+0","2.98e-1","ENSDARG00000061398,ENSDARG00000055784,ENSDARG00000020326"
"73","0.23","INTERPRO","FERM_domain","3","719","64","23408","0.40","5.88e-1","1.00e+0","1.53","1.00e+0","1.00e+0","3.14e-1","ENSDARG00000061398,ENSDARG00000055784,ENSDARG00000020326"
"73","0.23","INTERPRO","FERM_2","3","719","66","23408","0.40","6.05e-1","1.00e+0","1.48","1.00e+0","1.00e+0","3.31e-1","ENSDARG00000061398,ENSDARG00000055784,ENSDARG00000020326"
"73","0.23","INTERPRO","FERM_central","3","719","67","23408","0.40","6.13e-1","1.00e+0","1.46","1.00e+0","1.00e+0","3.39e-1","ENSDARG00000061398,ENSDARG00000055784,ENSDARG00000020326"
"73","0.23","INTERPRO","Band_41_domain","3","719","68","23408","0.40","6.21e-1","1.00e+0","1.44","1.00e+0","1.00e+0","3.48e-1","ENSDARG00000061398,ENSDARG00000055784,ENSDARG00000020326"
"74","0.21","INTERPRO","Ankyrin_rpt","9","719","259","23408","1.21","5.41e-1","1.00e+0","1.13","1.00e+0","1.00e+0","4.10e-1","ENSDARG00000003822,ENSDARG00000053995,ENSDARG00000070441,ENSDARG00000054344,ENSDARG00000056468,ENSDARG00000036846,ENSDARG00000045863,ENSDARG00000076490,ENSDARG00000094176"
"74","0.21","INTERPRO","Ankyrin_rpt-contain_sf","9","719","265","23408","1.21","5.68e-1","1.00e+0","1.11","1.00e+0","1.00e+0","4.31e-1","ENSDARG00000003822,ENSDARG00000053995,ENSDARG00000070441,ENSDARG00000054344,ENSDARG00000056468,ENSDARG00000036846,ENSDARG00000045863,ENSDARG00000076490,ENSDARG00000094176"
"74","0.21","SMART","ANK","8","372","254","13267","1.07","5.69e-1","1.00e+0","1.12","1.00e+0","1.00e+0","4.16e-1","ENSDARG00000003822,ENSDARG00000070441,ENSDARG00000054344,ENSDARG00000056468,ENSDARG00000036846,ENSDARG00000045863,ENSDARG00000076490,ENSDARG00000094176"
"74","0.21","UP_SEQ_FEATURE","REPEAT:ANK","6","656","215","21277","0.81","7.95e-1","1.00e+0","0.91","1.00e+0","1.00e+0","6.54e-1","ENSDARG00000003822,ENSDARG00000054344,ENSDARG00000056468,ENSDARG00000036846,ENSDARG00000045863,ENSDARG00000076490"
"75","0.21","INTERPRO","Helicase_ATP-bd","5","719","114","23408","0.67","4.65e-1","1.00e+0","1.43","1.00e+0","1.00e+0","2.73e-1","ENSDARG00000052348,ENSDARG00000060411,ENSDARG00000059556,ENSDARG00000102353,ENSDARG00000077461"
"75","0.21","UP_SEQ_FEATURE","DOMAIN:Helicase ATP-binding","5","656","115","21277","0.67","4.74e-1","1.00e+0","1.41","1.00e+0","1.00e+0","2.82e-1","ENSDARG00000052348,ENSDARG00000060411,ENSDARG00000059556,ENSDARG00000102353,ENSDARG00000077461"
"75","0.21","SMART","HELICc","4","372","106","13267","0.54","5.73e-1","1.00e+0","1.35","1.00e+0","1.00e+0","3.46e-1","ENSDARG00000052348,ENSDARG00000060411,ENSDARG00000059556,ENSDARG00000102353"
"75","0.21","SMART","DEXDc","4","372","110","13267","0.54","5.98e-1","1.00e+0","1.30","1.00e+0","1.00e+0","3.72e-1","ENSDARG00000052348,ENSDARG00000060411,ENSDARG00000059556,ENSDARG00000102353"
"75","0.21","INTERPRO","DEAD/DEAH_box_helicase_dom","3","719","70","23408","0.40","6.37e-1","1.00e+0","1.40","1.00e+0","1.00e+0","3.65e-1","ENSDARG00000060411,ENSDARG00000059556,ENSDARG00000102353"
"75","0.21","UP_SEQ_FEATURE","DOMAIN:Helicase C-terminal","4","656","106","21277","0.54","6.38e-1","1.00e+0","1.22","1.00e+0","1.00e+0","4.14e-1","ENSDARG00000052348,ENSDARG00000060411,ENSDARG00000059556,ENSDARG00000102353"
"75","0.21","INTERPRO","Helicase_C-like","4","719","107","23408","0.54","6.42e-1","1.00e+0","1.22","1.00e+0","1.00e+0","4.18e-1","ENSDARG00000052348,ENSDARG00000060411,ENSDARG00000059556,ENSDARG00000102353"
"75","0.21","GOTERM_MF_DIRECT","RNA helicase activity","3","637","76","21154","0.40","6.71e-1","1.00e+0","1.31","1.00e+0","1.00e+0","4.02e-1","ENSDARG00000060411,ENSDARG00000102353,ENSDARG00000077461"
"75","0.21","UP_KW_MOLECULAR_FUNCTION","Helicase","4","352","120","11803","0.54","6.97e-1","1.00e+0","1.12","1.00e+0","1.00e+0","4.83e-1","ENSDARG00000060411,ENSDARG00000059556,ENSDARG00000102353,ENSDARG00000077461"
"75","0.21","GOTERM_MF_DIRECT","helicase activity","4","637","141","21154","0.54","8.00e-1","1.00e+0","0.94","1.00e+0","1.00e+0","6.17e-1","ENSDARG00000060411,ENSDARG00000059556,ENSDARG00000102353,ENSDARG00000077461"
"76","0.21","GOTERM_BP_DIRECT","cell surface receptor signaling pathway","7","644","190","20756","0.94","5.39e-1","1.00e+0","1.19","1.00e+0","1.00e+0","3.76e-1","ENSDARG00000054438,ENSDARG00000007804,ENSDARG00000025478,ENSDARG00000003989,ENSDARG00000014098,ENSDARG00000058248,ENSDARG00000018744"
"76","0.21","UP_SEQ_FEATURE","DOMAIN:G-protein coupled receptors family 2 profile 2","3","656","62","21277","0.40","5.73e-1","1.00e+0","1.57","1.00e+0","1.00e+0","2.99e-1","ENSDARG00000054438,ENSDARG00000025478,ENSDARG00000003989"
"76","0.21","GOTERM_MF_DIRECT","transmembrane signaling receptor activity","7","637","225","21154","0.94","6.73e-1","1.00e+0","1.03","1.00e+0","1.00e+0","5.20e-1","ENSDARG00000054438,ENSDARG00000040249,ENSDARG00000025478,ENSDARG00000003989,ENSDARG00000090834,ENSDARG00000078135,ENSDARG00000115778"
"76","0.21","INTERPRO","GPCR_2-like_7TM","3","719","78","23408","0.40","6.95e-1","1.00e+0","1.25","1.00e+0","1.00e+0","4.31e-1","ENSDARG00000054438,ENSDARG00000025478,ENSDARG00000003989"
"77","0.21","GOTERM_CC_DIRECT","lysosomal membrane","9","683","208","22190","1.21","3.13e-1","1.00e+0","1.41","1.00e+0","9.97e-1","1.92e-1","ENSDARG00000012002,ENSDARG00000086332,ENSDARG00000087093,ENSDARG00000079933,ENSDARG00000018432,ENSDARG00000038176,ENSDARG00000056034,ENSDARG00000058848,ENSDARG00000007180"
"77","0.21","UP_KW_CELLULAR_COMPONENT","Lysosome","6","509","230","16344","0.81","8.46e-1","1.00e+0","0.84","1.00e+0","1.00e+0","7.26e-1","ENSDARG00000012002,ENSDARG00000086332,ENSDARG00000051853,ENSDARG00000018432,ENSDARG00000056034,ENSDARG00000007180"
"77","0.21","GOTERM_CC_DIRECT","lysosome","6","683","258","22190","0.81","9.01e-1","1.00e+0","0.76","1.00e+0","9.97e-1","8.09e-1","ENSDARG00000012002,ENSDARG00000086332,ENSDARG00000051853,ENSDARG00000009313,ENSDARG00000056034,ENSDARG00000058848"
"78","0.19","SMART","C1","3","372","75","13267","0.40","6.24e-1","1.00e+0","1.43","1.00e+0","1.00e+0","3.52e-1","ENSDARG00000115657,ENSDARG00000059064,ENSDARG00000026329"
"78","0.19","UP_SEQ_FEATURE","DOMAIN:Phorbol-ester/DAG-type","3","656","69","21277","0.40","6.31e-1","1.00e+0","1.41","1.00e+0","1.00e+0","3.58e-1","ENSDARG00000115657,ENSDARG00000059064,ENSDARG00000026329"
"78","0.19","INTERPRO","C1-like_sf","3","719","72","23408","0.40","6.53e-1","1.00e+0","1.36","1.00e+0","1.00e+0","3.81e-1","ENSDARG00000115657,ENSDARG00000059064,ENSDARG00000026329"
"78","0.19","INTERPRO","PKC_DAG/PE","3","719","77","23408","0.40","6.88e-1","1.00e+0","1.27","1.00e+0","1.00e+0","4.23e-1","ENSDARG00000115657,ENSDARG00000059064,ENSDARG00000026329"
"79","0.15","GOTERM_MF_DIRECT","DNA-binding transcription factor activity","25","637","693","21154","3.36","2.65e-1","1.00e+0","1.20","1.00e+0","1.00e+0","2.03e-1","ENSDARG00000076657,ENSDARG00000052164,ENSDARG00000076297,ENSDARG00000002006,ENSDARG00000079187,ENSDARG00000042106,ENSDARG00000017400,ENSDARG00000059983,ENSDARG00000087195,ENSDARG00000102556,ENSDARG00000035732,ENSDARG00000010630,ENSDARG00000030703,ENSDARG00000052695,ENSDARG00000044532,ENSDARG00000116941,ENSDARG00000020046,ENSDARG00000021855,ENSDARG00000003820,ENSDARG00000100826,ENSDARG00000106989,ENSDARG00000104049,ENSDARG00000014825,ENSDARG00000031768,ENSDARG00000016526"
"79","0.15","UP_KW_MOLECULAR_FUNCTION","Activator","17","352","472","11803","2.28","3.32e-1","1.00e+0","1.21","1.00e+0","1.00e+0","2.50e-1","ENSDARG00000098745,ENSDARG00000076657,ENSDARG00000063438,ENSDARG00000021855,ENSDARG00000062972,ENSDARG00000100826,ENSDARG00000040123,ENSDARG00000037891,ENSDARG00000017400,ENSDARG00000010481,ENSDARG00000030110,ENSDARG00000104049,ENSDARG00000035732,ENSDARG00000102556,ENSDARG00000031768,ENSDARG00000016526,ENSDARG00000100232"
"79","0.15","GOTERM_BP_DIRECT","regulation of DNA-templated transcription","37","644","1139","20756","4.97","4.78e-1","1.00e+0","1.05","1.00e+0","1.00e+0","4.24e-1","ENSDARG00000098745,ENSDARG00000055798,ENSDARG00000077760,ENSDARG00000052164,ENSDARG00000076297,ENSDARG00000002006,ENSDARG00000079187,ENSDARG00000067669,ENSDARG00000042106,ENSDARG00000059983,ENSDARG00000069006,ENSDARG00000087195,ENSDARG00000099927,ENSDARG00000102556,ENSDARG00000018611,ENSDARG00000035732,ENSDARG00000010630,ENSDARG00000098919,ENSDARG00000030703,ENSDARG00000052695,ENSDARG00000044532,ENSDARG00000116941,ENSDARG00000077013,ENSDARG00000020046,ENSDARG00000021855,ENSDARG00000003820,ENSDARG00000045519,ENSDARG00000040214,ENSDARG00000100826,ENSDARG00000059556,ENSDARG00000030110,ENSDARG00000104049,ENSDARG00000034616,ENSDARG00000022280,ENSDARG00000011579,ENSDARG00000031768,ENSDARG00000016526"
"79","0.15","GOTERM_MF_DIRECT","RNA polymerase II cis-regulatory region sequence-specific DNA binding","28","637","1105","21154","3.76","8.91e-1","1.00e+0","0.84","1.00e+0","1.00e+0","8.53e-1","ENSDARG00000098745,ENSDARG00000055798,ENSDARG00000076657,ENSDARG00000063438,ENSDARG00000076297,ENSDARG00000079187,ENSDARG00000037178,ENSDARG00000037891,ENSDARG00000017400,ENSDARG00000087195,ENSDARG00000102556,ENSDARG00000035732,ENSDARG00000010630,ENSDARG00000087530,ENSDARG00000100232,ENSDARG00000030703,ENSDARG00000052695,ENSDARG00000044532,ENSDARG00000077013,ENSDARG00000021855,ENSDARG00000003820,ENSDARG00000040214,ENSDARG00000030110,ENSDARG00000106989,ENSDARG00000014825,ENSDARG00000011579,ENSDARG00000031768,ENSDARG00000016526"
"79","0.15","GOTERM_BP_DIRECT","regulation of transcription by RNA polymerase II","39","644","1600","20756","5.23","9.69e-1","1.00e+0","0.79","1.00e+0","1.00e+0","9.57e-1","ENSDARG00000098745,ENSDARG00000055798,ENSDARG00000076657,ENSDARG00000077143,ENSDARG00000063438,ENSDARG00000008305,ENSDARG00000100908,ENSDARG00000079187,ENSDARG00000037178,ENSDARG00000067669,ENSDARG00000037891,ENSDARG00000040123,ENSDARG00000017400,ENSDARG00000094557,ENSDARG00000087195,ENSDARG00000018611,ENSDARG00000035732,ENSDARG00000010630,ENSDARG00000019646,ENSDARG00000087530,ENSDARG00000100232,ENSDARG00000077559,ENSDARG00000030703,ENSDARG00000044532,ENSDARG00000055124,ENSDARG00000079350,ENSDARG00000021855,ENSDARG00000094176,ENSDARG00000003820,ENSDARG00000100826,ENSDARG00000068601,ENSDARG00000030110,ENSDARG00000074319,ENSDARG00000106989,ENSDARG00000014825,ENSDARG00000019614,ENSDARG00000011579,ENSDARG00000031768,ENSDARG00000016526"
"79","0.15","GOTERM_MF_DIRECT","DNA-binding transcription factor activity, RNA polymerase II-specific","29","637","1332","21154","3.89","9.85e-1","1.00e+0","0.72","1.00e+0","1.00e+0","9.77e-1","ENSDARG00000098745,ENSDARG00000055798,ENSDARG00000063438,ENSDARG00000076297,ENSDARG00000008305,ENSDARG00000002006,ENSDARG00000079187,ENSDARG00000037178,ENSDARG00000042106,ENSDARG00000037891,ENSDARG00000017400,ENSDARG00000102556,ENSDARG00000018611,ENSDARG00000035732,ENSDARG00000010630,ENSDARG00000019646,ENSDARG00000100232,ENSDARG00000030703,ENSDARG00000044532,ENSDARG00000077013,ENSDARG00000079350,ENSDARG00000021855,ENSDARG00000040214,ENSDARG00000100826,ENSDARG00000068601,ENSDARG00000030110,ENSDARG00000074319,ENSDARG00000011579,ENSDARG00000016526"
"79","0.15","UP_KW_MOLECULAR_FUNCTION","DNA-binding","48","352","2126","11803","6.44","9.93e-1","1.00e+0","0.76","1.00e+0","1.00e+0","9.89e-1","ENSDARG00000029944,ENSDARG00000098745,ENSDARG00000055798,ENSDARG00000101161,ENSDARG00000076657,ENSDARG00000077143,ENSDARG00000056541,ENSDARG00000063438,ENSDARG00000007734,ENSDARG00000076297,ENSDARG00000008305,ENSDARG00000002006,ENSDARG00000037178,ENSDARG00000058893,ENSDARG00000087636,ENSDARG00000037891,ENSDARG00000040123,ENSDARG00000017400,ENSDARG00000087195,ENSDARG00000096714,ENSDARG00000102556,ENSDARG00000018611,ENSDARG00000035732,ENSDARG00000010630,ENSDARG00000019646,ENSDARG00000100232,ENSDARG00000030703,ENSDARG00000097346,ENSDARG00000052695,ENSDARG00000044532,ENSDARG00000116941,ENSDARG00000043685,ENSDARG00000077013,ENSDARG00000020046,ENSDARG00000079350,ENSDARG00000021855,ENSDARG00000003820,ENSDARG00000040214,ENSDARG00000100826,ENSDARG00000059556,ENSDARG00000030110,ENSDARG00000074319,ENSDARG00000106989,ENSDARG00000104049,ENSDARG00000014825,ENSDARG00000011579,ENSDARG00000031768,ENSDARG00000016526"
"79","0.15","GOTERM_MF_DIRECT","DNA binding","48","637","2328","21154","6.44","9.99e-1","1.00e+0","0.68","1.00e+0","1.00e+0","9.99e-1","ENSDARG00000029944,ENSDARG00000052348,ENSDARG00000098745,ENSDARG00000055798,ENSDARG00000101161,ENSDARG00000053990,ENSDARG00000077143,ENSDARG00000056541,ENSDARG00000063438,ENSDARG00000007734,ENSDARG00000076297,ENSDARG00000008305,ENSDARG00000002006,ENSDARG00000100908,ENSDARG00000079187,ENSDARG00000042106,ENSDARG00000058893,ENSDARG00000037891,ENSDARG00000016994,ENSDARG00000040123,ENSDARG00000017400,ENSDARG00000016871,ENSDARG00000087195,ENSDARG00000096714,ENSDARG00000102556,ENSDARG00000018611,ENSDARG00000035732,ENSDARG00000010630,ENSDARG00000030703,ENSDARG00000052695,ENSDARG00000044532,ENSDARG00000116941,ENSDARG00000043685,ENSDARG00000077013,ENSDARG00000006434,ENSDARG00000020046,ENSDARG00000079350,ENSDARG00000021855,ENSDARG00000003820,ENSDARG00000092305,ENSDARG00000059556,ENSDARG00000030110,ENSDARG00000074319,ENSDARG00000106989,ENSDARG00000104049,ENSDARG00000011579,ENSDARG00000031768,ENSDARG00000016526"
"79","0.15","UP_KW_BIOLOGICAL_PROCESS","Transcription","48","257","2316","8466","6.44","1.00e+0","1.00e+0","0.68","1.00e+0","1.00e+0","1.00e+0","ENSDARG00000098745,ENSDARG00000055798,ENSDARG00000076657,ENSDARG00000054344,ENSDARG00000053990,ENSDARG00000056642,ENSDARG00000077143,ENSDARG00000056541,ENSDARG00000090386,ENSDARG00000063438,ENSDARG00000076297,ENSDARG00000008305,ENSDARG00000002006,ENSDARG00000062972,ENSDARG00000037891,ENSDARG00000040123,ENSDARG00000017400,ENSDARG00000096714,ENSDARG00000099927,ENSDARG00000102512,ENSDARG00000102556,ENSDARG00000035732,ENSDARG00000010630,ENSDARG00000019646,ENSDARG00000098919,ENSDARG00000100232,ENSDARG00000052695,ENSDARG00000116941,ENSDARG00000055124,ENSDARG00000077013,ENSDARG00000006434,ENSDARG00000020046,ENSDARG00000099441,ENSDARG00000079350,ENSDARG00000021855,ENSDARG00000040214,ENSDARG00000100826,ENSDARG00000010481,ENSDARG00000030110,ENSDARG00000074319,ENSDARG00000106989,ENSDARG00000104049,ENSDARG00000014825,ENSDARG00000055719,ENSDARG00000022280,ENSDARG00000011579,ENSDARG00000031768,ENSDARG00000016526"
"79","0.15","UP_KW_BIOLOGICAL_PROCESS","Transcription regulation","46","257","2279","8466","6.17","1.00e+0","1.00e+0","0.66","1.00e+0","1.00e+0","1.00e+0","ENSDARG00000098745,ENSDARG00000055798,ENSDARG00000076657,ENSDARG00000054344,ENSDARG00000053990,ENSDARG00000056642,ENSDARG00000077143,ENSDARG00000056541,ENSDARG00000063438,ENSDARG00000076297,ENSDARG00000008305,ENSDARG00000002006,ENSDARG00000062972,ENSDARG00000037891,ENSDARG00000040123,ENSDARG00000017400,ENSDARG00000096714,ENSDARG00000099927,ENSDARG00000102512,ENSDARG00000102556,ENSDARG00000035732,ENSDARG00000010630,ENSDARG00000019646,ENSDARG00000098919,ENSDARG00000100232,ENSDARG00000052695,ENSDARG00000116941,ENSDARG00000055124,ENSDARG00000077013,ENSDARG00000020046,ENSDARG00000099441,ENSDARG00000079350,ENSDARG00000021855,ENSDARG00000040214,ENSDARG00000100826,ENSDARG00000010481,ENSDARG00000030110,ENSDARG00000074319,ENSDARG00000106989,ENSDARG00000104049,ENSDARG00000014825,ENSDARG00000055719,ENSDARG00000022280,ENSDARG00000011579,ENSDARG00000031768,ENSDARG00000016526"
"80","0.12","UP_SEQ_FEATURE","DOMAIN:RRM","8","656","245","21277","1.07","6.32e-1","1.00e+0","1.06","1.00e+0","1.00e+0","4.88e-1","ENSDARG00000045691,ENSDARG00000087996,ENSDARG00000079578,ENSDARG00000036675,ENSDARG00000116743,ENSDARG00000031346,ENSDARG00000062042,ENSDARG00000016889"
"80","0.12","INTERPRO","RBD_domain_sf","8","719","279","23408","1.07","7.56e-1","1.00e+0","0.93","1.00e+0","1.00e+0","6.28e-1","ENSDARG00000045691,ENSDARG00000087996,ENSDARG00000079578,ENSDARG00000036675,ENSDARG00000116743,ENSDARG00000031346,ENSDARG00000062042,ENSDARG00000016889"
"80","0.12","GOTERM_MF_DIRECT","nucleic acid binding","19","637","690","21154","2.55","7.64e-1","1.00e+0","0.91","1.00e+0","1.00e+0","6.88e-1","ENSDARG00000045691,ENSDARG00000074796,ENSDARG00000079578,ENSDARG00000018891,ENSDARG00000053995,ENSDARG00000116743,ENSDARG00000077760,ENSDARG00000007734,ENSDARG00000087996,ENSDARG00000058154,ENSDARG00000059841,ENSDARG00000060411,ENSDARG00000036675,ENSDARG00000059556,ENSDARG00000037925,ENSDARG00000031346,ENSDARG00000062042,ENSDARG00000102353,ENSDARG00000016889"
"80","0.12","INTERPRO","Nucleotide-bd_a/b_plait_sf","8","719","286","23408","1.07","7.78e-1","1.00e+0","0.91","1.00e+0","1.00e+0","6.55e-1","ENSDARG00000045691,ENSDARG00000087996,ENSDARG00000079578,ENSDARG00000036675,ENSDARG00000116743,ENSDARG00000031346,ENSDARG00000062042,ENSDARG00000016889"
"80","0.12","INTERPRO","RRM_dom","7","719","253","23408","0.94","7.92e-1","1.00e+0","0.90","1.00e+0","1.00e+0","6.63e-1","ENSDARG00000045691,ENSDARG00000087996,ENSDARG00000079578,ENSDARG00000036675,ENSDARG00000116743,ENSDARG00000031346,ENSDARG00000016889"
"80","0.12","SMART","RRM","6","372","236","13267","0.81","7.94e-1","1.00e+0","0.91","1.00e+0","1.00e+0","6.53e-1","ENSDARG00000045691,ENSDARG00000087996,ENSDARG00000079578,ENSDARG00000036675,ENSDARG00000116743,ENSDARG00000016889"
"81","0.11","SMART","SH2","4","372","121","13267","0.54","6.62e-1","1.00e+0","1.18","1.00e+0","1.00e+0","4.42e-1","ENSDARG00000034409,ENSDARG00000011449,ENSDARG00000101169,ENSDARG00000020326"
"81","0.11","INTERPRO","SH2","4","719","131","23408","0.54","7.70e-1","1.00e+0","0.99","1.00e+0","1.00e+0","5.75e-1","ENSDARG00000034409,ENSDARG00000011449,ENSDARG00000101169,ENSDARG00000020326"
"81","0.11","INTERPRO","SH2_dom_sf","4","719","135","23408","0.54","7.87e-1","1.00e+0","0.96","1.00e+0","1.00e+0","5.99e-1","ENSDARG00000034409,ENSDARG00000011449,ENSDARG00000101169,ENSDARG00000020326"
"81","0.11","UP_SEQ_FEATURE","DOMAIN:SH2","3","656","122","21277","0.40","8.93e-1","1.00e+0","0.80","1.00e+0","1.00e+0","7.30e-1","ENSDARG00000034409,ENSDARG00000011449,ENSDARG00000101169"
"82","0.11","UP_SEQ_FEATURE","REPEAT:WD 6","3","656","54","21277","0.40","4.98e-1","1.00e+0","1.80","1.00e+0","1.00e+0","2.32e-1","ENSDARG00000102009,ENSDARG00000069006,ENSDARG00000005456"
"82","0.11","UP_SEQ_FEATURE","REPEAT:WD 5","3","656","62","21277","0.40","5.73e-1","1.00e+0","1.57","1.00e+0","1.00e+0","2.99e-1","ENSDARG00000102009,ENSDARG00000069006,ENSDARG00000005456"
"82","0.11","UP_SEQ_FEATURE","REPEAT:WD 4","3","656","67","21277","0.40","6.15e-1","1.00e+0","1.45","1.00e+0","1.00e+0","3.41e-1","ENSDARG00000102009,ENSDARG00000069006,ENSDARG00000005456"
"82","0.11","UP_SEQ_FEATURE","REPEAT:WD 3","3","656","72","21277","0.40","6.55e-1","1.00e+0","1.35","1.00e+0","1.00e+0","3.84e-1","ENSDARG00000102009,ENSDARG00000069006,ENSDARG00000005456"
"82","0.11","UP_SEQ_FEATURE","REPEAT:WD 1","3","656","76","21277","0.40","6.83e-1","1.00e+0","1.28","1.00e+0","1.00e+0","4.17e-1","ENSDARG00000102009,ENSDARG00000069006,ENSDARG00000005456"
"82","0.11","UP_SEQ_FEATURE","REPEAT:WD 2","3","656","76","21277","0.40","6.83e-1","1.00e+0","1.28","1.00e+0","1.00e+0","4.17e-1","ENSDARG00000102009,ENSDARG00000069006,ENSDARG00000005456"
"82","0.11","UP_KW_DOMAIN","WD repeat","3","430","122","14291","0.40","8.85e-1","1.00e+0","0.82","1.00e+0","1.00e+0","7.15e-1","ENSDARG00000102009,ENSDARG00000069006,ENSDARG00000005456"
"82","0.11","INTERPRO","WD40_repeat_CS","3","719","140","23408","0.40","9.31e-1","1.00e+0","0.70","1.00e+0","1.00e+0","8.08e-1","ENSDARG00000054610,ENSDARG00000069006,ENSDARG00000005456"
"82","0.11","INTERPRO","WD40_repeat_dom_sf","6","719","281","23408","0.81","9.35e-1","1.00e+0","0.70","1.00e+0","1.00e+0","8.66e-1","ENSDARG00000101602,ENSDARG00000054610,ENSDARG00000102009,ENSDARG00000002174,ENSDARG00000069006,ENSDARG00000005456"
"82","0.11","SMART","WD40","5","372","264","13267","0.67","9.40e-1","1.00e+0","0.68","1.00e+0","1.00e+0","8.67e-1","ENSDARG00000101602,ENSDARG00000054610,ENSDARG00000102009,ENSDARG00000069006,ENSDARG00000005456"
"82","0.11","INTERPRO","WD40_rpt","5","719","266","23408","0.67","9.65e-1","1.00e+0","0.61","1.00e+0","1.00e+0","9.14e-1","ENSDARG00000101602,ENSDARG00000054610,ENSDARG00000102009,ENSDARG00000069006,ENSDARG00000005456"
"82","0.11","UP_SEQ_FEATURE","REPEAT:WD","3","656","182","21277","0.40","9.77e-1","1.00e+0","0.53","1.00e+0","1.00e+0","9.22e-1","ENSDARG00000101602,ENSDARG00000054610,ENSDARG00000069006"
"82","0.11","INTERPRO","WD40/YVTN_repeat-like_dom_sf","6","719","357","23408","0.81","9.86e-1","1.00e+0","0.55","1.00e+0","1.00e+0","9.65e-1","ENSDARG00000101602,ENSDARG00000054610,ENSDARG00000102009,ENSDARG00000069006,ENSDARG00000011533,ENSDARG00000005456"
"83","0.08","UP_KW_BIOLOGICAL_PROCESS","Cell cycle","13","257","437","8466","1.74","6.77e-1","1.00e+0","0.98","1.00e+0","1.00e+0","5.71e-1","ENSDARG00000074796,ENSDARG00000074661,ENSDARG00000003486,ENSDARG00000007971,ENSDARG00000036180,ENSDARG00000061205,ENSDARG00000005456,ENSDARG00000094176,ENSDARG00000040303,ENSDARG00000102009,ENSDARG00000059556,ENSDARG00000032532,ENSDARG00000102512"
"83","0.08","GOTERM_BP_DIRECT","cell division","8","644","298","20756","1.07","8.20e-1","1.00e+0","0.87","1.00e+0","1.00e+0","7.10e-1","ENSDARG00000003486,ENSDARG00000102009,ENSDARG00000059556,ENSDARG00000032532,ENSDARG00000036180,ENSDARG00000007971,ENSDARG00000061205,ENSDARG00000005456"
"83","0.08","UP_KW_BIOLOGICAL_PROCESS","Mitosis","4","257","182","8466","0.54","9.17e-1","1.00e+0","0.72","1.00e+0","1.00e+0","8.08e-1","ENSDARG00000102009,ENSDARG00000032532,ENSDARG00000036180,ENSDARG00000005456"
"83","0.08","UP_KW_BIOLOGICAL_PROCESS","Cell division","6","257","271","8466","0.81","9.18e-1","1.00e+0","0.73","1.00e+0","1.00e+0","8.37e-1","ENSDARG00000003486,ENSDARG00000102009,ENSDARG00000059556,ENSDARG00000036180,ENSDARG00000061205,ENSDARG00000005456"
"84","0.07","GOTERM_MF_DIRECT","nucleotide binding","61","637","2045","21154","8.19","6.00e-1","1.00e+0","0.99","1.00e+0","1.00e+0","5.52e-1","ENSDARG00000002840,ENSDARG00000099996,ENSDARG00000052348,ENSDARG00000079468,ENSDARG00000055534,ENSDARG00000018750,ENSDARG00000007257,ENSDARG00000015681,ENSDARG00000060325,ENSDARG00000007654,ENSDARG00000078251,ENSDARG00000001953,ENSDARG00000008867,ENSDARG00000061145,ENSDARG00000039256,ENSDARG00000060411,ENSDARG00000014233,ENSDARG00000011449,ENSDARG00000016818,ENSDARG00000100752,ENSDARG00000101521,ENSDARG00000037559,ENSDARG00000015922,ENSDARG00000057927,ENSDARG00000045482,ENSDARG00000020086,ENSDARG00000063726,ENSDARG00000020326,ENSDARG00000014763,ENSDARG00000094646,ENSDARG00000087205,ENSDARG00000039125,ENSDARG00000059556,ENSDARG00000063295,ENSDARG00000096662,ENSDARG00000099336,ENSDARG00000021787,ENSDARG00000061635,ENSDARG00000077145,ENSDARG00000060348,ENSDARG00000020574,ENSDARG00000087869,ENSDARG00000077461,ENSDARG00000086228,ENSDARG00000040300,ENSDARG00000060070,ENSDARG00000102353,ENSDARG00000070121,ENSDARG00000045066,ENSDARG00000071059,ENSDARG00000115657,ENSDARG00000059054,ENSDARG00000056591,ENSDARG00000091317,ENSDARG00000069937,ENSDARG00000062865,ENSDARG00000034771,ENSDARG00000036637,ENSDARG00000035309,ENSDARG00000101378,ENSDARG00000014986"
"84","0.07","UP_KW_LIGAND","ATP-binding","34","238","1291","7893","4.56","8.69e-1","1.00e+0","0.87","1.00e+0","1.00e+0","8.33e-1","ENSDARG00000002840,ENSDARG00000096662,ENSDARG00000099336,ENSDARG00000055534,ENSDARG00000101161,ENSDARG00000021787,ENSDARG00000020574,ENSDARG00000077145,ENSDARG00000060325,ENSDARG00000007654,ENSDARG00000001953,ENSDARG00000077461,ENSDARG00000039256,ENSDARG00000060411,ENSDARG00000061763,ENSDARG00000100119,ENSDARG00000011449,ENSDARG00000060070,ENSDARG00000016818,ENSDARG00000036546,ENSDARG00000101521,ENSDARG00000037559,ENSDARG00000015922,ENSDARG00000102353,ENSDARG00000057927,ENSDARG00000115657,ENSDARG00000059054,ENSDARG00000020326,ENSDARG00000039125,ENSDARG00000059556,ENSDARG00000008192,ENSDARG00000068187,ENSDARG00000035309,ENSDARG00000101378"
"84","0.07","UP_KW_LIGAND","Nucleotide-binding","34","238","1487","7893","4.56","9.83e-1","1.00e+0","0.76","1.00e+0","1.00e+0","9.75e-1","ENSDARG00000096662,ENSDARG00000099996,ENSDARG00000099336,ENSDARG00000055534,ENSDARG00000079468,ENSDARG00000101161,ENSDARG00000018750,ENSDARG00000007257,ENSDARG00000021787,ENSDARG00000087869,ENSDARG00000060325,ENSDARG00000001953,ENSDARG00000077461,ENSDARG00000008867,ENSDARG00000086228,ENSDARG00000039256,ENSDARG00000040300,ENSDARG00000014233,ENSDARG00000061763,ENSDARG00000100119,ENSDARG00000016818,ENSDARG00000036546,ENSDARG00000100752,ENSDARG00000015922,ENSDARG00000070121,ENSDARG00000071059,ENSDARG00000056591,ENSDARG00000060383,ENSDARG00000062865,ENSDARG00000034771,ENSDARG00000059556,ENSDARG00000008192,ENSDARG00000068187,ENSDARG00000035309"
"84","0.07","GOTERM_MF_DIRECT","ATP binding","51","637","2195","21154","6.85","9.88e-1","1.00e+0","0.77","1.00e+0","1.00e+0","9.83e-1","ENSDARG00000002840,ENSDARG00000102295,ENSDARG00000052348,ENSDARG00000101161,ENSDARG00000055534,ENSDARG00000018750,ENSDARG00000015681,ENSDARG00000060325,ENSDARG00000007654,ENSDARG00000078251,ENSDARG00000001953,ENSDARG00000039256,ENSDARG00000060411,ENSDARG00000100119,ENSDARG00000011449,ENSDARG00000016818,ENSDARG00000036546,ENSDARG00000101521,ENSDARG00000037559,ENSDARG00000015922,ENSDARG00000057927,ENSDARG00000045482,ENSDARG00000020086,ENSDARG00000063726,ENSDARG00000020326,ENSDARG00000094646,ENSDARG00000087205,ENSDARG00000039125,ENSDARG00000059556,ENSDARG00000063295,ENSDARG00000105630,ENSDARG00000068187,ENSDARG00000096662,ENSDARG00000099336,ENSDARG00000021787,ENSDARG00000061635,ENSDARG00000077145,ENSDARG00000060348,ENSDARG00000020574,ENSDARG00000077461,ENSDARG00000061763,ENSDARG00000060070,ENSDARG00000102353,ENSDARG00000045066,ENSDARG00000115657,ENSDARG00000059054,ENSDARG00000091317,ENSDARG00000008192,ENSDARG00000035309,ENSDARG00000101378,ENSDARG00000014986"
"85","0.07","INTERPRO","Ser-Thr/Tyr_kinase_cat_dom","5","719","168","23408","0.67","7.61e-1","1.00e+0","0.97","1.00e+0","1.00e+0","5.91e-1","ENSDARG00000018750,ENSDARG00000011449,ENSDARG00000078251,ENSDARG00000014986,ENSDARG00000020326"
"85","0.07","INTERPRO","Tyr_kinase_AS","3","719","119","23408","0.40","8.84e-1","1.00e+0","0.82","1.00e+0","1.00e+0","7.12e-1","ENSDARG00000011449,ENSDARG00000078251,ENSDARG00000020326"
"85","0.07","GOTERM_MF_DIRECT","protein tyrosine kinase activity","3","637","138","21154","0.40","9.23e-1","1.00e+0","0.72","1.00e+0","1.00e+0","7.89e-1","ENSDARG00000011449,ENSDARG00000078251,ENSDARG00000020326"
"86","0.06","GOTERM_MF_DIRECT","protein kinase activity","21","637","713","21154","2.82","6.57e-1","1.00e+0","0.98","1.00e+0","1.00e+0","5.73e-1","ENSDARG00000045482,ENSDARG00000057927,ENSDARG00000055534,ENSDARG00000020086,ENSDARG00000018750,ENSDARG00000015681,ENSDARG00000060348,ENSDARG00000115657,ENSDARG00000078251,ENSDARG00000063726,ENSDARG00000059054,ENSDARG00000020326,ENSDARG00000091317,ENSDARG00000039256,ENSDARG00000039125,ENSDARG00000094646,ENSDARG00000087205,ENSDARG00000100119,ENSDARG00000011449,ENSDARG00000014986,ENSDARG00000015922"
"86","0.06","UP_KW_MOLECULAR_FUNCTION","Serine/threonine-protein kinase","14","352","488","11803","1.88","6.98e-1","1.00e+0","0.96","1.00e+0","1.00e+0","5.99e-1","ENSDARG00000057927,ENSDARG00000055534,ENSDARG00000020086,ENSDARG00000060348,ENSDARG00000060325,ENSDARG00000078251,ENSDARG00000063726,ENSDARG00000091317,ENSDARG00000039256,ENSDARG00000094646,ENSDARG00000100119,ENSDARG00000105630,ENSDARG00000014986,ENSDARG00000015922"
"86","0.06","GOTERM_BP_DIRECT","protein phosphorylation","21","644","710","20756","2.82","7.01e-1","1.00e+0","0.95","1.00e+0","1.00e+0","6.21e-1","ENSDARG00000045482,ENSDARG00000057927,ENSDARG00000055534,ENSDARG00000020086,ENSDARG00000018750,ENSDARG00000015681,ENSDARG00000060348,ENSDARG00000115657,ENSDARG00000078251,ENSDARG00000063726,ENSDARG00000020326,ENSDARG00000091317,ENSDARG00000039256,ENSDARG00000039125,ENSDARG00000094646,ENSDARG00000087205,ENSDARG00000100119,ENSDARG00000011449,ENSDARG00000105630,ENSDARG00000014986,ENSDARG00000015922"
"86","0.06","GOTERM_MF_DIRECT","kinase activity","28","637","1001","21154","3.76","7.48e-1","1.00e+0","0.93","1.00e+0","1.00e+0","6.84e-1","ENSDARG00000055534,ENSDARG00000015681,ENSDARG00000060348,ENSDARG00000078014,ENSDARG00000060325,ENSDARG00000078251,ENSDARG00000001953,ENSDARG00000039256,ENSDARG00000100119,ENSDARG00000011449,ENSDARG00000036546,ENSDARG00000015922,ENSDARG00000057927,ENSDARG00000045482,ENSDARG00000034409,ENSDARG00000020086,ENSDARG00000115657,ENSDARG00000063726,ENSDARG00000059054,ENSDARG00000020326,ENSDARG00000091317,ENSDARG00000087205,ENSDARG00000039125,ENSDARG00000094646,ENSDARG00000036613,ENSDARG00000008192,ENSDARG00000105630,ENSDARG00000014986"
"86","0.06","GOTERM_BP_DIRECT","phosphorylation","28","644","991","20756","3.76","7.82e-1","1.00e+0","0.91","1.00e+0","1.00e+0","7.23e-1","ENSDARG00000055534,ENSDARG00000015681,ENSDARG00000060348,ENSDARG00000078014,ENSDARG00000060325,ENSDARG00000078251,ENSDARG00000001953,ENSDARG00000039256,ENSDARG00000100119,ENSDARG00000011449,ENSDARG00000036546,ENSDARG00000015922,ENSDARG00000057927,ENSDARG00000045482,ENSDARG00000034409,ENSDARG00000020086,ENSDARG00000115657,ENSDARG00000063726,ENSDARG00000059054,ENSDARG00000020326,ENSDARG00000091317,ENSDARG00000087205,ENSDARG00000039125,ENSDARG00000094646,ENSDARG00000036613,ENSDARG00000008192,ENSDARG00000105630,ENSDARG00000014986"
"86","0.06","GOTERM_MF_DIRECT","transferase activity","58","637","2148","21154","7.79","8.60e-1","1.00e+0","0.90","1.00e+0","1.00e+0","8.30e-1","ENSDARG00000079700,ENSDARG00000055534,ENSDARG00000079306,ENSDARG00000015681,ENSDARG00000078014,ENSDARG00000060325,ENSDARG00000078251,ENSDARG00000098780,ENSDARG00000001953,ENSDARG00000013741,ENSDARG00000039256,ENSDARG00000100119,ENSDARG00000011449,ENSDARG00000036546,ENSDARG00000101521,ENSDARG00000058815,ENSDARG00000015922,ENSDARG00000037879,ENSDARG00000057927,ENSDARG00000045482,ENSDARG00000020086,ENSDARG00000043304,ENSDARG00000063726,ENSDARG00000021899,ENSDARG00000020326,ENSDARG00000094646,ENSDARG00000087205,ENSDARG00000039125,ENSDARG00000059557,ENSDARG00000061432,ENSDARG00000036613,ENSDARG00000016706,ENSDARG00000105630,ENSDARG00000052966,ENSDARG00000022550,ENSDARG00000028058,ENSDARG00000060348,ENSDARG00000094089,ENSDARG00000042920,ENSDARG00000040781,ENSDARG00000034409,ENSDARG00000024940,ENSDARG00000071495,ENSDARG00000070441,ENSDARG00000005840,ENSDARG00000004796,ENSDARG00000115657,ENSDARG00000059054,ENSDARG00000091317,ENSDARG00000059770,ENSDARG00000061335,ENSDARG00000040890,ENSDARG00000059616,ENSDARG00000053917,ENSDARG00000008192,ENSDARG00000014986,ENSDARG00000093619,ENSDARG00000010941"
"86","0.06","UP_SEQ_FEATURE","DOMAIN:Protein kinase","19","656","756","21277","2.55","8.96e-1","1.00e+0","0.82","1.00e+0","1.00e+0","8.49e-1","ENSDARG00000045482,ENSDARG00000057927,ENSDARG00000055534,ENSDARG00000020086,ENSDARG00000018750,ENSDARG00000015681,ENSDARG00000060348,ENSDARG00000115657,ENSDARG00000078251,ENSDARG00000063726,ENSDARG00000020326,ENSDARG00000091317,ENSDARG00000039125,ENSDARG00000094646,ENSDARG00000087205,ENSDARG00000100119,ENSDARG00000011449,ENSDARG00000014986,ENSDARG00000015922"
"86","0.06","SMART","S_TKc","15","372","670","13267","2.01","9.00e-1","1.00e+0","0.80","1.00e+0","1.00e+0","8.49e-1","ENSDARG00000045482,ENSDARG00000057927,ENSDARG00000055534,ENSDARG00000020086,ENSDARG00000015681,ENSDARG00000060348,ENSDARG00000115657,ENSDARG00000063726,ENSDARG00000091317,ENSDARG00000039256,ENSDARG00000039125,ENSDARG00000094646,ENSDARG00000087205,ENSDARG00000014986,ENSDARG00000015922"
"86","0.06","GOTERM_MF_DIRECT","protein serine/threonine kinase activity","20","637","824","21154","2.68","9.08e-1","1.00e+0","0.81","1.00e+0","1.00e+0","8.67e-1","ENSDARG00000045482,ENSDARG00000057927,ENSDARG00000055534,ENSDARG00000020086,ENSDARG00000015681,ENSDARG00000060348,ENSDARG00000060325,ENSDARG00000115657,ENSDARG00000078251,ENSDARG00000063726,ENSDARG00000059054,ENSDARG00000091317,ENSDARG00000039256,ENSDARG00000039125,ENSDARG00000094646,ENSDARG00000087205,ENSDARG00000100119,ENSDARG00000105630,ENSDARG00000014986,ENSDARG00000015922"
"86","0.06","INTERPRO","Protein_kinase_ATP_BS","17","719","724","23408","2.28","9.35e-1","1.00e+0","0.76","1.00e+0","1.00e+0","8.99e-1","ENSDARG00000045482,ENSDARG00000057927,ENSDARG00000055534,ENSDARG00000020086,ENSDARG00000015681,ENSDARG00000060348,ENSDARG00000115657,ENSDARG00000078251,ENSDARG00000063726,ENSDARG00000020326,ENSDARG00000091317,ENSDARG00000039256,ENSDARG00000039125,ENSDARG00000094646,ENSDARG00000087205,ENSDARG00000011449,ENSDARG00000014986"
"86","0.06","INTERPRO","Ser/Thr_kinase_AS","13","719","594","23408","1.74","9.55e-1","1.00e+0","0.71","1.00e+0","1.00e+0","9.23e-1","ENSDARG00000045482,ENSDARG00000057927,ENSDARG00000055534,ENSDARG00000020086,ENSDARG00000015681,ENSDARG00000115657,ENSDARG00000063726,ENSDARG00000091317,ENSDARG00000039256,ENSDARG00000094646,ENSDARG00000087205,ENSDARG00000014986,ENSDARG00000015922"
"86","0.06","INTERPRO","Prot_kinase_dom","20","719","904","23408","2.68","9.71e-1","1.00e+0","0.72","1.00e+0","1.00e+0","9.54e-1","ENSDARG00000045482,ENSDARG00000057927,ENSDARG00000055534,ENSDARG00000020086,ENSDARG00000018750,ENSDARG00000015681,ENSDARG00000060348,ENSDARG00000115657,ENSDARG00000078251,ENSDARG00000063726,ENSDARG00000020326,ENSDARG00000091317,ENSDARG00000039256,ENSDARG00000039125,ENSDARG00000094646,ENSDARG00000087205,ENSDARG00000100119,ENSDARG00000011449,ENSDARG00000014986,ENSDARG00000015922"
"86","0.06","INTERPRO","Kinase-like_dom_sf","21","719","951","23408","2.82","9.74e-1","1.00e+0","0.72","1.00e+0","1.00e+0","9.58e-1","ENSDARG00000045482,ENSDARG00000057927,ENSDARG00000055534,ENSDARG00000020086,ENSDARG00000018750,ENSDARG00000015681,ENSDARG00000060348,ENSDARG00000115657,ENSDARG00000078251,ENSDARG00000063726,ENSDARG00000020326,ENSDARG00000091317,ENSDARG00000039256,ENSDARG00000039125,ENSDARG00000094646,ENSDARG00000087205,ENSDARG00000100119,ENSDARG00000011449,ENSDARG00000105630,ENSDARG00000014986,ENSDARG00000015922"
"86","0.06","UP_KW_MOLECULAR_FUNCTION","Kinase","28","352","1262","11803","3.76","9.77e-1","1.00e+0","0.74","1.00e+0","1.00e+0","9.66e-1","ENSDARG00000055534,ENSDARG00000015681,ENSDARG00000060348,ENSDARG00000078014,ENSDARG00000060325,ENSDARG00000078251,ENSDARG00000001953,ENSDARG00000039256,ENSDARG00000100119,ENSDARG00000011449,ENSDARG00000036546,ENSDARG00000015922,ENSDARG00000057927,ENSDARG00000045482,ENSDARG00000034409,ENSDARG00000020086,ENSDARG00000115657,ENSDARG00000063726,ENSDARG00000059054,ENSDARG00000020326,ENSDARG00000091317,ENSDARG00000087205,ENSDARG00000039125,ENSDARG00000094646,ENSDARG00000036613,ENSDARG00000008192,ENSDARG00000105630,ENSDARG00000014986"
"86","0.06","GOTERM_MF_DIRECT","ATP binding","51","637","2195","21154","6.85","9.88e-1","1.00e+0","0.77","1.00e+0","1.00e+0","9.83e-1","ENSDARG00000002840,ENSDARG00000102295,ENSDARG00000052348,ENSDARG00000101161,ENSDARG00000055534,ENSDARG00000018750,ENSDARG00000015681,ENSDARG00000060325,ENSDARG00000007654,ENSDARG00000078251,ENSDARG00000001953,ENSDARG00000039256,ENSDARG00000060411,ENSDARG00000100119,ENSDARG00000011449,ENSDARG00000016818,ENSDARG00000036546,ENSDARG00000101521,ENSDARG00000037559,ENSDARG00000015922,ENSDARG00000057927,ENSDARG00000045482,ENSDARG00000020086,ENSDARG00000063726,ENSDARG00000020326,ENSDARG00000094646,ENSDARG00000087205,ENSDARG00000039125,ENSDARG00000059556,ENSDARG00000063295,ENSDARG00000105630,ENSDARG00000068187,ENSDARG00000096662,ENSDARG00000099336,ENSDARG00000021787,ENSDARG00000061635,ENSDARG00000077145,ENSDARG00000060348,ENSDARG00000020574,ENSDARG00000077461,ENSDARG00000061763,ENSDARG00000060070,ENSDARG00000102353,ENSDARG00000045066,ENSDARG00000115657,ENSDARG00000059054,ENSDARG00000091317,ENSDARG00000008192,ENSDARG00000035309,ENSDARG00000101378,ENSDARG00000014986"
"86","0.06","UP_KW_MOLECULAR_FUNCTION","Transferase","61","352","2570","11803","8.19","9.89e-1","1.00e+0","0.80","1.00e+0","1.00e+0","9.85e-1","ENSDARG00000079700,ENSDARG00000055534,ENSDARG00000079306,ENSDARG00000015681,ENSDARG00000078014,ENSDARG00000060325,ENSDARG00000078251,ENSDARG00000098780,ENSDARG00000001953,ENSDARG00000013741,ENSDARG00000039256,ENSDARG00000100119,ENSDARG00000011449,ENSDARG00000036546,ENSDARG00000101521,ENSDARG00000058815,ENSDARG00000015922,ENSDARG00000037879,ENSDARG00000057927,ENSDARG00000045482,ENSDARG00000020086,ENSDARG00000063726,ENSDARG00000021899,ENSDARG00000020326,ENSDARG00000094646,ENSDARG00000087205,ENSDARG00000039125,ENSDARG00000059557,ENSDARG00000061432,ENSDARG00000036613,ENSDARG00000016706,ENSDARG00000105630,ENSDARG00000052966,ENSDARG00000075887,ENSDARG00000022550,ENSDARG00000028058,ENSDARG00000060348,ENSDARG00000094089,ENSDARG00000042920,ENSDARG00000040781,ENSDARG00000034409,ENSDARG00000024940,ENSDARG00000071495,ENSDARG00000070441,ENSDARG00000025233,ENSDARG00000005840,ENSDARG00000004796,ENSDARG00000115657,ENSDARG00000059054,ENSDARG00000091317,ENSDARG00000059770,ENSDARG00000061496,ENSDARG00000061335,ENSDARG00000037245,ENSDARG00000040890,ENSDARG00000059616,ENSDARG00000053917,ENSDARG00000008192,ENSDARG00000014986,ENSDARG00000093619,ENSDARG00000010941"
"87","0.04","SMART","PDZ","5","372","234","13267","0.67","8.97e-1","1.00e+0","0.76","1.00e+0","1.00e+0","7.90e-1","ENSDARG00000100119,ENSDARG00000027322,ENSDARG00000055784,ENSDARG00000078387,ENSDARG00000061304"
"87","0.04","UP_SEQ_FEATURE","DOMAIN:PDZ","5","656","221","21277","0.67","9.12e-1","1.00e+0","0.73","1.00e+0","1.00e+0","8.15e-1","ENSDARG00000100119,ENSDARG00000027322,ENSDARG00000055784,ENSDARG00000078387,ENSDARG00000061304"
"87","0.04","INTERPRO","PDZ","5","719","236","23408","0.67","9.34e-1","1.00e+0","0.69","1.00e+0","1.00e+0","8.54e-1","ENSDARG00000100119,ENSDARG00000027322,ENSDARG00000055784,ENSDARG00000078387,ENSDARG00000061304"
"87","0.04","INTERPRO","PDZ_sf","5","719","242","23408","0.67","9.41e-1","1.00e+0","0.67","1.00e+0","1.00e+0","8.68e-1","ENSDARG00000100119,ENSDARG00000027322,ENSDARG00000055784,ENSDARG00000078387,ENSDARG00000061304"
"88","0.02","GOTERM_MF_DIRECT","ubiquitin-protein transferase activity","5","637","173","21154","0.67","7.68e-1","1.00e+0","0.96","1.00e+0","1.00e+0","5.99e-1","ENSDARG00000024940,ENSDARG00000075887,ENSDARG00000028058,ENSDARG00000004796,ENSDARG00000098780"
"88","0.02","INTERPRO","Znf_RING/FYVE/PHD","15","719","622","23408","2.01","9.11e-1","1.00e+0","0.79","1.00e+0","1.00e+0","8.63e-1","ENSDARG00000024940,ENSDARG00000099779,ENSDARG00000079306,ENSDARG00000028058,ENSDARG00000054332,ENSDARG00000003970,ENSDARG00000004796,ENSDARG00000098780,ENSDARG00000010442,ENSDARG00000091678,ENSDARG00000060092,ENSDARG00000014517,ENSDARG00000099927,ENSDARG00000059835,ENSDARG00000019614"
"88","0.02","UP_SEQ_FEATURE","DOMAIN:RING-type","7","656","369","21277","0.94","9.73e-1","1.00e+0","0.62","1.00e+0","1.00e+0","9.40e-1","ENSDARG00000024940,ENSDARG00000010442,ENSDARG00000079306,ENSDARG00000028058,ENSDARG00000060092,ENSDARG00000003970,ENSDARG00000004796"
"88","0.02","SMART","RING","6","372","359","13267","0.81","9.74e-1","1.00e+0","0.60","1.00e+0","1.00e+0","9.40e-1","ENSDARG00000010442,ENSDARG00000079306,ENSDARG00000028058,ENSDARG00000060092,ENSDARG00000003970,ENSDARG00000004796"
"88","0.02","INTERPRO","Znf_RING","7","719","424","23408","0.94","9.91e-1","1.00e+0","0.54","1.00e+0","1.00e+0","9.77e-1","ENSDARG00000024940,ENSDARG00000010442,ENSDARG00000079306,ENSDARG00000028058,ENSDARG00000060092,ENSDARG00000003970,ENSDARG00000004796"
"88","0.02","INTERPRO","Znf_RING_CS","4","719","285","23408","0.54","9.93e-1","1.00e+0","0.46","1.00e+0","1.00e+0","9.77e-1","ENSDARG00000024940,ENSDARG00000028058,ENSDARG00000060092,ENSDARG00000003970"
"88","0.02","GOTERM_BP_DIRECT","protein ubiquitination","10","644","586","20756","1.34","9.95e-1","1.00e+0","0.55","1.00e+0","1.00e+0","9.88e-1","ENSDARG00000024940,ENSDARG00000005284,ENSDARG00000075887,ENSDARG00000056468,ENSDARG00000079306,ENSDARG00000028058,ENSDARG00000060092,ENSDARG00000045863,ENSDARG00000004796,ENSDARG00000037559"
"88","0.02","GOTERM_MF_DIRECT","ubiquitin protein ligase activity","10","637","624","21154","1.34","9.96e-1","1.00e+0","0.53","1.00e+0","1.00e+0","9.92e-1","ENSDARG00000024940,ENSDARG00000010442,ENSDARG00000090930,ENSDARG00000075887,ENSDARG00000079306,ENSDARG00000028058,ENSDARG00000060092,ENSDARG00000003970,ENSDARG00000004796,ENSDARG00000098780"
"89","0.02","INTERPRO","HD_metazoa","3","719","118","23408","0.40","8.81e-1","1.00e+0","0.83","1.00e+0","1.00e+0","7.07e-1","ENSDARG00000042106,ENSDARG00000010630,ENSDARG00000011579"
"89","0.02","UP_KW_DOMAIN","Homeobox","4","430","174","14291","0.54","8.98e-1","1.00e+0","0.76","1.00e+0","1.00e+0","7.73e-1","ENSDARG00000030703,ENSDARG00000018611,ENSDARG00000010630,ENSDARG00000011579"
"89","0.02","INTERPRO","Homeobox_CS","5","719","247","23408","0.67","9.47e-1","1.00e+0","0.66","1.00e+0","1.00e+0","8.79e-1","ENSDARG00000030703,ENSDARG00000042106,ENSDARG00000018611,ENSDARG00000010630,ENSDARG00000011579"
"89","0.02","SMART","HOX","5","372","304","13267","0.67","9.73e-1","1.00e+0","0.59","1.00e+0","1.00e+0","9.32e-1","ENSDARG00000030703,ENSDARG00000042106,ENSDARG00000018611,ENSDARG00000010630,ENSDARG00000011579"
"89","0.02","INTERPRO","Homeodomain-like_sf","7","719","376","23408","0.94","9.75e-1","1.00e+0","0.61","1.00e+0","1.00e+0","9.45e-1","ENSDARG00000030703,ENSDARG00000042106,ENSDARG00000052348,ENSDARG00000018611,ENSDARG00000010630,ENSDARG00000011579,ENSDARG00000098919"
"89","0.02","UP_SEQ_FEATURE","DNA_BIND:Homeobox","5","656","297","21277","0.67","9.83e-1","1.00e+0","0.55","1.00e+0","1.00e+0","9.54e-1","ENSDARG00000030703,ENSDARG00000042106,ENSDARG00000018611,ENSDARG00000010630,ENSDARG00000011579"
"89","0.02","INTERPRO","HD","5","719","308","23408","0.67","9.86e-1","1.00e+0","0.53","1.00e+0","1.00e+0","9.62e-1","ENSDARG00000030703,ENSDARG00000042106,ENSDARG00000018611,ENSDARG00000010630,ENSDARG00000011579"
"90","0.02","UP_KW_CELLULAR_COMPONENT","Microtubule","5","509","212","16344","0.67","8.99e-1","1.00e+0","0.76","1.00e+0","1.00e+0","7.94e-1","ENSDARG00000069937,ENSDARG00000045675,ENSDARG00000060058,ENSDARG00000005456,ENSDARG00000059064"
"90","0.02","GOTERM_MF_DIRECT","microtubule binding","4","637","220","21154","0.54","9.63e-1","1.00e+0","0.60","1.00e+0","1.00e+0","9.01e-1","ENSDARG00000069937,ENSDARG00000045675,ENSDARG00000005456,ENSDARG00000101277"
"90","0.02","GOTERM_CC_DIRECT","centrosome","5","683","267","22190","0.67","9.66e-1","1.00e+0","0.61","1.00e+0","9.97e-1","9.17e-1","ENSDARG00000054458,ENSDARG00000045675,ENSDARG00000060058,ENSDARG00000005456,ENSDARG00000068916"
"90","0.02","GOTERM_CC_DIRECT","microtubule","5","683","276","22190","0.67","9.72e-1","1.00e+0","0.59","1.00e+0","9.97e-1","9.30e-1","ENSDARG00000069937,ENSDARG00000045675,ENSDARG00000060058,ENSDARG00000005456,ENSDARG00000059064"
"91","0.02","GOTERM_BP_DIRECT","cilium assembly","7","644","286","20756","0.94","8.81e-1","1.00e+0","0.79","1.00e+0","1.00e+0","7.88e-1","ENSDARG00000054438,ENSDARG00000012030,ENSDARG00000101161,ENSDARG00000014098,ENSDARG00000078014,ENSDARG00000078717,ENSDARG00000012039"
"91","0.02","GOTERM_CC_DIRECT","cilium","4","683","249","22190","0.54","9.84e-1","1.00e+0","0.52","1.00e+0","9.97e-1","9.50e-1","ENSDARG00000012030,ENSDARG00000014098,ENSDARG00000077145,ENSDARG00000012039"
"91","0.02","UP_KW_CELLULAR_COMPONENT","Cilium","3","509","205","16344","0.40","9.89e-1","1.00e+0","0.47","1.00e+0","1.00e+0","9.56e-1","ENSDARG00000012030,ENSDARG00000014098,ENSDARG00000012039"
"92","0.02","GOTERM_BP_DIRECT","innate immune response","8","644","354","20756","1.07","9.25e-1","1.00e+0","0.73","1.00e+0","1.00e+0","8.62e-1","ENSDARG00000040249,ENSDARG00000090930,ENSDARG00000046148,ENSDARG00000060058,ENSDARG00000028058,ENSDARG00000053990,ENSDARG00000052176,ENSDARG00000003970"
"92","0.02","GOTERM_BP_DIRECT","immune system process","6","644","291","20756","0.81","9.49e-1","1.00e+0","0.66","1.00e+0","1.00e+0","8.92e-1","ENSDARG00000040249,ENSDARG00000102295,ENSDARG00000046148,ENSDARG00000060058,ENSDARG00000053990,ENSDARG00000036080"
"92","0.02","UP_KW_BIOLOGICAL_PROCESS","Innate immunity","3","257","227","8466","0.40","9.93e-1","1.00e+0","0.44","1.00e+0","1.00e+0","9.71e-1","ENSDARG00000046148,ENSDARG00000060058,ENSDARG00000053990"
"92","0.02","UP_KW_BIOLOGICAL_PROCESS","Immunity","5","257","352","8466","0.67","9.95e-1","1.00e+0","0.47","1.00e+0","1.00e+0","9.84e-1","ENSDARG00000040249,ENSDARG00000046148,ENSDARG00000060058,ENSDARG00000053990,ENSDARG00000036080"
"93","0.01","INTERPRO","PH_domain","7","719","332","23408","0.94","9.44e-1","1.00e+0","0.69","1.00e+0","1.00e+0","8.87e-1","ENSDARG00000069937,ENSDARG00000061798,ENSDARG00000078775,ENSDARG00000087205,ENSDARG00000078326,ENSDARG00000077709,ENSDARG00000102125"
"93","0.01","SMART","PH","6","372","317","13267","0.81","9.45e-1","1.00e+0","0.68","1.00e+0","1.00e+0","8.84e-1","ENSDARG00000069937,ENSDARG00000061798,ENSDARG00000078775,ENSDARG00000087205,ENSDARG00000077709,ENSDARG00000102125"
"93","0.01","INTERPRO","PH-like_dom_sf","10","719","536","23408","1.34","9.85e-1","1.00e+0","0.61","1.00e+0","1.00e+0","9.69e-1","ENSDARG00000061398,ENSDARG00000069937,ENSDARG00000061798,ENSDARG00000016994,ENSDARG00000078775,ENSDARG00000087205,ENSDARG00000078326,ENSDARG00000055784,ENSDARG00000077709,ENSDARG00000102125"
"93","0.01","UP_SEQ_FEATURE","DOMAIN:PH","4","656","294","21277","0.54","9.95e-1","1.00e+0","0.44","1.00e+0","1.00e+0","9.82e-1","ENSDARG00000069937,ENSDARG00000061798,ENSDARG00000087205,ENSDARG00000078326"
"94","0.00","GOTERM_BP_DIRECT","G protein-coupled receptor signaling pathway","18","644","942","20756","2.42","9.96e-1","1.00e+0","0.62","1.00e+0","1.00e+0","9.92e-1","ENSDARG00000099851,ENSDARG00000071298,ENSDARG00000025478,ENSDARG00000105363,ENSDARG00000003989,ENSDARG00000074661,ENSDARG00000040816,ENSDARG00000062537,ENSDARG00000075141,ENSDARG00000013741,ENSDARG00000069669,ENSDARG00000101969,ENSDARG00000069028,ENSDARG00000037925,ENSDARG00000079829,ENSDARG00000041292,ENSDARG00000105467,ENSDARG00000011876"
"94","0.00","GOTERM_MF_DIRECT","G protein-coupled receptor activity","16","637","887","21154","2.15","9.96e-1","1.00e+0","0.60","1.00e+0","1.00e+0","9.92e-1","ENSDARG00000054438,ENSDARG00000071298,ENSDARG00000025478,ENSDARG00000105363,ENSDARG00000003989,ENSDARG00000074661,ENSDARG00000077155,ENSDARG00000040816,ENSDARG00000075141,ENSDARG00000069669,ENSDARG00000101969,ENSDARG00000069028,ENSDARG00000079829,ENSDARG00000041292,ENSDARG00000105467,ENSDARG00000011876"
"94","0.00","UP_KW_MOLECULAR_FUNCTION","Transducer","16","352","912","11803","2.15","9.97e-1","1.00e+0","0.59","1.00e+0","1.00e+0","9.94e-1","ENSDARG00000054438,ENSDARG00000109742,ENSDARG00000071298,ENSDARG00000025478,ENSDARG00000105363,ENSDARG00000003989,ENSDARG00000074661,ENSDARG00000040816,ENSDARG00000062537,ENSDARG00000069669,ENSDARG00000101969,ENSDARG00000069028,ENSDARG00000079829,ENSDARG00000041292,ENSDARG00000105467,ENSDARG00000011876"
"94","0.00","INTERPRO","GPCR_Rhodpsn","12","719","723","23408","1.61","9.97e-1","1.00e+0","0.54","1.00e+0","1.00e+0","9.94e-1","ENSDARG00000109742,ENSDARG00000071298,ENSDARG00000105363,ENSDARG00000074661,ENSDARG00000069669,ENSDARG00000101969,ENSDARG00000069028,ENSDARG00000040816,ENSDARG00000079829,ENSDARG00000041292,ENSDARG00000105467,ENSDARG00000011876"
"94","0.00","INTERPRO","GPCR_Rhodpsn_7TM","12","719","733","23408","1.61","9.98e-1","1.00e+0","0.53","1.00e+0","1.00e+0","9.95e-1","ENSDARG00000109742,ENSDARG00000071298,ENSDARG00000105363,ENSDARG00000074661,ENSDARG00000069669,ENSDARG00000101969,ENSDARG00000069028,ENSDARG00000040816,ENSDARG00000079829,ENSDARG00000041292,ENSDARG00000105467,ENSDARG00000011876"
"94","0.00","UP_SEQ_FEATURE","DOMAIN:G-protein coupled receptors family 1 profile","9","656","672","21277","1.21","1.00e+0","1.00e+0","0.43","1.00e+0","1.00e+0","9.99e-1","ENSDARG00000109742,ENSDARG00000071298,ENSDARG00000105363,ENSDARG00000069669,ENSDARG00000069028,ENSDARG00000040816,ENSDARG00000079829,ENSDARG00000041292,ENSDARG00000011876"
"95","0.00","SMART","PRY","3","372","306","13267","0.40","9.98e-1","1.00e+0","0.35","1.00e+0","1.00e+0","9.92e-1","ENSDARG00000070484,ENSDARG00000090930,ENSDARG00000003970"
"95","0.00","SMART","SPRY","3","372","319","13267","0.40","9.99e-1","1.00e+0","0.34","1.00e+0","1.00e+0","9.94e-1","ENSDARG00000070484,ENSDARG00000090930,ENSDARG00000003970"
"95","0.00","INTERPRO","ConA-like_dom_sf","7","719","526","23408","0.94","9.99e-1","1.00e+0","0.43","1.00e+0","1.00e+0","9.97e-1","ENSDARG00000007804,ENSDARG00000070484,ENSDARG00000075189,ENSDARG00000074524,ENSDARG00000090930,ENSDARG00000038153,ENSDARG00000003970"
"95","0.00","INTERPRO","PRY","3","719","306","23408","0.40","9.99e-1","1.00e+0","0.32","1.00e+0","1.00e+0","9.96e-1","ENSDARG00000070484,ENSDARG00000090930,ENSDARG00000003970"
"95","0.00","INTERPRO","Butyrophylin_SPRY","3","719","313","23408","0.40","9.99e-1","1.00e+0","0.31","1.00e+0","1.00e+0","9.97e-1","ENSDARG00000070484,ENSDARG00000090930,ENSDARG00000003970"
"95","0.00","UP_SEQ_FEATURE","DOMAIN:B30.2/SPRY","3","656","312","21277","0.40","9.99e-1","1.00e+0","0.31","1.00e+0","1.00e+0","9.97e-1","ENSDARG00000070484,ENSDARG00000090930,ENSDARG00000003970"
"95","0.00","INTERPRO","SPRY_dom","3","719","337","23408","0.40","1.00e+0","1.00e+0","0.29","1.00e+0","1.00e+0","9.98e-1","ENSDARG00000070484,ENSDARG00000090930,ENSDARG00000003970"
"95","0.00","INTERPRO","B30.2/SPRY","3","719","345","23408","0.40","1.00e+0","1.00e+0","0.28","1.00e+0","1.00e+0","9.99e-1","ENSDARG00000070484,ENSDARG00000090930,ENSDARG00000003970"
"95","0.00","INTERPRO","B30.2/SPRY_sf","3","719","358","23408","0.40","1.00e+0","1.00e+0","0.27","1.00e+0","1.00e+0","9.99e-1","ENSDARG00000070484,ENSDARG00000090930,ENSDARG00000003970"
"96","0.00","SMART","ZnF_C2H2","20","372","1183","13267","2.68","9.98e-1","1.00e+0","0.60","1.00e+0","1.00e+0","9.96e-1","ENSDARG00000076657,ENSDARG00000077143,ENSDARG00000077013,ENSDARG00000052164,ENSDARG00000079350,ENSDARG00000037178,ENSDARG00000058154,ENSDARG00000040214,ENSDARG00000092359,ENSDARG00000040123,ENSDARG00000059983,ENSDARG00000017400,ENSDARG00000068601,ENSDARG00000074319,ENSDARG00000106989,ENSDARG00000014825,ENSDARG00000099927,ENSDARG00000087530,ENSDARG00000101277,ENSDARG00000100232"
"96","0.00","UP_SEQ_FEATURE","DOMAIN:C2H2-type","18","656","1093","21277","2.42","1.00e+0","1.00e+0","0.53","1.00e+0","1.00e+0","9.99e-1","ENSDARG00000076657,ENSDARG00000077143,ENSDARG00000077013,ENSDARG00000052164,ENSDARG00000079350,ENSDARG00000037178,ENSDARG00000040214,ENSDARG00000092359,ENSDARG00000040123,ENSDARG00000059983,ENSDARG00000068601,ENSDARG00000074319,ENSDARG00000106989,ENSDARG00000014825,ENSDARG00000099927,ENSDARG00000087530,ENSDARG00000101277,ENSDARG00000100232"
"96","0.00","INTERPRO","Znf_C2H2_type","20","719","1230","23408","2.68","1.00e+0","1.00e+0","0.53","1.00e+0","1.00e+0","1.00e+0","ENSDARG00000076657,ENSDARG00000077143,ENSDARG00000077013,ENSDARG00000052164,ENSDARG00000079350,ENSDARG00000037178,ENSDARG00000058154,ENSDARG00000040214,ENSDARG00000092359,ENSDARG00000040123,ENSDARG00000059983,ENSDARG00000017400,ENSDARG00000068601,ENSDARG00000074319,ENSDARG00000106989,ENSDARG00000014825,ENSDARG00000099927,ENSDARG00000087530,ENSDARG00000101277,ENSDARG00000100232"
"96","0.00","INTERPRO","Znf_C2H2_sf","18","719","1183","23408","2.42","1.00e+0","1.00e+0","0.50","1.00e+0","1.00e+0","1.00e+0","ENSDARG00000076657,ENSDARG00000077143,ENSDARG00000077013,ENSDARG00000052164,ENSDARG00000037178,ENSDARG00000058154,ENSDARG00000040214,ENSDARG00000092359,ENSDARG00000040123,ENSDARG00000059983,ENSDARG00000017400,ENSDARG00000074319,ENSDARG00000106989,ENSDARG00000014825,ENSDARG00000099927,ENSDARG00000087530,ENSDARG00000039989,ENSDARG00000100232"

