"Cluster","Cluster Enrichment Score","Category","Term","Count","List Total","Pop Hits","Pop Total","%","P-Value","Benjamini","Fold Enrichment","Bonferroni","FDR","Fisher Exact","User Ids"
"1","3.59","GOTERM_CC_DIRECT","endoplasmic reticulum","87","1261","960","22190","6.32","1.80e-5","7.13e-3","1.59","8.18e-3","7.07e-3","1.05e-5","ENSDARG00000004745,ENSDARG00000004627,ENSDARG00000045175,ENSDARG00000043357,ENSDARG00000002968,ENSDARG00000041728,ENSDARG00000017141,ENSDARG00000002249,ENSDARG00000068934,ENSDARG00000013542,ENSDARG00000040684,ENSDARG00000041332,ENSDARG00000007496,ENSDARG00000069105,ENSDARG00000038728,ENSDARG00000034568,ENSDARG00000013704,ENSDARG00000103744,ENSDARG00000110709,ENSDARG00000088740,ENSDARG00000060094,ENSDARG00000014239,ENSDARG00000030824,ENSDARG00000103692,ENSDARG00000005023,ENSDARG00000040505,ENSDARG00000098451,ENSDARG00000008858,ENSDARG00000037062,ENSDARG00000007207,ENSDARG00000101317,ENSDARG00000037069,ENSDARG00000012144,ENSDARG00000058022,ENSDARG00000016545,ENSDARG00000012741,ENSDARG00000059035,ENSDARG00000101716,ENSDARG00000088933,ENSDARG00000012747,ENSDARG00000102204,ENSDARG00000063330,ENSDARG00000071426,ENSDARG00000038957,ENSDARG00000052567,ENSDARG00000029500,ENSDARG00000056005,ENSDARG00000091058,ENSDARG00000004402,ENSDARG00000079122,ENSDARG00000040984,ENSDARG00000019949,ENSDARG00000035273,ENSDARG00000026908,ENSDARG00000017126,ENSDARG00000042401,ENSDARG00000014013,ENSDARG00000057743,ENSDARG00000069242,ENSDARG00000014139,ENSDARG00000038826,ENSDARG00000033537,ENSDARG00000057708,ENSDARG00000024026,ENSDARG00000044010,ENSDARG00000108683,ENSDARG00000074129,ENSDARG00000078964,ENSDARG00000007347,ENSDARG00000004115,ENSDARG00000099960,ENSDARG00000071491,ENSDARG00000027813,ENSDARG00000044935,ENSDARG00000035781,ENSDARG00000101139,ENSDARG00000011233,ENSDARG00000068888,ENSDARG00000016048,ENSDARG00000104647,ENSDARG00000035860,ENSDARG00000075209,ENSDARG00000058603,ENSDARG00000027495,ENSDARG00000037008,ENSDARG00000036915,ENSDARG00000100564"
"1","3.59","GOTERM_CC_DIRECT","endoplasmic reticulum membrane","73","1261","816","22190","5.30","1.38e-4","2.09e-2","1.57","6.09e-2","2.08e-2","8.17e-5","ENSDARG00000004745,ENSDARG00000029689,ENSDARG00000004627,ENSDARG00000045175,ENSDARG00000024314,ENSDARG00000002249,ENSDARG00000014113,ENSDARG00000068934,ENSDARG00000091304,ENSDARG00000007496,ENSDARG00000038728,ENSDARG00000034568,ENSDARG00000013704,ENSDARG00000103744,ENSDARG00000088740,ENSDARG00000060094,ENSDARG00000014239,ENSDARG00000030824,ENSDARG00000007886,ENSDARG00000040505,ENSDARG00000008858,ENSDARG00000039162,ENSDARG00000037062,ENSDARG00000060978,ENSDARG00000101317,ENSDARG00000037069,ENSDARG00000088699,ENSDARG00000012981,ENSDARG00000012144,ENSDARG00000058022,ENSDARG00000059035,ENSDARG00000089109,ENSDARG00000063730,ENSDARG00000102204,ENSDARG00000071426,ENSDARG00000041040,ENSDARG00000038957,ENSDARG00000052567,ENSDARG00000029621,ENSDARG00000056005,ENSDARG00000054420,ENSDARG00000091058,ENSDARG00000004402,ENSDARG00000079122,ENSDARG00000033251,ENSDARG00000035273,ENSDARG00000026908,ENSDARG00000017126,ENSDARG00000042401,ENSDARG00000014013,ENSDARG00000017047,ENSDARG00000012632,ENSDARG00000038826,ENSDARG00000003269,ENSDARG00000108683,ENSDARG00000078964,ENSDARG00000007347,ENSDARG00000094752,ENSDARG00000099960,ENSDARG00000071491,ENSDARG00000027813,ENSDARG00000045946,ENSDARG00000044935,ENSDARG00000035781,ENSDARG00000068888,ENSDARG00000016048,ENSDARG00000104647,ENSDARG00000059933,ENSDARG00000075209,ENSDARG00000058603,ENSDARG00000027495,ENSDARG00000037008,ENSDARG00000036915"
"1","3.59","UP_KW_CELLULAR_COMPONENT","Endoplasmic reticulum","66","977","800","16344","4.79","6.73e-3","1.41e-1","1.38","2.47e-1","1.28e-1","4.67e-3","ENSDARG00000004745,ENSDARG00000004627,ENSDARG00000045175,ENSDARG00000002968,ENSDARG00000002249,ENSDARG00000068934,ENSDARG00000040684,ENSDARG00000091304,ENSDARG00000007496,ENSDARG00000069105,ENSDARG00000038728,ENSDARG00000034568,ENSDARG00000013704,ENSDARG00000103744,ENSDARG00000088740,ENSDARG00000060094,ENSDARG00000014239,ENSDARG00000030824,ENSDARG00000103692,ENSDARG00000005023,ENSDARG00000040505,ENSDARG00000037069,ENSDARG00000012981,ENSDARG00000012144,ENSDARG00000058022,ENSDARG00000016545,ENSDARG00000012741,ENSDARG00000101716,ENSDARG00000089109,ENSDARG00000063730,ENSDARG00000071426,ENSDARG00000041040,ENSDARG00000038957,ENSDARG00000052567,ENSDARG00000029500,ENSDARG00000056005,ENSDARG00000091058,ENSDARG00000004402,ENSDARG00000079122,ENSDARG00000033251,ENSDARG00000040984,ENSDARG00000019949,ENSDARG00000035273,ENSDARG00000026908,ENSDARG00000017126,ENSDARG00000069242,ENSDARG00000033537,ENSDARG00000044182,ENSDARG00000044010,ENSDARG00000108683,ENSDARG00000074129,ENSDARG00000078964,ENSDARG00000099960,ENSDARG00000071491,ENSDARG00000027813,ENSDARG00000044935,ENSDARG00000035781,ENSDARG00000068888,ENSDARG00000016048,ENSDARG00000104647,ENSDARG00000035860,ENSDARG00000059933,ENSDARG00000075209,ENSDARG00000027495,ENSDARG00000037008,ENSDARG00000100564"
"2","2.37","INTERPRO","BTB-kelch_protein","11","1340","51","23408","0.80","5.39e-4","1.00e+0","3.77","8.06e-1","1.00e+0","1.19e-4","ENSDARG00000102418,ENSDARG00000087226,ENSDARG00000001882,ENSDARG00000056647,ENSDARG00000053876,ENSDARG00000068888,ENSDARG00000101270,ENSDARG00000067751,ENSDARG00000103786,ENSDARG00000100631,ENSDARG00000086463,ENSDARG00000053803"
"2","2.37","GOTERM_BP_DIRECT","proteasome-mediated ubiquitin-dependent protein catabolic process","25","1221","199","20756","1.82","6.62e-4","3.29e-1","2.14","7.04e-1","3.29e-1","2.81e-4","ENSDARG00000023002,ENSDARG00000053876,ENSDARG00000056647,ENSDARG00000070674,ENSDARG00000020475,ENSDARG00000099199,ENSDARG00000023303,ENSDARG00000069527,ENSDARG00000090993,ENSDARG00000061345,ENSDARG00000074903,ENSDARG00000103786,ENSDARG00000100631,ENSDARG00000086463,ENSDARG00000001882,ENSDARG00000025875,ENSDARG00000021550,ENSDARG00000101270,ENSDARG00000071492,ENSDARG00000056050,ENSDARG00000087226,ENSDARG00000037589,ENSDARG00000068888,ENSDARG00000067751,ENSDARG00000030871,ENSDARG00000087640"
"2","2.37","GOTERM_CC_DIRECT","Cul3-RING ubiquitin ligase complex","12","1261","68","22190","0.87","1.47e-3","1.12e-1","3.11","4.88e-1","1.11e-1","4.07e-4","ENSDARG00000025875,ENSDARG00000001882,ENSDARG00000056647,ENSDARG00000053876,ENSDARG00000101270,ENSDARG00000102418,ENSDARG00000056050,ENSDARG00000087226,ENSDARG00000068888,ENSDARG00000067751,ENSDARG00000103786,ENSDARG00000100631,ENSDARG00000086463"
"2","2.37","SMART","Kelch","12","772","70","13267","0.87","2.22e-3","4.33e-1","2.95","5.65e-1","4.33e-1","6.50e-4","ENSDARG00000001882,ENSDARG00000056647,ENSDARG00000053876,ENSDARG00000101270,ENSDARG00000039066,ENSDARG00000102418,ENSDARG00000087226,ENSDARG00000068888,ENSDARG00000067751,ENSDARG00000103786,ENSDARG00000100631,ENSDARG00000086463,ENSDARG00000053803"
"2","2.37","INTERPRO","Kelch_1","12","1340","73","23408","0.87","2.79e-3","1.00e+0","2.87","1.00e+0","1.00e+0","8.44e-4","ENSDARG00000001882,ENSDARG00000056647,ENSDARG00000053876,ENSDARG00000101270,ENSDARG00000039066,ENSDARG00000102418,ENSDARG00000087226,ENSDARG00000068888,ENSDARG00000067751,ENSDARG00000103786,ENSDARG00000100631,ENSDARG00000086463,ENSDARG00000053803"
"2","2.37","SMART","BTB","24","772","213","13267","1.74","3.06e-3","4.33e-1","1.94","6.83e-1","4.33e-1","1.45e-3","ENSDARG00000056647,ENSDARG00000053876,ENSDARG00000019265,ENSDARG00000077101,ENSDARG00000102418,ENSDARG00000067507,ENSDARG00000103949,ENSDARG00000103786,ENSDARG00000100631,ENSDARG00000086463,ENSDARG00000053803,ENSDARG00000025875,ENSDARG00000001882,ENSDARG00000046014,ENSDARG00000101270,ENSDARG00000013492,ENSDARG00000039066,ENSDARG00000076584,ENSDARG00000056050,ENSDARG00000087226,ENSDARG00000062942,ENSDARG00000068888,ENSDARG00000036235,ENSDARG00000067751,ENSDARG00000070658"
"2","2.37","INTERPRO","BACK","12","1340","74","23408","0.87","3.11e-3","1.00e+0","2.83","1.00e+0","1.00e+0","9.56e-4","ENSDARG00000001882,ENSDARG00000056647,ENSDARG00000053876,ENSDARG00000101270,ENSDARG00000039066,ENSDARG00000102418,ENSDARG00000087226,ENSDARG00000068888,ENSDARG00000067751,ENSDARG00000103786,ENSDARG00000100631,ENSDARG00000086463,ENSDARG00000053803"
"2","2.37","INTERPRO","BTB/POZ_dom","24","1340","217","23408","1.74","3.30e-3","1.00e+0","1.93","1.00e+0","1.00e+0","1.56e-3","ENSDARG00000056647,ENSDARG00000053876,ENSDARG00000019265,ENSDARG00000077101,ENSDARG00000102418,ENSDARG00000067507,ENSDARG00000103949,ENSDARG00000103786,ENSDARG00000100631,ENSDARG00000086463,ENSDARG00000053803,ENSDARG00000025875,ENSDARG00000001882,ENSDARG00000046014,ENSDARG00000101270,ENSDARG00000013492,ENSDARG00000039066,ENSDARG00000076584,ENSDARG00000056050,ENSDARG00000087226,ENSDARG00000062942,ENSDARG00000068888,ENSDARG00000036235,ENSDARG00000067751,ENSDARG00000070658"
"2","2.37","INTERPRO","SKP1/BTB/POZ_sf","25","1340","230","23408","1.82","3.33e-3","1.00e+0","1.90","1.00e+0","1.00e+0","1.61e-3","ENSDARG00000053876,ENSDARG00000056647,ENSDARG00000019265,ENSDARG00000077101,ENSDARG00000102418,ENSDARG00000067507,ENSDARG00000103949,ENSDARG00000103786,ENSDARG00000100631,ENSDARG00000086463,ENSDARG00000053803,ENSDARG00000076644,ENSDARG00000001882,ENSDARG00000025875,ENSDARG00000046014,ENSDARG00000101270,ENSDARG00000013492,ENSDARG00000039066,ENSDARG00000076584,ENSDARG00000056050,ENSDARG00000087226,ENSDARG00000062942,ENSDARG00000068888,ENSDARG00000036235,ENSDARG00000067751,ENSDARG00000070658"
"2","2.37","UP_SEQ_FEATURE","DOMAIN:BTB","24","1250","212","21277","1.74","3.37e-3","4.85e-1","1.93","9.59e-1","4.84e-1","1.60e-3","ENSDARG00000056647,ENSDARG00000053876,ENSDARG00000019265,ENSDARG00000077101,ENSDARG00000102418,ENSDARG00000067507,ENSDARG00000103949,ENSDARG00000103786,ENSDARG00000100631,ENSDARG00000086463,ENSDARG00000053803,ENSDARG00000025875,ENSDARG00000001882,ENSDARG00000046014,ENSDARG00000101270,ENSDARG00000013492,ENSDARG00000039066,ENSDARG00000076584,ENSDARG00000056050,ENSDARG00000087226,ENSDARG00000062942,ENSDARG00000068888,ENSDARG00000036235,ENSDARG00000067751,ENSDARG00000070658"
"2","2.37","SMART","BACK","12","772","74","13267","0.87","3.47e-3","4.33e-1","2.79","7.28e-1","4.33e-1","1.08e-3","ENSDARG00000001882,ENSDARG00000056647,ENSDARG00000053876,ENSDARG00000101270,ENSDARG00000039066,ENSDARG00000102418,ENSDARG00000087226,ENSDARG00000068888,ENSDARG00000067751,ENSDARG00000103786,ENSDARG00000100631,ENSDARG00000086463,ENSDARG00000053803"
"2","2.37","UP_SEQ_FEATURE","REPEAT:Kelch 1","6","1250","20","21277","0.44","5.11e-3","4.85e-1","5.11","9.92e-1","4.84e-1","7.71e-4","ENSDARG00000001882,ENSDARG00000056647,ENSDARG00000053876,ENSDARG00000068888,ENSDARG00000039066,ENSDARG00000100631"
"2","2.37","UP_SEQ_FEATURE","REPEAT:Kelch 2","6","1250","20","21277","0.44","5.11e-3","4.85e-1","5.11","9.92e-1","4.84e-1","7.71e-4","ENSDARG00000001882,ENSDARG00000056647,ENSDARG00000053876,ENSDARG00000068888,ENSDARG00000039066,ENSDARG00000100631"
"2","2.37","UP_SEQ_FEATURE","REPEAT:Kelch 3","6","1250","20","21277","0.44","5.11e-3","4.85e-1","5.11","9.92e-1","4.84e-1","7.71e-4","ENSDARG00000001882,ENSDARG00000056647,ENSDARG00000053876,ENSDARG00000068888,ENSDARG00000039066,ENSDARG00000100631"
"2","2.37","UP_SEQ_FEATURE","REPEAT:Kelch 4","6","1250","20","21277","0.44","5.11e-3","4.85e-1","5.11","9.92e-1","4.84e-1","7.71e-4","ENSDARG00000001882,ENSDARG00000056647,ENSDARG00000053876,ENSDARG00000068888,ENSDARG00000039066,ENSDARG00000100631"
"2","2.37","PIR_SUPERFAMILY","Kelch-like_protein_gigaxonin","11","153","51","1890","0.80","6.01e-3","6.37e-1","2.66","4.72e-1","6.37e-1","1.89e-3","ENSDARG00000102418,ENSDARG00000087226,ENSDARG00000001882,ENSDARG00000056647,ENSDARG00000053876,ENSDARG00000068888,ENSDARG00000101270,ENSDARG00000067751,ENSDARG00000103786,ENSDARG00000100631,ENSDARG00000086463,ENSDARG00000053803"
"2","2.37","UP_SEQ_FEATURE","DOMAIN:BACK","6","1250","21","21277","0.44","6.39e-3","5.51e-1","4.86","9.98e-1","5.51e-1","1.03e-3","ENSDARG00000001882,ENSDARG00000056647,ENSDARG00000053876,ENSDARG00000068888,ENSDARG00000039066,ENSDARG00000100631"
"2","2.37","UP_KW_DOMAIN","Kelch repeat","12","804","85","14291","0.87","7.84e-3","1.80e-1","2.51","1.66e-1","1.80e-1","2.76e-3","ENSDARG00000001882,ENSDARG00000056647,ENSDARG00000053876,ENSDARG00000101270,ENSDARG00000039066,ENSDARG00000102418,ENSDARG00000087226,ENSDARG00000068888,ENSDARG00000067751,ENSDARG00000103786,ENSDARG00000100631,ENSDARG00000086463,ENSDARG00000053803"
"2","2.37","GOTERM_MF_DIRECT","ubiquitin-like ligase-substrate adaptor activity","12","1186","89","21154","0.87","1.08e-2","9.19e-1","2.40","1.00e+0","9.19e-1","3.99e-3","ENSDARG00000001882,ENSDARG00000056647,ENSDARG00000053876,ENSDARG00000101270,ENSDARG00000071492,ENSDARG00000102418,ENSDARG00000011055,ENSDARG00000087226,ENSDARG00000068888,ENSDARG00000067751,ENSDARG00000103786,ENSDARG00000100631,ENSDARG00000086463"
"2","2.37","INTERPRO","Kelch-typ_b-propeller","12","1340","89","23408","0.87","1.25e-2","1.00e+0","2.36","1.00e+0","1.00e+0","4.71e-3","ENSDARG00000001882,ENSDARG00000056647,ENSDARG00000053876,ENSDARG00000101270,ENSDARG00000039066,ENSDARG00000102418,ENSDARG00000087226,ENSDARG00000068888,ENSDARG00000067751,ENSDARG00000103786,ENSDARG00000100631,ENSDARG00000086463,ENSDARG00000053803"
"2","2.37","UP_SEQ_FEATURE","REPEAT:Kelch 5","5","1250","19","21277","0.36","2.26e-2","1.00e+0","4.48","1.00e+0","1.00e+0","4.04e-3","ENSDARG00000056647,ENSDARG00000053876,ENSDARG00000068888,ENSDARG00000039066,ENSDARG00000100631"
"2","2.37","UP_SEQ_FEATURE","REPEAT:Kelch 6","4","1250","13","21277","0.29","3.71e-2","1.00e+0","5.24","1.00e+0","1.00e+0","5.53e-3","ENSDARG00000056647,ENSDARG00000053876,ENSDARG00000039066,ENSDARG00000100631"
"3","2.30","GOTERM_BP_DIRECT","fatty acid biosynthetic process","14","1221","70","20756","1.02","1.93e-4","2.44e-1","3.40","2.99e-1","2.44e-1","4.80e-5","ENSDARG00000007347,ENSDARG00000002249,ENSDARG00000004402,ENSDARG00000099960,ENSDARG00000009074,ENSDARG00000089626,ENSDARG00000031044,ENSDARG00000087657,ENSDARG00000003818,ENSDARG00000034667,ENSDARG00000027495,ENSDARG00000103744,ENSDARG00000012632,ENSDARG00000060094"
"3","2.30","GOTERM_BP_DIRECT","sphingolipid biosynthetic process","7","1221","27","20756","0.51","4.15e-3","8.47e-1","4.41","1.00e+0","8.47e-1","7.51e-4","ENSDARG00000058022,ENSDARG00000027495,ENSDARG00000007347,ENSDARG00000103744,ENSDARG00000012632,ENSDARG00000004402,ENSDARG00000099960"
"3","2.30","UP_KW_BIOLOGICAL_PROCESS","Fatty acid biosynthesis","8","508","39","8466","0.58","7.64e-3","2.01e-1","3.42","5.53e-1","1.97e-1","1.87e-3","ENSDARG00000009074,ENSDARG00000089626,ENSDARG00000087657,ENSDARG00000003818,ENSDARG00000007347,ENSDARG00000060094,ENSDARG00000002249,ENSDARG00000004402"
"3","2.30","GOTERM_BP_DIRECT","fatty acid metabolic process","17","1221","149","20756","1.23","1.44e-2","1.00e+0","1.94","1.00e+0","1.00e+0","6.72e-3","ENSDARG00000053656,ENSDARG00000007347,ENSDARG00000002249,ENSDARG00000004402,ENSDARG00000099960,ENSDARG00000009074,ENSDARG00000016545,ENSDARG00000017126,ENSDARG00000017047,ENSDARG00000089626,ENSDARG00000087657,ENSDARG00000003818,ENSDARG00000027495,ENSDARG00000103744,ENSDARG00000100388,ENSDARG00000012632,ENSDARG00000060094"
"3","2.30","UP_KW_BIOLOGICAL_PROCESS","Fatty acid metabolism","13","508","113","8466","0.94","3.74e-2","4.91e-1","1.92","9.82e-1","4.82e-1","1.75e-2","ENSDARG00000053656,ENSDARG00000007347,ENSDARG00000002249,ENSDARG00000004402,ENSDARG00000009074,ENSDARG00000016545,ENSDARG00000017126,ENSDARG00000017047,ENSDARG00000089626,ENSDARG00000087657,ENSDARG00000003818,ENSDARG00000100388,ENSDARG00000060094"
"4","2.15","GOTERM_CC_DIRECT","membrane","490","1261","7443","22190","35.58","3.13e-5","7.13e-3","1.16","1.42e-2","7.07e-3","2.67e-5","ENSDARG00000001994,ENSDARG00000078258,ENSDARG00000060601,ENSDARG00000056583,ENSDARG00000001634,ENSDARG00000023303,ENSDARG00000077284,ENSDARG00000011564,ENSDARG00000061940,ENSDARG00000008388,ENSDARG00000037837,ENSDARG00000068213,ENSDARG00000034568,ENSDARG00000073911,ENSDARG00000101482,ENSDARG00000010477,ENSDARG00000101366,ENSDARG00000014954,ENSDARG00000002959,ENSDARG00000043388,ENSDARG00000060977,ENSDARG00000092553,ENSDARG00000043148,ENSDARG00000110186,ENSDARG00000060978,ENSDARG00000056690,ENSDARG00000096908,ENSDARG00000095937,ENSDARG00000101595,ENSDARG00000041086,ENSDARG00000031049,ENSDARG00000102204,ENSDARG00000036616,ENSDARG00000115869,ENSDARG00000020131,ENSDARG00000099096,ENSDARG00000044225,ENSDARG00000002748,ENSDARG00000023886,ENSDARG00000079122,ENSDARG00000022438,ENSDARG00000022437,ENSDARG00000007195,ENSDARG00000026908,ENSDARG00000026907,ENSDARG00000071876,ENSDARG00000068114,ENSDARG00000101461,ENSDARG00000034424,ENSDARG00000042282,ENSDARG00000012632,ENSDARG00000001880,ENSDARG00000014939,ENSDARG00000053166,ENSDARG00000094752,ENSDARG00000090035,ENSDARG00000024744,ENSDARG00000062934,ENSDARG00000052073,ENSDARG00000011672,ENSDARG00000011671,ENSDARG00000062821,ENSDARG00000062942,ENSDARG00000036952,ENSDARG00000060400,ENSDARG00000041068,ENSDARG00000068246,ENSDARG00000068124,ENSDARG00000011434,ENSDARG00000073962,ENSDARG00000020475,ENSDARG00000094542,ENSDARG00000044569,ENSDARG00000036820,ENSDARG00000007496,ENSDARG00000069105,ENSDARG00000105644,ENSDARG00000029043,ENSDARG00000013704,ENSDARG00000034528,ENSDARG00000101289,ENSDARG00000069590,ENSDARG00000090297,ENSDARG00000045525,ENSDARG00000044318,ENSDARG00000012741,ENSDARG00000008212,ENSDARG00000060783,ENSDARG00000012747,ENSDARG00000069478,ENSDARG00000070214,ENSDARG00000071426,ENSDARG00000041040,ENSDARG00000103453,ENSDARG00000012745,ENSDARG00000073743,ENSDARG00000091298,ENSDARG00000056762,ENSDARG00000060668,ENSDARG00000091058,ENSDARG00000020212,ENSDARG00000001734,ENSDARG00000060797,ENSDARG00000017047,ENSDARG00000058115,ENSDARG00000061400,ENSDARG00000070467,ENSDARG00000013926,ENSDARG00000098916,ENSDARG00000073870,ENSDARG00000056998,ENSDARG00000013928,ENSDARG00000043443,ENSDARG00000053122,ENSDARG00000039066,ENSDARG00000090072,ENSDARG00000044417,ENSDARG00000060319,ENSDARG00000101139,ENSDARG00000058367,ENSDARG00000104647,ENSDARG00000031463,ENSDARG00000070479,ENSDARG00000070357,ENSDARG00000036911,ENSDARG00000104401,ENSDARG00000068286,ENSDARG00000036915,ENSDARG00000102100,ENSDARG00000036913,ENSDARG00000004745,ENSDARG00000045175,ENSDARG00000004627,ENSDARG00000079502,ENSDARG00000078657,ENSDARG00000076594,ENSDARG00000077560,ENSDARG00000036584,ENSDARG00000069946,ENSDARG00000069945,ENSDARG00000014792,ENSDARG00000103148,ENSDARG00000057728,ENSDARG00000076247,ENSDARG00000046014,ENSDARG00000088699,ENSDARG00000016745,ENSDARG00000116680,ENSDARG00000012144,ENSDARG00000012025,ENSDARG00000036335,ENSDARG00000037427,ENSDARG00000086033,ENSDARG00000077349,ENSDARG00000104450,ENSDARG00000077588,ENSDARG00000024693,ENSDARG00000078315,ENSDARG00000077465,ENSDARG00000004402,ENSDARG00000068515,ENSDARG00000057743,ENSDARG00000070822,ENSDARG00000051824,ENSDARG00000102381,ENSDARG00000078688,ENSDARG00000045146,ENSDARG00000079651,ENSDARG00000089569,ENSDARG00000068888,ENSDARG00000013210,ENSDARG00000059931,ENSDARG00000034013,ENSDARG00000059933,ENSDARG00000058603,ENSDARG00000015757,ENSDARG00000088232,ENSDARG00000027822,ENSDARG00000002642,ENSDARG00000104153,ENSDARG00000078216,ENSDARG00000044048,ENSDARG00000024314,ENSDARG00000079781,ENSDARG00000091306,ENSDARG00000013542,ENSDARG00000069503,ENSDARG00000038728,ENSDARG00000057644,ENSDARG00000038608,ENSDARG00000008060,ENSDARG00000059948,ENSDARG00000110709,ENSDARG00000069980,ENSDARG00000016934,ENSDARG00000088143,ENSDARG00000014522,ENSDARG00000092746,ENSDARG00000089109,ENSDARG00000058988,ENSDARG00000038957,ENSDARG00000023443,ENSDARG00000024775,ENSDARG00000056005,ENSDARG00000060944,ENSDARG00000061916,ENSDARG00000012790,ENSDARG00000034344,ENSDARG00000035677,ENSDARG00000103286,ENSDARG00000038826,ENSDARG00000021392,ENSDARG00000044010,ENSDARG00000102185,ENSDARG00000021398,ENSDARG00000056239,ENSDARG00000027813,ENSDARG00000035781,ENSDARG00000075092,ENSDARG00000057676,ENSDARG00000070511,ENSDARG00000013659,ENSDARG00000069774,ENSDARG00000105285,ENSDARG00000105287,ENSDARG00000098667,ENSDARG00000027345,ENSDARG00000074335,ENSDARG00000037153,ENSDARG00000062349,ENSDARG00000062478,ENSDARG00000016699,ENSDARG00000039218,ENSDARG00000040684,ENSDARG00000016695,ENSDARG00000039455,ENSDARG00000039335,ENSDARG00000029881,ENSDARG00000090818,ENSDARG00000088740,ENSDARG00000061260,ENSDARG00000030867,ENSDARG00000076644,ENSDARG00000016460,ENSDARG00000095268,ENSDARG00000004455,ENSDARG00000020602,ENSDARG00000005789,ENSDARG00000063215,ENSDARG00000017799,ENSDARG00000063573,ENSDARG00000039563,ENSDARG00000088615,ENSDARG00000098528,ENSDARG00000062362,ENSDARG00000063330,ENSDARG00000052527,ENSDARG00000105277,ENSDARG00000079907,ENSDARG00000105142,ENSDARG00000099532,ENSDARG00000029621,ENSDARG00000024295,ENSDARG00000027322,ENSDARG00000039436,ENSDARG00000037012,ENSDARG00000020924,ENSDARG00000041511,ENSDARG00000037495,ENSDARG00000014013,ENSDARG00000042961,ENSDARG00000062370,ENSDARG00000019941,ENSDARG00000086342,ENSDARG00000086100,ENSDARG00000105389,ENSDARG00000075455,ENSDARG00000003269,ENSDARG00000074129,ENSDARG00000078964,ENSDARG00000015472,ENSDARG00000008832,ENSDARG00000071091,ENSDARG00000041616,ENSDARG00000004115,ENSDARG00000040534,ENSDARG00000018508,ENSDARG00000014386,ENSDARG00000063475,ENSDARG00000067710,ENSDARG00000075209,ENSDARG00000037008,ENSDARG00000053956,ENSDARG00000076435,ENSDARG00000098226,ENSDARG00000004307,ENSDARG00000075343,ENSDARG00000052982,ENSDARG00000030839,ENSDARG00000031929,ENSDARG00000041728,ENSDARG00000002249,ENSDARG00000067605,ENSDARG00000017988,ENSDARG00000043902,ENSDARG00000038569,ENSDARG00000063361,ENSDARG00000053708,ENSDARG00000052615,ENSDARG00000087574,ENSDARG00000060094,ENSDARG00000014239,ENSDARG00000002235,ENSDARG00000030824,ENSDARG00000051880,ENSDARG00000002230,ENSDARG00000042807,ENSDARG00000098451,ENSDARG00000006832,ENSDARG00000040505,ENSDARG00000017636,ENSDARG00000101716,ENSDARG00000063372,ENSDARG00000062040,ENSDARG00000045075,ENSDARG00000039512,ENSDARG00000015425,ENSDARG00000017844,ENSDARG00000035273,ENSDARG00000035152,ENSDARG00000010096,ENSDARG00000038422,ENSDARG00000057949,ENSDARG00000057708,ENSDARG00000029832,ENSDARG00000108683,ENSDARG00000098359,ENSDARG00000078404,ENSDARG00000040608,ENSDARG00000011190,ENSDARG00000037560,ENSDARG00000034291,ENSDARG00000061099,ENSDARG00000038414,ENSDARG00000089643,ENSDARG00000014103,ENSDARG00000035148,ENSDARG00000100968,ENSDARG00000035389,ENSDARG00000014462,ENSDARG00000026680,ENSDARG00000016769,ENSDARG00000105059,ENSDARG00000112898,ENSDARG00000075821,ENSDARG00000006368,ENSDARG00000087804,ENSDARG00000043557,ENSDARG00000017140,ENSDARG00000021647,ENSDARG00000062752,ENSDARG00000062997,ENSDARG00000093008,ENSDARG00000101407,ENSDARG00000092039,ENSDARG00000075815,ENSDARG00000073756,ENSDARG00000097606,ENSDARG00000027065,ENSDARG00000011841,ENSDARG00000074728,ENSDARG00000011600,ENSDARG00000091061,ENSDARG00000003087,ENSDARG00000007323,ENSDARG00000039162,ENSDARG00000008890,ENSDARG00000058022,ENSDARG00000063612,ENSDARG00000005141,ENSDARG00000007560,ENSDARG00000017398,ENSDARG00000042690,ENSDARG00000056609,ENSDARG00000075949,ENSDARG00000035907,ENSDARG00000054667,ENSDARG00000054302,ENSDARG00000018693,ENSDARG00000053454,ENSDARG00000016153,ENSDARG00000054420,ENSDARG00000086737,ENSDARG00000009534,ENSDARG00000062532,ENSDARG00000061562,ENSDARG00000100897,ENSDARG00000060115,ENSDARG00000017126,ENSDARG00000061566,ENSDARG00000017365,ENSDARG00000034943,ENSDARG00000042440,ENSDARG00000030465,ENSDARG00000100773,ENSDARG00000074509,ENSDARG00000054539,ENSDARG00000055989,ENSDARG00000017254,ENSDARG00000093269,ENSDARG00000007347,ENSDARG00000087814,ENSDARG00000006257,ENSDARG00000008434,ENSDARG00000071491,ENSDARG00000016048,ENSDARG00000060366,ENSDARG00000040133,ENSDARG00000010745,ENSDARG00000010625,ENSDARG00000069298,ENSDARG00000069175,ENSDARG00000032737,ENSDARG00000074892,ENSDARG00000029204,ENSDARG00000074777,ENSDARG00000025089,ENSDARG00000003175,ENSDARG00000007412,ENSDARG00000016490,ENSDARG00000009837,ENSDARG00000112453,ENSDARG00000041332,ENSDARG00000061223,ENSDARG00000103744,ENSDARG00000033956,ENSDARG00000076826,ENSDARG00000073696,ENSDARG00000011929,ENSDARG00000071396,ENSDARG00000007886,ENSDARG00000008858,ENSDARG00000006314,ENSDARG00000037062,ENSDARG00000101317,ENSDARG00000037069,ENSDARG00000062323,ENSDARG00000101557,ENSDARG00000059035,ENSDARG00000088813,ENSDARG00000004372,ENSDARG00000088933,ENSDARG00000100462,ENSDARG00000074419,ENSDARG00000061590,ENSDARG00000101432,ENSDARG00000019418,ENSDARG00000052567,ENSDARG00000076730,ENSDARG00000033804,ENSDARG00000074558,ENSDARG00000074316,ENSDARG00000076972,ENSDARG00000074435,ENSDARG00000076853,ENSDARG00000017320,ENSDARG00000100698,ENSDARG00000042401,ENSDARG00000006341,ENSDARG00000040463,ENSDARG00000019746,ENSDARG00000086661,ENSDARG00000074441,ENSDARG00000007425,ENSDARG00000020625,ENSDARG00000099960,ENSDARG00000063309,ENSDARG00000044935,ENSDARG00000042515,ENSDARG00000089800,ENSDARG00000104808,ENSDARG00000044808,ENSDARG00000102986,ENSDARG00000039222,ENSDARG00000017211,ENSDARG00000019752,ENSDARG00000018542,ENSDARG00000028581,ENSDARG00000027495,ENSDARG00000055938,ENSDARG00000054968"
"4","2.15","UP_KW_CELLULAR_COMPONENT","Membrane","511","977","7786","16344","37.11","1.62e-3","6.80e-2","1.10","6.58e-2","6.15e-2","1.46e-3","ENSDARG00000001994,ENSDARG00000060601,ENSDARG00000056583,ENSDARG00000001634,ENSDARG00000023303,ENSDARG00000077284,ENSDARG00000114797,ENSDARG00000011564,ENSDARG00000061940,ENSDARG00000008388,ENSDARG00000068213,ENSDARG00000034568,ENSDARG00000073911,ENSDARG00000101482,ENSDARG00000010477,ENSDARG00000101366,ENSDARG00000014954,ENSDARG00000002959,ENSDARG00000043388,ENSDARG00000060977,ENSDARG00000043148,ENSDARG00000110186,ENSDARG00000060978,ENSDARG00000056690,ENSDARG00000096908,ENSDARG00000095937,ENSDARG00000101595,ENSDARG00000058425,ENSDARG00000041086,ENSDARG00000031049,ENSDARG00000102204,ENSDARG00000036616,ENSDARG00000054389,ENSDARG00000020131,ENSDARG00000099096,ENSDARG00000044225,ENSDARG00000002748,ENSDARG00000079122,ENSDARG00000022438,ENSDARG00000022437,ENSDARG00000007195,ENSDARG00000026908,ENSDARG00000099092,ENSDARG00000026907,ENSDARG00000071876,ENSDARG00000068114,ENSDARG00000101461,ENSDARG00000034424,ENSDARG00000042282,ENSDARG00000012632,ENSDARG00000012513,ENSDARG00000001880,ENSDARG00000014939,ENSDARG00000053166,ENSDARG00000094752,ENSDARG00000090035,ENSDARG00000024744,ENSDARG00000062934,ENSDARG00000052073,ENSDARG00000011672,ENSDARG00000011671,ENSDARG00000010583,ENSDARG00000062821,ENSDARG00000062942,ENSDARG00000036952,ENSDARG00000060400,ENSDARG00000041068,ENSDARG00000068246,ENSDARG00000068124,ENSDARG00000011434,ENSDARG00000073962,ENSDARG00000020475,ENSDARG00000094542,ENSDARG00000044569,ENSDARG00000007496,ENSDARG00000069105,ENSDARG00000105644,ENSDARG00000029043,ENSDARG00000042141,ENSDARG00000031015,ENSDARG00000034528,ENSDARG00000101289,ENSDARG00000069590,ENSDARG00000090297,ENSDARG00000045525,ENSDARG00000044318,ENSDARG00000012981,ENSDARG00000012741,ENSDARG00000008212,ENSDARG00000060783,ENSDARG00000012747,ENSDARG00000069478,ENSDARG00000070214,ENSDARG00000071426,ENSDARG00000041040,ENSDARG00000103453,ENSDARG00000012745,ENSDARG00000073743,ENSDARG00000091298,ENSDARG00000056762,ENSDARG00000060668,ENSDARG00000091058,ENSDARG00000020212,ENSDARG00000001734,ENSDARG00000017047,ENSDARG00000058115,ENSDARG00000061400,ENSDARG00000019345,ENSDARG00000070467,ENSDARG00000013926,ENSDARG00000098916,ENSDARG00000073870,ENSDARG00000056998,ENSDARG00000013928,ENSDARG00000043443,ENSDARG00000053122,ENSDARG00000039066,ENSDARG00000090072,ENSDARG00000044417,ENSDARG00000060319,ENSDARG00000116863,ENSDARG00000057394,ENSDARG00000101139,ENSDARG00000058367,ENSDARG00000104647,ENSDARG00000031463,ENSDARG00000070479,ENSDARG00000070357,ENSDARG00000036911,ENSDARG00000104401,ENSDARG00000104767,ENSDARG00000012968,ENSDARG00000068286,ENSDARG00000036915,ENSDARG00000102100,ENSDARG00000036913,ENSDARG00000004745,ENSDARG00000045175,ENSDARG00000004627,ENSDARG00000079502,ENSDARG00000078657,ENSDARG00000076594,ENSDARG00000077560,ENSDARG00000036584,ENSDARG00000069946,ENSDARG00000036105,ENSDARG00000069945,ENSDARG00000014792,ENSDARG00000103148,ENSDARG00000045172,ENSDARG00000057728,ENSDARG00000076247,ENSDARG00000046014,ENSDARG00000074183,ENSDARG00000088699,ENSDARG00000016745,ENSDARG00000116680,ENSDARG00000012144,ENSDARG00000012025,ENSDARG00000036335,ENSDARG00000037427,ENSDARG00000086033,ENSDARG00000077349,ENSDARG00000104450,ENSDARG00000024693,ENSDARG00000026630,ENSDARG00000078315,ENSDARG00000077465,ENSDARG00000004402,ENSDARG00000088247,ENSDARG00000068515,ENSDARG00000108937,ENSDARG00000070822,ENSDARG00000051824,ENSDARG00000102381,ENSDARG00000078688,ENSDARG00000045146,ENSDARG00000079651,ENSDARG00000089569,ENSDARG00000056270,ENSDARG00000068888,ENSDARG00000013210,ENSDARG00000059931,ENSDARG00000034013,ENSDARG00000059933,ENSDARG00000058603,ENSDARG00000015757,ENSDARG00000089562,ENSDARG00000088232,ENSDARG00000027822,ENSDARG00000002642,ENSDARG00000078216,ENSDARG00000024314,ENSDARG00000079781,ENSDARG00000000588,ENSDARG00000091306,ENSDARG00000013542,ENSDARG00000091304,ENSDARG00000069503,ENSDARG00000038728,ENSDARG00000057644,ENSDARG00000038608,ENSDARG00000008060,ENSDARG00000059948,ENSDARG00000110709,ENSDARG00000069980,ENSDARG00000016934,ENSDARG00000088143,ENSDARG00000078221,ENSDARG00000014522,ENSDARG00000092746,ENSDARG00000089109,ENSDARG00000058988,ENSDARG00000038957,ENSDARG00000023443,ENSDARG00000024775,ENSDARG00000056005,ENSDARG00000060944,ENSDARG00000061916,ENSDARG00000033251,ENSDARG00000012790,ENSDARG00000034344,ENSDARG00000098081,ENSDARG00000035677,ENSDARG00000103286,ENSDARG00000038826,ENSDARG00000021392,ENSDARG00000102185,ENSDARG00000021398,ENSDARG00000056239,ENSDARG00000000472,ENSDARG00000098075,ENSDARG00000099045,ENSDARG00000027813,ENSDARG00000035781,ENSDARG00000075092,ENSDARG00000057676,ENSDARG00000070511,ENSDARG00000013659,ENSDARG00000069774,ENSDARG00000105287,ENSDARG00000098667,ENSDARG00000027345,ENSDARG00000074335,ENSDARG00000037153,ENSDARG00000062349,ENSDARG00000062478,ENSDARG00000016699,ENSDARG00000039218,ENSDARG00000040684,ENSDARG00000016695,ENSDARG00000039455,ENSDARG00000039335,ENSDARG00000029881,ENSDARG00000090818,ENSDARG00000088740,ENSDARG00000061260,ENSDARG00000030867,ENSDARG00000076644,ENSDARG00000094052,ENSDARG00000016460,ENSDARG00000095268,ENSDARG00000004455,ENSDARG00000020602,ENSDARG00000005789,ENSDARG00000063215,ENSDARG00000017799,ENSDARG00000063573,ENSDARG00000088615,ENSDARG00000098528,ENSDARG00000062362,ENSDARG00000063330,ENSDARG00000052527,ENSDARG00000079907,ENSDARG00000105142,ENSDARG00000099532,ENSDARG00000029621,ENSDARG00000024295,ENSDARG00000027322,ENSDARG00000039436,ENSDARG00000037012,ENSDARG00000020924,ENSDARG00000041511,ENSDARG00000037495,ENSDARG00000014013,ENSDARG00000042961,ENSDARG00000062370,ENSDARG00000086342,ENSDARG00000105389,ENSDARG00000075455,ENSDARG00000003269,ENSDARG00000078964,ENSDARG00000015472,ENSDARG00000008832,ENSDARG00000071091,ENSDARG00000041616,ENSDARG00000004115,ENSDARG00000040534,ENSDARG00000018508,ENSDARG00000014386,ENSDARG00000013174,ENSDARG00000063475,ENSDARG00000067710,ENSDARG00000108649,ENSDARG00000075209,ENSDARG00000037008,ENSDARG00000076435,ENSDARG00000098226,ENSDARG00000004307,ENSDARG00000075343,ENSDARG00000052982,ENSDARG00000030839,ENSDARG00000031929,ENSDARG00000041728,ENSDARG00000003219,ENSDARG00000002249,ENSDARG00000067605,ENSDARG00000017988,ENSDARG00000043902,ENSDARG00000068934,ENSDARG00000038569,ENSDARG00000053708,ENSDARG00000052615,ENSDARG00000087574,ENSDARG00000060094,ENSDARG00000014239,ENSDARG00000002235,ENSDARG00000030824,ENSDARG00000051880,ENSDARG00000042807,ENSDARG00000006832,ENSDARG00000040505,ENSDARG00000017636,ENSDARG00000039887,ENSDARG00000016545,ENSDARG00000101716,ENSDARG00000063372,ENSDARG00000062040,ENSDARG00000045075,ENSDARG00000076218,ENSDARG00000039512,ENSDARG00000039997,ENSDARG00000015425,ENSDARG00000067507,ENSDARG00000017844,ENSDARG00000035273,ENSDARG00000035152,ENSDARG00000010096,ENSDARG00000038422,ENSDARG00000051748,ENSDARG00000057949,ENSDARG00000057708,ENSDARG00000029832,ENSDARG00000108683,ENSDARG00000098359,ENSDARG00000078404,ENSDARG00000040608,ENSDARG00000011190,ENSDARG00000037560,ENSDARG00000061099,ENSDARG00000038414,ENSDARG00000089643,ENSDARG00000014103,ENSDARG00000035148,ENSDARG00000100968,ENSDARG00000035389,ENSDARG00000063036,ENSDARG00000011196,ENSDARG00000014462,ENSDARG00000052702,ENSDARG00000105059,ENSDARG00000112898,ENSDARG00000075821,ENSDARG00000006368,ENSDARG00000087804,ENSDARG00000043557,ENSDARG00000017140,ENSDARG00000021647,ENSDARG00000062752,ENSDARG00000062997,ENSDARG00000093008,ENSDARG00000101407,ENSDARG00000092039,ENSDARG00000075815,ENSDARG00000073756,ENSDARG00000097606,ENSDARG00000027065,ENSDARG00000011841,ENSDARG00000074728,ENSDARG00000011600,ENSDARG00000091061,ENSDARG00000003087,ENSDARG00000007323,ENSDARG00000039162,ENSDARG00000008890,ENSDARG00000058022,ENSDARG00000063612,ENSDARG00000005141,ENSDARG00000007560,ENSDARG00000063730,ENSDARG00000017398,ENSDARG00000042690,ENSDARG00000056609,ENSDARG00000075949,ENSDARG00000035907,ENSDARG00000070393,ENSDARG00000054667,ENSDARG00000054302,ENSDARG00000018693,ENSDARG00000053454,ENSDARG00000016153,ENSDARG00000054420,ENSDARG00000086737,ENSDARG00000009534,ENSDARG00000062532,ENSDARG00000061562,ENSDARG00000100897,ENSDARG00000060115,ENSDARG00000017126,ENSDARG00000061566,ENSDARG00000017365,ENSDARG00000034943,ENSDARG00000042440,ENSDARG00000030465,ENSDARG00000074509,ENSDARG00000054539,ENSDARG00000055989,ENSDARG00000017254,ENSDARG00000093269,ENSDARG00000007347,ENSDARG00000087814,ENSDARG00000006257,ENSDARG00000008434,ENSDARG00000005049,ENSDARG00000071491,ENSDARG00000016048,ENSDARG00000060366,ENSDARG00000040133,ENSDARG00000010745,ENSDARG00000010625,ENSDARG00000069175,ENSDARG00000032737,ENSDARG00000074892,ENSDARG00000029204,ENSDARG00000074777,ENSDARG00000003175,ENSDARG00000007412,ENSDARG00000016490,ENSDARG00000009837,ENSDARG00000112453,ENSDARG00000041332,ENSDARG00000103744,ENSDARG00000033956,ENSDARG00000076826,ENSDARG00000073696,ENSDARG00000011929,ENSDARG00000071396,ENSDARG00000052690,ENSDARG00000007886,ENSDARG00000008858,ENSDARG00000006314,ENSDARG00000037062,ENSDARG00000101317,ENSDARG00000037069,ENSDARG00000062323,ENSDARG00000101557,ENSDARG00000059035,ENSDARG00000088813,ENSDARG00000004372,ENSDARG00000088933,ENSDARG00000100462,ENSDARG00000074419,ENSDARG00000061590,ENSDARG00000101432,ENSDARG00000019418,ENSDARG00000052567,ENSDARG00000076730,ENSDARG00000033804,ENSDARG00000074558,ENSDARG00000074316,ENSDARG00000076972,ENSDARG00000074435,ENSDARG00000076853,ENSDARG00000017320,ENSDARG00000009738,ENSDARG00000100698,ENSDARG00000042401,ENSDARG00000006341,ENSDARG00000019746,ENSDARG00000086661,ENSDARG00000030547,ENSDARG00000107077,ENSDARG00000074441,ENSDARG00000007425,ENSDARG00000020625,ENSDARG00000099960,ENSDARG00000063309,ENSDARG00000044935,ENSDARG00000042515,ENSDARG00000089800,ENSDARG00000104808,ENSDARG00000044808,ENSDARG00000102986,ENSDARG00000039222,ENSDARG00000017211,ENSDARG00000019752,ENSDARG00000018542,ENSDARG00000028581,ENSDARG00000027495,ENSDARG00000078915,ENSDARG00000055938,ENSDARG00000054968"
"4","2.15","UP_KW_DOMAIN","Transmembrane","296","804","4975","14291","21.50","1.26e-1","5.81e-1","1.06","9.55e-1","5.81e-1","1.17e-1","ENSDARG00000027345,ENSDARG00000074335,ENSDARG00000037153,ENSDARG00000001634,ENSDARG00000077284,ENSDARG00000011564,ENSDARG00000016699,ENSDARG00000008388,ENSDARG00000039335,ENSDARG00000029881,ENSDARG00000068213,ENSDARG00000034568,ENSDARG00000090818,ENSDARG00000073911,ENSDARG00000101366,ENSDARG00000061260,ENSDARG00000030867,ENSDARG00000076644,ENSDARG00000002959,ENSDARG00000060977,ENSDARG00000043388,ENSDARG00000110186,ENSDARG00000095268,ENSDARG00000005789,ENSDARG00000096908,ENSDARG00000063215,ENSDARG00000095937,ENSDARG00000088615,ENSDARG00000041086,ENSDARG00000102204,ENSDARG00000062362,ENSDARG00000063330,ENSDARG00000052527,ENSDARG00000024295,ENSDARG00000029621,ENSDARG00000002748,ENSDARG00000079122,ENSDARG00000022438,ENSDARG00000039436,ENSDARG00000037012,ENSDARG00000007195,ENSDARG00000041511,ENSDARG00000026907,ENSDARG00000071876,ENSDARG00000062370,ENSDARG00000068114,ENSDARG00000086342,ENSDARG00000105389,ENSDARG00000001880,ENSDARG00000014939,ENSDARG00000078964,ENSDARG00000053166,ENSDARG00000041616,ENSDARG00000024744,ENSDARG00000004115,ENSDARG00000052073,ENSDARG00000040534,ENSDARG00000018508,ENSDARG00000062942,ENSDARG00000014386,ENSDARG00000063475,ENSDARG00000067710,ENSDARG00000108649,ENSDARG00000075209,ENSDARG00000037008,ENSDARG00000068124,ENSDARG00000076435,ENSDARG00000098226,ENSDARG00000075343,ENSDARG00000041728,ENSDARG00000094542,ENSDARG00000002249,ENSDARG00000017988,ENSDARG00000038569,ENSDARG00000069105,ENSDARG00000105644,ENSDARG00000053708,ENSDARG00000034528,ENSDARG00000052615,ENSDARG00000087574,ENSDARG00000060094,ENSDARG00000101289,ENSDARG00000014239,ENSDARG00000002235,ENSDARG00000030824,ENSDARG00000069590,ENSDARG00000090297,ENSDARG00000045525,ENSDARG00000042807,ENSDARG00000040505,ENSDARG00000017636,ENSDARG00000012741,ENSDARG00000101716,ENSDARG00000012747,ENSDARG00000063372,ENSDARG00000069478,ENSDARG00000070214,ENSDARG00000071426,ENSDARG00000041040,ENSDARG00000103453,ENSDARG00000012745,ENSDARG00000045075,ENSDARG00000073743,ENSDARG00000091298,ENSDARG00000056762,ENSDARG00000060668,ENSDARG00000091058,ENSDARG00000001734,ENSDARG00000015425,ENSDARG00000035273,ENSDARG00000017047,ENSDARG00000058115,ENSDARG00000038422,ENSDARG00000070467,ENSDARG00000013926,ENSDARG00000057949,ENSDARG00000057708,ENSDARG00000029832,ENSDARG00000108683,ENSDARG00000073870,ENSDARG00000056998,ENSDARG00000098359,ENSDARG00000040608,ENSDARG00000011190,ENSDARG00000039066,ENSDARG00000090072,ENSDARG00000044417,ENSDARG00000060319,ENSDARG00000116863,ENSDARG00000061099,ENSDARG00000101139,ENSDARG00000038414,ENSDARG00000089643,ENSDARG00000014103,ENSDARG00000035148,ENSDARG00000058367,ENSDARG00000100968,ENSDARG00000104647,ENSDARG00000031463,ENSDARG00000070479,ENSDARG00000104401,ENSDARG00000104767,ENSDARG00000068286,ENSDARG00000102100,ENSDARG00000105059,ENSDARG00000036913,ENSDARG00000004745,ENSDARG00000112898,ENSDARG00000045175,ENSDARG00000079502,ENSDARG00000075821,ENSDARG00000078657,ENSDARG00000006368,ENSDARG00000087804,ENSDARG00000043557,ENSDARG00000076594,ENSDARG00000062752,ENSDARG00000036584,ENSDARG00000069945,ENSDARG00000093008,ENSDARG00000092039,ENSDARG00000014792,ENSDARG00000103148,ENSDARG00000075815,ENSDARG00000073756,ENSDARG00000097606,ENSDARG00000027065,ENSDARG00000074728,ENSDARG00000057728,ENSDARG00000011600,ENSDARG00000076247,ENSDARG00000091061,ENSDARG00000046014,ENSDARG00000016745,ENSDARG00000116680,ENSDARG00000008890,ENSDARG00000058022,ENSDARG00000012144,ENSDARG00000063612,ENSDARG00000012025,ENSDARG00000036335,ENSDARG00000017398,ENSDARG00000042690,ENSDARG00000056609,ENSDARG00000037427,ENSDARG00000077349,ENSDARG00000054667,ENSDARG00000018693,ENSDARG00000078315,ENSDARG00000024693,ENSDARG00000016153,ENSDARG00000077465,ENSDARG00000086737,ENSDARG00000009534,ENSDARG00000004402,ENSDARG00000061562,ENSDARG00000088247,ENSDARG00000060115,ENSDARG00000017126,ENSDARG00000068515,ENSDARG00000061566,ENSDARG00000017365,ENSDARG00000108937,ENSDARG00000030465,ENSDARG00000054539,ENSDARG00000051824,ENSDARG00000055989,ENSDARG00000102381,ENSDARG00000045146,ENSDARG00000017254,ENSDARG00000093269,ENSDARG00000079651,ENSDARG00000087814,ENSDARG00000007347,ENSDARG00000006257,ENSDARG00000008434,ENSDARG00000071491,ENSDARG00000016048,ENSDARG00000060366,ENSDARG00000059933,ENSDARG00000010625,ENSDARG00000058603,ENSDARG00000089562,ENSDARG00000088232,ENSDARG00000015757,ENSDARG00000029204,ENSDARG00000003175,ENSDARG00000007412,ENSDARG00000024314,ENSDARG00000112453,ENSDARG00000079781,ENSDARG00000091306,ENSDARG00000013542,ENSDARG00000041332,ENSDARG00000091304,ENSDARG00000038728,ENSDARG00000057644,ENSDARG00000038608,ENSDARG00000059948,ENSDARG00000008060,ENSDARG00000110709,ENSDARG00000069980,ENSDARG00000076826,ENSDARG00000088143,ENSDARG00000011929,ENSDARG00000071396,ENSDARG00000007886,ENSDARG00000101317,ENSDARG00000062323,ENSDARG00000037069,ENSDARG00000101557,ENSDARG00000092746,ENSDARG00000059035,ENSDARG00000088813,ENSDARG00000089109,ENSDARG00000088933,ENSDARG00000074419,ENSDARG00000100462,ENSDARG00000061590,ENSDARG00000038957,ENSDARG00000052567,ENSDARG00000076730,ENSDARG00000024775,ENSDARG00000074558,ENSDARG00000076972,ENSDARG00000076853,ENSDARG00000056005,ENSDARG00000017320,ENSDARG00000060944,ENSDARG00000061916,ENSDARG00000100698,ENSDARG00000012790,ENSDARG00000034344,ENSDARG00000006341,ENSDARG00000035677,ENSDARG00000019746,ENSDARG00000086661,ENSDARG00000038826,ENSDARG00000107077,ENSDARG00000074441,ENSDARG00000102185,ENSDARG00000056239,ENSDARG00000021398,ENSDARG00000007425,ENSDARG00000027813,ENSDARG00000042515,ENSDARG00000089800,ENSDARG00000035781,ENSDARG00000075092,ENSDARG00000102986,ENSDARG00000039222,ENSDARG00000017211,ENSDARG00000019752,ENSDARG00000018542,ENSDARG00000028581,ENSDARG00000055938,ENSDARG00000054968"
"4","2.15","UP_SEQ_FEATURE","TRANSMEM:Helical","339","1250","5665","21277","24.62","3.75e-1","1.00e+0","1.02","1.00e+0","1.00e+0","3.61e-1","ENSDARG00000098667,ENSDARG00000027345,ENSDARG00000074335,ENSDARG00000037153,ENSDARG00000001634,ENSDARG00000077284,ENSDARG00000062478,ENSDARG00000011564,ENSDARG00000016699,ENSDARG00000039218,ENSDARG00000008388,ENSDARG00000061940,ENSDARG00000039455,ENSDARG00000016695,ENSDARG00000029881,ENSDARG00000068213,ENSDARG00000034568,ENSDARG00000090818,ENSDARG00000073911,ENSDARG00000010477,ENSDARG00000101366,ENSDARG00000061260,ENSDARG00000030867,ENSDARG00000076644,ENSDARG00000002959,ENSDARG00000060977,ENSDARG00000092553,ENSDARG00000043388,ENSDARG00000043148,ENSDARG00000110186,ENSDARG00000016460,ENSDARG00000095268,ENSDARG00000004455,ENSDARG00000005789,ENSDARG00000060978,ENSDARG00000096908,ENSDARG00000063215,ENSDARG00000095937,ENSDARG00000088615,ENSDARG00000041086,ENSDARG00000102204,ENSDARG00000062362,ENSDARG00000063330,ENSDARG00000052527,ENSDARG00000036616,ENSDARG00000079907,ENSDARG00000105142,ENSDARG00000024295,ENSDARG00000029621,ENSDARG00000099096,ENSDARG00000002748,ENSDARG00000079122,ENSDARG00000022438,ENSDARG00000022437,ENSDARG00000039436,ENSDARG00000037012,ENSDARG00000007195,ENSDARG00000026908,ENSDARG00000014013,ENSDARG00000042961,ENSDARG00000026907,ENSDARG00000071876,ENSDARG00000062370,ENSDARG00000101461,ENSDARG00000034424,ENSDARG00000042282,ENSDARG00000012632,ENSDARG00000105389,ENSDARG00000003269,ENSDARG00000001880,ENSDARG00000014939,ENSDARG00000078964,ENSDARG00000053166,ENSDARG00000071091,ENSDARG00000024744,ENSDARG00000052073,ENSDARG00000062934,ENSDARG00000040534,ENSDARG00000018508,ENSDARG00000062821,ENSDARG00000062942,ENSDARG00000036952,ENSDARG00000060400,ENSDARG00000063475,ENSDARG00000067710,ENSDARG00000075209,ENSDARG00000037008,ENSDARG00000068124,ENSDARG00000011434,ENSDARG00000076435,ENSDARG00000098226,ENSDARG00000075343,ENSDARG00000052982,ENSDARG00000041728,ENSDARG00000094542,ENSDARG00000044569,ENSDARG00000002249,ENSDARG00000043902,ENSDARG00000017988,ENSDARG00000038569,ENSDARG00000069105,ENSDARG00000105644,ENSDARG00000013704,ENSDARG00000053708,ENSDARG00000034528,ENSDARG00000052615,ENSDARG00000087574,ENSDARG00000060094,ENSDARG00000101289,ENSDARG00000002235,ENSDARG00000030824,ENSDARG00000069590,ENSDARG00000051880,ENSDARG00000002230,ENSDARG00000090297,ENSDARG00000045525,ENSDARG00000042807,ENSDARG00000006832,ENSDARG00000040505,ENSDARG00000098451,ENSDARG00000017636,ENSDARG00000012741,ENSDARG00000101716,ENSDARG00000008212,ENSDARG00000012747,ENSDARG00000063372,ENSDARG00000069478,ENSDARG00000070214,ENSDARG00000071426,ENSDARG00000041040,ENSDARG00000103453,ENSDARG00000062040,ENSDARG00000045075,ENSDARG00000076218,ENSDARG00000091298,ENSDARG00000056762,ENSDARG00000060668,ENSDARG00000020212,ENSDARG00000001734,ENSDARG00000015425,ENSDARG00000058115,ENSDARG00000010096,ENSDARG00000061400,ENSDARG00000038422,ENSDARG00000070467,ENSDARG00000013926,ENSDARG00000057949,ENSDARG00000057708,ENSDARG00000029832,ENSDARG00000108683,ENSDARG00000073870,ENSDARG00000056998,ENSDARG00000098359,ENSDARG00000078404,ENSDARG00000043443,ENSDARG00000011190,ENSDARG00000039066,ENSDARG00000090072,ENSDARG00000044417,ENSDARG00000060319,ENSDARG00000116863,ENSDARG00000061099,ENSDARG00000101139,ENSDARG00000089643,ENSDARG00000014103,ENSDARG00000035148,ENSDARG00000100968,ENSDARG00000104647,ENSDARG00000070479,ENSDARG00000036911,ENSDARG00000070357,ENSDARG00000104767,ENSDARG00000068286,ENSDARG00000036915,ENSDARG00000102100,ENSDARG00000105059,ENSDARG00000004745,ENSDARG00000112898,ENSDARG00000004627,ENSDARG00000045175,ENSDARG00000079502,ENSDARG00000078657,ENSDARG00000006368,ENSDARG00000087804,ENSDARG00000076594,ENSDARG00000077560,ENSDARG00000062752,ENSDARG00000036584,ENSDARG00000069946,ENSDARG00000069945,ENSDARG00000092039,ENSDARG00000014792,ENSDARG00000103148,ENSDARG00000075815,ENSDARG00000073756,ENSDARG00000097606,ENSDARG00000027065,ENSDARG00000074728,ENSDARG00000057728,ENSDARG00000011600,ENSDARG00000076247,ENSDARG00000091061,ENSDARG00000046014,ENSDARG00000016745,ENSDARG00000008890,ENSDARG00000058022,ENSDARG00000012144,ENSDARG00000063612,ENSDARG00000017398,ENSDARG00000042690,ENSDARG00000056609,ENSDARG00000037427,ENSDARG00000086033,ENSDARG00000104450,ENSDARG00000018693,ENSDARG00000078315,ENSDARG00000024693,ENSDARG00000016153,ENSDARG00000077465,ENSDARG00000086737,ENSDARG00000009534,ENSDARG00000004402,ENSDARG00000061562,ENSDARG00000100897,ENSDARG00000088247,ENSDARG00000060115,ENSDARG00000017126,ENSDARG00000068515,ENSDARG00000061566,ENSDARG00000017365,ENSDARG00000108937,ENSDARG00000057743,ENSDARG00000034943,ENSDARG00000042440,ENSDARG00000030465,ENSDARG00000074509,ENSDARG00000051824,ENSDARG00000055989,ENSDARG00000102381,ENSDARG00000017254,ENSDARG00000079651,ENSDARG00000087814,ENSDARG00000007347,ENSDARG00000006257,ENSDARG00000008434,ENSDARG00000071491,ENSDARG00000016048,ENSDARG00000013210,ENSDARG00000060366,ENSDARG00000040133,ENSDARG00000059933,ENSDARG00000058603,ENSDARG00000089562,ENSDARG00000088232,ENSDARG00000015757,ENSDARG00000032737,ENSDARG00000027822,ENSDARG00000029204,ENSDARG00000003175,ENSDARG00000007412,ENSDARG00000024314,ENSDARG00000112453,ENSDARG00000079781,ENSDARG00000091306,ENSDARG00000013542,ENSDARG00000041332,ENSDARG00000069503,ENSDARG00000038728,ENSDARG00000057644,ENSDARG00000038608,ENSDARG00000103744,ENSDARG00000033956,ENSDARG00000059948,ENSDARG00000008060,ENSDARG00000110709,ENSDARG00000069980,ENSDARG00000076826,ENSDARG00000016934,ENSDARG00000088143,ENSDARG00000011929,ENSDARG00000071396,ENSDARG00000007886,ENSDARG00000006314,ENSDARG00000101317,ENSDARG00000062323,ENSDARG00000014522,ENSDARG00000037069,ENSDARG00000101557,ENSDARG00000092746,ENSDARG00000059035,ENSDARG00000088813,ENSDARG00000089109,ENSDARG00000088933,ENSDARG00000100462,ENSDARG00000058988,ENSDARG00000061590,ENSDARG00000019418,ENSDARG00000052567,ENSDARG00000076730,ENSDARG00000024775,ENSDARG00000074558,ENSDARG00000074316,ENSDARG00000076972,ENSDARG00000076853,ENSDARG00000017320,ENSDARG00000060944,ENSDARG00000061916,ENSDARG00000100698,ENSDARG00000042401,ENSDARG00000012790,ENSDARG00000034344,ENSDARG00000098081,ENSDARG00000006341,ENSDARG00000035677,ENSDARG00000103286,ENSDARG00000086661,ENSDARG00000038826,ENSDARG00000021392,ENSDARG00000107077,ENSDARG00000074441,ENSDARG00000102185,ENSDARG00000056239,ENSDARG00000021398,ENSDARG00000007425,ENSDARG00000099960,ENSDARG00000042515,ENSDARG00000089800,ENSDARG00000035781,ENSDARG00000075092,ENSDARG00000102986,ENSDARG00000039222,ENSDARG00000044808,ENSDARG00000017211,ENSDARG00000019752,ENSDARG00000018542,ENSDARG00000070511,ENSDARG00000028581,ENSDARG00000027495,ENSDARG00000055938,ENSDARG00000054968"
"5","1.88","SMART","C2","20","772","172","13267","1.45","5.29e-3","4.96e-1","2.00","8.63e-1","4.96e-1","2.40e-3","ENSDARG00000030824,ENSDARG00000076730,ENSDARG00000018382,ENSDARG00000107077,ENSDARG00000078964,ENSDARG00000025189,ENSDARG00000017141,ENSDARG00000063713,ENSDARG00000099199,ENSDARG00000017391,ENSDARG00000004291,ENSDARG00000040684,ENSDARG00000061345,ENSDARG00000061466,ENSDARG00000031463,ENSDARG00000087921,ENSDARG00000068246,ENSDARG00000074903,ENSDARG00000101432,ENSDARG00000014239"
"5","1.88","INTERPRO","C2_dom","20","1340","181","23408","1.45","7.88e-3","1.00e+0","1.93","1.00e+0","1.00e+0","3.71e-3","ENSDARG00000030824,ENSDARG00000076730,ENSDARG00000018382,ENSDARG00000107077,ENSDARG00000078964,ENSDARG00000025189,ENSDARG00000017141,ENSDARG00000063713,ENSDARG00000099199,ENSDARG00000017391,ENSDARG00000004291,ENSDARG00000040684,ENSDARG00000061345,ENSDARG00000061466,ENSDARG00000031463,ENSDARG00000087921,ENSDARG00000068246,ENSDARG00000074903,ENSDARG00000101432,ENSDARG00000014239"
"5","1.88","UP_SEQ_FEATURE","DOMAIN:C2","19","1250","167","21277","1.38","9.39e-3","6.86e-1","1.94","1.00e+0","6.85e-1","4.40e-3","ENSDARG00000030824,ENSDARG00000076730,ENSDARG00000018382,ENSDARG00000107077,ENSDARG00000078964,ENSDARG00000025189,ENSDARG00000017141,ENSDARG00000063713,ENSDARG00000099199,ENSDARG00000017391,ENSDARG00000004291,ENSDARG00000040684,ENSDARG00000061345,ENSDARG00000061466,ENSDARG00000087921,ENSDARG00000068246,ENSDARG00000074903,ENSDARG00000101432,ENSDARG00000014239"
"5","1.88","INTERPRO","C2_domain_sf","21","1340","216","23408","1.53","2.34e-2","1.00e+0","1.70","1.00e+0","1.00e+0","1.26e-2","ENSDARG00000030824,ENSDARG00000076730,ENSDARG00000018382,ENSDARG00000107077,ENSDARG00000075327,ENSDARG00000078964,ENSDARG00000025189,ENSDARG00000017141,ENSDARG00000063713,ENSDARG00000099199,ENSDARG00000017391,ENSDARG00000004291,ENSDARG00000040684,ENSDARG00000061345,ENSDARG00000061466,ENSDARG00000031463,ENSDARG00000087921,ENSDARG00000068246,ENSDARG00000074903,ENSDARG00000101432,ENSDARG00000014239"
"5","1.88","GOTERM_MF_DIRECT","calcium-dependent phospholipid binding","9","1186","70","21154","0.65","4.14e-2","1.00e+0","2.29","1.00e+0","1.00e+0","1.59e-2","ENSDARG00000030824,ENSDARG00000076730,ENSDARG00000107077,ENSDARG00000078964,ENSDARG00000061466,ENSDARG00000025189,ENSDARG00000044048,ENSDARG00000017141,ENSDARG00000014239"
"6","1.71","GOTERM_CC_DIRECT","Golgi membrane","41","1261","469","22190","2.98","6.92e-3","3.35e-1","1.54","9.58e-1","3.32e-1","4.17e-3","ENSDARG00000098226,ENSDARG00000112898,ENSDARG00000079502,ENSDARG00000029621,ENSDARG00000076218,ENSDARG00000078315,ENSDARG00000003175,ENSDARG00000044225,ENSDARG00000091058,ENSDARG00000009534,ENSDARG00000041728,ENSDARG00000016490,ENSDARG00000036584,ENSDARG00000017844,ENSDARG00000062511,ENSDARG00000059948,ENSDARG00000019746,ENSDARG00000110709,ENSDARG00000040608,ENSDARG00000093269,ENSDARG00000007886,ENSDARG00000006832,ENSDARG00000040505,ENSDARG00000004115,ENSDARG00000041616,ENSDARG00000037062,ENSDARG00000044935,ENSDARG00000039162,ENSDARG00000037069,ENSDARG00000018508,ENSDARG00000038414,ENSDARG00000014386,ENSDARG00000104647,ENSDARG00000088933,ENSDARG00000057676,ENSDARG00000012747,ENSDARG00000059933,ENSDARG00000108649,ENSDARG00000063330,ENSDARG00000012745,ENSDARG00000036913"
"6","1.71","GOTERM_CC_DIRECT","Golgi apparatus","62","1261","817","22190","4.50","1.76e-2","6.87e-1","1.34","1.00e+0","6.81e-1","1.22e-2","ENSDARG00000045175,ENSDARG00000112898,ENSDARG00000079502,ENSDARG00000003175,ENSDARG00000060249,ENSDARG00000017141,ENSDARG00000016490,ENSDARG00000036584,ENSDARG00000039335,ENSDARG00000035578,ENSDARG00000042141,ENSDARG00000110709,ENSDARG00000056617,ENSDARG00000019130,ENSDARG00000016460,ENSDARG00000040505,ENSDARG00000006832,ENSDARG00000037062,ENSDARG00000101317,ENSDARG00000037069,ENSDARG00000063573,ENSDARG00000101716,ENSDARG00000088933,ENSDARG00000063330,ENSDARG00000087640,ENSDARG00000103453,ENSDARG00000012745,ENSDARG00000029621,ENSDARG00000078315,ENSDARG00000024693,ENSDARG00000044225,ENSDARG00000091058,ENSDARG00000009534,ENSDARG00000039512,ENSDARG00000017844,ENSDARG00000026908,ENSDARG00000058115,ENSDARG00000061400,ENSDARG00000038422,ENSDARG00000019746,ENSDARG00000060390,ENSDARG00000003269,ENSDARG00000056239,ENSDARG00000093269,ENSDARG00000053122,ENSDARG00000056550,ENSDARG00000005049,ENSDARG00000041616,ENSDARG00000004115,ENSDARG00000044935,ENSDARG00000057394,ENSDARG00000018508,ENSDARG00000038414,ENSDARG00000060368,ENSDARG00000014386,ENSDARG00000104647,ENSDARG00000057676,ENSDARG00000059933,ENSDARG00000108649,ENSDARG00000068123,ENSDARG00000069298,ENSDARG00000036913"
"6","1.71","UP_KW_CELLULAR_COMPONENT","Golgi apparatus","43","977","551","16344","3.12","6.14e-2","3.68e-1","1.31","9.30e-1","3.33e-1","4.47e-2","ENSDARG00000098226,ENSDARG00000045175,ENSDARG00000112898,ENSDARG00000079502,ENSDARG00000029621,ENSDARG00000024693,ENSDARG00000078315,ENSDARG00000044225,ENSDARG00000091058,ENSDARG00000009534,ENSDARG00000016490,ENSDARG00000039512,ENSDARG00000036584,ENSDARG00000058115,ENSDARG00000039335,ENSDARG00000035578,ENSDARG00000042141,ENSDARG00000059948,ENSDARG00000019746,ENSDARG00000110709,ENSDARG00000056617,ENSDARG00000019130,ENSDARG00000056239,ENSDARG00000093269,ENSDARG00000053122,ENSDARG00000040505,ENSDARG00000005049,ENSDARG00000004115,ENSDARG00000044935,ENSDARG00000037069,ENSDARG00000018508,ENSDARG00000063573,ENSDARG00000060368,ENSDARG00000104647,ENSDARG00000101716,ENSDARG00000088933,ENSDARG00000057676,ENSDARG00000059933,ENSDARG00000068123,ENSDARG00000063330,ENSDARG00000087640,ENSDARG00000103453,ENSDARG00000036913"
"7","1.60","KEGG_PATHWAY","Phosphatidylinositol signaling system","14","542","121","21890","1.02","9.56e-6","1.32e-4","4.67","1.62e-3","7.21e-5","1.84e-6","ENSDARG00000044295,ENSDARG00000074183,ENSDARG00000037560,ENSDARG00000076001,ENSDARG00000002897,ENSDARG00000056690,ENSDARG00000042856,ENSDARG00000034187,ENSDARG00000100313,ENSDARG00000040684,ENSDARG00000087921,ENSDARG00000068246,ENSDARG00000019613,ENSDARG00000031427"
"7","1.60","KEGG_PATHWAY","Inositol phosphate metabolism","13","542","104","21890","0.94","1.01e-5","1.32e-4","5.05","1.71e-3","7.21e-5","1.78e-6","ENSDARG00000044295,ENSDARG00000078542,ENSDARG00000037560,ENSDARG00000076001,ENSDARG00000002897,ENSDARG00000056690,ENSDARG00000042856,ENSDARG00000100313,ENSDARG00000040684,ENSDARG00000087921,ENSDARG00000068246,ENSDARG00000019613,ENSDARG00000045172"
"7","1.60","GOTERM_BP_DIRECT","phosphatidylinositol metabolic process","5","1221","23","20756","0.36","4.30e-2","1.00e+0","3.70","1.00e+0","1.00e+0","9.67e-3","ENSDARG00000044295,ENSDARG00000100313,ENSDARG00000087921,ENSDARG00000068246,ENSDARG00000076001"
"7","1.60","GOTERM_MF_DIRECT","1-phosphatidylinositol-4-phosphate 5-kinase activity","3","1186","10","21154","0.22","1.05e-1","1.00e+0","5.35","1.00e+0","1.00e+0","1.57e-2","ENSDARG00000044295,ENSDARG00000100313,ENSDARG00000076001"
"7","1.60","GOTERM_BP_DIRECT","phosphatidylinositol phosphate biosynthetic process","6","1221","44","20756","0.44","1.14e-1","1.00e+0","2.32","1.00e+0","1.00e+0","4.27e-2","ENSDARG00000042856,ENSDARG00000044295,ENSDARG00000100313,ENSDARG00000019613,ENSDARG00000076001,ENSDARG00000002897"
"7","1.60","INTERPRO","PInositol-4/5-P-5/4-kinase","3","1340","11","23408","0.22","1.28e-1","1.00e+0","4.76","1.00e+0","1.00e+0","2.18e-2","ENSDARG00000044295,ENSDARG00000100313,ENSDARG00000076001"
"7","1.60","GOTERM_MF_DIRECT","phosphatidylinositol kinase activity","3","1186","12","21154","0.22","1.43e-1","1.00e+0","4.46","1.00e+0","1.00e+0","2.64e-2","ENSDARG00000044295,ENSDARG00000100313,ENSDARG00000076001"
"7","1.60","INTERPRO","PInositol-4-P-4/5-kinase_core","3","1340","12","23408","0.22","1.48e-1","1.00e+0","4.37","1.00e+0","1.00e+0","2.79e-2","ENSDARG00000044295,ENSDARG00000100313,ENSDARG00000076001"
"7","1.60","INTERPRO","PInositol-4-P-4/5-kinase_C_sf","3","1340","12","23408","0.22","1.48e-1","1.00e+0","4.37","1.00e+0","1.00e+0","2.79e-2","ENSDARG00000044295,ENSDARG00000100313,ENSDARG00000076001"
"7","1.60","INTERPRO","PInositol-4-P-5-kinase_N","3","1340","12","23408","0.22","1.48e-1","1.00e+0","4.37","1.00e+0","1.00e+0","2.79e-2","ENSDARG00000044295,ENSDARG00000100313,ENSDARG00000076001"
"7","1.60","SMART","PIPKc","3","772","12","13267","0.22","1.51e-1","1.00e+0","4.30","1.00e+0","1.00e+0","2.91e-2","ENSDARG00000044295,ENSDARG00000100313,ENSDARG00000076001"
"7","1.60","UP_SEQ_FEATURE","DOMAIN:PIPK","3","1250","12","21277","0.22","1.54e-1","1.00e+0","4.26","1.00e+0","1.00e+0","2.98e-2","ENSDARG00000044295,ENSDARG00000100313,ENSDARG00000076001"
"8","1.54","KEGG_PATHWAY","Adherens junction","11","542","150","21890","0.80","4.20e-3","1.70e-2","2.96","5.11e-1","9.29e-3","1.31e-3","ENSDARG00000015149,ENSDARG00000010583,ENSDARG00000100666,ENSDARG00000014113,ENSDARG00000014222,ENSDARG00000069600,ENSDARG00000103148,ENSDARG00000011190,ENSDARG00000024209,ENSDARG00000098916,ENSDARG00000007219"
"8","1.54","INTERPRO","WH2_dom","5","1340","25","23408","0.36","5.16e-2","1.00e+0","3.49","1.00e+0","1.00e+0","1.24e-2","ENSDARG00000015149,ENSDARG00000014113,ENSDARG00000069600,ENSDARG00000024209,ENSDARG00000059604"
"8","1.54","SMART","WH2","4","772","15","13267","0.29","5.27e-2","1.00e+0","4.58","1.00e+0","1.00e+0","9.27e-3","ENSDARG00000015149,ENSDARG00000014113,ENSDARG00000069600,ENSDARG00000024209"
"8","1.54","UP_SEQ_FEATURE","DOMAIN:WH2","5","1250","26","21277","0.36","6.31e-2","1.00e+0","3.27","1.00e+0","1.00e+0","1.63e-2","ENSDARG00000015149,ENSDARG00000014113,ENSDARG00000069600,ENSDARG00000024209,ENSDARG00000059604"
"9","1.53","KEGG_PATHWAY","Fatty acid elongation","7","542","42","21890","0.51","5.46e-4","2.99e-3","6.73","8.87e-2","1.64e-3","6.98e-5","ENSDARG00000038881,ENSDARG00000059689,ENSDARG00000027495,ENSDARG00000103744,ENSDARG00000004402,ENSDARG00000099960,ENSDARG00000104542"
"9","1.53","KEGG_PATHWAY","Fatty acid metabolism","8","542","76","21890","0.58","2.72e-3","1.16e-2","4.25","3.71e-1","6.32e-3","5.77e-4","ENSDARG00000009074,ENSDARG00000038881,ENSDARG00000087657,ENSDARG00000027495,ENSDARG00000103744,ENSDARG00000004402,ENSDARG00000099960,ENSDARG00000104542"
"9","1.53","GOTERM_BP_DIRECT","sphingolipid biosynthetic process","7","1221","27","20756","0.51","4.15e-3","8.47e-1","4.41","1.00e+0","8.47e-1","7.51e-4","ENSDARG00000058022,ENSDARG00000027495,ENSDARG00000007347,ENSDARG00000103744,ENSDARG00000012632,ENSDARG00000004402,ENSDARG00000099960"
"9","1.53","GOTERM_BP_DIRECT","very long-chain fatty acid biosynthetic process","5","1221","21","20756","0.36","3.19e-2","1.00e+0","4.05","1.00e+0","1.00e+0","6.44e-3","ENSDARG00000027495,ENSDARG00000103744,ENSDARG00000012632,ENSDARG00000004402,ENSDARG00000099960"
"9","1.53","GOTERM_MF_DIRECT","fatty acid elongase activity","4","1186","13","21154","0.29","3.29e-2","1.00e+0","5.49","1.00e+0","1.00e+0","4.67e-3","ENSDARG00000027495,ENSDARG00000012632,ENSDARG00000004402,ENSDARG00000099960"
"9","1.53","INTERPRO","ELO_fam","4","1340","13","23408","0.29","3.47e-2","1.00e+0","5.37","1.00e+0","1.00e+0","5.04e-3","ENSDARG00000027495,ENSDARG00000012632,ENSDARG00000004402,ENSDARG00000099960"
"9","1.53","GOTERM_BP_DIRECT","fatty acid elongation, saturated fatty acid","4","1221","13","20756","0.29","3.72e-2","1.00e+0","5.23","1.00e+0","1.00e+0","5.55e-3","ENSDARG00000027495,ENSDARG00000012632,ENSDARG00000004402,ENSDARG00000099960"
"9","1.53","GOTERM_BP_DIRECT","fatty acid elongation, monounsaturated fatty acid","4","1221","13","20756","0.29","3.72e-2","1.00e+0","5.23","1.00e+0","1.00e+0","5.55e-3","ENSDARG00000027495,ENSDARG00000012632,ENSDARG00000004402,ENSDARG00000099960"
"9","1.53","GOTERM_BP_DIRECT","fatty acid elongation, polyunsaturated fatty acid","4","1221","13","20756","0.29","3.72e-2","1.00e+0","5.23","1.00e+0","1.00e+0","5.55e-3","ENSDARG00000027495,ENSDARG00000012632,ENSDARG00000004402,ENSDARG00000099960"
"9","1.53","KEGG_PATHWAY","Biosynthesis of unsaturated fatty acids","4","542","34","21890","0.29","5.10e-2","1.26e-1","4.75","1.00e+0","6.88e-2","9.57e-3","ENSDARG00000027495,ENSDARG00000103744,ENSDARG00000004402,ENSDARG00000099960"
"9","1.53","INTERPRO","ELO_CS","3","1340","11","23408","0.22","1.28e-1","1.00e+0","4.76","1.00e+0","1.00e+0","2.18e-2","ENSDARG00000027495,ENSDARG00000012632,ENSDARG00000004402"
"9","1.53","GOTERM_BP_DIRECT","unsaturated fatty acid biosynthetic process","3","1221","12","20756","0.22","1.54e-1","1.00e+0","4.25","1.00e+0","1.00e+0","3.00e-2","ENSDARG00000027495,ENSDARG00000004402,ENSDARG00000099960"
"9","1.53","GOTERM_BP_DIRECT","long-chain fatty-acyl-CoA biosynthetic process","3","1221","12","20756","0.22","1.54e-1","1.00e+0","4.25","1.00e+0","1.00e+0","3.00e-2","ENSDARG00000027495,ENSDARG00000004402,ENSDARG00000099960"
"9","1.53","GOTERM_BP_DIRECT","lipid biosynthetic process","4","1221","28","20756","0.29","2.26e-1","1.00e+0","2.43","1.00e+0","1.00e+0","7.93e-2","ENSDARG00000038728,ENSDARG00000027495,ENSDARG00000012632,ENSDARG00000004402"
"10","1.49","GOTERM_BP_DIRECT","collagen fibril organization","10","1221","43","20756","0.73","7.46e-4","3.29e-1","3.95","7.47e-1","3.29e-1","1.54e-4","ENSDARG00000003259,ENSDARG00000019949,ENSDARG00000056922,ENSDARG00000103692,ENSDARG00000044010,ENSDARG00000039563,ENSDARG00000025089,ENSDARG00000012593,ENSDARG00000008060,ENSDARG00000033537"
"10","1.49","GOTERM_MF_DIRECT","oxidoreductase activity, acting on the CH-NH2 group of donors, oxygen as acceptor","5","1186","14","21154","0.36","6.24e-3","9.01e-1","6.37","9.96e-1","9.01e-1","7.18e-4","ENSDARG00000003259,ENSDARG00000044010,ENSDARG00000039563,ENSDARG00000025089,ENSDARG00000061355"
"10","1.49","UP_KW_PTM","TPQ","5","555","12","8073","0.36","6.97e-3","1.13e-1","6.06","1.66e-1","1.05e-1","7.96e-4","ENSDARG00000003259,ENSDARG00000044010,ENSDARG00000039563,ENSDARG00000025089,ENSDARG00000061355"
"10","1.49","INTERPRO","Lysyl_oxidase_CS","4","1340","9","23408","0.29","1.21e-2","1.00e+0","7.76","1.00e+0","1.00e+0","1.07e-3","ENSDARG00000003259,ENSDARG00000044010,ENSDARG00000039563,ENSDARG00000025089"
"10","1.49","GOTERM_MF_DIRECT","protein-lysine 6-oxidase activity","4","1186","10","21154","0.29","1.56e-2","9.90e-1","7.13","1.00e+0","9.90e-1","1.57e-3","ENSDARG00000003259,ENSDARG00000044010,ENSDARG00000039563,ENSDARG00000025089"
"10","1.49","INTERPRO","LOX-like_protein","4","1340","10","23408","0.29","1.65e-2","1.00e+0","6.99","1.00e+0","1.00e+0","1.70e-3","ENSDARG00000003259,ENSDARG00000044010,ENSDARG00000039563,ENSDARG00000025089"
"10","1.49","INTERPRO","Lysyl_oxidase","4","1340","10","23408","0.29","1.65e-2","1.00e+0","6.99","1.00e+0","1.00e+0","1.70e-3","ENSDARG00000003259,ENSDARG00000044010,ENSDARG00000039563,ENSDARG00000025089"
"10","1.49","UP_KW_PTM","LTQ","4","555","10","8073","0.29","2.68e-2","1.81e-1","5.82","5.07e-1","1.68e-1","3.32e-3","ENSDARG00000003259,ENSDARG00000044010,ENSDARG00000039563,ENSDARG00000025089"
"10","1.49","GOTERM_MF_DIRECT","copper ion binding","6","1186","37","21154","0.44","5.39e-2","1.00e+0","2.89","1.00e+0","1.00e+0","1.60e-2","ENSDARG00000003259,ENSDARG00000044010,ENSDARG00000039563,ENSDARG00000025089,ENSDARG00000061355,ENSDARG00000054288"
"10","1.49","UP_KW_LIGAND","Copper","6","424","47","7893","0.44","1.05e-1","5.71e-1","2.38","9.85e-1","5.41e-1","3.86e-2","ENSDARG00000003259,ENSDARG00000044010,ENSDARG00000039563,ENSDARG00000029204,ENSDARG00000025089,ENSDARG00000061355"
"10","1.49","SMART","SR","3","772","30","13267","0.22","5.27e-1","1.00e+0","1.72","1.00e+0","1.00e+0","2.53e-1","ENSDARG00000044010,ENSDARG00000039563,ENSDARG00000025089"
"10","1.49","INTERPRO","SRCR","3","1340","34","23408","0.22","5.87e-1","1.00e+0","1.54","1.00e+0","1.00e+0","3.08e-1","ENSDARG00000044010,ENSDARG00000039563,ENSDARG00000025089"
"10","1.49","INTERPRO","SRCR-like_dom_sf","3","1340","35","23408","0.22","6.03e-1","1.00e+0","1.50","1.00e+0","1.00e+0","3.24e-1","ENSDARG00000044010,ENSDARG00000039563,ENSDARG00000025089"
"11","1.48","GOTERM_BP_DIRECT","monoatomic ion transmembrane transport","39","1221","424","20756","2.83","6.53e-3","1.00e+0","1.56","1.00e+0","1.00e+0","3.90e-3","ENSDARG00000032737,ENSDARG00000004627,ENSDARG00000052982,ENSDARG00000098667,ENSDARG00000099096,ENSDARG00000091058,ENSDARG00000043557,ENSDARG00000023886,ENSDARG00000077560,ENSDARG00000091306,ENSDARG00000043902,ENSDARG00000067507,ENSDARG00000016699,ENSDARG00000016695,ENSDARG00000029881,ENSDARG00000042440,ENSDARG00000103286,ENSDARG00000010477,ENSDARG00000076826,ENSDARG00000016934,ENSDARG00000057728,ENSDARG00000076644,ENSDARG00000021392,ENSDARG00000046014,ENSDARG00000051880,ENSDARG00000014939,ENSDARG00000043443,ENSDARG00000017254,ENSDARG00000099045,ENSDARG00000004455,ENSDARG00000060319,ENSDARG00000062942,ENSDARG00000008212,ENSDARG00000074419,ENSDARG00000070511,ENSDARG00000010625,ENSDARG00000058988,ENSDARG00000037427,ENSDARG00000019418"
"11","1.48","UP_KW_MOLECULAR_FUNCTION","Ion channel","40","708","441","11803","2.90","9.30e-3","2.70e-1","1.51","5.57e-1","2.70e-1","5.68e-3","ENSDARG00000032737,ENSDARG00000004627,ENSDARG00000052982,ENSDARG00000098667,ENSDARG00000099096,ENSDARG00000091058,ENSDARG00000043557,ENSDARG00000009738,ENSDARG00000077560,ENSDARG00000091306,ENSDARG00000043902,ENSDARG00000067507,ENSDARG00000016699,ENSDARG00000098081,ENSDARG00000016695,ENSDARG00000029881,ENSDARG00000042440,ENSDARG00000103286,ENSDARG00000010477,ENSDARG00000076826,ENSDARG00000016934,ENSDARG00000057728,ENSDARG00000076644,ENSDARG00000021392,ENSDARG00000046014,ENSDARG00000051880,ENSDARG00000014939,ENSDARG00000043443,ENSDARG00000017254,ENSDARG00000099045,ENSDARG00000004455,ENSDARG00000062942,ENSDARG00000008212,ENSDARG00000074419,ENSDARG00000070511,ENSDARG00000010625,ENSDARG00000058988,ENSDARG00000062362,ENSDARG00000037427,ENSDARG00000019418"
"11","1.48","GOTERM_BP_DIRECT","monoatomic ion transport","55","1221","679","20756","3.99","1.51e-2","1.00e+0","1.38","1.00e+0","1.00e+0","1.03e-2","ENSDARG00000032737,ENSDARG00000004627,ENSDARG00000052982,ENSDARG00000098667,ENSDARG00000043557,ENSDARG00000077560,ENSDARG00000091306,ENSDARG00000043902,ENSDARG00000016699,ENSDARG00000016695,ENSDARG00000029881,ENSDARG00000075815,ENSDARG00000073756,ENSDARG00000011841,ENSDARG00000010477,ENSDARG00000076826,ENSDARG00000016934,ENSDARG00000057728,ENSDARG00000076644,ENSDARG00000046014,ENSDARG00000051880,ENSDARG00000004455,ENSDARG00000060978,ENSDARG00000116680,ENSDARG00000008212,ENSDARG00000074419,ENSDARG00000069478,ENSDARG00000070214,ENSDARG00000058988,ENSDARG00000062362,ENSDARG00000037427,ENSDARG00000019418,ENSDARG00000105142,ENSDARG00000073743,ENSDARG00000024295,ENSDARG00000099096,ENSDARG00000091058,ENSDARG00000023886,ENSDARG00000015425,ENSDARG00000067507,ENSDARG00000042440,ENSDARG00000034424,ENSDARG00000103286,ENSDARG00000003269,ENSDARG00000021392,ENSDARG00000014939,ENSDARG00000043443,ENSDARG00000017254,ENSDARG00000099045,ENSDARG00000060319,ENSDARG00000062942,ENSDARG00000044808,ENSDARG00000060366,ENSDARG00000070511,ENSDARG00000010625"
"11","1.48","GOTERM_MF_DIRECT","monoatomic ion channel activity","19","1186","229","21154","1.38","9.29e-2","1.00e+0","1.48","1.00e+0","1.00e+0","5.71e-2","ENSDARG00000076644,ENSDARG00000032737,ENSDARG00000021392,ENSDARG00000052982,ENSDARG00000046014,ENSDARG00000098667,ENSDARG00000099096,ENSDARG00000077560,ENSDARG00000043902,ENSDARG00000016699,ENSDARG00000062942,ENSDARG00000016695,ENSDARG00000029881,ENSDARG00000074419,ENSDARG00000042440,ENSDARG00000070511,ENSDARG00000062362,ENSDARG00000010477,ENSDARG00000037427"
"11","1.48","UP_KW_BIOLOGICAL_PROCESS","Ion transport","29","508","461","8466","2.11","4.87e-1","1.00e+0","1.05","1.00e+0","9.90e-1","4.25e-1","ENSDARG00000024295,ENSDARG00000073743,ENSDARG00000091058,ENSDARG00000043557,ENSDARG00000009738,ENSDARG00000091306,ENSDARG00000015425,ENSDARG00000067507,ENSDARG00000016699,ENSDARG00000029881,ENSDARG00000075815,ENSDARG00000073756,ENSDARG00000076826,ENSDARG00000057728,ENSDARG00000076644,ENSDARG00000046014,ENSDARG00000014939,ENSDARG00000043443,ENSDARG00000017254,ENSDARG00000099045,ENSDARG00000116680,ENSDARG00000062942,ENSDARG00000074419,ENSDARG00000069478,ENSDARG00000070214,ENSDARG00000041086,ENSDARG00000058988,ENSDARG00000062362,ENSDARG00000061590"
"12","1.46","KEGG_PATHWAY","Glycerophospholipid metabolism","12","542","118","21890","0.87","1.68e-4","1.42e-3","4.11","2.81e-2","7.79e-4","3.71e-5","ENSDARG00000101139,ENSDARG00000013542,ENSDARG00000053656,ENSDARG00000011233,ENSDARG00000016048,ENSDARG00000029621,ENSDARG00000070213,ENSDARG00000059933,ENSDARG00000074183,ENSDARG00000017141,ENSDARG00000020239,ENSDARG00000102176"
"12","1.46","UP_KW_BIOLOGICAL_PROCESS","Lipid biosynthesis","15","508","128","8466","1.09","2.06e-2","3.18e-1","1.95","8.88e-1","3.12e-1","9.51e-3","ENSDARG00000070213,ENSDARG00000002249,ENSDARG00000004402,ENSDARG00000009074,ENSDARG00000101139,ENSDARG00000013542,ENSDARG00000011233,ENSDARG00000016048,ENSDARG00000089626,ENSDARG00000087657,ENSDARG00000038728,ENSDARG00000003818,ENSDARG00000013704,ENSDARG00000100388,ENSDARG00000060094"
"12","1.46","GOTERM_BP_DIRECT","phospholipid biosynthetic process","8","1221","51","20756","0.58","2.87e-2","1.00e+0","2.67","1.00e+0","1.00e+0","9.34e-3","ENSDARG00000101139,ENSDARG00000013542,ENSDARG00000108683,ENSDARG00000011233,ENSDARG00000016048,ENSDARG00000070213,ENSDARG00000034568,ENSDARG00000100388"
"12","1.46","UP_SEQ_FEATURE","DOMAIN:Phospholipid/glycerol acyltransferase","4","1250","12","21277","0.29","2.98e-2","1.00e+0","5.67","1.00e+0","1.00e+0","4.01e-3","ENSDARG00000101139,ENSDARG00000013542,ENSDARG00000016048,ENSDARG00000086737"
"12","1.46","INTERPRO","Plipid/glycerol_acylTrfase","4","1340","17","23408","0.29","6.97e-2","1.00e+0","4.11","1.00e+0","1.00e+0","1.40e-2","ENSDARG00000101139,ENSDARG00000013542,ENSDARG00000016048,ENSDARG00000086737"
"12","1.46","UP_KW_BIOLOGICAL_PROCESS","Phospholipid biosynthesis","6","508","39","8466","0.44","8.13e-2","6.56e-1","2.56","1.00e+0","6.44e-1","2.73e-2","ENSDARG00000101139,ENSDARG00000013542,ENSDARG00000011233,ENSDARG00000016048,ENSDARG00000070213,ENSDARG00000100388"
"12","1.46","UP_KW_BIOLOGICAL_PROCESS","Phospholipid metabolism","6","508","43","8466","0.44","1.12e-1","7.75e-1","2.33","1.00e+0","7.60e-1","4.18e-2","ENSDARG00000101139,ENSDARG00000013542,ENSDARG00000011233,ENSDARG00000016048,ENSDARG00000070213,ENSDARG00000100388"
"12","1.46","GOTERM_MF_DIRECT","1-acylglycerol-3-phosphate O-acyltransferase activity","3","1186","13","21154","0.22","1.63e-1","1.00e+0","4.12","1.00e+0","1.00e+0","3.29e-2","ENSDARG00000101139,ENSDARG00000016048,ENSDARG00000100388"
"12","1.46","SMART","PlsC","3","772","16","13267","0.22","2.38e-1","1.00e+0","3.22","1.00e+0","1.00e+0","6.24e-2","ENSDARG00000101139,ENSDARG00000013542,ENSDARG00000016048"
"13","1.45","INTERPRO","AGC-kinase_C","11","1340","75","23408","0.80","1.02e-2","1.00e+0","2.56","1.00e+0","1.00e+0","3.48e-3","ENSDARG00000060551,ENSDARG00000016623,ENSDARG00000018382,ENSDARG00000028469,ENSDARG00000061725,ENSDARG00000032157,ENSDARG00000019973,ENSDARG00000086505,ENSDARG00000020602,ENSDARG00000063370,ENSDARG00000018516"
"13","1.45","INTERPRO","Pkinase_C","7","1340","44","23408","0.51","3.81e-2","1.00e+0","2.78","1.00e+0","1.00e+0","1.18e-2","ENSDARG00000060551,ENSDARG00000016623,ENSDARG00000018382,ENSDARG00000028469,ENSDARG00000019973,ENSDARG00000063370,ENSDARG00000018516"
"13","1.45","UP_SEQ_FEATURE","DOMAIN:AGC-kinase C-terminal","9","1250","70","21277","0.65","5.20e-2","1.00e+0","2.19","1.00e+0","1.00e+0","2.09e-2","ENSDARG00000060551,ENSDARG00000016623,ENSDARG00000018382,ENSDARG00000028469,ENSDARG00000032157,ENSDARG00000019973,ENSDARG00000020602,ENSDARG00000063370,ENSDARG00000018516"
"13","1.45","SMART","S_TK_X","8","772","65","13267","0.58","8.21e-2","1.00e+0","2.12","1.00e+0","1.00e+0","3.41e-2","ENSDARG00000060551,ENSDARG00000016623,ENSDARG00000018382,ENSDARG00000028469,ENSDARG00000032157,ENSDARG00000086505,ENSDARG00000020602,ENSDARG00000063370"
"14","1.43","UP_KW_BIOLOGICAL_PROCESS","Cell division","28","508","271","8466","2.03","6.13e-3","2.01e-1","1.72","4.75e-1","1.97e-1","3.31e-3","ENSDARG00000052402,ENSDARG00000077620,ENSDARG00000074435,ENSDARG00000075347,ENSDARG00000099395,ENSDARG00000043137,ENSDARG00000017140,ENSDARG00000021647,ENSDARG00000016490,ENSDARG00000002403,ENSDARG00000014113,ENSDARG00000008662,ENSDARG00000058038,ENSDARG00000068214,ENSDARG00000103786,ENSDARG00000086463,ENSDARG00000051748,ENSDARG00000013843,ENSDARG00000014954,ENSDARG00000076964,ENSDARG00000004735,ENSDARG00000076228,ENSDARG00000011094,ENSDARG00000044437,ENSDARG00000010583,ENSDARG00000040152,ENSDARG00000074759,ENSDARG00000105035,ENSDARG00000069175"
"14","1.43","GOTERM_BP_DIRECT","cell division","27","1221","298","20756","1.96","2.90e-2","1.00e+0","1.54","1.00e+0","1.00e+0","1.74e-2","ENSDARG00000052402,ENSDARG00000077620,ENSDARG00000074435,ENSDARG00000075347,ENSDARG00000099194,ENSDARG00000099395,ENSDARG00000043137,ENSDARG00000017140,ENSDARG00000021647,ENSDARG00000016490,ENSDARG00000002403,ENSDARG00000014113,ENSDARG00000008662,ENSDARG00000058038,ENSDARG00000068214,ENSDARG00000103786,ENSDARG00000086463,ENSDARG00000051748,ENSDARG00000076964,ENSDARG00000004735,ENSDARG00000076228,ENSDARG00000011094,ENSDARG00000044437,ENSDARG00000010583,ENSDARG00000040152,ENSDARG00000074759,ENSDARG00000105035,ENSDARG00000069175"
"14","1.43","UP_KW_BIOLOGICAL_PROCESS","Mitosis","17","508","182","8466","1.23","7.86e-2","6.56e-1","1.56","1.00e+0","6.44e-1","4.58e-2","ENSDARG00000052402,ENSDARG00000004735,ENSDARG00000076228,ENSDARG00000075347,ENSDARG00000011094,ENSDARG00000043137,ENSDARG00000044437,ENSDARG00000017140,ENSDARG00000021647,ENSDARG00000002403,ENSDARG00000014113,ENSDARG00000008662,ENSDARG00000058038,ENSDARG00000040152,ENSDARG00000103786,ENSDARG00000105035,ENSDARG00000086463,ENSDARG00000014954"
"14","1.43","UP_KW_BIOLOGICAL_PROCESS","Cell cycle","33","508","437","8466","2.40","1.35e-1","8.34e-1","1.26","1.00e+0","8.18e-1","1.02e-1","ENSDARG00000052402,ENSDARG00000098226,ENSDARG00000077620,ENSDARG00000074435,ENSDARG00000075347,ENSDARG00000099395,ENSDARG00000043137,ENSDARG00000017140,ENSDARG00000021647,ENSDARG00000016490,ENSDARG00000002403,ENSDARG00000014113,ENSDARG00000008662,ENSDARG00000058038,ENSDARG00000068214,ENSDARG00000103786,ENSDARG00000086463,ENSDARG00000035957,ENSDARG00000051748,ENSDARG00000013843,ENSDARG00000014954,ENSDARG00000076964,ENSDARG00000004735,ENSDARG00000019130,ENSDARG00000076228,ENSDARG00000011094,ENSDARG00000056473,ENSDARG00000044437,ENSDARG00000014302,ENSDARG00000010583,ENSDARG00000040152,ENSDARG00000074759,ENSDARG00000105035,ENSDARG00000069175"
"15","1.43","GOTERM_CC_DIRECT","junctional membrane complex","3","1261","5","22190","0.22","2.87e-2","8.60e-1","10.56","1.00e+0","8.52e-1","1.68e-3","ENSDARG00000058603,ENSDARG00000102204,ENSDARG00000038826"
"15","1.43","INTERPRO","Junctophilin","3","1340","5","23408","0.22","2.91e-2","1.00e+0","10.48","1.00e+0","1.00e+0","1.72e-3","ENSDARG00000058603,ENSDARG00000102204,ENSDARG00000038826"
"15","1.43","PIR_SUPERFAMILY","Junctophilin","3","153","4","1890","0.22","3.46e-2","1.00e+0","9.26","9.76e-1","1.00e+0","1.96e-3","ENSDARG00000058603,ENSDARG00000102204,ENSDARG00000038826"
"15","1.43","GOTERM_CC_DIRECT","sarcoplasm","3","1261","6","22190","0.22","4.15e-2","8.60e-1","8.80","1.00e+0","8.52e-1","3.22e-3","ENSDARG00000058603,ENSDARG00000102204,ENSDARG00000038826"
"15","1.43","SMART","MORN","4","772","14","13267","0.29","4.40e-2","1.00e+0","4.91","1.00e+0","1.00e+0","7.12e-3","ENSDARG00000058603,ENSDARG00000102204,ENSDARG00000033610,ENSDARG00000038826"
"15","1.43","INTERPRO","MORN","4","1340","15","23408","0.29","5.07e-2","1.00e+0","4.66","1.00e+0","1.00e+0","8.78e-3","ENSDARG00000058603,ENSDARG00000102204,ENSDARG00000033610,ENSDARG00000038826"
"16","1.42","GOTERM_MF_DIRECT","protein-glutamine gamma-glutamyltransferase activity","5","1186","15","21154","0.36","8.13e-3","9.01e-1","5.95","9.99e-1","9.01e-1","1.03e-3","ENSDARG00000093381,ENSDARG00000005913,ENSDARG00000017799,ENSDARG00000101407,ENSDARG00000101595"
"16","1.42","GOTERM_BP_DIRECT","keratinization","5","1221","15","20756","0.36","9.62e-3","1.00e+0","5.67","1.00e+0","1.00e+0","1.28e-3","ENSDARG00000058462,ENSDARG00000005913,ENSDARG00000017799,ENSDARG00000101407,ENSDARG00000101595"
"16","1.42","GOTERM_BP_DIRECT","peptide cross-linking","5","1221","15","20756","0.36","9.62e-3","1.00e+0","5.67","1.00e+0","1.00e+0","1.28e-3","ENSDARG00000093381,ENSDARG00000005913,ENSDARG00000017799,ENSDARG00000101407,ENSDARG00000101595"
"16","1.42","GOTERM_BP_DIRECT","keratinocyte differentiation","4","1221","10","20756","0.29","1.78e-2","1.00e+0","6.80","1.00e+0","1.00e+0","1.88e-3","ENSDARG00000005913,ENSDARG00000017799,ENSDARG00000101407,ENSDARG00000101595"
"16","1.42","UP_SEQ_FEATURE","DOMAIN:Transglutaminase-like","4","1250","11","21277","0.29","2.33e-2","1.00e+0","6.19","1.00e+0","1.00e+0","2.80e-3","ENSDARG00000093381,ENSDARG00000017799,ENSDARG00000101407,ENSDARG00000101595"
"16","1.42","INTERPRO","Transglutaminase","4","1340","14","23408","0.29","4.23e-2","1.00e+0","4.99","1.00e+0","1.00e+0","6.74e-3","ENSDARG00000093381,ENSDARG00000017799,ENSDARG00000101407,ENSDARG00000101595"
"16","1.42","INTERPRO","Transglutaminase_C","4","1340","14","23408","0.29","4.23e-2","1.00e+0","4.99","1.00e+0","1.00e+0","6.74e-3","ENSDARG00000093381,ENSDARG00000017799,ENSDARG00000101407,ENSDARG00000101595"
"16","1.42","INTERPRO","Transglutaminase_N","4","1340","14","23408","0.29","4.23e-2","1.00e+0","4.99","1.00e+0","1.00e+0","6.74e-3","ENSDARG00000093381,ENSDARG00000017799,ENSDARG00000101407,ENSDARG00000101595"
"16","1.42","INTERPRO","Transglutaminase_C_sf","4","1340","14","23408","0.29","4.23e-2","1.00e+0","4.99","1.00e+0","1.00e+0","6.74e-3","ENSDARG00000093381,ENSDARG00000017799,ENSDARG00000101407,ENSDARG00000101595"
"16","1.42","INTERPRO","Transglutaminase-like_sf","4","1340","15","23408","0.29","5.07e-2","1.00e+0","4.66","1.00e+0","1.00e+0","8.78e-3","ENSDARG00000093381,ENSDARG00000017799,ENSDARG00000101407,ENSDARG00000101595"
"16","1.42","INTERPRO","Transglutaminase-like","4","1340","16","23408","0.29","5.99e-2","1.00e+0","4.37","1.00e+0","1.00e+0","1.12e-2","ENSDARG00000093381,ENSDARG00000017799,ENSDARG00000101407,ENSDARG00000101595"
"16","1.42","UP_KW_BIOLOGICAL_PROCESS","Keratinization","3","508","7","8466","0.22","6.15e-2","6.15e-1","7.14","9.99e-1","6.03e-1","6.27e-3","ENSDARG00000017799,ENSDARG00000101407,ENSDARG00000101595"
"16","1.42","SMART","TGc","4","772","16","13267","0.29","6.22e-2","1.00e+0","4.30","1.00e+0","1.00e+0","1.18e-2","ENSDARG00000093381,ENSDARG00000017799,ENSDARG00000101407,ENSDARG00000101595"
"16","1.42","INTERPRO","Transglutaminase_animal","3","1340","13","23408","0.22","1.68e-1","1.00e+0","4.03","1.00e+0","1.00e+0","3.48e-2","ENSDARG00000093381,ENSDARG00000017799,ENSDARG00000101407"
"16","1.42","PIR_SUPERFAMILY","TGM_EBP42","3","153","13","1890","0.22","2.81e-1","1.00e+0","2.85","1.00e+0","1.00e+0","8.15e-2","ENSDARG00000093381,ENSDARG00000017799,ENSDARG00000101407"
"17","1.41","KEGG_PATHWAY","NOD-like receptor signaling pathway","13","542","176","21890","0.94","1.48e-3","7.00e-3","2.98","2.23e-1","3.83e-3","4.60e-4","ENSDARG00000028721,ENSDARG00000098700,ENSDARG00000091058,ENSDARG00000008434,ENSDARG00000020625,ENSDARG00000006677,ENSDARG00000116680,ENSDARG00000063612,ENSDARG00000007693,ENSDARG00000089109,ENSDARG00000068246,ENSDARG00000042440,ENSDARG00000101036"
"17","1.41","KEGG_PATHWAY","Toll-like receptor signaling pathway","7","542","111","21890","0.51","5.75e-2","1.36e-1","2.55","1.00e+0","7.42e-2","2.05e-2","ENSDARG00000028721,ENSDARG00000068428,ENSDARG00000007693,ENSDARG00000098700,ENSDARG00000020625,ENSDARG00000006677,ENSDARG00000054968"
"17","1.41","KEGG_PATHWAY","RIG-I-like receptor signaling pathway","5","542","72","21890","0.36","1.03e-1","2.05e-1","2.80","1.00e+0","1.12e-1","3.30e-2","ENSDARG00000028721,ENSDARG00000007693,ENSDARG00000091058,ENSDARG00000006677,ENSDARG00000101036"
"17","1.41","KEGG_PATHWAY","Cytosolic DNA-sensing pathway","4","542","71","21890","0.29","2.56e-1","4.23e-1","2.28","1.00e+0","2.56e-1","9.93e-2","ENSDARG00000007693,ENSDARG00000098700,ENSDARG00000091058,ENSDARG00000006677"
"18","1.38","GOTERM_BP_DIRECT","negative chemotaxis","7","1221","33","20756","0.51","1.15e-2","1.00e+0","3.61","1.00e+0","1.00e+0","2.65e-3","ENSDARG00000011672,ENSDARG00000024775,ENSDARG00000034300,ENSDARG00000007560,ENSDARG00000098528,ENSDARG00000090035,ENSDARG00000088143"
"18","1.38","GOTERM_BP_DIRECT","axon guidance","21","1221","201","20756","1.53","1.50e-2","1.00e+0","1.78","1.00e+0","1.00e+0","7.71e-3","ENSDARG00000002587,ENSDARG00000024775,ENSDARG00000020771,ENSDARG00000000472,ENSDARG00000018693,ENSDARG00000075821,ENSDARG00000074335,ENSDARG00000053454,ENSDARG00000016153,ENSDARG00000002748,ENSDARG00000090035,ENSDARG00000011672,ENSDARG00000061099,ENSDARG00000034300,ENSDARG00000058256,ENSDARG00000036105,ENSDARG00000007560,ENSDARG00000017211,ENSDARG00000098528,ENSDARG00000061260,ENSDARG00000088143"
"18","1.38","INTERPRO","Semap_dom_sf","8","1340","47","23408","0.58","1.67e-2","1.00e+0","2.97","1.00e+0","1.00e+0","4.83e-3","ENSDARG00000011672,ENSDARG00000024775,ENSDARG00000034300,ENSDARG00000007560,ENSDARG00000075821,ENSDARG00000017211,ENSDARG00000002748,ENSDARG00000088143"
"18","1.38","INTERPRO","Semap_dom","8","1340","47","23408","0.58","1.67e-2","1.00e+0","2.97","1.00e+0","1.00e+0","4.83e-3","ENSDARG00000011672,ENSDARG00000024775,ENSDARG00000034300,ENSDARG00000007560,ENSDARG00000075821,ENSDARG00000017211,ENSDARG00000002748,ENSDARG00000088143"
"18","1.38","SMART","Sema","8","772","47","13267","0.58","1.80e-2","1.00e+0","2.93","9.99e-1","1.00e+0","5.28e-3","ENSDARG00000011672,ENSDARG00000024775,ENSDARG00000034300,ENSDARG00000007560,ENSDARG00000075821,ENSDARG00000017211,ENSDARG00000002748,ENSDARG00000088143"
"18","1.38","INTERPRO","Semaphorin","6","1340","29","23408","0.44","2.29e-2","1.00e+0","3.61","1.00e+0","1.00e+0","5.30e-3","ENSDARG00000011672,ENSDARG00000024775,ENSDARG00000034300,ENSDARG00000007560,ENSDARG00000002748,ENSDARG00000088143"
"18","1.38","GOTERM_BP_DIRECT","semaphorin-plexin signaling pathway","8","1221","50","20756","0.58","2.61e-2","1.00e+0","2.72","1.00e+0","1.00e+0","8.29e-3","ENSDARG00000011672,ENSDARG00000024775,ENSDARG00000034300,ENSDARG00000007560,ENSDARG00000075821,ENSDARG00000017211,ENSDARG00000002748,ENSDARG00000088143"
"18","1.38","INTERPRO","PSI","8","1340","55","23408","0.58","3.64e-2","1.00e+0","2.54","1.00e+0","1.00e+0","1.25e-2","ENSDARG00000011672,ENSDARG00000024775,ENSDARG00000034300,ENSDARG00000007560,ENSDARG00000075821,ENSDARG00000017211,ENSDARG00000088143,ENSDARG00000044318"
"18","1.38","SMART","PSI","8","772","55","13267","0.58","3.90e-2","1.00e+0","2.50","1.00e+0","1.00e+0","1.36e-2","ENSDARG00000011672,ENSDARG00000024775,ENSDARG00000034300,ENSDARG00000007560,ENSDARG00000075821,ENSDARG00000017211,ENSDARG00000088143,ENSDARG00000044318"
"18","1.38","GOTERM_MF_DIRECT","semaphorin receptor binding","6","1186","34","21154","0.44","3.94e-2","1.00e+0","3.15","1.00e+0","1.00e+0","1.07e-2","ENSDARG00000011672,ENSDARG00000024775,ENSDARG00000034300,ENSDARG00000007560,ENSDARG00000002748,ENSDARG00000088143"
"18","1.38","UP_SEQ_FEATURE","DOMAIN:Sema","7","1250","45","21277","0.51","4.66e-2","1.00e+0","2.65","1.00e+0","1.00e+0","1.52e-2","ENSDARG00000011672,ENSDARG00000024775,ENSDARG00000034300,ENSDARG00000007560,ENSDARG00000017211,ENSDARG00000002748,ENSDARG00000088143"
"18","1.38","GOTERM_MF_DIRECT","chemorepellent activity","6","1186","37","21154","0.44","5.39e-2","1.00e+0","2.89","1.00e+0","1.00e+0","1.60e-2","ENSDARG00000011672,ENSDARG00000024775,ENSDARG00000034300,ENSDARG00000007560,ENSDARG00000002748,ENSDARG00000088143"
"18","1.38","GOTERM_MF_DIRECT","neuropilin binding","5","1186","26","21154","0.36","5.48e-2","1.00e+0","3.43","1.00e+0","1.00e+0","1.35e-2","ENSDARG00000011672,ENSDARG00000024775,ENSDARG00000034300,ENSDARG00000007560,ENSDARG00000088143"
"18","1.38","GOTERM_BP_DIRECT","positive regulation of cell migration","9","1221","72","20756","0.65","6.00e-2","1.00e+0","2.12","1.00e+0","1.00e+0","2.49e-2","ENSDARG00000011672,ENSDARG00000024775,ENSDARG00000034300,ENSDARG00000102986,ENSDARG00000007560,ENSDARG00000077588,ENSDARG00000002748,ENSDARG00000042690,ENSDARG00000088143"
"18","1.38","GOTERM_BP_DIRECT","neural crest cell migration","12","1221","112","20756","0.87","6.51e-2","1.00e+0","1.82","1.00e+0","1.00e+0","3.19e-2","ENSDARG00000011672,ENSDARG00000010583,ENSDARG00000100897,ENSDARG00000024775,ENSDARG00000034300,ENSDARG00000098349,ENSDARG00000018693,ENSDARG00000007560,ENSDARG00000002748,ENSDARG00000101432,ENSDARG00000088143,ENSDARG00000002403"
"18","1.38","INTERPRO","Plexin_repeat","6","1340","44","23408","0.44","1.05e-1","1.00e+0","2.38","1.00e+0","1.00e+0","3.82e-2","ENSDARG00000011672,ENSDARG00000024775,ENSDARG00000007560,ENSDARG00000075821,ENSDARG00000017211,ENSDARG00000088143"
"18","1.38","GOTERM_BP_DIRECT","tube development","4","1221","21","20756","0.29","1.23e-1","1.00e+0","3.24","1.00e+0","1.00e+0","3.20e-2","ENSDARG00000011672,ENSDARG00000034300,ENSDARG00000007560,ENSDARG00000075891"
"18","1.38","GOTERM_BP_DIRECT","circulatory system development","3","1221","35","20756","0.22","6.18e-1","1.00e+0","1.46","1.00e+0","1.00e+0","3.40e-1","ENSDARG00000011672,ENSDARG00000034300,ENSDARG00000007560"
"19","1.37","INTERPRO","BRO1_dom","3","1340","6","23408","0.22","4.20e-2","1.00e+0","8.73","1.00e+0","1.00e+0","3.28e-3","ENSDARG00000025269,ENSDARG00000052454,ENSDARG00000013659"
"19","1.37","INTERPRO","BRO1_sf","3","1340","6","23408","0.22","4.20e-2","1.00e+0","8.73","1.00e+0","1.00e+0","3.28e-3","ENSDARG00000025269,ENSDARG00000052454,ENSDARG00000013659"
"19","1.37","SMART","BRO1","3","772","6","13267","0.22","4.33e-2","1.00e+0","8.59","1.00e+0","1.00e+0","3.44e-3","ENSDARG00000025269,ENSDARG00000052454,ENSDARG00000013659"
"19","1.37","UP_SEQ_FEATURE","DOMAIN:BRO1","3","1250","6","21277","0.22","4.41e-2","1.00e+0","8.51","1.00e+0","1.00e+0","3.54e-3","ENSDARG00000025269,ENSDARG00000052454,ENSDARG00000013659"
"20","1.35","INTERPRO","SMP_LBD","4","1340","8","23408","0.29","8.42e-3","1.00e+0","8.73","1.00e+0","1.00e+0","6.21e-4","ENSDARG00000088699,ENSDARG00000030824,ENSDARG00000078964,ENSDARG00000014239"
"20","1.35","UP_SEQ_FEATURE","DOMAIN:SMP-LTD","4","1250","8","21277","0.29","9.04e-3","6.86e-1","8.51","1.00e+0","6.85e-1","6.86e-4","ENSDARG00000088699,ENSDARG00000030824,ENSDARG00000078964,ENSDARG00000014239"
"20","1.35","INTERPRO","Extended_Synaptotagmin","3","1340","5","23408","0.22","2.91e-2","1.00e+0","10.48","1.00e+0","1.00e+0","1.72e-3","ENSDARG00000030824,ENSDARG00000078964,ENSDARG00000014239"
"20","1.35","INTERPRO","Ext_Synaptotagmin_C2A","3","1340","5","23408","0.22","2.91e-2","1.00e+0","10.48","1.00e+0","1.00e+0","1.72e-3","ENSDARG00000030824,ENSDARG00000078964,ENSDARG00000014239"
"20","1.35","INTERPRO","Ext_Synaptotagmin_C2B","3","1340","5","23408","0.22","2.91e-2","1.00e+0","10.48","1.00e+0","1.00e+0","1.72e-3","ENSDARG00000030824,ENSDARG00000078964,ENSDARG00000014239"
"20","1.35","INTERPRO","C2C_KIAA1228","3","1340","5","23408","0.22","2.91e-2","1.00e+0","10.48","1.00e+0","1.00e+0","1.72e-3","ENSDARG00000030824,ENSDARG00000078964,ENSDARG00000014239"
"20","1.35","INTERPRO","Synaptotagmin_SMP","3","1340","5","23408","0.22","2.91e-2","1.00e+0","10.48","1.00e+0","1.00e+0","1.72e-3","ENSDARG00000030824,ENSDARG00000078964,ENSDARG00000014239"
"20","1.35","GOTERM_MF_DIRECT","calcium-dependent phospholipid binding","9","1186","70","21154","0.65","4.14e-2","1.00e+0","2.29","1.00e+0","1.00e+0","1.59e-2","ENSDARG00000030824,ENSDARG00000076730,ENSDARG00000107077,ENSDARG00000078964,ENSDARG00000061466,ENSDARG00000025189,ENSDARG00000044048,ENSDARG00000017141,ENSDARG00000014239"
"20","1.35","UP_KW_BIOLOGICAL_PROCESS","Lipid transport","11","508","96","8466","0.80","6.06e-2","6.15e-1","1.91","9.99e-1","6.03e-1","2.83e-2","ENSDARG00000088699,ENSDARG00000030824,ENSDARG00000104450,ENSDARG00000092170,ENSDARG00000078964,ENSDARG00000017047,ENSDARG00000063730,ENSDARG00000031929,ENSDARG00000006257,ENSDARG00000014239,ENSDARG00000062040"
"20","1.35","GOTERM_MF_DIRECT","phosphatidylcholine binding","4","1186","17","21154","0.29","6.63e-2","1.00e+0","4.20","1.00e+0","1.00e+0","1.30e-2","ENSDARG00000030824,ENSDARG00000011233,ENSDARG00000078964,ENSDARG00000014239"
"20","1.35","GOTERM_BP_DIRECT","endoplasmic reticulum-plasma membrane tethering","3","1221","8","20756","0.22","7.63e-2","1.00e+0","6.37","1.00e+0","1.00e+0","9.09e-3","ENSDARG00000030824,ENSDARG00000078964,ENSDARG00000014239"
"20","1.35","GOTERM_MF_DIRECT","phosphatidylethanolamine binding","3","1186","13","21154","0.22","1.63e-1","1.00e+0","4.12","1.00e+0","1.00e+0","3.29e-2","ENSDARG00000030824,ENSDARG00000078964,ENSDARG00000014239"
"20","1.35","GOTERM_BP_DIRECT","lipid transport","12","1221","137","20756","0.87","1.83e-1","1.00e+0","1.49","1.00e+0","1.00e+0","1.09e-1","ENSDARG00000033251,ENSDARG00000088699,ENSDARG00000012981,ENSDARG00000030824,ENSDARG00000092170,ENSDARG00000078964,ENSDARG00000063730,ENSDARG00000031929,ENSDARG00000006257,ENSDARG00000007425,ENSDARG00000069298,ENSDARG00000014239"
"20","1.35","GOTERM_MF_DIRECT","phosphatidylinositol binding","9","1186","99","21154","0.65","1.90e-1","1.00e+0","1.62","1.00e+0","1.00e+0","1.03e-1","ENSDARG00000016623,ENSDARG00000030824,ENSDARG00000010583,ENSDARG00000033804,ENSDARG00000035389,ENSDARG00000078964,ENSDARG00000022659,ENSDARG00000014239,ENSDARG00000014954"
"21","1.34","GOTERM_MF_DIRECT","extracellularly ATP-gated monoatomic cation channel activity","4","1186","9","21154","0.29","1.14e-2","9.19e-1","7.93","1.00e+0","9.19e-1","9.87e-4","ENSDARG00000016695,ENSDARG00000042440,ENSDARG00000004455,ENSDARG00000010477"
"21","1.34","GOTERM_MF_DIRECT","purinergic nucleotide receptor activity","4","1186","9","21154","0.29","1.14e-2","9.19e-1","7.93","1.00e+0","9.19e-1","9.87e-4","ENSDARG00000016695,ENSDARG00000042440,ENSDARG00000004455,ENSDARG00000010477"
"21","1.34","INTERPRO","P2X_extracellular_dom_sf","4","1340","9","23408","0.29","1.21e-2","1.00e+0","7.76","1.00e+0","1.00e+0","1.07e-3","ENSDARG00000016695,ENSDARG00000042440,ENSDARG00000004455,ENSDARG00000010477"
"21","1.34","INTERPRO","P2X_purnocptor","4","1340","9","23408","0.29","1.21e-2","1.00e+0","7.76","1.00e+0","1.00e+0","1.07e-3","ENSDARG00000016695,ENSDARG00000042440,ENSDARG00000004455,ENSDARG00000010477"
"21","1.34","INTERPRO","P2X_receptor","4","1340","9","23408","0.29","1.21e-2","1.00e+0","7.76","1.00e+0","1.00e+0","1.07e-3","ENSDARG00000016695,ENSDARG00000042440,ENSDARG00000004455,ENSDARG00000010477"
"21","1.34","GOTERM_BP_DIRECT","response to ATP","4","1221","12","20756","0.29","2.99e-2","1.00e+0","5.67","1.00e+0","1.00e+0","4.03e-3","ENSDARG00000016695,ENSDARG00000042440,ENSDARG00000004455,ENSDARG00000010477"
"21","1.34","INTERPRO","P2X_RECEPTOR_CS","3","1340","6","23408","0.22","4.20e-2","1.00e+0","8.73","1.00e+0","1.00e+0","3.28e-3","ENSDARG00000016695,ENSDARG00000004455,ENSDARG00000010477"
"21","1.34","GOTERM_CC_DIRECT","postsynapse","7","1261","54","22190","0.51","8.45e-2","1.00e+0","2.28","1.00e+0","9.93e-1","3.24e-2","ENSDARG00000034344,ENSDARG00000001880,ENSDARG00000016695,ENSDARG00000042440,ENSDARG00000060601,ENSDARG00000004455,ENSDARG00000010477"
"21","1.34","GOTERM_MF_DIRECT","channel activity","6","1186","46","21154","0.44","1.13e-1","1.00e+0","2.33","1.00e+0","1.00e+0","4.23e-2","ENSDARG00000004627,ENSDARG00000016695,ENSDARG00000089109,ENSDARG00000042440,ENSDARG00000008434,ENSDARG00000004455"
"21","1.34","PIR_SUPERFAMILY","P2X_purinoceptor","3","153","8","1890","0.22","1.31e-1","1.00e+0","4.63","1.00e+0","1.00e+0","2.15e-2","ENSDARG00000016695,ENSDARG00000004455,ENSDARG00000010477"
"21","1.34","GOTERM_BP_DIRECT","monoatomic cation transmembrane transport","5","1221","36","20756","0.36","1.59e-1","1.00e+0","2.36","1.00e+0","1.00e+0","5.80e-2","ENSDARG00000016695,ENSDARG00000042440,ENSDARG00000004455,ENSDARG00000010477,ENSDARG00000077560"
"21","1.34","GOTERM_BP_DIRECT","calcium ion transmembrane transport","10","1221","112","20756","0.73","2.13e-1","1.00e+0","1.52","1.00e+0","1.00e+0","1.23e-1","ENSDARG00000015425,ENSDARG00000016695,ENSDARG00000042440,ENSDARG00000041086,ENSDARG00000004455,ENSDARG00000099045,ENSDARG00000010477,ENSDARG00000023886,ENSDARG00000009738,ENSDARG00000060978"
"21","1.34","GOTERM_BP_DIRECT","monoatomic cation transport","5","1221","48","20756","0.36","3.11e-1","1.00e+0","1.77","1.00e+0","1.00e+0","1.50e-1","ENSDARG00000004627,ENSDARG00000070214,ENSDARG00000042440,ENSDARG00000004455,ENSDARG00000010477"
"22","1.33","UP_KW_LIGAND","Lipid-binding","18","424","177","7893","1.31","1.38e-2","1.32e-1","1.89","4.11e-1","1.25e-1","6.66e-3","ENSDARG00000002642,ENSDARG00000030824,ENSDARG00000033804,ENSDARG00000078964,ENSDARG00000031929,ENSDARG00000020131,ENSDARG00000078221,ENSDARG00000044225,ENSDARG00000053122,ENSDARG00000033251,ENSDARG00000088699,ENSDARG00000012981,ENSDARG00000063730,ENSDARG00000087640,ENSDARG00000069298,ENSDARG00000101036,ENSDARG00000014239,ENSDARG00000012513"
"22","1.33","GOTERM_MF_DIRECT","lipid binding","21","1186","235","21154","1.53","4.16e-2","1.00e+0","1.59","1.00e+0","1.00e+0","2.39e-2","ENSDARG00000002642,ENSDARG00000030824,ENSDARG00000104495,ENSDARG00000033804,ENSDARG00000078964,ENSDARG00000031929,ENSDARG00000020131,ENSDARG00000044225,ENSDARG00000053122,ENSDARG00000007425,ENSDARG00000033251,ENSDARG00000088699,ENSDARG00000012981,ENSDARG00000101557,ENSDARG00000063730,ENSDARG00000074858,ENSDARG00000087640,ENSDARG00000069298,ENSDARG00000101036,ENSDARG00000014239,ENSDARG00000012513"
"22","1.33","GOTERM_BP_DIRECT","lipid transport","12","1221","137","20756","0.87","1.83e-1","1.00e+0","1.49","1.00e+0","1.00e+0","1.09e-1","ENSDARG00000033251,ENSDARG00000088699,ENSDARG00000012981,ENSDARG00000030824,ENSDARG00000092170,ENSDARG00000078964,ENSDARG00000063730,ENSDARG00000031929,ENSDARG00000006257,ENSDARG00000007425,ENSDARG00000069298,ENSDARG00000014239"
"23","1.31","SMART","FRI","6","772","27","13267","0.44","1.82e-2","1.00e+0","3.82","9.99e-1","1.00e+0","3.93e-3","ENSDARG00000038569,ENSDARG00000099637,ENSDARG00000068213,ENSDARG00000087814,ENSDARG00000089563,ENSDARG00000039041"
"23","1.31","UP_KW_BIOLOGICAL_PROCESS","Wnt signaling pathway","16","508","139","8466","1.16","1.90e-2","3.18e-1","1.92","8.66e-1","3.12e-1","8.92e-3","ENSDARG00000004745,ENSDARG00000099637,ENSDARG00000054331,ENSDARG00000009534,ENSDARG00000039041,ENSDARG00000041117,ENSDARG00000037589,ENSDARG00000038569,ENSDARG00000014103,ENSDARG00000061259,ENSDARG00000034056,ENSDARG00000068213,ENSDARG00000058868,ENSDARG00000100631,ENSDARG00000089563,ENSDARG00000089981"
"23","1.31","UP_SEQ_FEATURE","DOMAIN:FZ","6","1250","29","21277","0.44","2.53e-2","1.00e+0","3.52","1.00e+0","1.00e+0","6.01e-3","ENSDARG00000038569,ENSDARG00000099637,ENSDARG00000068213,ENSDARG00000087814,ENSDARG00000089563,ENSDARG00000039041"
"23","1.31","INTERPRO","Frizzled_dom","6","1340","30","23408","0.44","2.63e-2","1.00e+0","3.49","1.00e+0","1.00e+0","6.31e-3","ENSDARG00000038569,ENSDARG00000099637,ENSDARG00000068213,ENSDARG00000087814,ENSDARG00000089563,ENSDARG00000039041"
"23","1.31","INTERPRO","Frizzled_dom_sf","6","1340","30","23408","0.44","2.63e-2","1.00e+0","3.49","1.00e+0","1.00e+0","6.31e-3","ENSDARG00000038569,ENSDARG00000099637,ENSDARG00000068213,ENSDARG00000087814,ENSDARG00000089563,ENSDARG00000039041"
"23","1.31","INTERPRO","Frizzled/SFRP","5","1340","23","23408","0.36","3.95e-2","1.00e+0","3.80","1.00e+0","1.00e+0","8.64e-3","ENSDARG00000038569,ENSDARG00000099637,ENSDARG00000068213,ENSDARG00000089563,ENSDARG00000039041"
"23","1.31","GOTERM_MF_DIRECT","Wnt-protein binding","6","1186","36","21154","0.44","4.88e-2","1.00e+0","2.97","1.00e+0","1.00e+0","1.41e-2","ENSDARG00000038569,ENSDARG00000099637,ENSDARG00000068213,ENSDARG00000009534,ENSDARG00000089563,ENSDARG00000039041"
"23","1.31","GOTERM_BP_DIRECT","non-canonical Wnt signaling pathway","5","1221","27","20756","0.36","7.10e-2","1.00e+0","3.15","1.00e+0","1.00e+0","1.91e-2","ENSDARG00000038569,ENSDARG00000099637,ENSDARG00000068213,ENSDARG00000089563,ENSDARG00000039041"
"23","1.31","INTERPRO","Netrin_domain","5","1340","35","23408","0.36","1.38e-1","1.00e+0","2.50","1.00e+0","1.00e+0","4.75e-2","ENSDARG00000056913,ENSDARG00000099637,ENSDARG00000089563,ENSDARG00000061260,ENSDARG00000039041"
"23","1.31","UP_SEQ_FEATURE","DOMAIN:NTR","5","1250","35","21277","0.36","1.47e-1","1.00e+0","2.43","1.00e+0","1.00e+0","5.21e-2","ENSDARG00000056913,ENSDARG00000099637,ENSDARG00000089563,ENSDARG00000061260,ENSDARG00000039041"
"23","1.31","GOTERM_BP_DIRECT","canonical Wnt signaling pathway","8","1221","82","20756","0.58","2.06e-1","1.00e+0","1.66","1.00e+0","1.00e+0","1.09e-1","ENSDARG00000041117,ENSDARG00000038569,ENSDARG00000099637,ENSDARG00000015707,ENSDARG00000068213,ENSDARG00000045401,ENSDARG00000089563,ENSDARG00000039041"
"24","1.30","KEGG_PATHWAY","Focal adhesion","21","542","279","21890","1.53","2.29e-5","2.78e-4","3.04","3.88e-3","1.52e-4","6.99e-6","ENSDARG00000044295,ENSDARG00000055009,ENSDARG00000074316,ENSDARG00000056525,ENSDARG00000020771,ENSDARG00000077588,ENSDARG00000027564,ENSDARG00000006314,ENSDARG00000076001,ENSDARG00000007219,ENSDARG00000098431,ENSDARG00000044318,ENSDARG00000100897,ENSDARG00000087993,ENSDARG00000069946,ENSDARG00000100313,ENSDARG00000089109,ENSDARG00000018476,ENSDARG00000024492,ENSDARG00000042282,ENSDARG00000051748"
"24","1.30","KEGG_PATHWAY","ECM-receptor interaction","11","542","104","21890","0.80","2.55e-4","1.89e-3","4.27","4.25e-2","1.03e-3","5.41e-5","ENSDARG00000055009,ENSDARG00000069946,ENSDARG00000074441,ENSDARG00000074316,ENSDARG00000020771,ENSDARG00000016153,ENSDARG00000024492,ENSDARG00000042282,ENSDARG00000006314,ENSDARG00000098431,ENSDARG00000044318"
"24","1.30","KEGG_PATHWAY","Integrin signaling","15","542","195","21890","1.09","3.69e-4","2.41e-3","3.11","6.08e-2","1.32e-3","1.10e-4","ENSDARG00000055009,ENSDARG00000074316,ENSDARG00000020771,ENSDARG00000077588,ENSDARG00000006314,ENSDARG00000007219,ENSDARG00000098431,ENSDARG00000044318,ENSDARG00000100897,ENSDARG00000069946,ENSDARG00000034895,ENSDARG00000006683,ENSDARG00000024492,ENSDARG00000042282,ENSDARG00000051748"
"24","1.30","INTERPRO","Integrin_alpha_Ig-like_3","4","1340","15","23408","0.29","5.07e-2","1.00e+0","4.66","1.00e+0","1.00e+0","8.78e-3","ENSDARG00000069946,ENSDARG00000074316,ENSDARG00000042282,ENSDARG00000006314"
"24","1.30","INTERPRO","Integrin_alpha_C_CS","4","1340","16","23408","0.29","5.99e-2","1.00e+0","4.37","1.00e+0","1.00e+0","1.12e-2","ENSDARG00000069946,ENSDARG00000074316,ENSDARG00000042282,ENSDARG00000006314"
"24","1.30","UP_SEQ_FEATURE","REPEAT:FG-GAP","4","1250","18","21277","0.29","8.52e-2","1.00e+0","3.78","1.00e+0","1.00e+0","1.87e-2","ENSDARG00000069946,ENSDARG00000074316,ENSDARG00000042282,ENSDARG00000006314"
"24","1.30","INTERPRO","Integrin_dom_sf","5","1340","30","23408","0.36","8.97e-2","1.00e+0","2.91","1.00e+0","1.00e+0","2.63e-2","ENSDARG00000069946,ENSDARG00000074316,ENSDARG00000042282,ENSDARG00000006314,ENSDARG00000044318"
"24","1.30","INTERPRO","Integrin_alpha_Ig-like_1","4","1340","19","23408","0.29","9.14e-2","1.00e+0","3.68","1.00e+0","1.00e+0","2.08e-2","ENSDARG00000069946,ENSDARG00000074316,ENSDARG00000042282,ENSDARG00000006314"
"24","1.30","INTERPRO","Integrin_alpha_Ig-like_2","4","1340","20","23408","0.29","1.03e-1","1.00e+0","3.49","1.00e+0","1.00e+0","2.48e-2","ENSDARG00000069946,ENSDARG00000074316,ENSDARG00000042282,ENSDARG00000006314"
"24","1.30","INTERPRO","Int_alpha_beta-p","4","1340","20","23408","0.29","1.03e-1","1.00e+0","3.49","1.00e+0","1.00e+0","2.48e-2","ENSDARG00000069946,ENSDARG00000074316,ENSDARG00000042282,ENSDARG00000006314"
"24","1.30","INTERPRO","Integrin_alpha","4","1340","20","23408","0.29","1.03e-1","1.00e+0","3.49","1.00e+0","1.00e+0","2.48e-2","ENSDARG00000069946,ENSDARG00000074316,ENSDARG00000042282,ENSDARG00000006314"
"24","1.30","SMART","Int_alpha","4","772","20","13267","0.29","1.07e-1","1.00e+0","3.44","1.00e+0","1.00e+0","2.61e-2","ENSDARG00000069946,ENSDARG00000074316,ENSDARG00000042282,ENSDARG00000006314"
"24","1.30","UP_SEQ_FEATURE","DOMAIN:Integrin alpha first immunoglubulin-like","3","1250","10","21277","0.22","1.13e-1","1.00e+0","5.11","1.00e+0","1.00e+0","1.78e-2","ENSDARG00000069946,ENSDARG00000042282,ENSDARG00000006314"
"24","1.30","UP_SEQ_FEATURE","DOMAIN:Integrin alpha second immunoglobulin-like","3","1250","10","21277","0.22","1.13e-1","1.00e+0","5.11","1.00e+0","1.00e+0","1.78e-2","ENSDARG00000069946,ENSDARG00000042282,ENSDARG00000006314"
"24","1.30","UP_SEQ_FEATURE","DOMAIN:Integrin alpha third immunoglobulin-like","3","1250","10","21277","0.22","1.13e-1","1.00e+0","5.11","1.00e+0","1.00e+0","1.78e-2","ENSDARG00000069946,ENSDARG00000042282,ENSDARG00000006314"
"24","1.30","GOTERM_BP_DIRECT","leukocyte migration","3","1221","10","20756","0.22","1.14e-1","1.00e+0","5.10","1.00e+0","1.00e+0","1.78e-2","ENSDARG00000069946,ENSDARG00000042282,ENSDARG00000044318"
"24","1.30","GOTERM_CC_DIRECT","integrin complex","5","1261","33","22190","0.36","1.15e-1","1.00e+0","2.67","1.00e+0","9.93e-1","3.71e-2","ENSDARG00000069946,ENSDARG00000074316,ENSDARG00000042282,ENSDARG00000006314,ENSDARG00000044318"
"24","1.30","INTERPRO","FG-GAP","4","1340","23","23408","0.29","1.42e-1","1.00e+0","3.04","1.00e+0","1.00e+0","3.96e-2","ENSDARG00000069946,ENSDARG00000074316,ENSDARG00000042282,ENSDARG00000006314"
"24","1.30","INTERPRO","Integrin_alpha_N","4","1340","24","23408","0.29","1.55e-1","1.00e+0","2.91","1.00e+0","1.00e+0","4.55e-2","ENSDARG00000069946,ENSDARG00000074316,ENSDARG00000042282,ENSDARG00000006314"
"24","1.30","UP_KW_MOLECULAR_FUNCTION","Integrin","5","708","48","11803","0.36","3.24e-1","1.00e+0","1.74","1.00e+0","1.00e+0","1.59e-1","ENSDARG00000069946,ENSDARG00000074316,ENSDARG00000042282,ENSDARG00000006314,ENSDARG00000044318"
"24","1.30","GOTERM_BP_DIRECT","integrin-mediated signaling pathway","5","1221","64","20756","0.36","5.24e-1","1.00e+0","1.33","1.00e+0","1.00e+0","3.24e-1","ENSDARG00000069946,ENSDARG00000074316,ENSDARG00000042282,ENSDARG00000006314,ENSDARG00000044318"
"24","1.30","GOTERM_BP_DIRECT","cell-matrix adhesion","6","1221","91","20756","0.44","6.26e-1","1.00e+0","1.12","1.00e+0","1.00e+0","4.48e-1","ENSDARG00000069946,ENSDARG00000074316,ENSDARG00000060415,ENSDARG00000042282,ENSDARG00000006314,ENSDARG00000044318"
"25","1.30","GOTERM_BP_DIRECT","bile acid biosynthetic process","4","1221","8","20756","0.29","9.07e-3","1.00e+0","8.50","1.00e+0","1.00e+0","6.89e-4","ENSDARG00000033251,ENSDARG00000012981,ENSDARG00000063730,ENSDARG00000008858"
"25","1.30","GOTERM_MF_DIRECT","sterol transfer activity","3","1186","4","21154","0.22","1.74e-2","9.98e-1","13.38","1.00e+0","9.98e-1","6.74e-4","ENSDARG00000033251,ENSDARG00000012981,ENSDARG00000063730"
"25","1.30","INTERPRO","PH_8","3","1340","4","23408","0.22","1.82e-2","1.00e+0","13.10","1.00e+0","1.00e+0","7.17e-4","ENSDARG00000033251,ENSDARG00000012981,ENSDARG00000063730"
"25","1.30","INTERPRO","Oxysterol-bd","4","1340","15","23408","0.29","5.07e-2","1.00e+0","4.66","1.00e+0","1.00e+0","8.78e-3","ENSDARG00000033251,ENSDARG00000012981,ENSDARG00000063730,ENSDARG00000069298"
"25","1.30","INTERPRO","OSBP_sf","4","1340","15","23408","0.29","5.07e-2","1.00e+0","4.66","1.00e+0","1.00e+0","8.78e-3","ENSDARG00000033251,ENSDARG00000012981,ENSDARG00000063730,ENSDARG00000069298"
"25","1.30","INTERPRO","Oxysterol-bd_CS","4","1340","15","23408","0.29","5.07e-2","1.00e+0","4.66","1.00e+0","1.00e+0","8.78e-3","ENSDARG00000033251,ENSDARG00000012981,ENSDARG00000063730,ENSDARG00000069298"
"25","1.30","GOTERM_CC_DIRECT","nuclear membrane","8","1261","64","22190","0.58","7.00e-2","1.00e+0","2.20","1.00e+0","9.93e-1","2.80e-2","ENSDARG00000033251,ENSDARG00000012981,ENSDARG00000035781,ENSDARG00000012741,ENSDARG00000089109,ENSDARG00000063730,ENSDARG00000029043,ENSDARG00000008434"
"25","1.30","GOTERM_CC_DIRECT","perinuclear endoplasmic reticulum","3","1261","11","22190","0.22","1.26e-1","1.00e+0","4.80","1.00e+0","9.93e-1","2.14e-2","ENSDARG00000033251,ENSDARG00000012981,ENSDARG00000063730"
"25","1.30","GOTERM_MF_DIRECT","cholesterol binding","3","1186","40","21154","0.22","6.64e-1","1.00e+0","1.34","1.00e+0","1.00e+0","3.91e-1","ENSDARG00000033251,ENSDARG00000012981,ENSDARG00000063730"
"26","1.29","INTERPRO","PH-like_dom_sf","46","1340","536","23408","3.34","6.52e-3","1.00e+0","1.50","1.00e+0","1.00e+0","4.07e-3","ENSDARG00000076434,ENSDARG00000104153,ENSDARG00000075327,ENSDARG00000079742,ENSDARG00000009610,ENSDARG00000022895,ENSDARG00000044524,ENSDARG00000063713,ENSDARG00000062349,ENSDARG00000008548,ENSDARG00000033251,ENSDARG00000063445,ENSDARG00000015149,ENSDARG00000014113,ENSDARG00000040684,ENSDARG00000090675,ENSDARG00000006683,ENSDARG00000042187,ENSDARG00000098916,ENSDARG00000100136,ENSDARG00000073696,ENSDARG00000078688,ENSDARG00000013928,ENSDARG00000074183,ENSDARG00000078221,ENSDARG00000060415,ENSDARG00000021896,ENSDARG00000076480,ENSDARG00000004311,ENSDARG00000037560,ENSDARG00000062855,ENSDARG00000056690,ENSDARG00000014324,ENSDARG00000012981,ENSDARG00000104808,ENSDARG00000063036,ENSDARG00000102229,ENSDARG00000101979,ENSDARG00000063730,ENSDARG00000089009,ENSDARG00000012247,ENSDARG00000079949,ENSDARG00000069298,ENSDARG00000069056,ENSDARG00000053956,ENSDARG00000075949"
"26","1.29","INTERPRO","PH_domain","26","1340","332","23408","1.89","9.65e-2","1.00e+0","1.37","1.00e+0","1.00e+0","6.52e-2","ENSDARG00000076434,ENSDARG00000104153,ENSDARG00000075327,ENSDARG00000079742,ENSDARG00000022895,ENSDARG00000044524,ENSDARG00000063713,ENSDARG00000062349,ENSDARG00000008548,ENSDARG00000033251,ENSDARG00000040684,ENSDARG00000006683,ENSDARG00000013928,ENSDARG00000074183,ENSDARG00000078221,ENSDARG00000060415,ENSDARG00000021896,ENSDARG00000076480,ENSDARG00000062855,ENSDARG00000012981,ENSDARG00000063036,ENSDARG00000063730,ENSDARG00000012247,ENSDARG00000069298,ENSDARG00000053956,ENSDARG00000075949"
"26","1.29","UP_SEQ_FEATURE","DOMAIN:PH","24","1250","294","21277","1.74","9.83e-2","1.00e+0","1.39","1.00e+0","1.00e+0","6.52e-2","ENSDARG00000076434,ENSDARG00000075327,ENSDARG00000013928,ENSDARG00000074183,ENSDARG00000078221,ENSDARG00000060415,ENSDARG00000021896,ENSDARG00000076480,ENSDARG00000044524,ENSDARG00000022895,ENSDARG00000063713,ENSDARG00000062855,ENSDARG00000062349,ENSDARG00000008548,ENSDARG00000033251,ENSDARG00000012981,ENSDARG00000040684,ENSDARG00000063036,ENSDARG00000006683,ENSDARG00000063730,ENSDARG00000069298,ENSDARG00000012247,ENSDARG00000053956,ENSDARG00000075949"
"26","1.29","SMART","PH","25","772","317","13267","1.82","1.12e-1","1.00e+0","1.36","1.00e+0","1.00e+0","7.60e-2","ENSDARG00000076434,ENSDARG00000104153,ENSDARG00000075327,ENSDARG00000079742,ENSDARG00000022895,ENSDARG00000044524,ENSDARG00000062349,ENSDARG00000008548,ENSDARG00000033251,ENSDARG00000040684,ENSDARG00000006683,ENSDARG00000013928,ENSDARG00000074183,ENSDARG00000078221,ENSDARG00000060415,ENSDARG00000021896,ENSDARG00000076480,ENSDARG00000062855,ENSDARG00000012981,ENSDARG00000063036,ENSDARG00000063730,ENSDARG00000012247,ENSDARG00000069298,ENSDARG00000053956,ENSDARG00000075949"
"27","1.26","INTERPRO","CRIB_dom_sf","4","1340","13","23408","0.29","3.47e-2","1.00e+0","5.37","1.00e+0","1.00e+0","5.04e-3","ENSDARG00000015149,ENSDARG00000014113,ENSDARG00000027564,ENSDARG00000018476"
"27","1.26","INTERPRO","CRIB_dom","5","1340","24","23408","0.36","4.54e-2","1.00e+0","3.64","1.00e+0","1.00e+0","1.04e-2","ENSDARG00000015149,ENSDARG00000079549,ENSDARG00000014113,ENSDARG00000027564,ENSDARG00000018476"
"27","1.26","UP_SEQ_FEATURE","DOMAIN:CRIB","5","1250","24","21277","0.36","4.91e-2","1.00e+0","3.55","1.00e+0","1.00e+0","1.16e-2","ENSDARG00000015149,ENSDARG00000079549,ENSDARG00000014113,ENSDARG00000027564,ENSDARG00000018476"
"27","1.26","SMART","PBD","4","772","21","13267","0.29","1.20e-1","1.00e+0","3.27","1.00e+0","1.00e+0","3.08e-2","ENSDARG00000079549,ENSDARG00000014113,ENSDARG00000027564,ENSDARG00000018476"
"28","1.20","INTERPRO","AH/BAR_dom_sf","13","1340","106","23408","0.94","1.80e-2","1.00e+0","2.14","1.00e+0","1.00e+0","7.51e-3","ENSDARG00000002642,ENSDARG00000002463,ENSDARG00000020131,ENSDARG00000021896,ENSDARG00000039265,ENSDARG00000003219,ENSDARG00000022659,ENSDARG00000060309,ENSDARG00000089569,ENSDARG00000035389,ENSDARG00000060783,ENSDARG00000059604,ENSDARG00000014954"
"28","1.20","SMART","FCH","5","772","27","13267","0.36","6.86e-2","1.00e+0","3.18","1.00e+0","1.00e+0","1.83e-2","ENSDARG00000089569,ENSDARG00000035389,ENSDARG00000020131,ENSDARG00000039265,ENSDARG00000060309"
"28","1.20","INTERPRO","FCH_dom","5","1340","29","23408","0.36","8.12e-2","1.00e+0","3.01","1.00e+0","1.00e+0","2.30e-2","ENSDARG00000089569,ENSDARG00000035389,ENSDARG00000020131,ENSDARG00000039265,ENSDARG00000060309"
"28","1.20","UP_SEQ_FEATURE","DOMAIN:F-BAR","5","1250","30","21277","0.36","9.64e-2","1.00e+0","2.84","1.00e+0","1.00e+0","2.90e-2","ENSDARG00000089569,ENSDARG00000035389,ENSDARG00000020131,ENSDARG00000039265,ENSDARG00000060309"
"28","1.20","INTERPRO","F_BAR_dom","5","1340","31","23408","0.36","9.85e-2","1.00e+0","2.82","1.00e+0","1.00e+0","3.00e-2","ENSDARG00000089569,ENSDARG00000035389,ENSDARG00000020131,ENSDARG00000039265,ENSDARG00000060309"
"29","1.20","INTERPRO","AH/BAR_dom_sf","13","1340","106","23408","0.94","1.80e-2","1.00e+0","2.14","1.00e+0","1.00e+0","7.51e-3","ENSDARG00000002642,ENSDARG00000002463,ENSDARG00000020131,ENSDARG00000021896,ENSDARG00000039265,ENSDARG00000003219,ENSDARG00000022659,ENSDARG00000060309,ENSDARG00000089569,ENSDARG00000035389,ENSDARG00000060783,ENSDARG00000059604,ENSDARG00000014954"
"29","1.20","UP_SEQ_FEATURE","DOMAIN:BAR","5","1250","27","21277","0.36","7.07e-2","1.00e+0","3.15","1.00e+0","1.00e+0","1.90e-2","ENSDARG00000002642,ENSDARG00000002463,ENSDARG00000060783,ENSDARG00000021896,ENSDARG00000003219"
"29","1.20","INTERPRO","BAR_dom","5","1340","40","23408","0.36","1.94e-1","1.00e+0","2.18","1.00e+0","1.00e+0","7.65e-2","ENSDARG00000002642,ENSDARG00000002463,ENSDARG00000060783,ENSDARG00000021896,ENSDARG00000003219"
"30","1.17","INTERPRO","LIM2_prickle","3","1340","5","23408","0.22","2.91e-2","1.00e+0","10.48","1.00e+0","1.00e+0","1.72e-3","ENSDARG00000073996,ENSDARG00000020982,ENSDARG00000037593"
"30","1.17","INTERPRO","LIM3_prickle","3","1340","5","23408","0.22","2.91e-2","1.00e+0","10.48","1.00e+0","1.00e+0","1.72e-3","ENSDARG00000073996,ENSDARG00000020982,ENSDARG00000037593"
"30","1.17","INTERPRO","PET_prickle","3","1340","5","23408","0.22","2.91e-2","1.00e+0","10.48","1.00e+0","1.00e+0","1.72e-3","ENSDARG00000073996,ENSDARG00000020982,ENSDARG00000037593"
"30","1.17","INTERPRO","LIM1_prickle","3","1340","5","23408","0.22","2.91e-2","1.00e+0","10.48","1.00e+0","1.00e+0","1.72e-3","ENSDARG00000073996,ENSDARG00000020982,ENSDARG00000037593"
"30","1.17","INTERPRO","PET_domain","3","1340","7","23408","0.22","5.67e-2","1.00e+0","7.49","1.00e+0","1.00e+0","5.50e-3","ENSDARG00000073996,ENSDARG00000020982,ENSDARG00000037593"
"30","1.17","INTERPRO","Pk/Esn/Tes","3","1340","7","23408","0.22","5.67e-2","1.00e+0","7.49","1.00e+0","1.00e+0","5.50e-3","ENSDARG00000073996,ENSDARG00000020982,ENSDARG00000037593"
"30","1.17","UP_SEQ_FEATURE","DOMAIN:PET","3","1250","7","21277","0.22","5.94e-2","1.00e+0","7.29","1.00e+0","1.00e+0","5.92e-3","ENSDARG00000073996,ENSDARG00000020982,ENSDARG00000037593"
"30","1.17","INTERPRO","Znf_LIM","9","1340","100","23408","0.65","2.13e-1","1.00e+0","1.57","1.00e+0","1.00e+0","1.19e-1","ENSDARG00000069956,ENSDARG00000073996,ENSDARG00000002330,ENSDARG00000056653,ENSDARG00000055223,ENSDARG00000020982,ENSDARG00000104315,ENSDARG00000037593,ENSDARG00000019845"
"30","1.17","SMART","LIM","9","772","100","13267","0.65","2.25e-1","1.00e+0","1.55","1.00e+0","1.00e+0","1.27e-1","ENSDARG00000069956,ENSDARG00000073996,ENSDARG00000002330,ENSDARG00000056653,ENSDARG00000055223,ENSDARG00000020982,ENSDARG00000104315,ENSDARG00000037593,ENSDARG00000019845"
"30","1.17","UP_SEQ_FEATURE","DOMAIN:LIM zinc-binding","8","1250","92","21277","0.58","2.95e-1","1.00e+0","1.48","1.00e+0","1.00e+0","1.73e-1","ENSDARG00000069956,ENSDARG00000073996,ENSDARG00000002330,ENSDARG00000056653,ENSDARG00000020982,ENSDARG00000104315,ENSDARG00000037593,ENSDARG00000019845"
"31","1.17","UP_KW_BIOLOGICAL_PROCESS","Fatty acid biosynthesis","8","508","39","8466","0.58","7.64e-3","2.01e-1","3.42","5.53e-1","1.97e-1","1.87e-3","ENSDARG00000009074,ENSDARG00000089626,ENSDARG00000087657,ENSDARG00000003818,ENSDARG00000007347,ENSDARG00000060094,ENSDARG00000002249,ENSDARG00000004402"
"31","1.17","KEGG_PATHWAY","Arachidonic acid metabolism","6","542","61","21890","0.44","1.73e-2","5.35e-2","3.97","9.49e-1","2.93e-2","3.93e-3","ENSDARG00000078258,ENSDARG00000089626,ENSDARG00000017141,ENSDARG00000069463,ENSDARG00000060094,ENSDARG00000002249"
"31","1.17","UP_KW_BIOLOGICAL_PROCESS","Prostaglandin biosynthesis","3","508","10","8466","0.22","1.17e-1","7.75e-1","5.00","1.00e+0","7.60e-1","1.88e-2","ENSDARG00000089626,ENSDARG00000060094,ENSDARG00000002249"
"31","1.17","GOTERM_BP_DIRECT","prostaglandin biosynthetic process","3","1221","11","20756","0.22","1.34e-1","1.00e+0","4.64","1.00e+0","1.00e+0","2.35e-2","ENSDARG00000089626,ENSDARG00000060094,ENSDARG00000002249"
"31","1.17","UP_KW_BIOLOGICAL_PROCESS","Prostaglandin metabolism","3","508","14","8466","0.22","2.03e-1","1.00e+0","3.57","1.00e+0","9.90e-1","4.76e-2","ENSDARG00000089626,ENSDARG00000060094,ENSDARG00000002249"
"31","1.17","GOTERM_BP_DIRECT","prostaglandin metabolic process","3","1221","16","20756","0.22","2.42e-1","1.00e+0","3.19","1.00e+0","1.00e+0","6.41e-2","ENSDARG00000089626,ENSDARG00000060094,ENSDARG00000002249"
"32","1.12","UP_KW_BIOLOGICAL_PROCESS","Endocytosis","13","508","104","8466","0.94","2.12e-2","3.18e-1","2.08","8.94e-1","3.12e-1","9.08e-3","ENSDARG00000004745,ENSDARG00000002642,ENSDARG00000030824,ENSDARG00000078216,ENSDARG00000020131,ENSDARG00000006257,ENSDARG00000004311,ENSDARG00000035389,ENSDARG00000059600,ENSDARG00000042141,ENSDARG00000054539,ENSDARG00000102100,ENSDARG00000014954"
"32","1.12","UP_KW_CELLULAR_COMPONENT","Coated pit","7","977","58","16344","0.51","1.31e-1","5.29e-1","2.02","9.97e-1","4.79e-1","5.66e-2","ENSDARG00000035389,ENSDARG00000078216,ENSDARG00000073962,ENSDARG00000058425,ENSDARG00000042141,ENSDARG00000006257,ENSDARG00000054539"
"32","1.12","GOTERM_CC_DIRECT","clathrin-coated pit","7","1261","65","22190","0.51","1.63e-1","1.00e+0","1.90","1.00e+0","9.93e-1","7.50e-2","ENSDARG00000035389,ENSDARG00000078216,ENSDARG00000073962,ENSDARG00000058425,ENSDARG00000042141,ENSDARG00000006257,ENSDARG00000054539"
"33","1.10","KEGG_PATHWAY","Other types of O-glycan biosynthesis","8","542","61","21890","0.58","7.45e-4","3.96e-3","5.30","1.19e-1","2.17e-3","1.25e-4","ENSDARG00000045175,ENSDARG00000014386,ENSDARG00000036335,ENSDARG00000039335,ENSDARG00000108649,ENSDARG00000006832,ENSDARG00000019746,ENSDARG00000012745"
"33","1.10","KEGG_PATHWAY","Mucin type O-glycan biosynthesis","6","542","38","21890","0.44","2.32e-3","1.03e-2","6.38","3.26e-1","5.66e-3","3.15e-4","ENSDARG00000112898,ENSDARG00000014386,ENSDARG00000036335,ENSDARG00000108649,ENSDARG00000006832,ENSDARG00000012745"
"33","1.10","GOTERM_BP_DIRECT","protein O-linked glycosylation","8","1221","55","20756","0.58","4.12e-2","1.00e+0","2.47","1.00e+0","1.00e+0","1.45e-2","ENSDARG00000038414,ENSDARG00000014386,ENSDARG00000036335,ENSDARG00000076218,ENSDARG00000108649,ENSDARG00000006832,ENSDARG00000041616,ENSDARG00000012745"
"33","1.10","SMART","RICIN","5","772","24","13267","0.36","4.76e-2","1.00e+0","3.58","1.00e+0","1.00e+0","1.11e-2","ENSDARG00000014386,ENSDARG00000108649,ENSDARG00000006832,ENSDARG00000012745,ENSDARG00000102100"
"33","1.10","INTERPRO","Ricin_B_lectin","5","1340","29","23408","0.36","8.12e-2","1.00e+0","3.01","1.00e+0","1.00e+0","2.30e-2","ENSDARG00000014386,ENSDARG00000108649,ENSDARG00000006832,ENSDARG00000012745,ENSDARG00000102100"
"33","1.10","INTERPRO","Ricin_B-like_lectins","5","1340","29","23408","0.36","8.12e-2","1.00e+0","3.01","1.00e+0","1.00e+0","2.30e-2","ENSDARG00000014386,ENSDARG00000108649,ENSDARG00000006832,ENSDARG00000012745,ENSDARG00000102100"
"33","1.10","GOTERM_MF_DIRECT","polypeptide N-acetylgalactosaminyltransferase activity","4","1186","20","21154","0.29","9.83e-2","1.00e+0","3.57","1.00e+0","1.00e+0","2.32e-2","ENSDARG00000014386,ENSDARG00000108649,ENSDARG00000006832,ENSDARG00000012745"
"33","1.10","INTERPRO","GalNAc-T","4","1340","20","23408","0.29","1.03e-1","1.00e+0","3.49","1.00e+0","1.00e+0","2.48e-2","ENSDARG00000014386,ENSDARG00000108649,ENSDARG00000006832,ENSDARG00000012745"
"33","1.10","UP_SEQ_FEATURE","DOMAIN:Ricin B lectin","4","1250","22","21277","0.29","1.36e-1","1.00e+0","3.09","1.00e+0","1.00e+0","3.72e-2","ENSDARG00000014386,ENSDARG00000108649,ENSDARG00000006832,ENSDARG00000012745"
"33","1.10","INTERPRO","Glyco_trans_2-like","4","1340","29","23408","0.29","2.29e-1","1.00e+0","2.41","1.00e+0","1.00e+0","8.14e-2","ENSDARG00000014386,ENSDARG00000108649,ENSDARG00000006832,ENSDARG00000012745"
"33","1.10","INTERPRO","Nucleotide-diphossugar_trans","6","1340","117","23408","0.44","8.06e-1","1.00e+0","0.90","1.00e+0","1.00e+0","6.67e-1","ENSDARG00000014386,ENSDARG00000068515,ENSDARG00000061400,ENSDARG00000108649,ENSDARG00000006832,ENSDARG00000012745"
"33","1.10","UP_KW_LIGAND","Lectin","7","424","174","7893","0.51","9.11e-1","1.00e+0","0.75","1.00e+0","9.73e-1","8.33e-1","ENSDARG00000014386,ENSDARG00000108649,ENSDARG00000006832,ENSDARG00000034528,ENSDARG00000069980,ENSDARG00000012745,ENSDARG00000102100"
"33","1.10","GOTERM_MF_DIRECT","carbohydrate binding","8","1186","214","21154","0.58","9.59e-1","1.00e+0","0.67","1.00e+0","1.00e+0","9.18e-1","ENSDARG00000012144,ENSDARG00000014386,ENSDARG00000108649,ENSDARG00000006832,ENSDARG00000037613,ENSDARG00000034528,ENSDARG00000069980,ENSDARG00000012745"
"34","1.10","INTERPRO","Homeodomain-like_sf","31","1340","376","23408","2.25","4.14e-2","1.00e+0","1.44","1.00e+0","1.00e+0","2.64e-2","ENSDARG00000071560,ENSDARG00000054304,ENSDARG00000070353,ENSDARG00000099273,ENSDARG00000002601,ENSDARG00000009470,ENSDARG00000042027,ENSDARG00000091029,ENSDARG00000101549,ENSDARG00000101023,ENSDARG00000100494,ENSDARG00000031434,ENSDARG00000070348,ENSDARG00000013704,ENSDARG00000098919,ENSDARG00000003965,ENSDARG00000075113,ENSDARG00000053666,ENSDARG00000002330,ENSDARG00000059274,ENSDARG00000034693,ENSDARG00000101954,ENSDARG00000058004,ENSDARG00000040253,ENSDARG00000070338,ENSDARG00000035887,ENSDARG00000013615,ENSDARG00000092809,ENSDARG00000036816,ENSDARG00000087186,ENSDARG00000017615"
"34","1.10","UP_SEQ_FEATURE","DNA_BIND:Homeobox","26","1250","297","21277","1.89","4.50e-2","1.00e+0","1.49","1.00e+0","1.00e+0","2.77e-2","ENSDARG00000071560,ENSDARG00000054304,ENSDARG00000070353,ENSDARG00000002601,ENSDARG00000009470,ENSDARG00000042027,ENSDARG00000091029,ENSDARG00000101549,ENSDARG00000101023,ENSDARG00000100494,ENSDARG00000070348,ENSDARG00000013704,ENSDARG00000003965,ENSDARG00000075113,ENSDARG00000002330,ENSDARG00000059274,ENSDARG00000101954,ENSDARG00000058004,ENSDARG00000040253,ENSDARG00000070338,ENSDARG00000035887,ENSDARG00000013615,ENSDARG00000092809,ENSDARG00000036816,ENSDARG00000087186,ENSDARG00000017615"
"34","1.10","UP_SEQ_FEATURE","DOMAIN:Homeobox","23","1250","256","21277","1.67","4.74e-2","1.00e+0","1.53","1.00e+0","1.00e+0","2.86e-2","ENSDARG00000003965,ENSDARG00000075113,ENSDARG00000054304,ENSDARG00000002330,ENSDARG00000002601,ENSDARG00000101954,ENSDARG00000009470,ENSDARG00000042027,ENSDARG00000058004,ENSDARG00000091029,ENSDARG00000040253,ENSDARG00000101549,ENSDARG00000101023,ENSDARG00000100494,ENSDARG00000070338,ENSDARG00000035887,ENSDARG00000092809,ENSDARG00000013615,ENSDARG00000070348,ENSDARG00000013704,ENSDARG00000036816,ENSDARG00000087186,ENSDARG00000017615"
"34","1.10","INTERPRO","HD","26","1340","308","23408","1.89","4.92e-2","1.00e+0","1.47","1.00e+0","1.00e+0","3.09e-2","ENSDARG00000071560,ENSDARG00000054304,ENSDARG00000070353,ENSDARG00000002601,ENSDARG00000009470,ENSDARG00000042027,ENSDARG00000091029,ENSDARG00000101549,ENSDARG00000101023,ENSDARG00000100494,ENSDARG00000070348,ENSDARG00000013704,ENSDARG00000003965,ENSDARG00000075113,ENSDARG00000002330,ENSDARG00000059274,ENSDARG00000101954,ENSDARG00000058004,ENSDARG00000040253,ENSDARG00000070338,ENSDARG00000035887,ENSDARG00000013615,ENSDARG00000092809,ENSDARG00000036816,ENSDARG00000087186,ENSDARG00000017615"
"34","1.10","SMART","HOX","26","772","304","13267","1.89","5.02e-2","1.00e+0","1.47","1.00e+0","1.00e+0","3.15e-2","ENSDARG00000071560,ENSDARG00000054304,ENSDARG00000070353,ENSDARG00000002601,ENSDARG00000009470,ENSDARG00000042027,ENSDARG00000091029,ENSDARG00000101549,ENSDARG00000101023,ENSDARG00000100494,ENSDARG00000070348,ENSDARG00000013704,ENSDARG00000003965,ENSDARG00000075113,ENSDARG00000002330,ENSDARG00000059274,ENSDARG00000101954,ENSDARG00000058004,ENSDARG00000040253,ENSDARG00000070338,ENSDARG00000035887,ENSDARG00000013615,ENSDARG00000092809,ENSDARG00000036816,ENSDARG00000087186,ENSDARG00000017615"
"34","1.10","INTERPRO","Homeobox_CS","20","1340","247","23408","1.45","1.17e-1","1.00e+0","1.41","1.00e+0","1.00e+0","7.52e-2","ENSDARG00000071560,ENSDARG00000003965,ENSDARG00000075113,ENSDARG00000002330,ENSDARG00000070353,ENSDARG00000002601,ENSDARG00000059274,ENSDARG00000101954,ENSDARG00000042027,ENSDARG00000058004,ENSDARG00000091029,ENSDARG00000101549,ENSDARG00000101023,ENSDARG00000100494,ENSDARG00000070338,ENSDARG00000092809,ENSDARG00000013615,ENSDARG00000070348,ENSDARG00000036816,ENSDARG00000017615"
"34","1.10","INTERPRO","HD_metazoa","10","1340","118","23408","0.73","2.34e-1","1.00e+0","1.48","1.00e+0","1.00e+0","1.39e-1","ENSDARG00000071560,ENSDARG00000003965,ENSDARG00000101954,ENSDARG00000101549,ENSDARG00000101023,ENSDARG00000070338,ENSDARG00000092809,ENSDARG00000070348,ENSDARG00000059274,ENSDARG00000017615"
"34","1.10","UP_KW_DOMAIN","Homeobox","13","804","174","14291","0.94","2.73e-1","8.18e-1","1.33","9.99e-1","8.18e-1","1.82e-1","ENSDARG00000071560,ENSDARG00000057708,ENSDARG00000070353,ENSDARG00000042518,ENSDARG00000059274,ENSDARG00000101954,ENSDARG00000101023,ENSDARG00000100494,ENSDARG00000070338,ENSDARG00000092809,ENSDARG00000070348,ENSDARG00000013704,ENSDARG00000017615"
"35","1.05","GOTERM_MF_DIRECT","FMN binding","5","1186","14","21154","0.36","6.24e-3","9.01e-1","6.37","9.96e-1","9.01e-1","7.18e-4","ENSDARG00000017612,ENSDARG00000059035,ENSDARG00000027992,ENSDARG00000026925,ENSDARG00000031976"
"35","1.05","GOTERM_BP_DIRECT","response to hormone","5","1221","18","20756","0.36","1.87e-2","1.00e+0","4.72","1.00e+0","1.00e+0","3.14e-3","ENSDARG00000059035,ENSDARG00000026925,ENSDARG00000013095,ENSDARG00000021439,ENSDARG00000031976"
"35","1.05","UP_KW_LIGAND","FMN","5","424","20","7893","0.36","1.99e-2","1.51e-1","4.65","5.34e-1","1.43e-1","3.46e-3","ENSDARG00000017612,ENSDARG00000059035,ENSDARG00000027992,ENSDARG00000026925,ENSDARG00000031976"
"35","1.05","UP_SEQ_FEATURE","DOMAIN:FAD-binding FR-type","4","1250","14","21277","0.29","4.52e-2","1.00e+0","4.86","1.00e+0","1.00e+0","7.38e-3","ENSDARG00000059035,ENSDARG00000026925,ENSDARG00000087574,ENSDARG00000031976"
"35","1.05","INTERPRO","CysJ-like_FAD-binding","3","1340","7","23408","0.22","5.67e-2","1.00e+0","7.49","1.00e+0","1.00e+0","5.50e-3","ENSDARG00000059035,ENSDARG00000026925,ENSDARG00000031976"
"35","1.05","INTERPRO","NADPH_Cyt_P450_Rdtase_alpha","3","1340","7","23408","0.22","5.67e-2","1.00e+0","7.49","1.00e+0","1.00e+0","5.50e-3","ENSDARG00000059035,ENSDARG00000026925,ENSDARG00000031976"
"35","1.05","INTERPRO","FAD-bd_FR_type","4","1340","16","23408","0.29","5.99e-2","1.00e+0","4.37","1.00e+0","1.00e+0","1.12e-2","ENSDARG00000059035,ENSDARG00000026925,ENSDARG00000087574,ENSDARG00000031976"
"35","1.05","INTERPRO","Riboflavin_synthase-like_b-brl","4","1340","16","23408","0.29","5.99e-2","1.00e+0","4.37","1.00e+0","1.00e+0","1.12e-2","ENSDARG00000059035,ENSDARG00000026925,ENSDARG00000087574,ENSDARG00000031976"
"35","1.05","INTERPRO","FNR_nucleotide-bd","4","1340","16","23408","0.29","5.99e-2","1.00e+0","4.37","1.00e+0","1.00e+0","1.12e-2","ENSDARG00000059035,ENSDARG00000026925,ENSDARG00000087574,ENSDARG00000031976"
"35","1.05","INTERPRO","Flavodoxin/NO_synth","3","1340","8","23408","0.22","7.27e-2","1.00e+0","6.55","1.00e+0","1.00e+0","8.43e-3","ENSDARG00000059035,ENSDARG00000026925,ENSDARG00000031976"
"35","1.05","INTERPRO","Flavdoxin-like","3","1340","8","23408","0.22","7.27e-2","1.00e+0","6.55","1.00e+0","1.00e+0","8.43e-3","ENSDARG00000059035,ENSDARG00000026925,ENSDARG00000031976"
"35","1.05","UP_SEQ_FEATURE","DOMAIN:Flavodoxin-like","3","1250","8","21277","0.22","7.61e-2","1.00e+0","6.38","1.00e+0","1.00e+0","9.06e-3","ENSDARG00000059035,ENSDARG00000026925,ENSDARG00000031976"
"35","1.05","GOTERM_BP_DIRECT","nitric oxide biosynthetic process","3","1221","8","20756","0.22","7.63e-2","1.00e+0","6.37","1.00e+0","1.00e+0","9.09e-3","ENSDARG00000059035,ENSDARG00000026925,ENSDARG00000031976"
"35","1.05","GOTERM_MF_DIRECT","NADP binding","5","1186","30","21154","0.36","8.45e-2","1.00e+0","2.97","1.00e+0","1.00e+0","2.43e-2","ENSDARG00000071065,ENSDARG00000059035,ENSDARG00000068876,ENSDARG00000026925,ENSDARG00000031976"
"35","1.05","INTERPRO","Flavoprotein-like_sf","3","1340","9","23408","0.22","9.01e-2","1.00e+0","5.82","1.00e+0","1.00e+0","1.21e-2","ENSDARG00000059035,ENSDARG00000026925,ENSDARG00000031976"
"35","1.05","INTERPRO","Flavoprot_Pyr_Nucl_cyt_Rdtase","3","1340","10","23408","0.22","1.08e-1","1.00e+0","5.24","1.00e+0","1.00e+0","1.66e-2","ENSDARG00000059035,ENSDARG00000026925,ENSDARG00000031976"
"35","1.05","INTERPRO","OxRdtase_FAD/NAD-bd","3","1340","12","23408","0.22","1.48e-1","1.00e+0","4.37","1.00e+0","1.00e+0","2.79e-2","ENSDARG00000059035,ENSDARG00000026925,ENSDARG00000031976"
"35","1.05","UP_KW_LIGAND","NADP","12","424","162","7893","0.87","2.51e-1","1.00e+0","1.38","1.00e+0","9.73e-1","1.61e-1","ENSDARG00000003127,ENSDARG00000071065,ENSDARG00000009074,ENSDARG00000059035,ENSDARG00000003795,ENSDARG00000087657,ENSDARG00000068876,ENSDARG00000026925,ENSDARG00000059857,ENSDARG00000087574,ENSDARG00000040190,ENSDARG00000031976"
"35","1.05","UP_KW_LIGAND","Flavoprotein","6","424","76","7893","0.44","3.86e-1","1.00e+0","1.47","1.00e+0","9.73e-1","2.23e-1","ENSDARG00000017612,ENSDARG00000027992,ENSDARG00000026925,ENSDARG00000070723,ENSDARG00000087574,ENSDARG00000031976"
"35","1.05","GOTERM_BP_DIRECT","defense response to bacterium","6","1221","85","20756","0.44","5.64e-1","1.00e+0","1.20","1.00e+0","1.00e+0","3.84e-1","ENSDARG00000075014,ENSDARG00000098700,ENSDARG00000026925,ENSDARG00000087574,ENSDARG00000010721,ENSDARG00000031976"
"35","1.05","GOTERM_MF_DIRECT","flavin adenine dinucleotide binding","4","1186","63","21154","0.29","6.93e-1","1.00e+0","1.13","1.00e+0","1.00e+0","4.74e-1","ENSDARG00000059035,ENSDARG00000017126,ENSDARG00000026925,ENSDARG00000031976"
"35","1.05","UP_KW_LIGAND","FAD","6","424","124","7893","0.44","8.02e-1","1.00e+0","0.90","1.00e+0","9.73e-1","6.62e-1","ENSDARG00000059035,ENSDARG00000013333,ENSDARG00000026925,ENSDARG00000070723,ENSDARG00000087574,ENSDARG00000031976"
"36","1.04","GOTERM_BP_DIRECT","endochondral ossification","4","1221","7","20756","0.29","5.93e-3","1.00e+0","9.71","1.00e+0","1.00e+0","3.61e-4","ENSDARG00000002235,ENSDARG00000008388,ENSDARG00000015472,ENSDARG00000009534"
"36","1.04","GOTERM_BP_DIRECT","convergent extension","6","1221","56","20756","0.44","2.32e-1","1.00e+0","1.82","1.00e+0","1.00e+0","1.10e-1","ENSDARG00000002235,ENSDARG00000008388,ENSDARG00000015472,ENSDARG00000042518,ENSDARG00000012247,ENSDARG00000102288"
"36","1.04","GOTERM_BP_DIRECT","convergent extension involved in gastrulation","6","1221","85","20756","0.44","5.64e-1","1.00e+0","1.20","1.00e+0","1.00e+0","3.84e-1","ENSDARG00000002235,ENSDARG00000018693,ENSDARG00000008388,ENSDARG00000078404,ENSDARG00000015472,ENSDARG00000012247"
"37","1.03","INTERPRO","Cyclin_N","7","1340","37","23408","0.51","1.75e-2","1.00e+0","3.30","1.00e+0","1.00e+0","4.50e-3","ENSDARG00000076964,ENSDARG00000017602,ENSDARG00000077116,ENSDARG00000068214,ENSDARG00000099395,ENSDARG00000011094,ENSDARG00000051748"
"37","1.03","INTERPRO","Cyclin-like_sf","8","1340","48","23408","0.58","1.86e-2","1.00e+0","2.91","1.00e+0","1.00e+0","5.51e-3","ENSDARG00000076964,ENSDARG00000017602,ENSDARG00000036105,ENSDARG00000077116,ENSDARG00000068214,ENSDARG00000099395,ENSDARG00000011094,ENSDARG00000051748"
"37","1.03","INTERPRO","Cyclin","5","1340","21","23408","0.36","2.92e-2","1.00e+0","4.16","1.00e+0","1.00e+0","5.75e-3","ENSDARG00000017602,ENSDARG00000077116,ENSDARG00000068214,ENSDARG00000011094,ENSDARG00000051748"
"37","1.03","GOTERM_CC_DIRECT","cyclin-dependent protein kinase holoenzyme complex","6","1261","33","22190","0.44","3.70e-2","8.60e-1","3.20","1.00e+0","8.52e-1","9.83e-3","ENSDARG00000017602,ENSDARG00000077116,ENSDARG00000068214,ENSDARG00000011094,ENSDARG00000012204,ENSDARG00000051748"
"37","1.03","UP_SEQ_FEATURE","DOMAIN:Cyclin-like","6","1250","34","21277","0.44","4.67e-2","1.00e+0","3.00","1.00e+0","1.00e+0","1.33e-2","ENSDARG00000076964,ENSDARG00000017602,ENSDARG00000077116,ENSDARG00000068214,ENSDARG00000011094,ENSDARG00000051748"
"37","1.03","UP_KW_MOLECULAR_FUNCTION","Cyclin","6","708","34","11803","0.44","5.01e-2","6.22e-1","2.94","9.89e-1","6.22e-1","1.45e-2","ENSDARG00000076964,ENSDARG00000017602,ENSDARG00000077116,ENSDARG00000068214,ENSDARG00000011094,ENSDARG00000051748"
"37","1.03","INTERPRO","Cyclin-like_dom","6","1340","39","23408","0.44","6.99e-2","1.00e+0","2.69","1.00e+0","1.00e+0","2.24e-2","ENSDARG00000076964,ENSDARG00000017602,ENSDARG00000077116,ENSDARG00000068214,ENSDARG00000011094,ENSDARG00000051748"
"37","1.03","SMART","CYCLIN","6","772","39","13267","0.44","7.36e-2","1.00e+0","2.64","1.00e+0","1.00e+0","2.40e-2","ENSDARG00000076964,ENSDARG00000017602,ENSDARG00000077116,ENSDARG00000068214,ENSDARG00000011094,ENSDARG00000051748"
"37","1.03","GOTERM_MF_DIRECT","cyclin-dependent protein serine/threonine kinase regulator activity","5","1186","33","21154","0.36","1.11e-1","1.00e+0","2.70","1.00e+0","1.00e+0","3.53e-2","ENSDARG00000017602,ENSDARG00000077116,ENSDARG00000068214,ENSDARG00000011094,ENSDARG00000051748"
"37","1.03","INTERPRO","Cyclins_cyclin-box","3","1340","12","23408","0.22","1.48e-1","1.00e+0","4.37","1.00e+0","1.00e+0","2.79e-2","ENSDARG00000068214,ENSDARG00000011094,ENSDARG00000051748"
"37","1.03","GOTERM_BP_DIRECT","G1/S transition of mitotic cell cycle","5","1221","38","20756","0.36","1.82e-1","1.00e+0","2.24","1.00e+0","1.00e+0","7.02e-2","ENSDARG00000017602,ENSDARG00000077116,ENSDARG00000068214,ENSDARG00000011094,ENSDARG00000051748"
"37","1.03","UP_SEQ_FEATURE","DOMAIN:Cyclin C-terminal","3","1250","18","21277","0.22","2.86e-1","1.00e+0","2.84","1.00e+0","1.00e+0","8.54e-2","ENSDARG00000077116,ENSDARG00000011094,ENSDARG00000051748"
"37","1.03","SMART","Cyclin_C","3","772","19","13267","0.22","3.04e-1","1.00e+0","2.71","1.00e+0","1.00e+0","9.50e-2","ENSDARG00000077116,ENSDARG00000011094,ENSDARG00000051748"
"37","1.03","INTERPRO","Cyclin_C-dom","3","1340","20","23408","0.22","3.19e-1","1.00e+0","2.62","1.00e+0","1.00e+0","1.03e-1","ENSDARG00000077116,ENSDARG00000011094,ENSDARG00000051748"
"37","1.03","GOTERM_CC_DIRECT","microtubule organizing center","3","1261","65","22190","0.22","8.90e-1","1.00e+0","0.81","1.00e+0","9.93e-1","7.22e-1","ENSDARG00000077116,ENSDARG00000011094,ENSDARG00000051748"
"38","1.02","INTERPRO","TPR-like_helical_dom_sf","21","1340","239","23408","1.53","5.73e-2","1.00e+0","1.53","1.00e+0","1.00e+0","3.42e-2","ENSDARG00000024398,ENSDARG00000103692,ENSDARG00000074435,ENSDARG00000004906,ENSDARG00000070674,ENSDARG00000007025,ENSDARG00000008433,ENSDARG00000044567,ENSDARG00000001734,ENSDARG00000001557,ENSDARG00000067605,ENSDARG00000008032,ENSDARG00000087994,ENSDARG00000035273,ENSDARG00000063573,ENSDARG00000028396,ENSDARG00000013329,ENSDARG00000019941,ENSDARG00000039208,ENSDARG00000016769,ENSDARG00000033537"
"38","1.02","INTERPRO","TPR_rpt","13","1340","137","23408","0.94","9.36e-2","1.00e+0","1.66","1.00e+0","1.00e+0","5.06e-2","ENSDARG00000074435,ENSDARG00000004906,ENSDARG00000008433,ENSDARG00000044567,ENSDARG00000001734,ENSDARG00000001557,ENSDARG00000035273,ENSDARG00000028396,ENSDARG00000013329,ENSDARG00000019941,ENSDARG00000039208,ENSDARG00000016769,ENSDARG00000033537"
"38","1.02","SMART","TPR","12","772","123","13267","0.87","1.02e-1","1.00e+0","1.68","1.00e+0","1.00e+0","5.43e-2","ENSDARG00000035273,ENSDARG00000074435,ENSDARG00000004906,ENSDARG00000028396,ENSDARG00000013329,ENSDARG00000008433,ENSDARG00000019941,ENSDARG00000044567,ENSDARG00000001734,ENSDARG00000039208,ENSDARG00000001557,ENSDARG00000016769"
"38","1.02","UP_SEQ_FEATURE","REPEAT:TPR","10","1250","103","21277","0.73","1.51e-1","1.00e+0","1.65","1.00e+0","1.00e+0","8.07e-2","ENSDARG00000011055,ENSDARG00000004906,ENSDARG00000028396,ENSDARG00000019941,ENSDARG00000044567,ENSDARG00000001734,ENSDARG00000039208,ENSDARG00000001557,ENSDARG00000016769,ENSDARG00000033537"
"39","0.99","KEGG_PATHWAY","Glycosphingolipid biosynthesis - ganglio series","5","542","15","21890","0.36","4.05e-4","2.55e-3","13.46","6.66e-2","1.40e-3","2.23e-5","ENSDARG00000036584,ENSDARG00000112898,ENSDARG00000076218,ENSDARG00000034368,ENSDARG00000036913"
"39","0.99","GOTERM_MF_DIRECT","sialyltransferase activity","4","1186","31","21154","0.29","2.50e-1","1.00e+0","2.30","1.00e+0","1.00e+0","9.31e-2","ENSDARG00000036584,ENSDARG00000112898,ENSDARG00000039335,ENSDARG00000036913"
"39","0.99","INTERPRO","Glyco_trans_29","4","1340","32","23408","0.29","2.76e-1","1.00e+0","2.18","1.00e+0","1.00e+0","1.08e-1","ENSDARG00000036584,ENSDARG00000112898,ENSDARG00000039335,ENSDARG00000036913"
"39","0.99","INTERPRO","GT29-like_sf","4","1340","32","23408","0.29","2.76e-1","1.00e+0","2.18","1.00e+0","1.00e+0","1.08e-1","ENSDARG00000036584,ENSDARG00000112898,ENSDARG00000039335,ENSDARG00000036913"
"39","0.99","GOTERM_BP_DIRECT","glycoprotein biosynthetic process","9","1221","107","20756","0.65","2.93e-1","1.00e+0","1.43","1.00e+0","1.00e+0","1.78e-1","ENSDARG00000036584,ENSDARG00000038414,ENSDARG00000112898,ENSDARG00000039335,ENSDARG00000016460,ENSDARG00000041616,ENSDARG00000004115,ENSDARG00000027813,ENSDARG00000036913"
"39","0.99","UP_KW_MOLECULAR_FUNCTION","Glycosyltransferase","10","708","143","11803","0.73","4.89e-1","1.00e+0","1.17","1.00e+0","1.00e+0","3.55e-1","ENSDARG00000036584,ENSDARG00000112898,ENSDARG00000068515,ENSDARG00000039335,ENSDARG00000040608,ENSDARG00000063330,ENSDARG00000041040,ENSDARG00000019746,ENSDARG00000004115,ENSDARG00000036913"
"40","0.98","INTERPRO","SH3_domain","24","1340","284","23408","1.74","5.85e-2","1.00e+0","1.48","1.00e+0","1.00e+0","3.66e-2","ENSDARG00000002642,ENSDARG00000105287,ENSDARG00000099887,ENSDARG00000002463,ENSDARG00000056525,ENSDARG00000020131,ENSDARG00000007179,ENSDARG00000079475,ENSDARG00000021896,ENSDARG00000079742,ENSDARG00000039265,ENSDARG00000022895,ENSDARG00000099045,ENSDARG00000060309,ENSDARG00000009738,ENSDARG00000008548,ENSDARG00000063309,ENSDARG00000009136,ENSDARG00000016541,ENSDARG00000102229,ENSDARG00000101979,ENSDARG00000006683,ENSDARG00000089878,ENSDARG00000014954"
"40","0.98","UP_SEQ_FEATURE","DOMAIN:SH3","23","1250","265","21277","1.67","6.43e-2","1.00e+0","1.48","1.00e+0","1.00e+0","4.04e-2","ENSDARG00000002642,ENSDARG00000105287,ENSDARG00000099887,ENSDARG00000002463,ENSDARG00000056525,ENSDARG00000020131,ENSDARG00000007179,ENSDARG00000079475,ENSDARG00000021896,ENSDARG00000039265,ENSDARG00000022895,ENSDARG00000099045,ENSDARG00000060309,ENSDARG00000009738,ENSDARG00000008548,ENSDARG00000063309,ENSDARG00000009136,ENSDARG00000016541,ENSDARG00000102229,ENSDARG00000101979,ENSDARG00000006683,ENSDARG00000089878,ENSDARG00000014954"
"40","0.98","INTERPRO","SH3-like_dom_sf","23","1340","283","23408","1.67","8.84e-2","1.00e+0","1.42","1.00e+0","1.00e+0","5.71e-2","ENSDARG00000002642,ENSDARG00000105287,ENSDARG00000099887,ENSDARG00000002463,ENSDARG00000056525,ENSDARG00000020131,ENSDARG00000007179,ENSDARG00000079475,ENSDARG00000021896,ENSDARG00000079742,ENSDARG00000039265,ENSDARG00000022895,ENSDARG00000099045,ENSDARG00000060309,ENSDARG00000009738,ENSDARG00000008548,ENSDARG00000063309,ENSDARG00000009136,ENSDARG00000016541,ENSDARG00000101979,ENSDARG00000006683,ENSDARG00000089878,ENSDARG00000014954"
"40","0.98","SMART","SH3","18","772","261","13267","1.31","3.47e-1","1.00e+0","1.19","1.00e+0","1.00e+0","2.59e-1","ENSDARG00000002642,ENSDARG00000105287,ENSDARG00000002463,ENSDARG00000056525,ENSDARG00000020131,ENSDARG00000079475,ENSDARG00000021896,ENSDARG00000079742,ENSDARG00000039265,ENSDARG00000060309,ENSDARG00000008548,ENSDARG00000009136,ENSDARG00000016541,ENSDARG00000102229,ENSDARG00000101979,ENSDARG00000006683,ENSDARG00000089878,ENSDARG00000014954"
"41","0.98","INTERPRO","PDZ","20","1340","236","23408","1.45","8.43e-2","1.00e+0","1.48","1.00e+0","1.00e+0","5.19e-2","ENSDARG00000105287,ENSDARG00000033804,ENSDARG00000023443,ENSDARG00000071478,ENSDARG00000052454,ENSDARG00000027322,ENSDARG00000061725,ENSDARG00000086505,ENSDARG00000009610,ENSDARG00000063309,ENSDARG00000000588,ENSDARG00000088699,ENSDARG00000010583,ENSDARG00000069956,ENSDARG00000090675,ENSDARG00000089009,ENSDARG00000015707,ENSDARG00000019845,ENSDARG00000105277,ENSDARG00000012513"
"41","0.98","SMART","PDZ","20","772","234","13267","1.45","8.80e-2","1.00e+0","1.47","1.00e+0","1.00e+0","5.46e-2","ENSDARG00000105287,ENSDARG00000033804,ENSDARG00000023443,ENSDARG00000071478,ENSDARG00000052454,ENSDARG00000027322,ENSDARG00000061725,ENSDARG00000086505,ENSDARG00000009610,ENSDARG00000063309,ENSDARG00000000588,ENSDARG00000088699,ENSDARG00000010583,ENSDARG00000069956,ENSDARG00000090675,ENSDARG00000089009,ENSDARG00000015707,ENSDARG00000019845,ENSDARG00000105277,ENSDARG00000012513"
"41","0.98","INTERPRO","PDZ_sf","20","1340","242","23408","1.45","1.01e-1","1.00e+0","1.44","1.00e+0","1.00e+0","6.38e-2","ENSDARG00000105287,ENSDARG00000033804,ENSDARG00000023443,ENSDARG00000071478,ENSDARG00000052454,ENSDARG00000027322,ENSDARG00000061725,ENSDARG00000086505,ENSDARG00000009610,ENSDARG00000063309,ENSDARG00000000588,ENSDARG00000088699,ENSDARG00000010583,ENSDARG00000069956,ENSDARG00000090675,ENSDARG00000089009,ENSDARG00000015707,ENSDARG00000019845,ENSDARG00000105277,ENSDARG00000012513"
"41","0.98","UP_SEQ_FEATURE","DOMAIN:PDZ","18","1250","221","21277","1.31","1.55e-1","1.00e+0","1.39","1.00e+0","1.00e+0","1.01e-1","ENSDARG00000105287,ENSDARG00000033804,ENSDARG00000023443,ENSDARG00000071478,ENSDARG00000052454,ENSDARG00000027322,ENSDARG00000009610,ENSDARG00000063309,ENSDARG00000000588,ENSDARG00000088699,ENSDARG00000010583,ENSDARG00000069956,ENSDARG00000090675,ENSDARG00000089009,ENSDARG00000015707,ENSDARG00000019845,ENSDARG00000105277,ENSDARG00000012513"
"42","0.98","INTERPRO","E3_ubiq-protein_ligase","4","1340","14","23408","0.29","4.23e-2","1.00e+0","4.99","1.00e+0","1.00e+0","6.74e-3","ENSDARG00000004291,ENSDARG00000061345,ENSDARG00000074903,ENSDARG00000099199"
"42","0.98","INTERPRO","E3_ub_ligase_SMURF1","3","1340","7","23408","0.22","5.67e-2","1.00e+0","7.49","1.00e+0","1.00e+0","5.50e-3","ENSDARG00000061345,ENSDARG00000074903,ENSDARG00000099199"
"42","0.98","INTERPRO","WW_dom_sf","7","1340","51","23408","0.51","6.97e-2","1.00e+0","2.40","1.00e+0","1.00e+0","2.54e-2","ENSDARG00000004291,ENSDARG00000061345,ENSDARG00000074903,ENSDARG00000099199,ENSDARG00000012577,ENSDARG00000051800,ENSDARG00000008548"
"42","0.98","UP_SEQ_FEATURE","DOMAIN:WW","7","1250","50","21277","0.51","7.12e-2","1.00e+0","2.38","1.00e+0","1.00e+0","2.60e-2","ENSDARG00000004291,ENSDARG00000061345,ENSDARG00000074903,ENSDARG00000099199,ENSDARG00000012577,ENSDARG00000051800,ENSDARG00000008548"
"42","0.98","SMART","WW","7","772","52","13267","0.51","7.97e-2","1.00e+0","2.31","1.00e+0","1.00e+0","3.00e-2","ENSDARG00000004291,ENSDARG00000061345,ENSDARG00000074903,ENSDARG00000099199,ENSDARG00000012577,ENSDARG00000051800,ENSDARG00000008548"
"42","0.98","PIR_SUPERFAMILY","E3_ub_ligase_SMURF1","3","153","7","1890","0.22","1.03e-1","1.00e+0","5.29","1.00e+0","1.00e+0","1.43e-2","ENSDARG00000061345,ENSDARG00000074903,ENSDARG00000099199"
"42","0.98","INTERPRO","WW_dom","7","1340","57","23408","0.51","1.06e-1","1.00e+0","2.15","1.00e+0","1.00e+0","4.32e-2","ENSDARG00000004291,ENSDARG00000061345,ENSDARG00000074903,ENSDARG00000099199,ENSDARG00000012577,ENSDARG00000051800,ENSDARG00000008548"
"42","0.98","SMART","HECTc","5","772","33","13267","0.36","1.22e-1","1.00e+0","2.60","1.00e+0","1.00e+0","4.04e-2","ENSDARG00000004291,ENSDARG00000061345,ENSDARG00000074903,ENSDARG00000099199,ENSDARG00000061194"
"42","0.98","UP_SEQ_FEATURE","DOMAIN:HECT","5","1250","36","21277","0.36","1.58e-1","1.00e+0","2.36","1.00e+0","1.00e+0","5.77e-2","ENSDARG00000004291,ENSDARG00000061345,ENSDARG00000074903,ENSDARG00000099199,ENSDARG00000061194"
"42","0.98","INTERPRO","HECT_dom","5","1340","37","23408","0.36","1.59e-1","1.00e+0","2.36","1.00e+0","1.00e+0","5.82e-2","ENSDARG00000004291,ENSDARG00000061345,ENSDARG00000074903,ENSDARG00000099199,ENSDARG00000061194"
"42","0.98","INTERPRO","Hect_E3_ubiquitin_ligase","5","1340","40","23408","0.36","1.94e-1","1.00e+0","2.18","1.00e+0","1.00e+0","7.65e-2","ENSDARG00000004291,ENSDARG00000061345,ENSDARG00000074903,ENSDARG00000099199,ENSDARG00000061194"
"42","0.98","UP_SEQ_FEATURE","ACT_SITE:Glycyl thioester intermediate","7","1250","75","21277","0.51","2.77e-1","1.00e+0","1.59","1.00e+0","1.00e+0","1.51e-1","ENSDARG00000004291,ENSDARG00000069527,ENSDARG00000061345,ENSDARG00000074903,ENSDARG00000112087,ENSDARG00000099199,ENSDARG00000061194"
"43","0.96","INTERPRO","E2F-DP_heterodim","3","1340","9","23408","0.22","9.01e-2","1.00e+0","5.82","1.00e+0","1.00e+0","1.21e-2","ENSDARG00000019293,ENSDARG00000070463,ENSDARG00000103868"
"43","0.96","UP_SEQ_FEATURE","DOMAIN:E2F/DP family winged-helix DNA-binding","3","1250","9","21277","0.22","9.42e-2","1.00e+0","5.67","1.00e+0","1.00e+0","1.30e-2","ENSDARG00000019293,ENSDARG00000070463,ENSDARG00000103868"
"43","0.96","INTERPRO","E2F_WHTH_DNA-bd_dom","3","1340","11","23408","0.22","1.28e-1","1.00e+0","4.76","1.00e+0","1.00e+0","2.18e-2","ENSDARG00000019293,ENSDARG00000070463,ENSDARG00000103868"
"43","0.96","SMART","E2F_TDP","3","772","11","13267","0.22","1.31e-1","1.00e+0","4.69","1.00e+0","1.00e+0","2.28e-2","ENSDARG00000019293,ENSDARG00000070463,ENSDARG00000103868"
"44","0.93","UP_SEQ_FEATURE","DOMAIN:SAP","5","1250","25","21277","0.36","5.58e-2","1.00e+0","3.40","1.00e+0","1.00e+0","1.38e-2","ENSDARG00000004735,ENSDARG00000059357,ENSDARG00000074759,ENSDARG00000018049,ENSDARG00000007081"
"44","0.93","INTERPRO","SAP_dom","5","1340","29","23408","0.36","8.12e-2","1.00e+0","3.01","1.00e+0","1.00e+0","2.30e-2","ENSDARG00000004735,ENSDARG00000059357,ENSDARG00000074759,ENSDARG00000018049,ENSDARG00000007081"
"44","0.93","SMART","SAP","4","772","25","13267","0.29","1.75e-1","1.00e+0","2.75","1.00e+0","1.00e+0","5.43e-2","ENSDARG00000004735,ENSDARG00000059357,ENSDARG00000074759,ENSDARG00000007081"
"44","0.93","INTERPRO","SAP_dom_sf","4","1340","30","23408","0.29","2.45e-1","1.00e+0","2.33","1.00e+0","1.00e+0","8.98e-2","ENSDARG00000004735,ENSDARG00000059357,ENSDARG00000074759,ENSDARG00000007081"
"45","0.92","INTERPRO","MOB_kinase_act_sf","3","1340","9","23408","0.22","9.01e-2","1.00e+0","5.82","1.00e+0","1.00e+0","1.21e-2","ENSDARG00000019113,ENSDARG00000023214,ENSDARG00000012953"
"45","0.92","INTERPRO","MOB_kinase_act_fam","3","1340","9","23408","0.22","9.01e-2","1.00e+0","5.82","1.00e+0","1.00e+0","1.21e-2","ENSDARG00000019113,ENSDARG00000023214,ENSDARG00000012953"
"45","0.92","SMART","Mob1_phocein","3","772","9","13267","0.22","9.25e-2","1.00e+0","5.73","1.00e+0","1.00e+0","1.27e-2","ENSDARG00000019113,ENSDARG00000023214,ENSDARG00000012953"
"45","0.92","GOTERM_MF_DIRECT","protein kinase activator activity","3","1186","18","21154","0.22","2.67e-1","1.00e+0","2.97","1.00e+0","1.00e+0","7.65e-2","ENSDARG00000019113,ENSDARG00000023214,ENSDARG00000012953"
"46","0.91","SMART","ZnF_ZZ","4","772","18","13267","0.29","8.32e-2","1.00e+0","3.82","1.00e+0","1.00e+0","1.81e-2","ENSDARG00000100666,ENSDARG00000075014,ENSDARG00000103609,ENSDARG00000031015"
"46","0.91","INTERPRO","Znf_ZZ_sf","4","1340","20","23408","0.29","1.03e-1","1.00e+0","3.49","1.00e+0","1.00e+0","2.48e-2","ENSDARG00000100666,ENSDARG00000075014,ENSDARG00000103609,ENSDARG00000031015"
"46","0.91","INTERPRO","Znf_ZZ","4","1340","20","23408","0.29","1.03e-1","1.00e+0","3.49","1.00e+0","1.00e+0","2.48e-2","ENSDARG00000100666,ENSDARG00000075014,ENSDARG00000103609,ENSDARG00000031015"
"46","0.91","UP_SEQ_FEATURE","DOMAIN:ZZ-type","3","1250","17","21277","0.22","2.63e-1","1.00e+0","3.00","1.00e+0","1.00e+0","7.43e-2","ENSDARG00000075014,ENSDARG00000103609,ENSDARG00000031015"
"47","0.89","INTERPRO","His_PPase_superfam","6","1340","28","23408","0.44","1.99e-2","1.00e+0","3.74","1.00e+0","1.00e+0","4.42e-3","ENSDARG00000057571,ENSDARG00000002037,ENSDARG00000023840,ENSDARG00000040064,ENSDARG00000037140,ENSDARG00000045172"
"47","0.89","KEGG_PATHWAY","Fructose and mannose metabolism","5","542","45","21890","0.36","2.47e-2","7.19e-2","4.49","9.86e-1","3.93e-2","4.93e-3","ENSDARG00000002037,ENSDARG00000023840,ENSDARG00000060797,ENSDARG00000101482,ENSDARG00000037140"
"47","0.89","INTERPRO","PG/BPGM_mutase_AS","4","1340","17","23408","0.29","6.97e-2","1.00e+0","4.11","1.00e+0","1.00e+0","1.40e-2","ENSDARG00000057571,ENSDARG00000002037,ENSDARG00000023840,ENSDARG00000037140"
"47","0.89","SMART","PGAM","4","772","18","13267","0.29","8.32e-2","1.00e+0","3.82","1.00e+0","1.00e+0","1.81e-2","ENSDARG00000057571,ENSDARG00000002037,ENSDARG00000023840,ENSDARG00000037140"
"47","0.89","PIR_SUPERFAMILY","6PFK_2-Ptase","4","153","14","1890","0.29","9.63e-2","1.00e+0","3.53","1.00e+0","1.00e+0","2.17e-2","ENSDARG00000057571,ENSDARG00000002037,ENSDARG00000023840,ENSDARG00000037140"
"47","0.89","INTERPRO","His_Pase_superF_clade-1","4","1340","20","23408","0.29","1.03e-1","1.00e+0","3.49","1.00e+0","1.00e+0","2.48e-2","ENSDARG00000057571,ENSDARG00000002037,ENSDARG00000023840,ENSDARG00000037140"
"47","0.89","GOTERM_MF_DIRECT","6-phosphofructo-2-kinase activity","3","1186","11","21154","0.22","1.23e-1","1.00e+0","4.86","1.00e+0","1.00e+0","2.07e-2","ENSDARG00000002037,ENSDARG00000023840,ENSDARG00000037140"
"47","0.89","INTERPRO","6Phosfructo_kin","3","1340","11","23408","0.22","1.28e-1","1.00e+0","4.76","1.00e+0","1.00e+0","2.18e-2","ENSDARG00000002037,ENSDARG00000023840,ENSDARG00000037140"
"47","0.89","INTERPRO","6Pfruct_kin","3","1340","11","23408","0.22","1.28e-1","1.00e+0","4.76","1.00e+0","1.00e+0","2.18e-2","ENSDARG00000002037,ENSDARG00000023840,ENSDARG00000037140"
"47","0.89","UP_SEQ_FEATURE","DOMAIN:6-phosphofructo-2-kinase","3","1250","11","21277","0.22","1.33e-1","1.00e+0","4.64","1.00e+0","1.00e+0","2.34e-2","ENSDARG00000002037,ENSDARG00000023840,ENSDARG00000037140"
"47","0.89","GOTERM_BP_DIRECT","fructose 2,6-bisphosphate metabolic process","3","1221","11","20756","0.22","1.34e-1","1.00e+0","4.64","1.00e+0","1.00e+0","2.35e-2","ENSDARG00000002037,ENSDARG00000023840,ENSDARG00000037140"
"47","0.89","GOTERM_MF_DIRECT","fructose-2,6-bisphosphate 2-phosphatase activity","3","1186","13","21154","0.22","1.63e-1","1.00e+0","4.12","1.00e+0","1.00e+0","3.29e-2","ENSDARG00000002037,ENSDARG00000023840,ENSDARG00000037140"
"47","0.89","GOTERM_BP_DIRECT","fructose metabolic process","3","1221","14","20756","0.22","1.97e-1","1.00e+0","3.64","1.00e+0","1.00e+0","4.54e-2","ENSDARG00000002037,ENSDARG00000023840,ENSDARG00000037140"
"47","0.89","UP_SEQ_FEATURE","ACT_SITE:Tele-phosphohistidine intermediate","3","1250","19","21277","0.22","3.08e-1","1.00e+0","2.69","1.00e+0","1.00e+0","9.72e-2","ENSDARG00000057571,ENSDARG00000023840,ENSDARG00000037140"
"47","0.89","UP_SEQ_FEATURE","ACT_SITE:Proton donor/acceptor","5","1250","80","21277","0.36","6.98e-1","1.00e+0","1.06","1.00e+0","1.00e+0","5.10e-1","ENSDARG00000057571,ENSDARG00000023840,ENSDARG00000031770,ENSDARG00000037140,ENSDARG00000003841"
"47","0.89","UP_KW_MOLECULAR_FUNCTION","Multifunctional enzyme","4","708","70","11803","0.29","7.99e-1","1.00e+0","0.95","1.00e+0","1.00e+0","6.12e-1","ENSDARG00000002037,ENSDARG00000023840,ENSDARG00000087657,ENSDARG00000037140"
"48","0.86","INTERPRO","Peptidase_S9B_N","3","1340","6","23408","0.22","4.20e-2","1.00e+0","8.73","1.00e+0","1.00e+0","3.28e-3","ENSDARG00000104767,ENSDARG00000076826,ENSDARG00000024744"
"48","0.86","INTERPRO","Serine_Prot_S9B/DPPIV","3","1340","6","23408","0.22","4.20e-2","1.00e+0","8.73","1.00e+0","1.00e+0","3.28e-3","ENSDARG00000104767,ENSDARG00000076826,ENSDARG00000024744"
"48","0.86","UP_SEQ_FEATURE","DOMAIN:Dipeptidylpeptidase IV N-terminal","3","1250","6","21277","0.22","4.41e-2","1.00e+0","8.51","1.00e+0","1.00e+0","3.54e-3","ENSDARG00000104767,ENSDARG00000076826,ENSDARG00000024744"
"48","0.86","INTERPRO","Peptidase_S9_cat","3","1340","11","23408","0.22","1.28e-1","1.00e+0","4.76","1.00e+0","1.00e+0","2.18e-2","ENSDARG00000104767,ENSDARG00000076826,ENSDARG00000024744"
"48","0.86","UP_SEQ_FEATURE","DOMAIN:Peptidase S9 prolyl oligopeptidase catalytic","3","1250","11","21277","0.22","1.33e-1","1.00e+0","4.64","1.00e+0","1.00e+0","2.34e-2","ENSDARG00000104767,ENSDARG00000076826,ENSDARG00000024744"
"48","0.86","GOTERM_BP_DIRECT","regulation of potassium ion transmembrane transport","3","1221","16","20756","0.22","2.42e-1","1.00e+0","3.19","1.00e+0","1.00e+0","6.41e-2","ENSDARG00000104767,ENSDARG00000076826,ENSDARG00000024744"
"48","0.86","GOTERM_CC_DIRECT","voltage-gated potassium channel complex","6","1261","72","22190","0.44","3.89e-1","1.00e+0","1.47","1.00e+0","9.93e-1","2.25e-1","ENSDARG00000076644,ENSDARG00000062942,ENSDARG00000046014,ENSDARG00000104767,ENSDARG00000076826,ENSDARG00000024744"
"48","0.86","GOTERM_MF_DIRECT","serine-type peptidase activity","4","1186","147","21154","0.29","9.90e-1","1.00e+0","0.49","1.00e+0","1.00e+0","9.68e-1","ENSDARG00000053323,ENSDARG00000104767,ENSDARG00000076826,ENSDARG00000024744"
"49","0.86","UP_SEQ_FEATURE","DOMAIN:HMG box","7","1250","52","21277","0.51","8.29e-2","1.00e+0","2.29","1.00e+0","1.00e+0","3.15e-2","ENSDARG00000053569,ENSDARG00000069866,ENSDARG00000002031,ENSDARG00000030297,ENSDARG00000042045,ENSDARG00000032317,ENSDARG00000105301"
"49","0.86","UP_SEQ_FEATURE","DNA_BIND:HMG box","7","1250","60","21277","0.51","1.39e-1","1.00e+0","1.99","1.00e+0","1.00e+0","6.11e-2","ENSDARG00000053569,ENSDARG00000069866,ENSDARG00000002031,ENSDARG00000030297,ENSDARG00000042045,ENSDARG00000032317,ENSDARG00000105301"
"49","0.86","SMART","HMG","7","772","63","13267","0.51","1.58e-1","1.00e+0","1.91","1.00e+0","1.00e+0","7.23e-2","ENSDARG00000053569,ENSDARG00000069866,ENSDARG00000002031,ENSDARG00000030297,ENSDARG00000042045,ENSDARG00000032317,ENSDARG00000105301"
"49","0.86","INTERPRO","HMG_box_dom","7","1340","64","23408","0.51","1.58e-1","1.00e+0","1.91","1.00e+0","1.00e+0","7.24e-2","ENSDARG00000053569,ENSDARG00000069866,ENSDARG00000002031,ENSDARG00000030297,ENSDARG00000042045,ENSDARG00000032317,ENSDARG00000105301"
"49","0.86","INTERPRO","HMG_box_dom_sf","7","1340","67","23408","0.51","1.84e-1","1.00e+0","1.83","1.00e+0","1.00e+0","8.78e-2","ENSDARG00000053569,ENSDARG00000069866,ENSDARG00000002031,ENSDARG00000030297,ENSDARG00000042045,ENSDARG00000032317,ENSDARG00000105301"
"50","0.85","GOTERM_MF_DIRECT","deSUMOylase activity","3","1186","6","21154","0.22","4.04e-2","1.00e+0","8.92","1.00e+0","1.00e+0","3.09e-3","ENSDARG00000056741,ENSDARG00000078574,ENSDARG00000060646"
"50","0.85","GOTERM_BP_DIRECT","protein desumoylation","3","1221","9","20756","0.22","9.44e-2","1.00e+0","5.67","1.00e+0","1.00e+0","1.31e-2","ENSDARG00000056741,ENSDARG00000078574,ENSDARG00000060646"
"50","0.85","UP_SEQ_FEATURE","DOMAIN:Ubiquitin-like protease family profile","3","1250","11","21277","0.22","1.33e-1","1.00e+0","4.64","1.00e+0","1.00e+0","2.34e-2","ENSDARG00000056741,ENSDARG00000078574,ENSDARG00000060646"
"50","0.85","INTERPRO","Peptidase_C48_C","3","1340","13","23408","0.22","1.68e-1","1.00e+0","4.03","1.00e+0","1.00e+0","3.48e-2","ENSDARG00000056741,ENSDARG00000078574,ENSDARG00000060646"
"50","0.85","UP_KW_MOLECULAR_FUNCTION","Thiol protease","7","708","110","11803","0.51","6.52e-1","1.00e+0","1.06","1.00e+0","1.00e+0","4.92e-1","ENSDARG00000045343,ENSDARG00000089724,ENSDARG00000056741,ENSDARG00000078574,ENSDARG00000060646,ENSDARG00000000229,ENSDARG00000079198"
"51","0.85","KEGG_PATHWAY","TGF-beta signaling pathway","13","542","155","21890","0.94","4.87e-4","2.76e-3","3.39","7.94e-2","1.51e-3","1.32e-4","ENSDARG00000019293,ENSDARG00000056922,ENSDARG00000044895,ENSDARG00000071491,ENSDARG00000040777,ENSDARG00000100666,ENSDARG00000015686,ENSDARG00000057992,ENSDARG00000034895,ENSDARG00000012671,ENSDARG00000034013,ENSDARG00000101461,ENSDARG00000035677"
"51","0.85","INTERPRO","TGF-b_propeptide","5","1340","34","23408","0.36","1.27e-1","1.00e+0","2.57","1.00e+0","1.00e+0","4.27e-2","ENSDARG00000040777,ENSDARG00000015686,ENSDARG00000034895,ENSDARG00000012671,ENSDARG00000035677"
"51","0.85","GOTERM_MF_DIRECT","growth factor activity","13","1186","149","21154","0.94","1.32e-1","1.00e+0","1.56","1.00e+0","1.00e+0","7.57e-2","ENSDARG00000075343,ENSDARG00000077588,ENSDARG00000076853,ENSDARG00000027957,ENSDARG00000040777,ENSDARG00000088048,ENSDARG00000015686,ENSDARG00000034895,ENSDARG00000043907,ENSDARG00000012671,ENSDARG00000059600,ENSDARG00000035677,ENSDARG00000069662"
"51","0.85","INTERPRO","TGFb_CS","5","1340","43","23408","0.36","2.30e-1","1.00e+0","2.03","1.00e+0","1.00e+0","9.76e-2","ENSDARG00000040777,ENSDARG00000015686,ENSDARG00000034895,ENSDARG00000012671,ENSDARG00000035677"
"51","0.85","INTERPRO","TGF-beta-rel","5","1340","43","23408","0.36","2.30e-1","1.00e+0","2.03","1.00e+0","1.00e+0","9.76e-2","ENSDARG00000040777,ENSDARG00000015686,ENSDARG00000034895,ENSDARG00000012671,ENSDARG00000035677"
"51","0.85","UP_SEQ_FEATURE","DOMAIN:TGF-beta family profile","5","1250","43","21277","0.36","2.44e-1","1.00e+0","1.98","1.00e+0","1.00e+0","1.06e-1","ENSDARG00000040777,ENSDARG00000015686,ENSDARG00000034895,ENSDARG00000012671,ENSDARG00000035677"
"51","0.85","SMART","TGFB","5","772","45","13267","0.36","2.65e-1","1.00e+0","1.91","1.00e+0","1.00e+0","1.19e-1","ENSDARG00000040777,ENSDARG00000015686,ENSDARG00000034895,ENSDARG00000012671,ENSDARG00000035677"
"51","0.85","INTERPRO","TGF-b_C","5","1340","50","23408","0.36","3.20e-1","1.00e+0","1.75","1.00e+0","1.00e+0","1.56e-1","ENSDARG00000040777,ENSDARG00000015686,ENSDARG00000034895,ENSDARG00000012671,ENSDARG00000035677"
"51","0.85","INTERPRO","Cystine-knot_cytokine","7","1340","95","23408","0.51","4.62e-1","1.00e+0","1.29","1.00e+0","1.00e+0","3.01e-1","ENSDARG00000040777,ENSDARG00000015686,ENSDARG00000061259,ENSDARG00000034895,ENSDARG00000077588,ENSDARG00000012671,ENSDARG00000035677"
"51","0.85","GOTERM_MF_DIRECT","cytokine activity","10","1186","201","21154","0.73","7.99e-1","1.00e+0","0.89","1.00e+0","1.00e+0","6.96e-1","ENSDARG00000040777,ENSDARG00000041117,ENSDARG00000015686,ENSDARG00000075343,ENSDARG00000034895,ENSDARG00000058389,ENSDARG00000098700,ENSDARG00000012671,ENSDARG00000039351,ENSDARG00000035677"
"52","0.84","INTERPRO","Lipase_N","3","1340","8","23408","0.22","7.27e-2","1.00e+0","6.55","1.00e+0","1.00e+0","8.43e-3","ENSDARG00000031044,ENSDARG00000034667,ENSDARG00000102176"
"52","0.84","INTERPRO","TAG_lipase","3","1340","8","23408","0.22","7.27e-2","1.00e+0","6.55","1.00e+0","1.00e+0","8.43e-3","ENSDARG00000031044,ENSDARG00000034667,ENSDARG00000102176"
"52","0.84","INTERPRO","Lipase_LIPH","3","1340","8","23408","0.22","7.27e-2","1.00e+0","6.55","1.00e+0","1.00e+0","8.43e-3","ENSDARG00000031044,ENSDARG00000034667,ENSDARG00000102176"
"52","0.84","INTERPRO","Lipase","3","1340","8","23408","0.22","7.27e-2","1.00e+0","6.55","1.00e+0","1.00e+0","8.43e-3","ENSDARG00000031044,ENSDARG00000034667,ENSDARG00000102176"
"52","0.84","PIR_SUPERFAMILY","Lipoprotein_lipase_LIPH","3","153","8","1890","0.22","1.31e-1","1.00e+0","4.63","1.00e+0","1.00e+0","2.15e-2","ENSDARG00000031044,ENSDARG00000034667,ENSDARG00000102176"
"52","0.84","GOTERM_MF_DIRECT","glycerophospholipid phospholipase A1 activity","3","1186","14","21154","0.22","1.83e-1","1.00e+0","3.82","1.00e+0","1.00e+0","4.02e-2","ENSDARG00000031044,ENSDARG00000034667,ENSDARG00000102176"
"52","0.84","UP_KW_BIOLOGICAL_PROCESS","Lipid degradation","5","508","59","8466","0.36","4.74e-1","1.00e+0","1.41","1.00e+0","9.90e-1","2.79e-1","ENSDARG00000087921,ENSDARG00000031044,ENSDARG00000034667,ENSDARG00000008832,ENSDARG00000102176"
"52","0.84","UP_SEQ_FEATURE","ACT_SITE:Charge relay system","5","1250","72","21277","0.36","6.17e-1","1.00e+0","1.18","1.00e+0","1.00e+0","4.17e-1","ENSDARG00000018529,ENSDARG00000058367,ENSDARG00000031044,ENSDARG00000034667,ENSDARG00000102176"
"53","0.83","GOTERM_MF_DIRECT","metalloendopeptidase activity","12","1186","120","21154","0.87","7.35e-2","1.00e+0","1.78","1.00e+0","1.00e+0","3.69e-2","ENSDARG00000062323,ENSDARG00000077778,ENSDARG00000071691,ENSDARG00000002235,ENSDARG00000008388,ENSDARG00000057644,ENSDARG00000079651,ENSDARG00000104401,ENSDARG00000033544,ENSDARG00000078915,ENSDARG00000112453,ENSDARG00000105389"
"53","0.83","INTERPRO","ADAM_Cys-rich","4","1340","18","23408","0.29","8.02e-2","1.00e+0","3.88","1.00e+0","1.00e+0","1.72e-2","ENSDARG00000062323,ENSDARG00000057644,ENSDARG00000033544,ENSDARG00000112453"
"53","0.83","INTERPRO","Peptidase_M12B_N","5","1340","29","23408","0.36","8.12e-2","1.00e+0","3.01","1.00e+0","1.00e+0","2.30e-2","ENSDARG00000062323,ENSDARG00000077778,ENSDARG00000057644,ENSDARG00000033544,ENSDARG00000112453"
"53","0.83","SMART","ACR","4","772","18","13267","0.29","8.32e-2","1.00e+0","3.82","1.00e+0","1.00e+0","1.81e-2","ENSDARG00000062323,ENSDARG00000057644,ENSDARG00000033544,ENSDARG00000112453"
"53","0.83","UP_SEQ_FEATURE","DOMAIN:Peptidase M12B","5","1250","33","21277","0.36","1.26e-1","1.00e+0","2.58","1.00e+0","1.00e+0","4.19e-2","ENSDARG00000062323,ENSDARG00000077778,ENSDARG00000057644,ENSDARG00000033544,ENSDARG00000112453"
"53","0.83","INTERPRO","Peptidase_M12B","5","1340","34","23408","0.36","1.27e-1","1.00e+0","2.57","1.00e+0","1.00e+0","4.27e-2","ENSDARG00000062323,ENSDARG00000077778,ENSDARG00000057644,ENSDARG00000033544,ENSDARG00000112453"
"53","0.83","INTERPRO","MetalloPept_cat_dom_sf","9","1340","88","23408","0.65","1.30e-1","1.00e+0","1.79","1.00e+0","1.00e+0","6.44e-2","ENSDARG00000062323,ENSDARG00000077778,ENSDARG00000002235,ENSDARG00000008388,ENSDARG00000057644,ENSDARG00000033544,ENSDARG00000078915,ENSDARG00000112453,ENSDARG00000105389"
"53","0.83","INTERPRO","Reprolysin_adamalysin","3","1340","12","23408","0.22","1.48e-1","1.00e+0","4.37","1.00e+0","1.00e+0","2.79e-2","ENSDARG00000062323,ENSDARG00000057644,ENSDARG00000112453"
"53","0.83","GOTERM_MF_DIRECT","metallopeptidase activity","13","1186","162","21154","0.94","1.98e-1","1.00e+0","1.43","1.00e+0","1.00e+0","1.23e-1","ENSDARG00000077778,ENSDARG00000002235,ENSDARG00000079651,ENSDARG00000020676,ENSDARG00000112453,ENSDARG00000062323,ENSDARG00000034693,ENSDARG00000008388,ENSDARG00000057644,ENSDARG00000104401,ENSDARG00000033544,ENSDARG00000078915,ENSDARG00000105389"
"53","0.83","INTERPRO","Disintegrin_dom","3","1340","15","23408","0.22","2.11e-1","1.00e+0","3.49","1.00e+0","1.00e+0","5.08e-2","ENSDARG00000062323,ENSDARG00000057644,ENSDARG00000112453"
"53","0.83","INTERPRO","Disintegrin_dom_sf","3","1340","15","23408","0.22","2.11e-1","1.00e+0","3.49","1.00e+0","1.00e+0","5.08e-2","ENSDARG00000062323,ENSDARG00000057644,ENSDARG00000112453"
"53","0.83","SMART","DISIN","3","772","15","13267","0.22","2.16e-1","1.00e+0","3.44","1.00e+0","1.00e+0","5.29e-2","ENSDARG00000062323,ENSDARG00000057644,ENSDARG00000112453"
"53","0.83","UP_SEQ_FEATURE","DOMAIN:Disintegrin","3","1250","15","21277","0.22","2.19e-1","1.00e+0","3.40","1.00e+0","1.00e+0","5.42e-2","ENSDARG00000062323,ENSDARG00000057644,ENSDARG00000112453"
"53","0.83","UP_KW_MOLECULAR_FUNCTION","Metalloprotease","8","708","114","11803","0.58","5.29e-1","1.00e+0","1.17","1.00e+0","1.00e+0","3.76e-1","ENSDARG00000062323,ENSDARG00000077778,ENSDARG00000034693,ENSDARG00000079651,ENSDARG00000104401,ENSDARG00000078915,ENSDARG00000112453,ENSDARG00000105389"
"54","0.81","INTERPRO","K_chnl_dom","6","1340","31","23408","0.44","2.99e-2","1.00e+0","3.38","1.00e+0","1.00e+0","7.46e-3","ENSDARG00000091306,ENSDARG00000008212,ENSDARG00000014939,ENSDARG00000017254,ENSDARG00000043557,ENSDARG00000103286"
"54","0.81","GOTERM_MF_DIRECT","potassium ion leak channel activity","4","1186","22","21154","0.29","1.22e-1","1.00e+0","3.24","1.00e+0","1.00e+0","3.20e-2","ENSDARG00000008212,ENSDARG00000017254,ENSDARG00000043557,ENSDARG00000103286"
"54","0.81","INTERPRO","2pore_dom_K_chnl","4","1340","23","23408","0.29","1.42e-1","1.00e+0","3.04","1.00e+0","1.00e+0","3.96e-2","ENSDARG00000008212,ENSDARG00000017254,ENSDARG00000043557,ENSDARG00000103286"
"54","0.81","GOTERM_MF_DIRECT","potassium channel activity","9","1186","100","21154","0.65","1.98e-1","1.00e+0","1.61","1.00e+0","1.00e+0","1.08e-1","ENSDARG00000076644,ENSDARG00000062942,ENSDARG00000046014,ENSDARG00000008212,ENSDARG00000029881,ENSDARG00000017254,ENSDARG00000074419,ENSDARG00000043557,ENSDARG00000103286"
"54","0.81","UP_SEQ_FEATURE","DOMAIN:Potassium channel","3","1250","19","21277","0.22","3.08e-1","1.00e+0","2.69","1.00e+0","1.00e+0","9.72e-2","ENSDARG00000008212,ENSDARG00000017254,ENSDARG00000103286"
"54","0.81","GOTERM_MF_DIRECT","outward rectifier potassium channel activity","3","1186","25","21154","0.22","4.12e-1","1.00e+0","2.14","1.00e+0","1.00e+0","1.62e-1","ENSDARG00000017254,ENSDARG00000043557,ENSDARG00000103286"
"55","0.81","UP_SEQ_FEATURE","SITE:Role in the control of polyamine-mediated channel gating and in the blocking by intracellular magnesium","4","1250","10","21277","0.29","1.77e-2","1.00e+0","6.81","1.00e+0","1.00e+0","1.87e-3","ENSDARG00000051880,ENSDARG00000043443,ENSDARG00000058988,ENSDARG00000019418"
"55","0.81","GOTERM_BP_DIRECT","regulation of monoatomic ion transmembrane transport","5","1221","31","20756","0.36","1.06e-1","1.00e+0","2.74","1.00e+0","1.00e+0","3.32e-2","ENSDARG00000051880,ENSDARG00000061345,ENSDARG00000043443,ENSDARG00000058988,ENSDARG00000019418"
"55","0.81","GOTERM_MF_DIRECT","inward rectifier potassium channel activity","5","1186","35","21154","0.36","1.30e-1","1.00e+0","2.55","1.00e+0","1.00e+0","4.41e-2","ENSDARG00000051880,ENSDARG00000029881,ENSDARG00000043443,ENSDARG00000058988,ENSDARG00000019418"
"55","0.81","PIR_SUPERFAMILY","GIRK_kir","4","153","16","1890","0.29","1.32e-1","1.00e+0","3.09","1.00e+0","1.00e+0","3.48e-2","ENSDARG00000051880,ENSDARG00000043443,ENSDARG00000058988,ENSDARG00000019418"
"55","0.81","UP_SEQ_FEATURE","DOMAIN:Potassium channel inwardly rectifying transmembrane","4","1250","28","21277","0.29","2.25e-1","1.00e+0","2.43","1.00e+0","1.00e+0","7.90e-2","ENSDARG00000051880,ENSDARG00000043443,ENSDARG00000058988,ENSDARG00000019418"
"55","0.81","UP_SEQ_FEATURE","DOMAIN:Inward rectifier potassium channel C-terminal","4","1250","28","21277","0.29","2.25e-1","1.00e+0","2.43","1.00e+0","1.00e+0","7.90e-2","ENSDARG00000051880,ENSDARG00000043443,ENSDARG00000058988,ENSDARG00000019418"
"55","0.81","INTERPRO","K_chnl_inward-rec_Kir_cyto","4","1340","29","23408","0.29","2.29e-1","1.00e+0","2.41","1.00e+0","1.00e+0","8.14e-2","ENSDARG00000051880,ENSDARG00000043443,ENSDARG00000058988,ENSDARG00000019418"
"55","0.81","INTERPRO","Kir_TM","4","1340","29","23408","0.29","2.29e-1","1.00e+0","2.41","1.00e+0","1.00e+0","8.14e-2","ENSDARG00000051880,ENSDARG00000043443,ENSDARG00000058988,ENSDARG00000019418"
"55","0.81","INTERPRO","K_chnl_inward-rec_Kir","4","1340","29","23408","0.29","2.29e-1","1.00e+0","2.41","1.00e+0","1.00e+0","8.14e-2","ENSDARG00000051880,ENSDARG00000043443,ENSDARG00000058988,ENSDARG00000019418"
"55","0.81","INTERPRO","IRK_C","4","1340","29","23408","0.29","2.29e-1","1.00e+0","2.41","1.00e+0","1.00e+0","8.14e-2","ENSDARG00000051880,ENSDARG00000043443,ENSDARG00000058988,ENSDARG00000019418"
"55","0.81","GOTERM_BP_DIRECT","potassium ion import across plasma membrane","6","1221","58","20756","0.44","2.54e-1","1.00e+0","1.76","1.00e+0","1.00e+0","1.24e-1","ENSDARG00000051880,ENSDARG00000043443,ENSDARG00000058988,ENSDARG00000073756,ENSDARG00000034424,ENSDARG00000019418"
"56","0.81","INTERPRO","Rho_GTPase_activation_prot","13","1340","124","23408","0.94","5.18e-2","1.00e+0","1.83","1.00e+0","1.00e+0","2.54e-2","ENSDARG00000076434,ENSDARG00000018165,ENSDARG00000055622,ENSDARG00000075821,ENSDARG00000039265,ENSDARG00000063713,ENSDARG00000062349,ENSDARG00000060309,ENSDARG00000008548,ENSDARG00000059672,ENSDARG00000100019,ENSDARG00000079283,ENSDARG00000017211"
"56","0.81","UP_SEQ_FEATURE","DOMAIN:Rho-GAP","10","1250","91","21277","0.73","8.59e-2","1.00e+0","1.87","1.00e+0","1.00e+0","4.07e-2","ENSDARG00000100019,ENSDARG00000059672,ENSDARG00000076434,ENSDARG00000079283,ENSDARG00000018165,ENSDARG00000055622,ENSDARG00000039265,ENSDARG00000062349,ENSDARG00000060309,ENSDARG00000008548"
"56","0.81","INTERPRO","RhoGAP_dom","10","1340","95","23408","0.73","9.35e-2","1.00e+0","1.84","1.00e+0","1.00e+0","4.51e-2","ENSDARG00000100019,ENSDARG00000059672,ENSDARG00000076434,ENSDARG00000079283,ENSDARG00000018165,ENSDARG00000055622,ENSDARG00000039265,ENSDARG00000062349,ENSDARG00000060309,ENSDARG00000008548"
"56","0.81","SMART","RhoGAP","9","772","94","13267","0.65","1.80e-1","1.00e+0","1.65","1.00e+0","1.00e+0","9.60e-2","ENSDARG00000100019,ENSDARG00000059672,ENSDARG00000076434,ENSDARG00000079283,ENSDARG00000055622,ENSDARG00000039265,ENSDARG00000062349,ENSDARG00000060309,ENSDARG00000008548"
"56","0.81","GOTERM_MF_DIRECT","GTPase activator activity","19","1186","268","21154","1.38","2.43e-1","1.00e+0","1.26","1.00e+0","1.00e+0","1.73e-1","ENSDARG00000076434,ENSDARG00000018165,ENSDARG00000055622,ENSDARG00000021896,ENSDARG00000009610,ENSDARG00000039265,ENSDARG00000063713,ENSDARG00000062349,ENSDARG00000060309,ENSDARG00000008548,ENSDARG00000041515,ENSDARG00000059672,ENSDARG00000100019,ENSDARG00000079283,ENSDARG00000104549,ENSDARG00000062221,ENSDARG00000059600,ENSDARG00000060783,ENSDARG00000060096"
"56","0.81","UP_KW_MOLECULAR_FUNCTION","GTPase activation","10","708","179","11803","0.73","7.52e-1","1.00e+0","0.93","1.00e+0","1.00e+0","6.38e-1","ENSDARG00000059672,ENSDARG00000076434,ENSDARG00000079283,ENSDARG00000018165,ENSDARG00000009610,ENSDARG00000039265,ENSDARG00000063713,ENSDARG00000062349,ENSDARG00000060309,ENSDARG00000008548"
"57","0.78","GOTERM_MF_DIRECT","potassium:chloride symporter activity","3","1186","8","21154","0.22","7.01e-2","1.00e+0","6.69","1.00e+0","1.00e+0","7.96e-3","ENSDARG00000060366,ENSDARG00000075815,ENSDARG00000073756"
"57","0.78","INTERPRO","SLC12_C","3","1340","13","23408","0.22","1.68e-1","1.00e+0","4.03","1.00e+0","1.00e+0","3.48e-2","ENSDARG00000060366,ENSDARG00000075815,ENSDARG00000073756"
"57","0.78","UP_SEQ_FEATURE","DOMAIN:SLC12A transporter C-terminal","3","1250","13","21277","0.22","1.75e-1","1.00e+0","3.93","1.00e+0","1.00e+0","3.71e-2","ENSDARG00000060366,ENSDARG00000075815,ENSDARG00000073756"
"57","0.78","INTERPRO","AA-permease/SLC12A_dom","3","1340","14","23408","0.22","1.89e-1","1.00e+0","3.74","1.00e+0","1.00e+0","4.24e-2","ENSDARG00000060366,ENSDARG00000075815,ENSDARG00000073756"
"57","0.78","INTERPRO","SLC12A_fam","3","1340","14","23408","0.22","1.89e-1","1.00e+0","3.74","1.00e+0","1.00e+0","4.24e-2","ENSDARG00000060366,ENSDARG00000075815,ENSDARG00000073756"
"57","0.78","UP_SEQ_FEATURE","DOMAIN:Amino acid permease/ SLC12A","3","1250","14","21277","0.22","1.97e-1","1.00e+0","3.65","1.00e+0","1.00e+0","4.53e-2","ENSDARG00000060366,ENSDARG00000075815,ENSDARG00000073756"
"57","0.78","GOTERM_MF_DIRECT","chloride:monoatomic cation symporter activity","3","1186","16","21154","0.22","2.25e-1","1.00e+0","3.34","1.00e+0","1.00e+0","5.70e-2","ENSDARG00000060366,ENSDARG00000075815,ENSDARG00000073756"
"58","0.77","KEGG_PATHWAY","Glycosaminoglycan degradation","4","542","24","21890","0.29","2.07e-2","6.27e-2","6.73","9.71e-1","3.43e-2","2.66e-3","ENSDARG00000062997,ENSDARG00000059931,ENSDARG00000034368,ENSDARG00000051823"
"58","0.77","INTERPRO","Hyaluronidase","3","1340","8","23408","0.22","7.27e-2","1.00e+0","6.55","1.00e+0","1.00e+0","8.43e-3","ENSDARG00000062997,ENSDARG00000059931,ENSDARG00000051823"
"58","0.77","GOTERM_MF_DIRECT","hyalurononglucosaminidase activity","3","1186","9","21154","0.22","8.69e-2","1.00e+0","5.95","1.00e+0","1.00e+0","1.14e-2","ENSDARG00000062997,ENSDARG00000059931,ENSDARG00000051823"
"58","0.77","INTERPRO","Aldolase_TIM","7","1340","58","23408","0.51","1.13e-1","1.00e+0","2.11","1.00e+0","1.00e+0","4.68e-2","ENSDARG00000062997,ENSDARG00000005251,ENSDARG00000059931,ENSDARG00000027992,ENSDARG00000100372,ENSDARG00000051823,ENSDARG00000088740"
"58","0.77","GOTERM_BP_DIRECT","hyaluronan catabolic process","3","1221","10","20756","0.22","1.14e-1","1.00e+0","5.10","1.00e+0","1.00e+0","1.78e-2","ENSDARG00000062997,ENSDARG00000059931,ENSDARG00000051823"
"58","0.77","PIR_SUPERFAMILY","Hyaluronidase","3","153","8","1890","0.22","1.31e-1","1.00e+0","4.63","1.00e+0","1.00e+0","2.15e-2","ENSDARG00000062997,ENSDARG00000059931,ENSDARG00000051823"
"58","0.77","GOTERM_BP_DIRECT","carbohydrate metabolic process","13","1221","155","20756","0.94","2.01e-1","1.00e+0","1.43","1.00e+0","1.00e+0","1.26e-1","ENSDARG00000024654,ENSDARG00000074129,ENSDARG00000093269,ENSDARG00000041728,ENSDARG00000037012,ENSDARG00000062997,ENSDARG00000005251,ENSDARG00000059931,ENSDARG00000068006,ENSDARG00000034368,ENSDARG00000101482,ENSDARG00000051823,ENSDARG00000055518"
"58","0.77","UP_SEQ_FEATURE","ACT_SITE:Proton donor","11","1250","133","21277","0.80","2.55e-1","1.00e+0","1.41","1.00e+0","1.00e+0","1.59e-1","ENSDARG00000036100,ENSDARG00000011671,ENSDARG00000062997,ENSDARG00000005251,ENSDARG00000040674,ENSDARG00000074129,ENSDARG00000059931,ENSDARG00000034368,ENSDARG00000041728,ENSDARG00000051823,ENSDARG00000003841"
"58","0.77","GOTERM_MF_DIRECT","hydrolase activity, acting on glycosyl bonds","7","1186","87","21154","0.51","3.61e-1","1.00e+0","1.44","1.00e+0","1.00e+0","2.15e-1","ENSDARG00000062997,ENSDARG00000074129,ENSDARG00000059931,ENSDARG00000008832,ENSDARG00000034368,ENSDARG00000041728,ENSDARG00000051823"
"58","0.77","UP_KW_MOLECULAR_FUNCTION","Glycosidase","7","708","89","11803","0.51","4.44e-1","1.00e+0","1.31","1.00e+0","1.00e+0","2.85e-1","ENSDARG00000062997,ENSDARG00000074129,ENSDARG00000059931,ENSDARG00000008832,ENSDARG00000034368,ENSDARG00000041728,ENSDARG00000051823"
"58","0.77","INTERPRO","GH","5","1340","67","23408","0.36","5.38e-1","1.00e+0","1.30","1.00e+0","1.00e+0","3.38e-1","ENSDARG00000037012,ENSDARG00000062997,ENSDARG00000059931,ENSDARG00000034368,ENSDARG00000051823"
"58","0.77","GOTERM_MF_DIRECT","hydrolase activity, hydrolyzing O-glycosyl compounds","4","1186","53","21154","0.29","5.76e-1","1.00e+0","1.35","1.00e+0","1.00e+0","3.46e-1","ENSDARG00000076435,ENSDARG00000074129,ENSDARG00000034368,ENSDARG00000041728"
"59","0.75","GOTERM_CC_DIRECT","kinetochore","9","1261","82","22190","0.65","9.35e-2","1.00e+0","1.93","1.00e+0","9.93e-1","4.28e-2","ENSDARG00000004735,ENSDARG00000019130,ENSDARG00000101216,ENSDARG00000052565,ENSDARG00000076228,ENSDARG00000052674,ENSDARG00000020840,ENSDARG00000099194,ENSDARG00000058868"
"59","0.75","UP_KW_CELLULAR_COMPONENT","Centromere","9","977","80","16344","0.65","1.04e-1","4.86e-1","1.88","9.90e-1","4.40e-1","4.88e-2","ENSDARG00000004735,ENSDARG00000101216,ENSDARG00000052565,ENSDARG00000076228,ENSDARG00000052674,ENSDARG00000031770,ENSDARG00000020840,ENSDARG00000043137,ENSDARG00000038802"
"59","0.75","GOTERM_CC_DIRECT","chromosome, centromeric region","7","1261","76","22190","0.51","2.62e-1","1.00e+0","1.62","1.00e+0","9.93e-1","1.40e-1","ENSDARG00000101216,ENSDARG00000052565,ENSDARG00000076228,ENSDARG00000031770,ENSDARG00000099194,ENSDARG00000043137,ENSDARG00000038802"
"59","0.75","UP_KW_CELLULAR_COMPONENT","Kinetochore","5","977","52","16344","0.36","3.77e-1","9.31e-1","1.61","1.00e+0","8.42e-1","1.98e-1","ENSDARG00000004735,ENSDARG00000101216,ENSDARG00000076228,ENSDARG00000052674,ENSDARG00000020840"
"60","0.73","GOTERM_MF_DIRECT","glutamate:sodium symporter activity","3","1186","11","21154","0.22","1.23e-1","1.00e+0","4.86","1.00e+0","1.00e+0","2.07e-2","ENSDARG00000010096,ENSDARG00000043148,ENSDARG00000020212"
"60","0.73","GOTERM_MF_DIRECT","L-glutamate transmembrane transporter activity","4","1186","23","21154","0.29","1.35e-1","1.00e+0","3.10","1.00e+0","1.00e+0","3.71e-2","ENSDARG00000010096,ENSDARG00000043148,ENSDARG00000020212,ENSDARG00000057728"
"60","0.73","GOTERM_BP_DIRECT","L-glutamate transmembrane transport","4","1221","24","20756","0.29","1.64e-1","1.00e+0","2.83","1.00e+0","1.00e+0","4.94e-2","ENSDARG00000010096,ENSDARG00000043148,ENSDARG00000020212,ENSDARG00000057728"
"60","0.73","INTERPRO","DAACS","3","1340","13","23408","0.22","1.68e-1","1.00e+0","4.03","1.00e+0","1.00e+0","3.48e-2","ENSDARG00000010096,ENSDARG00000043148,ENSDARG00000020212"
"60","0.73","INTERPRO","Na-dicarboxylate_symporter","3","1340","13","23408","0.22","1.68e-1","1.00e+0","4.03","1.00e+0","1.00e+0","3.48e-2","ENSDARG00000010096,ENSDARG00000043148,ENSDARG00000020212"
"60","0.73","INTERPRO","Na-dicarboxylate_symporter_CS","3","1340","13","23408","0.22","1.68e-1","1.00e+0","4.03","1.00e+0","1.00e+0","3.48e-2","ENSDARG00000010096,ENSDARG00000043148,ENSDARG00000020212"
"60","0.73","INTERPRO","Na","3","1340","13","23408","0.22","1.68e-1","1.00e+0","4.03","1.00e+0","1.00e+0","3.48e-2","ENSDARG00000010096,ENSDARG00000043148,ENSDARG00000020212"
"60","0.73","GOTERM_MF_DIRECT","symporter activity","9","1186","116","21154","0.65","3.25e-1","1.00e+0","1.38","1.00e+0","1.00e+0","2.03e-1","ENSDARG00000008890,ENSDARG00000062821,ENSDARG00000044808,ENSDARG00000010096,ENSDARG00000075815,ENSDARG00000043148,ENSDARG00000073756,ENSDARG00000020212,ENSDARG00000057728"
"60","0.73","UP_KW_BIOLOGICAL_PROCESS","Symport","9","508","116","8466","0.65","3.93e-1","1.00e+0","1.29","1.00e+0","9.90e-1","2.60e-1","ENSDARG00000008890,ENSDARG00000062821,ENSDARG00000044808,ENSDARG00000010096,ENSDARG00000075815,ENSDARG00000043148,ENSDARG00000073756,ENSDARG00000020212,ENSDARG00000057728"
"61","0.72","GOTERM_BP_DIRECT","protein O-linked glycosylation","8","1221","55","20756","0.58","4.12e-2","1.00e+0","2.47","1.00e+0","1.00e+0","1.45e-2","ENSDARG00000038414,ENSDARG00000014386,ENSDARG00000036335,ENSDARG00000076218,ENSDARG00000108649,ENSDARG00000006832,ENSDARG00000041616,ENSDARG00000012745"
"61","0.72","GOTERM_MF_DIRECT","hexosyltransferase activity","9","1186","119","21154","0.65","3.50e-1","1.00e+0","1.35","1.00e+0","1.00e+0","2.24e-1","ENSDARG00000038414,ENSDARG00000014386,ENSDARG00000068515,ENSDARG00000076218,ENSDARG00000061400,ENSDARG00000016460,ENSDARG00000006832,ENSDARG00000041616,ENSDARG00000012745"
"61","0.72","INTERPRO","Glyco_trans_31","3","1340","28","23408","0.22","4.81e-1","1.00e+0","1.87","1.00e+0","1.00e+0","2.14e-1","ENSDARG00000038414,ENSDARG00000076218,ENSDARG00000041616"
"62","0.71","UP_SEQ_FEATURE","DOMAIN:LRRCT","11","1250","58","21277","0.80","1.85e-3","4.40e-1","3.23","8.28e-1","4.39e-1","4.88e-4","ENSDARG00000063215,ENSDARG00000041358,ENSDARG00000074441,ENSDARG00000058421,ENSDARG00000009740,ENSDARG00000037495,ENSDARG00000098528,ENSDARG00000090035,ENSDARG00000071491,ENSDARG00000079781,ENSDARG00000105059"
"62","0.71","INTERPRO","Cys-rich_flank_reg_C","10","1340","84","23408","0.73","5.04e-2","1.00e+0","2.08","1.00e+0","1.00e+0","2.15e-2","ENSDARG00000041358,ENSDARG00000074441,ENSDARG00000058421,ENSDARG00000060115,ENSDARG00000037495,ENSDARG00000014792,ENSDARG00000098528,ENSDARG00000090035,ENSDARG00000079781,ENSDARG00000105059"
"62","0.71","SMART","LRRCT","10","772","84","13267","0.73","5.44e-2","1.00e+0","2.05","1.00e+0","1.00e+0","2.36e-2","ENSDARG00000041358,ENSDARG00000074441,ENSDARG00000058421,ENSDARG00000060115,ENSDARG00000037495,ENSDARG00000014792,ENSDARG00000098528,ENSDARG00000090035,ENSDARG00000079781,ENSDARG00000105059"
"62","0.71","UP_SEQ_FEATURE","DOMAIN:LRRNT","6","1250","42","21277","0.44","9.79e-2","1.00e+0","2.43","1.00e+0","1.00e+0","3.48e-2","ENSDARG00000063215,ENSDARG00000074441,ENSDARG00000037495,ENSDARG00000044895,ENSDARG00000071491,ENSDARG00000105059"
"62","0.71","UP_SEQ_FEATURE","REPEAT:LRR 3","5","1250","37","21277","0.36","1.70e-1","1.00e+0","2.30","1.00e+0","1.00e+0","6.36e-2","ENSDARG00000063215,ENSDARG00000009740,ENSDARG00000071426,ENSDARG00000071491,ENSDARG00000105059"
"62","0.71","UP_SEQ_FEATURE","REPEAT:LRR 1","5","1250","38","21277","0.36","1.82e-1","1.00e+0","2.24","1.00e+0","1.00e+0","6.99e-2","ENSDARG00000063215,ENSDARG00000009740,ENSDARG00000071426,ENSDARG00000071491,ENSDARG00000105059"
"62","0.71","UP_SEQ_FEATURE","REPEAT:LRR 2","5","1250","38","21277","0.36","1.82e-1","1.00e+0","2.24","1.00e+0","1.00e+0","6.99e-2","ENSDARG00000063215,ENSDARG00000009740,ENSDARG00000071426,ENSDARG00000071491,ENSDARG00000105059"
"62","0.71","UP_SEQ_FEATURE","REPEAT:LRR 5","4","1250","28","21277","0.29","2.25e-1","1.00e+0","2.43","1.00e+0","1.00e+0","7.90e-2","ENSDARG00000009740,ENSDARG00000071426,ENSDARG00000071491,ENSDARG00000105059"
"62","0.71","UP_SEQ_FEATURE","REPEAT:LRR 4","4","1250","33","21277","0.29","3.06e-1","1.00e+0","2.06","1.00e+0","1.00e+0","1.26e-1","ENSDARG00000009740,ENSDARG00000071426,ENSDARG00000071491,ENSDARG00000105059"
"62","0.71","INTERPRO","Leu-rich_rpt_typical-subtyp","15","1340","215","23408","1.09","3.48e-1","1.00e+0","1.22","1.00e+0","1.00e+0","2.51e-1","ENSDARG00000044895,ENSDARG00000090035,ENSDARG00000071491,ENSDARG00000079781,ENSDARG00000063215,ENSDARG00000041358,ENSDARG00000058421,ENSDARG00000060115,ENSDARG00000009740,ENSDARG00000037495,ENSDARG00000008255,ENSDARG00000014792,ENSDARG00000098528,ENSDARG00000071426,ENSDARG00000105059"
"62","0.71","SMART","LRR_TYP","15","772","215","13267","1.09","3.69e-1","1.00e+0","1.20","1.00e+0","1.00e+0","2.70e-1","ENSDARG00000044895,ENSDARG00000090035,ENSDARG00000071491,ENSDARG00000079781,ENSDARG00000063215,ENSDARG00000041358,ENSDARG00000058421,ENSDARG00000060115,ENSDARG00000009740,ENSDARG00000037495,ENSDARG00000008255,ENSDARG00000014792,ENSDARG00000098528,ENSDARG00000071426,ENSDARG00000105059"
"62","0.71","UP_SEQ_FEATURE","REPEAT:LRR 7","3","1250","22","21277","0.22","3.73e-1","1.00e+0","2.32","1.00e+0","1.00e+0","1.36e-1","ENSDARG00000009740,ENSDARG00000071491,ENSDARG00000105059"
"62","0.71","UP_SEQ_FEATURE","REPEAT:LRR 6","3","1250","24","21277","0.22","4.16e-1","1.00e+0","2.13","1.00e+0","1.00e+0","1.64e-1","ENSDARG00000009740,ENSDARG00000071491,ENSDARG00000105059"
"62","0.71","INTERPRO","LRR_dom_sf","21","1340","527","23408","1.53","9.83e-1","1.00e+0","0.70","1.00e+0","1.00e+0","9.72e-1","ENSDARG00000074441,ENSDARG00000044895,ENSDARG00000043388,ENSDARG00000090035,ENSDARG00000055076,ENSDARG00000071491,ENSDARG00000079781,ENSDARG00000096908,ENSDARG00000063215,ENSDARG00000041358,ENSDARG00000058421,ENSDARG00000060115,ENSDARG00000009740,ENSDARG00000037495,ENSDARG00000008255,ENSDARG00000069328,ENSDARG00000063411,ENSDARG00000014792,ENSDARG00000098528,ENSDARG00000071426,ENSDARG00000105059"
"62","0.71","INTERPRO","Leu-rich_rpt","18","1340","468","23408","1.31","9.85e-1","1.00e+0","0.67","1.00e+0","1.00e+0","9.75e-1","ENSDARG00000044895,ENSDARG00000090035,ENSDARG00000055076,ENSDARG00000071491,ENSDARG00000079781,ENSDARG00000096908,ENSDARG00000063215,ENSDARG00000041358,ENSDARG00000058421,ENSDARG00000060115,ENSDARG00000009740,ENSDARG00000037495,ENSDARG00000008255,ENSDARG00000063411,ENSDARG00000014792,ENSDARG00000098528,ENSDARG00000071426,ENSDARG00000105059"
"62","0.71","UP_KW_DOMAIN","Leucine-rich repeat","17","804","509","14291","1.23","9.97e-1","1.00e+0","0.59","1.00e+0","1.00e+0","9.94e-1","ENSDARG00000074441,ENSDARG00000044895,ENSDARG00000090035,ENSDARG00000055076,ENSDARG00000071491,ENSDARG00000079781,ENSDARG00000063215,ENSDARG00000041358,ENSDARG00000058421,ENSDARG00000060115,ENSDARG00000009740,ENSDARG00000037495,ENSDARG00000008255,ENSDARG00000014792,ENSDARG00000098528,ENSDARG00000071426,ENSDARG00000105059"
"63","0.71","GOTERM_BP_DIRECT","trans-synaptic signaling, modulating synaptic transmission","5","1221","20","20756","0.36","2.70e-2","1.00e+0","4.25","1.00e+0","1.00e+0","5.16e-3","ENSDARG00000057296,ENSDARG00000074601,ENSDARG00000015592,ENSDARG00000031049,ENSDARG00000061240"
"63","0.71","INTERPRO","Cerebellin_Synaptic_Org","5","1340","30","23408","0.36","8.97e-2","1.00e+0","2.91","1.00e+0","1.00e+0","2.63e-2","ENSDARG00000057296,ENSDARG00000074601,ENSDARG00000088878,ENSDARG00000015592,ENSDARG00000061240"
"63","0.71","GOTERM_BP_DIRECT","maintenance of synapse structure","4","1221","19","20756","0.29","9.73e-2","1.00e+0","3.58","1.00e+0","1.00e+0","2.27e-2","ENSDARG00000057296,ENSDARG00000074601,ENSDARG00000015592,ENSDARG00000061240"
"63","0.71","GOTERM_CC_DIRECT","synaptic cleft","4","1261","22","22190","0.29","1.26e-1","1.00e+0","3.20","1.00e+0","9.93e-1","3.34e-2","ENSDARG00000057296,ENSDARG00000074601,ENSDARG00000015592,ENSDARG00000061240"
"63","0.71","SMART","C1Q","5","772","59","13267","0.36","4.51e-1","1.00e+0","1.46","1.00e+0","1.00e+0","2.58e-1","ENSDARG00000057296,ENSDARG00000074601,ENSDARG00000088878,ENSDARG00000015592,ENSDARG00000061240"
"63","0.71","INTERPRO","C1q_dom","5","1340","61","23408","0.36","4.64e-1","1.00e+0","1.43","1.00e+0","1.00e+0","2.70e-1","ENSDARG00000057296,ENSDARG00000074601,ENSDARG00000088878,ENSDARG00000015592,ENSDARG00000061240"
"63","0.71","UP_SEQ_FEATURE","DOMAIN:C1q","5","1250","60","21277","0.36","4.72e-1","1.00e+0","1.42","1.00e+0","1.00e+0","2.76e-1","ENSDARG00000057296,ENSDARG00000074601,ENSDARG00000088878,ENSDARG00000015592,ENSDARG00000061240"
"63","0.71","INTERPRO","Tumour_necrosis_fac-like_dom","5","1340","82","23408","0.36","6.97e-1","1.00e+0","1.07","1.00e+0","1.00e+0","5.08e-1","ENSDARG00000057296,ENSDARG00000074601,ENSDARG00000088878,ENSDARG00000015592,ENSDARG00000061240"
"64","0.71","GOTERM_BP_DIRECT","establishment of endothelial intestinal barrier","3","1221","6","20756","0.22","4.42e-2","1.00e+0","8.50","1.00e+0","1.00e+0","3.55e-3","ENSDARG00000017320,ENSDARG00000068114,ENSDARG00000063309"
"64","0.71","KEGG_PATHWAY","Tight junction","11","542","248","21890","0.80","8.92e-2","1.85e-1","1.79","1.00e+0","1.01e-1","4.55e-2","ENSDARG00000015149,ENSDARG00000004658,ENSDARG00000010583,ENSDARG00000023443,ENSDARG00000069503,ENSDARG00000017320,ENSDARG00000068114,ENSDARG00000003818,ENSDARG00000044569,ENSDARG00000007219,ENSDARG00000063309"
"64","0.71","GOTERM_CC_DIRECT","bicellular tight junction","8","1261","121","22190","0.58","5.35e-1","1.00e+0","1.16","1.00e+0","9.93e-1","3.82e-1","ENSDARG00000010583,ENSDARG00000023443,ENSDARG00000069503,ENSDARG00000027322,ENSDARG00000017320,ENSDARG00000068114,ENSDARG00000044569,ENSDARG00000063309"
"64","0.71","UP_KW_CELLULAR_COMPONENT","Tight junction","5","977","77","16344","0.36","6.83e-1","1.00e+0","1.09","1.00e+0","9.27e-1","4.91e-1","ENSDARG00000010583,ENSDARG00000023443,ENSDARG00000017320,ENSDARG00000068114,ENSDARG00000063309"
"65","0.69","UP_SEQ_FEATURE","DOMAIN:Phorbol-ester/DAG-type","8","1250","69","21277","0.58","1.09e-1","1.00e+0","1.97","1.00e+0","1.00e+0","4.86e-2","ENSDARG00000088699,ENSDARG00000018382,ENSDARG00000104153,ENSDARG00000099092,ENSDARG00000074183,ENSDARG00000060415,ENSDARG00000017391,ENSDARG00000075949"
"65","0.69","INTERPRO","C1-like_sf","8","1340","72","23408","0.58","1.17e-1","1.00e+0","1.94","1.00e+0","1.00e+0","5.30e-2","ENSDARG00000088699,ENSDARG00000018382,ENSDARG00000104153,ENSDARG00000099092,ENSDARG00000074183,ENSDARG00000060415,ENSDARG00000017391,ENSDARG00000075949"
"65","0.69","SMART","C1","8","772","75","13267","0.58","1.45e-1","1.00e+0","1.83","1.00e+0","1.00e+0","6.93e-2","ENSDARG00000088699,ENSDARG00000018382,ENSDARG00000104153,ENSDARG00000099092,ENSDARG00000074183,ENSDARG00000060415,ENSDARG00000017391,ENSDARG00000075949"
"65","0.69","INTERPRO","PKC_DAG/PE","8","1340","77","23408","0.58","1.51e-1","1.00e+0","1.81","1.00e+0","1.00e+0","7.29e-2","ENSDARG00000088699,ENSDARG00000018382,ENSDARG00000104153,ENSDARG00000099092,ENSDARG00000074183,ENSDARG00000060415,ENSDARG00000017391,ENSDARG00000075949"
"65","0.69","INTERPRO","DAG/PE-bd","4","1340","27","23408","0.29","1.99e-1","1.00e+0","2.59","1.00e+0","1.00e+0","6.57e-2","ENSDARG00000018382,ENSDARG00000104153,ENSDARG00000099092,ENSDARG00000075949"
"65","0.69","GOTERM_MF_DIRECT","diacylglycerol-dependent serine/threonine kinase activity","3","1186","24","21154","0.22","3.92e-1","1.00e+0","2.23","1.00e+0","1.00e+0","1.49e-1","ENSDARG00000018382,ENSDARG00000104153,ENSDARG00000075949"
"65","0.69","GOTERM_BP_DIRECT","phospholipase C-activating G protein-coupled receptor signaling pathway","4","1221","62","20756","0.29","7.14e-1","1.00e+0","1.10","1.00e+0","1.00e+0","4.99e-1","ENSDARG00000093381,ENSDARG00000104153,ENSDARG00000074183,ENSDARG00000075949"
"66","0.69","GOTERM_MF_DIRECT","ubiquitin-protein transferase activity","23","1186","173","21154","1.67","2.76e-4","2.45e-1","2.37","2.17e-1","2.45e-1","1.05e-4","ENSDARG00000023002,ENSDARG00000021398,ENSDARG00000071478,ENSDARG00000075347,ENSDARG00000060944,ENSDARG00000020475,ENSDARG00000099199,ENSDARG00000041802,ENSDARG00000057481,ENSDARG00000004291,ENSDARG00000058563,ENSDARG00000103609,ENSDARG00000016664,ENSDARG00000013990,ENSDARG00000036831,ENSDARG00000061345,ENSDARG00000007045,ENSDARG00000074903,ENSDARG00000030871,ENSDARG00000052527,ENSDARG00000089981,ENSDARG00000101036,ENSDARG00000061194"
"66","0.69","UP_SEQ_FEATURE","DOMAIN:RING-type","24","1250","369","21277","1.74","4.12e-1","1.00e+0","1.11","1.00e+0","1.00e+0","3.33e-1","ENSDARG00000071478,ENSDARG00000075347,ENSDARG00000060944,ENSDARG00000060688,ENSDARG00000062900,ENSDARG00000023303,ENSDARG00000025766,ENSDARG00000041802,ENSDARG00000057481,ENSDARG00000017636,ENSDARG00000058563,ENSDARG00000041511,ENSDARG00000103609,ENSDARG00000063573,ENSDARG00000016664,ENSDARG00000090993,ENSDARG00000007045,ENSDARG00000029596,ENSDARG00000030871,ENSDARG00000052527,ENSDARG00000103453,ENSDARG00000063050,ENSDARG00000089981,ENSDARG00000101036"
"66","0.69","INTERPRO","Znf_RING","26","1340","424","23408","1.89","4.59e-1","1.00e+0","1.07","1.00e+0","1.00e+0","3.80e-1","ENSDARG00000075347,ENSDARG00000020475,ENSDARG00000060688,ENSDARG00000025766,ENSDARG00000062900,ENSDARG00000023303,ENSDARG00000041802,ENSDARG00000057481,ENSDARG00000041511,ENSDARG00000103609,ENSDARG00000090993,ENSDARG00000021398,ENSDARG00000071478,ENSDARG00000017636,ENSDARG00000058563,ENSDARG00000063573,ENSDARG00000016664,ENSDARG00000036831,ENSDARG00000007045,ENSDARG00000029596,ENSDARG00000030871,ENSDARG00000052527,ENSDARG00000063050,ENSDARG00000101036,ENSDARG00000103453,ENSDARG00000089981"
"66","0.69","INTERPRO","Znf_RING/FYVE/PHD","36","1340","622","23408","2.61","5.66e-1","1.00e+0","1.01","1.00e+0","1.00e+0","5.04e-1","ENSDARG00000075347,ENSDARG00000025309,ENSDARG00000060944,ENSDARG00000020475,ENSDARG00000000229,ENSDARG00000060688,ENSDARG00000025766,ENSDARG00000062900,ENSDARG00000023303,ENSDARG00000041802,ENSDARG00000057481,ENSDARG00000041511,ENSDARG00000103609,ENSDARG00000090993,ENSDARG00000019103,ENSDARG00000012219,ENSDARG00000021398,ENSDARG00000071478,ENSDARG00000045401,ENSDARG00000021378,ENSDARG00000079198,ENSDARG00000017636,ENSDARG00000100666,ENSDARG00000104907,ENSDARG00000058563,ENSDARG00000016664,ENSDARG00000036831,ENSDARG00000007045,ENSDARG00000029596,ENSDARG00000030871,ENSDARG00000052527,ENSDARG00000063050,ENSDARG00000101036,ENSDARG00000103453,ENSDARG00000089981,ENSDARG00000007081"
"66","0.69","GOTERM_MF_DIRECT","ubiquitin protein ligase activity","34","1186","624","21154","2.47","6.60e-1","1.00e+0","0.97","1.00e+0","1.00e+0","5.94e-1","ENSDARG00000075347,ENSDARG00000060944,ENSDARG00000020475,ENSDARG00000060688,ENSDARG00000099199,ENSDARG00000025766,ENSDARG00000062900,ENSDARG00000023303,ENSDARG00000057481,ENSDARG00000041511,ENSDARG00000103609,ENSDARG00000090993,ENSDARG00000061345,ENSDARG00000104875,ENSDARG00000074903,ENSDARG00000087452,ENSDARG00000096739,ENSDARG00000070164,ENSDARG00000021398,ENSDARG00000078127,ENSDARG00000017636,ENSDARG00000004291,ENSDARG00000058563,ENSDARG00000016664,ENSDARG00000036831,ENSDARG00000007045,ENSDARG00000029596,ENSDARG00000030871,ENSDARG00000052527,ENSDARG00000063050,ENSDARG00000101036,ENSDARG00000089981,ENSDARG00000061194,ENSDARG00000007081"
"66","0.69","SMART","RING","17","772","359","13267","1.23","8.94e-1","1.00e+0","0.81","1.00e+0","1.00e+0","8.43e-1","ENSDARG00000071478,ENSDARG00000075347,ENSDARG00000020475,ENSDARG00000060688,ENSDARG00000062900,ENSDARG00000025766,ENSDARG00000041802,ENSDARG00000017636,ENSDARG00000041511,ENSDARG00000103609,ENSDARG00000016664,ENSDARG00000036831,ENSDARG00000090993,ENSDARG00000029596,ENSDARG00000052527,ENSDARG00000063050,ENSDARG00000089981"
"66","0.69","INTERPRO","Znf_RING_CS","13","1340","285","23408","0.94","8.96e-1","1.00e+0","0.80","1.00e+0","1.00e+0","8.36e-1","ENSDARG00000071478,ENSDARG00000075347,ENSDARG00000060688,ENSDARG00000025766,ENSDARG00000041802,ENSDARG00000058563,ENSDARG00000041511,ENSDARG00000016664,ENSDARG00000036831,ENSDARG00000090993,ENSDARG00000029596,ENSDARG00000063050,ENSDARG00000089981"
"67","0.68","GOTERM_BP_DIRECT","determination of pancreatic left/right asymmetry","4","1221","20","20756","0.29","1.10e-1","1.00e+0","3.40","1.00e+0","1.00e+0","2.71e-2","ENSDARG00000058115,ENSDARG00000041728,ENSDARG00000035957,ENSDARG00000010721"
"67","0.68","GOTERM_BP_DIRECT","determination of liver left/right asymmetry","4","1221","25","20756","0.29","1.79e-1","1.00e+0","2.72","1.00e+0","1.00e+0","5.62e-2","ENSDARG00000058115,ENSDARG00000041728,ENSDARG00000035957,ENSDARG00000010721"
"67","0.68","GOTERM_BP_DIRECT","determination of heart left/right asymmetry","7","1221","94","20756","0.51","4.78e-1","1.00e+0","1.27","1.00e+0","1.00e+0","3.16e-1","ENSDARG00000052402,ENSDARG00000068409,ENSDARG00000058115,ENSDARG00000007025,ENSDARG00000041728,ENSDARG00000035957,ENSDARG00000010721"
"68","0.67","UP_KW_LIGAND","Potassium","19","424","183","7893","1.38","9.10e-3","1.32e-1","1.93","2.93e-1","1.25e-1","4.30e-3","ENSDARG00000076644,ENSDARG00000046014,ENSDARG00000051880,ENSDARG00000043443,ENSDARG00000017254,ENSDARG00000043148,ENSDARG00000020212,ENSDARG00000043557,ENSDARG00000015425,ENSDARG00000062942,ENSDARG00000008212,ENSDARG00000029881,ENSDARG00000074419,ENSDARG00000075815,ENSDARG00000073756,ENSDARG00000058988,ENSDARG00000034424,ENSDARG00000103286,ENSDARG00000019418"
"68","0.67","GOTERM_BP_DIRECT","potassium ion transport","17","1221","153","20756","1.23","1.81e-2","1.00e+0","1.89","1.00e+0","1.00e+0","8.69e-3","ENSDARG00000076644,ENSDARG00000046014,ENSDARG00000051880,ENSDARG00000014939,ENSDARG00000043443,ENSDARG00000017254,ENSDARG00000043557,ENSDARG00000091306,ENSDARG00000062942,ENSDARG00000008212,ENSDARG00000029881,ENSDARG00000074419,ENSDARG00000075815,ENSDARG00000073756,ENSDARG00000058988,ENSDARG00000034424,ENSDARG00000019418"
"68","0.67","UP_KW_BIOLOGICAL_PROCESS","Potassium transport","12","508","110","8466","0.87","6.44e-2","6.15e-1","1.82","9.99e-1","6.03e-1","3.17e-2","ENSDARG00000076644,ENSDARG00000015425,ENSDARG00000062942,ENSDARG00000046014,ENSDARG00000008212,ENSDARG00000029881,ENSDARG00000074419,ENSDARG00000075815,ENSDARG00000073756,ENSDARG00000034424,ENSDARG00000043557,ENSDARG00000103286"
"68","0.67","GOTERM_BP_DIRECT","potassium ion transmembrane transport","14","1221","142","20756","1.02","7.50e-2","1.00e+0","1.68","1.00e+0","1.00e+0","4.02e-2","ENSDARG00000076644,ENSDARG00000046014,ENSDARG00000051880,ENSDARG00000014939,ENSDARG00000017254,ENSDARG00000043557,ENSDARG00000091306,ENSDARG00000062942,ENSDARG00000008212,ENSDARG00000060366,ENSDARG00000029881,ENSDARG00000074419,ENSDARG00000073756,ENSDARG00000103286"
"68","0.67","GOTERM_CC_DIRECT","monoatomic ion channel complex","14","1261","162","22190","1.02","1.32e-1","1.00e+0","1.52","1.00e+0","9.93e-1","7.79e-2","ENSDARG00000076644,ENSDARG00000046014,ENSDARG00000051880,ENSDARG00000043443,ENSDARG00000043557,ENSDARG00000099045,ENSDARG00000023886,ENSDARG00000062942,ENSDARG00000008212,ENSDARG00000029881,ENSDARG00000010625,ENSDARG00000058988,ENSDARG00000062362,ENSDARG00000019418"
"68","0.67","UP_KW_MOLECULAR_FUNCTION","Voltage-gated channel","10","708","105","11803","0.73","1.77e-1","1.00e+0","1.59","1.00e+0","1.00e+0","9.84e-2","ENSDARG00000076644,ENSDARG00000062942,ENSDARG00000046014,ENSDARG00000008212,ENSDARG00000029881,ENSDARG00000074419,ENSDARG00000062362,ENSDARG00000043557,ENSDARG00000099045,ENSDARG00000009738"
"68","0.67","GOTERM_MF_DIRECT","potassium channel activity","9","1186","100","21154","0.65","1.98e-1","1.00e+0","1.61","1.00e+0","1.00e+0","1.08e-1","ENSDARG00000076644,ENSDARG00000062942,ENSDARG00000046014,ENSDARG00000008212,ENSDARG00000029881,ENSDARG00000017254,ENSDARG00000074419,ENSDARG00000043557,ENSDARG00000103286"
"68","0.67","UP_KW_MOLECULAR_FUNCTION","Potassium channel","8","708","86","11803","0.58","2.56e-1","1.00e+0","1.55","1.00e+0","1.00e+0","1.43e-1","ENSDARG00000076644,ENSDARG00000062942,ENSDARG00000046014,ENSDARG00000008212,ENSDARG00000029881,ENSDARG00000074419,ENSDARG00000043557,ENSDARG00000103286"
"68","0.67","GOTERM_BP_DIRECT","protein homooligomerization","7","1221","76","20756","0.51","2.88e-1","1.00e+0","1.57","1.00e+0","1.00e+0","1.59e-1","ENSDARG00000076644,ENSDARG00000056050,ENSDARG00000067507,ENSDARG00000025875,ENSDARG00000062942,ENSDARG00000046014,ENSDARG00000044048"
"68","0.67","INTERPRO","T1-type_BTB","6","1340","63","23408","0.44","2.92e-1","1.00e+0","1.66","1.00e+0","1.00e+0","1.51e-1","ENSDARG00000076644,ENSDARG00000056050,ENSDARG00000067507,ENSDARG00000025875,ENSDARG00000062942,ENSDARG00000046014"
"68","0.67","GOTERM_CC_DIRECT","voltage-gated potassium channel complex","6","1261","72","22190","0.44","3.89e-1","1.00e+0","1.47","1.00e+0","9.93e-1","2.25e-1","ENSDARG00000076644,ENSDARG00000062942,ENSDARG00000046014,ENSDARG00000104767,ENSDARG00000076826,ENSDARG00000024744"
"68","0.67","GOTERM_MF_DIRECT","voltage-gated potassium channel activity","5","1186","71","21154","0.36","5.68e-1","1.00e+0","1.26","1.00e+0","1.00e+0","3.67e-1","ENSDARG00000076644,ENSDARG00000062942,ENSDARG00000046014,ENSDARG00000029881,ENSDARG00000074419"
"68","0.67","INTERPRO","K_chnl_volt-dep_Kv","3","1340","38","23408","0.22","6.48e-1","1.00e+0","1.38","1.00e+0","1.00e+0","3.72e-1","ENSDARG00000076644,ENSDARG00000062942,ENSDARG00000046014"
"68","0.67","INTERPRO","VG_K_chnl","3","1340","39","23408","0.22","6.62e-1","1.00e+0","1.34","1.00e+0","1.00e+0","3.88e-1","ENSDARG00000076644,ENSDARG00000062942,ENSDARG00000046014"
"68","0.67","GOTERM_BP_DIRECT","action potential","3","1221","47","20756","0.22","7.72e-1","1.00e+0","1.09","1.00e+0","1.00e+0","5.28e-1","ENSDARG00000076644,ENSDARG00000062942,ENSDARG00000046014"
"68","0.67","INTERPRO","Volt_channel_dom_sf","4","1340","72","23408","0.29","7.88e-1","1.00e+0","0.97","1.00e+0","1.00e+0","5.97e-1","ENSDARG00000076644,ENSDARG00000062942,ENSDARG00000046014,ENSDARG00000062362"
"68","0.67","INTERPRO","Ion_trans_dom","7","1340","136","23408","0.51","7.97e-1","1.00e+0","0.90","1.00e+0","1.00e+0","6.67e-1","ENSDARG00000076644,ENSDARG00000016699,ENSDARG00000062942,ENSDARG00000046014,ENSDARG00000029881,ENSDARG00000074419,ENSDARG00000062362"
"69","0.66","GOTERM_BP_DIRECT","translational elongation","6","1221","41","20756","0.44","9.08e-2","1.00e+0","2.49","1.00e+0","1.00e+0","3.15e-2","ENSDARG00000012927,ENSDARG00000006251,ENSDARG00000071774,ENSDARG00000101406,ENSDARG00000004343,ENSDARG00000000568"
"69","0.66","GOTERM_MF_DIRECT","translation elongation factor activity","5","1186","41","21154","0.36","1.96e-1","1.00e+0","2.18","1.00e+0","1.00e+0","7.76e-2","ENSDARG00000012927,ENSDARG00000006251,ENSDARG00000071774,ENSDARG00000004343,ENSDARG00000000568"
"69","0.66","GOTERM_BP_DIRECT","transcription elongation by RNA polymerase II","4","1221","30","20756","0.29","2.57e-1","1.00e+0","2.27","1.00e+0","1.00e+0","9.70e-2","ENSDARG00000012927,ENSDARG00000006251,ENSDARG00000000568,ENSDARG00000079949"
"69","0.66","UP_KW_MOLECULAR_FUNCTION","Elongation factor","3","708","28","11803","0.22","5.06e-1","1.00e+0","1.79","1.00e+0","1.00e+0","2.35e-1","ENSDARG00000006251,ENSDARG00000071774,ENSDARG00000004343"
"70","0.65","INTERPRO","IL1/FGF","5","1340","34","23408","0.36","1.27e-1","1.00e+0","2.57","1.00e+0","1.00e+0","4.27e-2","ENSDARG00000088048,ENSDARG00000098700,ENSDARG00000043907,ENSDARG00000027957,ENSDARG00000069662"
"70","0.65","GOTERM_MF_DIRECT","sodium channel regulator activity","4","1186","25","21154","0.29","1.62e-1","1.00e+0","2.85","1.00e+0","1.00e+0","4.86e-2","ENSDARG00000043907,ENSDARG00000027957,ENSDARG00000069662,ENSDARG00000060319"
"70","0.65","INTERPRO","Fibroblast_GF_fam","4","1340","31","23408","0.29","2.60e-1","1.00e+0","2.25","1.00e+0","1.00e+0","9.87e-2","ENSDARG00000088048,ENSDARG00000043907,ENSDARG00000027957,ENSDARG00000069662"
"70","0.65","SMART","FGF","4","772","31","13267","0.29","2.68e-1","1.00e+0","2.22","1.00e+0","1.00e+0","1.03e-1","ENSDARG00000088048,ENSDARG00000043907,ENSDARG00000027957,ENSDARG00000069662"
"70","0.65","GOTERM_BP_DIRECT","neurogenesis","7","1221","86","20756","0.51","3.94e-1","1.00e+0","1.38","1.00e+0","1.00e+0","2.42e-1","ENSDARG00000003259,ENSDARG00000088048,ENSDARG00000043907,ENSDARG00000102325,ENSDARG00000027957,ENSDARG00000069662,ENSDARG00000010477"
"71","0.64","UP_KW_LIGAND","Chloride","11","424","84","7893","0.80","1.39e-2","1.32e-1","2.44","4.12e-1","1.25e-1","5.05e-3","ENSDARG00000043902,ENSDARG00000003269,ENSDARG00000052982,ENSDARG00000098081,ENSDARG00000099096,ENSDARG00000075815,ENSDARG00000010625,ENSDARG00000073756,ENSDARG00000020212,ENSDARG00000016934,ENSDARG00000057728"
"71","0.64","GOTERM_MF_DIRECT","chloride channel activity","8","1186","73","21154","0.58","1.14e-1","1.00e+0","1.95","1.00e+0","1.00e+0","5.12e-2","ENSDARG00000043902,ENSDARG00000003269,ENSDARG00000052982,ENSDARG00000098081,ENSDARG00000099096,ENSDARG00000010625,ENSDARG00000016934,ENSDARG00000057728"
"71","0.64","GOTERM_BP_DIRECT","chloride transmembrane transport","8","1221","74","20756","0.58","1.44e-1","1.00e+0","1.84","1.00e+0","1.00e+0","6.86e-2","ENSDARG00000043902,ENSDARG00000029832,ENSDARG00000052982,ENSDARG00000098081,ENSDARG00000060366,ENSDARG00000099096,ENSDARG00000010625,ENSDARG00000073756"
"71","0.64","GOTERM_CC_DIRECT","chloride channel complex","7","1261","63","22190","0.51","1.47e-1","1.00e+0","1.96","1.00e+0","9.93e-1","6.56e-2","ENSDARG00000043902,ENSDARG00000052982,ENSDARG00000098081,ENSDARG00000099096,ENSDARG00000010625,ENSDARG00000016934,ENSDARG00000057728"
"71","0.64","GOTERM_CC_DIRECT","GABA-A receptor complex","4","1261","24","22190","0.29","1.53e-1","1.00e+0","2.93","1.00e+0","9.93e-1","4.44e-2","ENSDARG00000043902,ENSDARG00000052982,ENSDARG00000098081,ENSDARG00000099096"
"71","0.64","GOTERM_MF_DIRECT","GABA-A receptor activity","4","1186","25","21154","0.29","1.62e-1","1.00e+0","2.85","1.00e+0","1.00e+0","4.86e-2","ENSDARG00000043902,ENSDARG00000052982,ENSDARG00000098081,ENSDARG00000099096"
"71","0.64","GOTERM_BP_DIRECT","synaptic transmission, GABAergic","4","1221","24","20756","0.29","1.64e-1","1.00e+0","2.83","1.00e+0","1.00e+0","4.94e-2","ENSDARG00000043902,ENSDARG00000052982,ENSDARG00000098081,ENSDARG00000099096"
"71","0.64","UP_KW_CELLULAR_COMPONENT","Postsynaptic cell membrane","11","977","121","16344","0.80","1.86e-1","6.52e-1","1.52","1.00e+0","5.90e-1","1.08e-1","ENSDARG00000043902,ENSDARG00000067507,ENSDARG00000052982,ENSDARG00000098081,ENSDARG00000099096,ENSDARG00000016153,ENSDARG00000031049,ENSDARG00000077465,ENSDARG00000037427,ENSDARG00000056609,ENSDARG00000000588"
"71","0.64","GOTERM_CC_DIRECT","postsynaptic membrane","16","1261","207","22190","1.16","1.99e-1","1.00e+0","1.36","1.00e+0","9.93e-1","1.31e-1","ENSDARG00000032737,ENSDARG00000021392,ENSDARG00000052982,ENSDARG00000098667,ENSDARG00000099096,ENSDARG00000016153,ENSDARG00000071091,ENSDARG00000077560,ENSDARG00000000588,ENSDARG00000043902,ENSDARG00000067507,ENSDARG00000098081,ENSDARG00000070511,ENSDARG00000031049,ENSDARG00000037427,ENSDARG00000056609"
"71","0.64","GOTERM_BP_DIRECT","chloride transport","8","1221","82","20756","0.58","2.06e-1","1.00e+0","1.66","1.00e+0","1.00e+0","1.09e-1","ENSDARG00000043902,ENSDARG00000003269,ENSDARG00000052982,ENSDARG00000099096,ENSDARG00000010625,ENSDARG00000073756,ENSDARG00000016934,ENSDARG00000057728"
"71","0.64","INTERPRO","GABAA/Glycine_rcpt","4","1340","28","23408","0.29","2.14e-1","1.00e+0","2.50","1.00e+0","1.00e+0","7.33e-2","ENSDARG00000043902,ENSDARG00000052982,ENSDARG00000098081,ENSDARG00000099096"
"71","0.64","UP_SEQ_FEATURE","DOMAIN:Neurotransmitter-gated ion-channel ligand-binding","6","1250","60","21277","0.44","2.76e-1","1.00e+0","1.70","1.00e+0","1.00e+0","1.39e-1","ENSDARG00000043902,ENSDARG00000021392,ENSDARG00000052982,ENSDARG00000098081,ENSDARG00000099096,ENSDARG00000037427"
"71","0.64","UP_SEQ_FEATURE","DOMAIN:Neurotransmitter-gated ion-channel transmembrane","6","1250","60","21277","0.44","2.76e-1","1.00e+0","1.70","1.00e+0","1.00e+0","1.39e-1","ENSDARG00000043902,ENSDARG00000021392,ENSDARG00000052982,ENSDARG00000098081,ENSDARG00000099096,ENSDARG00000037427"
"71","0.64","GOTERM_MF_DIRECT","extracellular ligand-gated monoatomic ion channel activity","6","1186","63","21154","0.44","2.77e-1","1.00e+0","1.70","1.00e+0","1.00e+0","1.41e-1","ENSDARG00000043902,ENSDARG00000021392,ENSDARG00000052982,ENSDARG00000098081,ENSDARG00000099096,ENSDARG00000037427"
"71","0.64","GOTERM_MF_DIRECT","transmembrane signaling receptor activity","16","1186","225","21154","1.16","2.80e-1","1.00e+0","1.27","1.00e+0","1.00e+0","1.96e-1","ENSDARG00000004745,ENSDARG00000077349,ENSDARG00000021392,ENSDARG00000052982,ENSDARG00000099096,ENSDARG00000077465,ENSDARG00000043902,ENSDARG00000063612,ENSDARG00000038569,ENSDARG00000093008,ENSDARG00000098081,ENSDARG00000006341,ENSDARG00000068213,ENSDARG00000053708,ENSDARG00000037427,ENSDARG00000102100"
"71","0.64","INTERPRO","Neurotransmitter_ion_chnl_CS","6","1340","63","23408","0.44","2.92e-1","1.00e+0","1.66","1.00e+0","1.00e+0","1.51e-1","ENSDARG00000043902,ENSDARG00000021392,ENSDARG00000052982,ENSDARG00000098081,ENSDARG00000099096,ENSDARG00000037427"
"71","0.64","GOTERM_CC_DIRECT","GABA-ergic synapse","3","1261","20","22190","0.22","3.15e-1","1.00e+0","2.64","1.00e+0","9.93e-1","1.02e-1","ENSDARG00000043902,ENSDARG00000052982,ENSDARG00000099096"
"71","0.64","INTERPRO","Neur_chan_lig-bd_sf","6","1340","67","23408","0.44","3.37e-1","1.00e+0","1.56","1.00e+0","1.00e+0","1.84e-1","ENSDARG00000043902,ENSDARG00000021392,ENSDARG00000052982,ENSDARG00000098081,ENSDARG00000099096,ENSDARG00000037427"
"71","0.64","INTERPRO","Neur_channel","6","1340","67","23408","0.44","3.37e-1","1.00e+0","1.56","1.00e+0","1.00e+0","1.84e-1","ENSDARG00000043902,ENSDARG00000021392,ENSDARG00000052982,ENSDARG00000098081,ENSDARG00000099096,ENSDARG00000037427"
"71","0.64","INTERPRO","Neur_chan_lig-bd","6","1340","67","23408","0.44","3.37e-1","1.00e+0","1.56","1.00e+0","1.00e+0","1.84e-1","ENSDARG00000043902,ENSDARG00000021392,ENSDARG00000052982,ENSDARG00000098081,ENSDARG00000099096,ENSDARG00000037427"
"71","0.64","INTERPRO","Neuro_actylchol_rec","6","1340","68","23408","0.44","3.49e-1","1.00e+0","1.54","1.00e+0","1.00e+0","1.93e-1","ENSDARG00000043902,ENSDARG00000021392,ENSDARG00000052982,ENSDARG00000098081,ENSDARG00000099096,ENSDARG00000037427"
"71","0.64","INTERPRO","Neuro-gated_channel_TM_sf","6","1340","68","23408","0.44","3.49e-1","1.00e+0","1.54","1.00e+0","1.00e+0","1.93e-1","ENSDARG00000043902,ENSDARG00000021392,ENSDARG00000052982,ENSDARG00000098081,ENSDARG00000099096,ENSDARG00000037427"
"71","0.64","INTERPRO","Neurotrans-gated_channel_TM","6","1340","68","23408","0.44","3.49e-1","1.00e+0","1.54","1.00e+0","1.00e+0","1.93e-1","ENSDARG00000043902,ENSDARG00000021392,ENSDARG00000052982,ENSDARG00000098081,ENSDARG00000099096,ENSDARG00000037427"
"71","0.64","UP_KW_CELLULAR_COMPONENT","Synapse","30","977","448","16344","2.18","3.49e-1","9.31e-1","1.12","1.00e+0","8.42e-1","2.84e-1","ENSDARG00000032737,ENSDARG00000052982,ENSDARG00000098667,ENSDARG00000099096,ENSDARG00000016153,ENSDARG00000020212,ENSDARG00000077465,ENSDARG00000076495,ENSDARG00000077560,ENSDARG00000000588,ENSDARG00000043902,ENSDARG00000067507,ENSDARG00000099092,ENSDARG00000098081,ENSDARG00000014792,ENSDARG00000031015,ENSDARG00000057728,ENSDARG00000021392,ENSDARG00000017254,ENSDARG00000071091,ENSDARG00000008434,ENSDARG00000045945,ENSDARG00000058421,ENSDARG00000060368,ENSDARG00000070511,ENSDARG00000031049,ENSDARG00000056609,ENSDARG00000037427,ENSDARG00000034559,ENSDARG00000105059"
"71","0.64","UP_KW_MOLECULAR_FUNCTION","Chloride channel","5","708","52","11803","0.36","3.79e-1","1.00e+0","1.60","1.00e+0","1.00e+0","2.00e-1","ENSDARG00000043902,ENSDARG00000052982,ENSDARG00000098081,ENSDARG00000099096,ENSDARG00000057728"
"71","0.64","UP_KW_MOLECULAR_FUNCTION","Ligand-gated ion channel","5","708","78","11803","0.36","6.95e-1","1.00e+0","1.07","1.00e+0","1.00e+0","5.06e-1","ENSDARG00000021392,ENSDARG00000099096,ENSDARG00000074419,ENSDARG00000042440,ENSDARG00000037427"
"72","0.64","GOTERM_BP_DIRECT","regulation of DNA-templated transcription","90","1221","1139","20756","6.54","3.60e-3","8.47e-1","1.34","9.99e-1","8.47e-1","2.61e-3","ENSDARG00000003411,ENSDARG00000070013,ENSDARG00000045413,ENSDARG00000004343,ENSDARG00000002601,ENSDARG00000009594,ENSDARG00000018914,ENSDARG00000011564,ENSDARG00000004060,ENSDARG00000058133,ENSDARG00000042027,ENSDARG00000091029,ENSDARG00000069866,ENSDARG00000061147,ENSDARG00000103868,ENSDARG00000031770,ENSDARG00000102058,ENSDARG00000012219,ENSDARG00000041691,ENSDARG00000069266,ENSDARG00000019293,ENSDARG00000071394,ENSDARG00000003965,ENSDARG00000075113,ENSDARG00000053666,ENSDARG00000006837,ENSDARG00000070463,ENSDARG00000045401,ENSDARG00000059274,ENSDARG00000063649,ENSDARG00000055481,ENSDARG00000079352,ENSDARG00000079198,ENSDARG00000076120,ENSDARG00000006514,ENSDARG00000013477,ENSDARG00000100821,ENSDARG00000101954,ENSDARG00000011696,ENSDARG00000100666,ENSDARG00000068428,ENSDARG00000031161,ENSDARG00000016188,ENSDARG00000019335,ENSDARG00000070338,ENSDARG00000057737,ENSDARG00000036816,ENSDARG00000105114,ENSDARG00000071560,ENSDARG00000115868,ENSDARG00000092060,ENSDARG00000077620,ENSDARG00000070353,ENSDARG00000053773,ENSDARG00000060900,ENSDARG00000025309,ENSDARG00000055751,ENSDARG00000055792,ENSDARG00000008767,ENSDARG00000060868,ENSDARG00000041702,ENSDARG00000060551,ENSDARG00000020606,ENSDARG00000102879,ENSDARG00000101549,ENSDARG00000101023,ENSDARG00000100494,ENSDARG00000026395,ENSDARG00000070348,ENSDARG00000088123,ENSDARG00000098919,ENSDARG00000053569,ENSDARG00000002330,ENSDARG00000077473,ENSDARG00000040606,ENSDARG00000059370,ENSDARG00000076584,ENSDARG00000002216,ENSDARG00000100129,ENSDARG00000068409,ENSDARG00000058004,ENSDARG00000013251,ENSDARG00000030012,ENSDARG00000086173,ENSDARG00000074759,ENSDARG00000013615,ENSDARG00000092809,ENSDARG00000018303,ENSDARG00000086055,ENSDARG00000017615"
"72","0.64","GOTERM_MF_DIRECT","DNA-binding transcription factor activity","52","1186","693","21154","3.78","2.77e-2","1.00e+0","1.34","1.00e+0","1.00e+0","1.96e-2","ENSDARG00000003411,ENSDARG00000070013,ENSDARG00000009594,ENSDARG00000058133,ENSDARG00000009470,ENSDARG00000062231,ENSDARG00000010270,ENSDARG00000069866,ENSDARG00000061147,ENSDARG00000069266,ENSDARG00000089156,ENSDARG00000071394,ENSDARG00000003965,ENSDARG00000075113,ENSDARG00000006837,ENSDARG00000043821,ENSDARG00000059274,ENSDARG00000063649,ENSDARG00000055481,ENSDARG00000076120,ENSDARG00000013477,ENSDARG00000101954,ENSDARG00000011696,ENSDARG00000068428,ENSDARG00000031161,ENSDARG00000061311,ENSDARG00000070338,ENSDARG00000069111,ENSDARG00000057737,ENSDARG00000036816,ENSDARG00000070658,ENSDARG00000105114,ENSDARG00000092060,ENSDARG00000055751,ENSDARG00000055792,ENSDARG00000041702,ENSDARG00000020606,ENSDARG00000100494,ENSDARG00000026395,ENSDARG00000053569,ENSDARG00000002330,ENSDARG00000077473,ENSDARG00000040606,ENSDARG00000059370,ENSDARG00000002216,ENSDARG00000013251,ENSDARG00000086173,ENSDARG00000013615,ENSDARG00000092809,ENSDARG00000018303,ENSDARG00000086055,ENSDARG00000017615"
"72","0.64","GOTERM_MF_DIRECT","RNA polymerase II cis-regulatory region sequence-specific DNA binding","73","1186","1105","21154","5.30","9.96e-2","1.00e+0","1.18","1.00e+0","1.00e+0","8.27e-2","ENSDARG00000003411,ENSDARG00000070013,ENSDARG00000045413,ENSDARG00000058094,ENSDARG00000002601,ENSDARG00000009594,ENSDARG00000004060,ENSDARG00000058133,ENSDARG00000009470,ENSDARG00000062231,ENSDARG00000042027,ENSDARG00000010270,ENSDARG00000069866,ENSDARG00000103868,ENSDARG00000041691,ENSDARG00000089156,ENSDARG00000071394,ENSDARG00000075113,ENSDARG00000053666,ENSDARG00000070463,ENSDARG00000114425,ENSDARG00000043821,ENSDARG00000059274,ENSDARG00000063649,ENSDARG00000076120,ENSDARG00000006514,ENSDARG00000013477,ENSDARG00000100821,ENSDARG00000101954,ENSDARG00000100985,ENSDARG00000068428,ENSDARG00000031161,ENSDARG00000061311,ENSDARG00000019335,ENSDARG00000070338,ENSDARG00000069111,ENSDARG00000036816,ENSDARG00000070658,ENSDARG00000071560,ENSDARG00000115868,ENSDARG00000092060,ENSDARG00000019265,ENSDARG00000070353,ENSDARG00000060900,ENSDARG00000055751,ENSDARG00000055792,ENSDARG00000041702,ENSDARG00000020606,ENSDARG00000102879,ENSDARG00000101549,ENSDARG00000088087,ENSDARG00000100494,ENSDARG00000026395,ENSDARG00000070348,ENSDARG00000088123,ENSDARG00000105301,ENSDARG00000053569,ENSDARG00000071496,ENSDARG00000071497,ENSDARG00000077473,ENSDARG00000013492,ENSDARG00000059370,ENSDARG00000076584,ENSDARG00000002216,ENSDARG00000058004,ENSDARG00000013251,ENSDARG00000040253,ENSDARG00000030012,ENSDARG00000086173,ENSDARG00000013615,ENSDARG00000092809,ENSDARG00000019516,ENSDARG00000086055"
"72","0.64","GOTERM_BP_DIRECT","regulation of transcription by RNA polymerase II","99","1221","1600","20756","7.19","3.55e-1","1.00e+0","1.05","1.00e+0","1.00e+0","3.32e-1","ENSDARG00000003411,ENSDARG00000070013,ENSDARG00000012927,ENSDARG00000079741,ENSDARG00000002601,ENSDARG00000018914,ENSDARG00000103949,ENSDARG00000004060,ENSDARG00000058133,ENSDARG00000009470,ENSDARG00000062231,ENSDARG00000076192,ENSDARG00000102058,ENSDARG00000069266,ENSDARG00000089156,ENSDARG00000019293,ENSDARG00000028721,ENSDARG00000074624,ENSDARG00000002031,ENSDARG00000043821,ENSDARG00000114425,ENSDARG00000055481,ENSDARG00000006514,ENSDARG00000076120,ENSDARG00000013477,ENSDARG00000062401,ENSDARG00000100821,ENSDARG00000011696,ENSDARG00000061311,ENSDARG00000019335,ENSDARG00000070658,ENSDARG00000054307,ENSDARG00000054304,ENSDARG00000115868,ENSDARG00000092060,ENSDARG00000055751,ENSDARG00000077101,ENSDARG00000089456,ENSDARG00000031434,ENSDARG00000088123,ENSDARG00000053569,ENSDARG00000075972,ENSDARG00000071496,ENSDARG00000002330,ENSDARG00000071497,ENSDARG00000077473,ENSDARG00000002216,ENSDARG00000102788,ENSDARG00000040253,ENSDARG00000086055,ENSDARG00000045413,ENSDARG00000115962,ENSDARG00000042027,ENSDARG00000010270,ENSDARG00000091029,ENSDARG00000103868,ENSDARG00000031770,ENSDARG00000041691,ENSDARG00000068894,ENSDARG00000071394,ENSDARG00000003965,ENSDARG00000075113,ENSDARG00000070463,ENSDARG00000075116,ENSDARG00000045401,ENSDARG00000059274,ENSDARG00000063649,ENSDARG00000008218,ENSDARG00000101954,ENSDARG00000100985,ENSDARG00000068428,ENSDARG00000007485,ENSDARG00000069111,ENSDARG00000036816,ENSDARG00000105114,ENSDARG00000007081,ENSDARG00000071560,ENSDARG00000099614,ENSDARG00000070353,ENSDARG00000053773,ENSDARG00000098889,ENSDARG00000055792,ENSDARG00000041702,ENSDARG00000020606,ENSDARG00000102879,ENSDARG00000101549,ENSDARG00000101023,ENSDARG00000026395,ENSDARG00000070348,ENSDARG00000075891,ENSDARG00000058004,ENSDARG00000063553,ENSDARG00000036235,ENSDARG00000013251,ENSDARG00000092809,ENSDARG00000018303,ENSDARG00000019516,ENSDARG00000087186,ENSDARG00000032317,ENSDARG00000017615"
"72","0.64","GOTERM_MF_DIRECT","DNA-binding transcription factor activity, RNA polymerase II-specific","76","1186","1332","21154","5.52","4.80e-1","1.00e+0","1.02","1.00e+0","1.00e+0","4.47e-1","ENSDARG00000003411,ENSDARG00000070013,ENSDARG00000045413,ENSDARG00000079741,ENSDARG00000002601,ENSDARG00000103949,ENSDARG00000004060,ENSDARG00000058133,ENSDARG00000009470,ENSDARG00000042027,ENSDARG00000091029,ENSDARG00000103868,ENSDARG00000041691,ENSDARG00000089156,ENSDARG00000019293,ENSDARG00000071394,ENSDARG00000003965,ENSDARG00000075113,ENSDARG00000053666,ENSDARG00000074624,ENSDARG00000070463,ENSDARG00000075116,ENSDARG00000043821,ENSDARG00000059274,ENSDARG00000063649,ENSDARG00000055481,ENSDARG00000006514,ENSDARG00000013477,ENSDARG00000100821,ENSDARG00000101954,ENSDARG00000100985,ENSDARG00000068428,ENSDARG00000019335,ENSDARG00000070338,ENSDARG00000036816,ENSDARG00000105114,ENSDARG00000071560,ENSDARG00000054304,ENSDARG00000115868,ENSDARG00000092060,ENSDARG00000099614,ENSDARG00000070353,ENSDARG00000060900,ENSDARG00000055751,ENSDARG00000055792,ENSDARG00000014091,ENSDARG00000041702,ENSDARG00000020606,ENSDARG00000102879,ENSDARG00000101549,ENSDARG00000101023,ENSDARG00000100494,ENSDARG00000026395,ENSDARG00000070348,ENSDARG00000088123,ENSDARG00000105301,ENSDARG00000075972,ENSDARG00000071496,ENSDARG00000071497,ENSDARG00000002330,ENSDARG00000077473,ENSDARG00000075891,ENSDARG00000002216,ENSDARG00000058004,ENSDARG00000063553,ENSDARG00000040253,ENSDARG00000036235,ENSDARG00000030012,ENSDARG00000086173,ENSDARG00000013615,ENSDARG00000092809,ENSDARG00000018303,ENSDARG00000019516,ENSDARG00000087186,ENSDARG00000086055,ENSDARG00000017615"
"72","0.64","GOTERM_MF_DIRECT","DNA binding","112","1186","2328","21154","8.13","9.73e-1","1.00e+0","0.86","1.00e+0","1.00e+0","9.67e-1","ENSDARG00000003411,ENSDARG00000070013,ENSDARG00000012927,ENSDARG00000002601,ENSDARG00000009594,ENSDARG00000018914,ENSDARG00000103949,ENSDARG00000004060,ENSDARG00000058133,ENSDARG00000009470,ENSDARG00000061147,ENSDARG00000069266,ENSDARG00000089156,ENSDARG00000019293,ENSDARG00000025699,ENSDARG00000002031,ENSDARG00000091584,ENSDARG00000021378,ENSDARG00000043821,ENSDARG00000055481,ENSDARG00000006514,ENSDARG00000076120,ENSDARG00000013477,ENSDARG00000011696,ENSDARG00000031161,ENSDARG00000059357,ENSDARG00000061311,ENSDARG00000019335,ENSDARG00000035887,ENSDARG00000057737,ENSDARG00000052402,ENSDARG00000054307,ENSDARG00000054304,ENSDARG00000092060,ENSDARG00000055751,ENSDARG00000089456,ENSDARG00000014013,ENSDARG00000017244,ENSDARG00000042045,ENSDARG00000100494,ENSDARG00000088123,ENSDARG00000105301,ENSDARG00000053569,ENSDARG00000002330,ENSDARG00000077473,ENSDARG00000059370,ENSDARG00000002216,ENSDARG00000102788,ENSDARG00000060885,ENSDARG00000040253,ENSDARG00000091512,ENSDARG00000030297,ENSDARG00000086173,ENSDARG00000013615,ENSDARG00000086055,ENSDARG00000045413,ENSDARG00000099273,ENSDARG00000005236,ENSDARG00000002403,ENSDARG00000115962,ENSDARG00000090976,ENSDARG00000101205,ENSDARG00000042027,ENSDARG00000010270,ENSDARG00000069866,ENSDARG00000091029,ENSDARG00000103868,ENSDARG00000041691,ENSDARG00000013704,ENSDARG00000071394,ENSDARG00000003965,ENSDARG00000075113,ENSDARG00000053666,ENSDARG00000006837,ENSDARG00000070463,ENSDARG00000097483,ENSDARG00000059274,ENSDARG00000063649,ENSDARG00000101954,ENSDARG00000068428,ENSDARG00000005462,ENSDARG00000070338,ENSDARG00000069111,ENSDARG00000036816,ENSDARG00000007081,ENSDARG00000071560,ENSDARG00000076611,ENSDARG00000023840,ENSDARG00000099614,ENSDARG00000070353,ENSDARG00000098889,ENSDARG00000055792,ENSDARG00000042518,ENSDARG00000041702,ENSDARG00000020606,ENSDARG00000102879,ENSDARG00000101549,ENSDARG00000101023,ENSDARG00000026395,ENSDARG00000070348,ENSDARG00000057708,ENSDARG00000040606,ENSDARG00000075891,ENSDARG00000034693,ENSDARG00000058004,ENSDARG00000063553,ENSDARG00000036235,ENSDARG00000013251,ENSDARG00000092809,ENSDARG00000018303,ENSDARG00000087186,ENSDARG00000032317,ENSDARG00000017615"
"72","0.64","UP_KW_BIOLOGICAL_PROCESS","Transcription","118","508","2316","8466","8.57","9.90e-1","1.00e+0","0.85","1.00e+0","9.90e-1","9.87e-1","ENSDARG00000004343,ENSDARG00000079741,ENSDARG00000009594,ENSDARG00000036100,ENSDARG00000018914,ENSDARG00000103949,ENSDARG00000004060,ENSDARG00000058133,ENSDARG00000009470,ENSDARG00000062231,ENSDARG00000061147,ENSDARG00000102058,ENSDARG00000004735,ENSDARG00000028721,ENSDARG00000025699,ENSDARG00000074624,ENSDARG00000020840,ENSDARG00000021378,ENSDARG00000060578,ENSDARG00000043821,ENSDARG00000114425,ENSDARG00000079352,ENSDARG00000006514,ENSDARG00000076120,ENSDARG00000013477,ENSDARG00000062401,ENSDARG00000100821,ENSDARG00000100666,ENSDARG00000059357,ENSDARG00000008255,ENSDARG00000016188,ENSDARG00000061311,ENSDARG00000019335,ENSDARG00000035887,ENSDARG00000057737,ENSDARG00000070658,ENSDARG00000054307,ENSDARG00000054304,ENSDARG00000115868,ENSDARG00000092060,ENSDARG00000077620,ENSDARG00000025309,ENSDARG00000060900,ENSDARG00000077101,ENSDARG00000000568,ENSDARG00000014091,ENSDARG00000060868,ENSDARG00000089456,ENSDARG00000017244,ENSDARG00000100494,ENSDARG00000031434,ENSDARG00000088123,ENSDARG00000105301,ENSDARG00000053569,ENSDARG00000075972,ENSDARG00000002330,ENSDARG00000077473,ENSDARG00000077870,ENSDARG00000026806,ENSDARG00000063626,ENSDARG00000002216,ENSDARG00000101216,ENSDARG00000060885,ENSDARG00000006251,ENSDARG00000030297,ENSDARG00000086173,ENSDARG00000013615,ENSDARG00000045413,ENSDARG00000005236,ENSDARG00000011000,ENSDARG00000014113,ENSDARG00000010270,ENSDARG00000069866,ENSDARG00000031770,ENSDARG00000012219,ENSDARG00000041691,ENSDARG00000037514,ENSDARG00000012577,ENSDARG00000099148,ENSDARG00000053666,ENSDARG00000075116,ENSDARG00000097483,ENSDARG00000059274,ENSDARG00000008218,ENSDARG00000039887,ENSDARG00000101954,ENSDARG00000070338,ENSDARG00000069111,ENSDARG00000007081,ENSDARG00000099614,ENSDARG00000075526,ENSDARG00000070353,ENSDARG00000053773,ENSDARG00000055792,ENSDARG00000042518,ENSDARG00000041702,ENSDARG00000020606,ENSDARG00000102879,ENSDARG00000019103,ENSDARG00000034503,ENSDARG00000026395,ENSDARG00000070348,ENSDARG00000098919,ENSDARG00000075014,ENSDARG00000044010,ENSDARG00000013492,ENSDARG00000040606,ENSDARG00000076584,ENSDARG00000075891,ENSDARG00000034693,ENSDARG00000058004,ENSDARG00000063553,ENSDARG00000036235,ENSDARG00000013251,ENSDARG00000092809,ENSDARG00000018303,ENSDARG00000019516,ENSDARG00000087186"
"72","0.64","UP_KW_BIOLOGICAL_PROCESS","Transcription regulation","114","508","2279","8466","8.28","9.94e-1","1.00e+0","0.83","1.00e+0","9.94e-1","9.93e-1","ENSDARG00000004343,ENSDARG00000079741,ENSDARG00000009594,ENSDARG00000018914,ENSDARG00000103949,ENSDARG00000004060,ENSDARG00000058133,ENSDARG00000009470,ENSDARG00000062231,ENSDARG00000061147,ENSDARG00000102058,ENSDARG00000004735,ENSDARG00000028721,ENSDARG00000025699,ENSDARG00000074624,ENSDARG00000020840,ENSDARG00000021378,ENSDARG00000060578,ENSDARG00000043821,ENSDARG00000114425,ENSDARG00000079352,ENSDARG00000006514,ENSDARG00000076120,ENSDARG00000013477,ENSDARG00000062401,ENSDARG00000100821,ENSDARG00000100666,ENSDARG00000059357,ENSDARG00000008255,ENSDARG00000016188,ENSDARG00000061311,ENSDARG00000019335,ENSDARG00000035887,ENSDARG00000057737,ENSDARG00000070658,ENSDARG00000054307,ENSDARG00000054304,ENSDARG00000115868,ENSDARG00000092060,ENSDARG00000077620,ENSDARG00000025309,ENSDARG00000060900,ENSDARG00000077101,ENSDARG00000000568,ENSDARG00000014091,ENSDARG00000060868,ENSDARG00000089456,ENSDARG00000017244,ENSDARG00000100494,ENSDARG00000031434,ENSDARG00000088123,ENSDARG00000105301,ENSDARG00000053569,ENSDARG00000075972,ENSDARG00000002330,ENSDARG00000077473,ENSDARG00000077870,ENSDARG00000026806,ENSDARG00000002216,ENSDARG00000101216,ENSDARG00000060885,ENSDARG00000006251,ENSDARG00000030297,ENSDARG00000086173,ENSDARG00000013615,ENSDARG00000045413,ENSDARG00000005236,ENSDARG00000011000,ENSDARG00000014113,ENSDARG00000010270,ENSDARG00000069866,ENSDARG00000031770,ENSDARG00000012219,ENSDARG00000041691,ENSDARG00000037514,ENSDARG00000012577,ENSDARG00000099148,ENSDARG00000053666,ENSDARG00000075116,ENSDARG00000097483,ENSDARG00000059274,ENSDARG00000008218,ENSDARG00000039887,ENSDARG00000101954,ENSDARG00000070338,ENSDARG00000069111,ENSDARG00000007081,ENSDARG00000099614,ENSDARG00000075526,ENSDARG00000070353,ENSDARG00000053773,ENSDARG00000055792,ENSDARG00000042518,ENSDARG00000041702,ENSDARG00000020606,ENSDARG00000102879,ENSDARG00000019103,ENSDARG00000034503,ENSDARG00000026395,ENSDARG00000070348,ENSDARG00000098919,ENSDARG00000044010,ENSDARG00000013492,ENSDARG00000040606,ENSDARG00000076584,ENSDARG00000075891,ENSDARG00000034693,ENSDARG00000063553,ENSDARG00000036235,ENSDARG00000013251,ENSDARG00000092809,ENSDARG00000018303,ENSDARG00000019516,ENSDARG00000087186"
"72","0.64","UP_KW_MOLECULAR_FUNCTION","DNA-binding","86","708","2126","11803","6.25","1.00e+0","1.00e+0","0.67","1.00e+0","1.00e+0","1.00e+0","ENSDARG00000003411,ENSDARG00000012927,ENSDARG00000045413,ENSDARG00000099273,ENSDARG00000079741,ENSDARG00000005236,ENSDARG00000002403,ENSDARG00000090976,ENSDARG00000009594,ENSDARG00000018914,ENSDARG00000103949,ENSDARG00000004060,ENSDARG00000062231,ENSDARG00000010270,ENSDARG00000069866,ENSDARG00000061147,ENSDARG00000103868,ENSDARG00000041691,ENSDARG00000013704,ENSDARG00000069266,ENSDARG00000089156,ENSDARG00000019293,ENSDARG00000025699,ENSDARG00000053666,ENSDARG00000006837,ENSDARG00000074624,ENSDARG00000070463,ENSDARG00000021378,ENSDARG00000043821,ENSDARG00000059274,ENSDARG00000063649,ENSDARG00000055481,ENSDARG00000008218,ENSDARG00000006514,ENSDARG00000013477,ENSDARG00000100821,ENSDARG00000101954,ENSDARG00000011696,ENSDARG00000031161,ENSDARG00000059357,ENSDARG00000061311,ENSDARG00000005462,ENSDARG00000070338,ENSDARG00000069111,ENSDARG00000057737,ENSDARG00000070658,ENSDARG00000007081,ENSDARG00000052402,ENSDARG00000071560,ENSDARG00000115868,ENSDARG00000099614,ENSDARG00000070353,ENSDARG00000060900,ENSDARG00000042518,ENSDARG00000041702,ENSDARG00000020606,ENSDARG00000089456,ENSDARG00000014013,ENSDARG00000017244,ENSDARG00000102879,ENSDARG00000101023,ENSDARG00000100494,ENSDARG00000026395,ENSDARG00000070348,ENSDARG00000088123,ENSDARG00000053569,ENSDARG00000057708,ENSDARG00000075972,ENSDARG00000071496,ENSDARG00000071497,ENSDARG00000077473,ENSDARG00000013492,ENSDARG00000040606,ENSDARG00000059370,ENSDARG00000076584,ENSDARG00000075891,ENSDARG00000034693,ENSDARG00000060885,ENSDARG00000063553,ENSDARG00000013251,ENSDARG00000036235,ENSDARG00000091512,ENSDARG00000092809,ENSDARG00000018303,ENSDARG00000019516,ENSDARG00000017615"
"73","0.64","KEGG_PATHWAY","Glycolysis / Gluconeogenesis","6","542","79","21890","0.44","4.60e-2","1.20e-1","3.07","1.00e+0","6.57e-2","1.36e-2","ENSDARG00000057571,ENSDARG00000060797,ENSDARG00000068006,ENSDARG00000069029,ENSDARG00000101482,ENSDARG00000045172"
"73","0.64","KEGG_PATHWAY","Galactose metabolism","3","542","34","21890","0.22","2.05e-1","3.52e-1","3.56","1.00e+0","2.05e-1","5.13e-2","ENSDARG00000060797,ENSDARG00000068006,ENSDARG00000101482"
"73","0.64","GOTERM_BP_DIRECT","glycolytic process","4","1221","43","20756","0.29","4.67e-1","1.00e+0","1.58","1.00e+0","1.00e+0","2.45e-1","ENSDARG00000057571,ENSDARG00000060797,ENSDARG00000068006,ENSDARG00000101482"
"73","0.64","UP_KW_BIOLOGICAL_PROCESS","Glycolysis","3","508","35","8466","0.22","6.29e-1","1.00e+0","1.43","1.00e+0","9.90e-1","3.51e-1","ENSDARG00000057571,ENSDARG00000068006,ENSDARG00000101482"
"74","0.63","INTERPRO","Ig_sub2","24","1340","270","23408","1.74","3.65e-2","1.00e+0","1.55","1.00e+0","1.00e+0","2.15e-2","ENSDARG00000078989,ENSDARG00000056998,ENSDARG00000000472,ENSDARG00000074335,ENSDARG00000053454,ENSDARG00000017320,ENSDARG00000011190,ENSDARG00000001634,ENSDARG00000062752,ENSDARG00000100897,ENSDARG00000061099,ENSDARG00000089643,ENSDARG00000060115,ENSDARG00000102986,ENSDARG00000058115,ENSDARG00000014792,ENSDARG00000104836,ENSDARG00000018542,ENSDARG00000068114,ENSDARG00000069105,ENSDARG00000103148,ENSDARG00000003081,ENSDARG00000068152,ENSDARG00000105059"
"74","0.63","SMART","IGc2","24","772","270","13267","1.74","4.21e-2","1.00e+0","1.53","1.00e+0","1.00e+0","2.55e-2","ENSDARG00000078989,ENSDARG00000056998,ENSDARG00000000472,ENSDARG00000074335,ENSDARG00000053454,ENSDARG00000017320,ENSDARG00000011190,ENSDARG00000001634,ENSDARG00000062752,ENSDARG00000100897,ENSDARG00000061099,ENSDARG00000089643,ENSDARG00000060115,ENSDARG00000102986,ENSDARG00000058115,ENSDARG00000014792,ENSDARG00000104836,ENSDARG00000018542,ENSDARG00000068114,ENSDARG00000069105,ENSDARG00000103148,ENSDARG00000003081,ENSDARG00000068152,ENSDARG00000105059"
"74","0.63","INTERPRO","Ig_I-set","17","1340","179","23408","1.23","5.15e-2","1.00e+0","1.66","1.00e+0","1.00e+0","2.82e-2","ENSDARG00000078989,ENSDARG00000056998,ENSDARG00000000472,ENSDARG00000074335,ENSDARG00000053454,ENSDARG00000011190,ENSDARG00000001634,ENSDARG00000062752,ENSDARG00000100897,ENSDARG00000061099,ENSDARG00000060115,ENSDARG00000058115,ENSDARG00000014792,ENSDARG00000104836,ENSDARG00000069105,ENSDARG00000103148,ENSDARG00000003081"
"74","0.63","UP_KW_DOMAIN","Immunoglobulin domain","29","804","391","14291","2.11","1.14e-1","5.81e-1","1.32","9.38e-1","5.81e-1","7.62e-2","ENSDARG00000027345,ENSDARG00000053454,ENSDARG00000074335,ENSDARG00000017320,ENSDARG00000006368,ENSDARG00000001634,ENSDARG00000062752,ENSDARG00000060115,ENSDARG00000034300,ENSDARG00000058115,ENSDARG00000014792,ENSDARG00000104836,ENSDARG00000068114,ENSDARG00000069105,ENSDARG00000088143,ENSDARG00000078989,ENSDARG00000056998,ENSDARG00000000472,ENSDARG00000011190,ENSDARG00000060319,ENSDARG00000011672,ENSDARG00000061099,ENSDARG00000089643,ENSDARG00000102986,ENSDARG00000007560,ENSDARG00000018542,ENSDARG00000031049,ENSDARG00000003081,ENSDARG00000105059"
"74","0.63","INTERPRO","Ig_sub","32","1340","536","23408","2.32","4.90e-1","1.00e+0","1.04","1.00e+0","1.00e+0","4.16e-1","ENSDARG00000024775,ENSDARG00000027345,ENSDARG00000053454,ENSDARG00000074335,ENSDARG00000017320,ENSDARG00000001634,ENSDARG00000062752,ENSDARG00000100897,ENSDARG00000060115,ENSDARG00000034300,ENSDARG00000058115,ENSDARG00000014792,ENSDARG00000104836,ENSDARG00000068114,ENSDARG00000069105,ENSDARG00000103148,ENSDARG00000068152,ENSDARG00000088143,ENSDARG00000078989,ENSDARG00000056998,ENSDARG00000000472,ENSDARG00000011190,ENSDARG00000060319,ENSDARG00000061099,ENSDARG00000089643,ENSDARG00000075092,ENSDARG00000102986,ENSDARG00000007560,ENSDARG00000018542,ENSDARG00000031049,ENSDARG00000003081,ENSDARG00000105059"
"74","0.63","SMART","IG","32","772","536","13267","2.32","5.39e-1","1.00e+0","1.03","1.00e+0","1.00e+0","4.57e-1","ENSDARG00000024775,ENSDARG00000027345,ENSDARG00000053454,ENSDARG00000074335,ENSDARG00000017320,ENSDARG00000001634,ENSDARG00000062752,ENSDARG00000100897,ENSDARG00000060115,ENSDARG00000034300,ENSDARG00000058115,ENSDARG00000014792,ENSDARG00000104836,ENSDARG00000068114,ENSDARG00000069105,ENSDARG00000103148,ENSDARG00000068152,ENSDARG00000088143,ENSDARG00000078989,ENSDARG00000056998,ENSDARG00000000472,ENSDARG00000011190,ENSDARG00000060319,ENSDARG00000061099,ENSDARG00000089643,ENSDARG00000075092,ENSDARG00000102986,ENSDARG00000007560,ENSDARG00000018542,ENSDARG00000031049,ENSDARG00000003081,ENSDARG00000105059"
"74","0.63","UP_SEQ_FEATURE","DOMAIN:Ig-like","32","1250","544","21277","2.32","5.95e-1","1.00e+0","1.00","1.00e+0","1.00e+0","5.24e-1","ENSDARG00000024775,ENSDARG00000027345,ENSDARG00000053454,ENSDARG00000074335,ENSDARG00000017320,ENSDARG00000006368,ENSDARG00000001634,ENSDARG00000062752,ENSDARG00000100897,ENSDARG00000060115,ENSDARG00000034300,ENSDARG00000058115,ENSDARG00000014792,ENSDARG00000104836,ENSDARG00000068114,ENSDARG00000103148,ENSDARG00000088143,ENSDARG00000078989,ENSDARG00000056998,ENSDARG00000000472,ENSDARG00000011190,ENSDARG00000060319,ENSDARG00000011672,ENSDARG00000061099,ENSDARG00000089643,ENSDARG00000075092,ENSDARG00000102986,ENSDARG00000007560,ENSDARG00000018542,ENSDARG00000031049,ENSDARG00000003081,ENSDARG00000105059"
"74","0.63","INTERPRO","Ig-like_fold","56","1340","995","23408","4.07","6.26e-1","1.00e+0","0.98","1.00e+0","1.00e+0","5.74e-1","ENSDARG00000003259,ENSDARG00000027345,ENSDARG00000075821,ENSDARG00000074335,ENSDARG00000006368,ENSDARG00000116497,ENSDARG00000001634,ENSDARG00000062752,ENSDARG00000101407,ENSDARG00000014792,ENSDARG00000104836,ENSDARG00000069105,ENSDARG00000103148,ENSDARG00000088143,ENSDARG00000011600,ENSDARG00000078989,ENSDARG00000077297,ENSDARG00000017799,ENSDARG00000007560,ENSDARG00000101595,ENSDARG00000031049,ENSDARG00000003081,ENSDARG00000077349,ENSDARG00000024775,ENSDARG00000020771,ENSDARG00000053454,ENSDARG00000091298,ENSDARG00000017320,ENSDARG00000016153,ENSDARG00000077465,ENSDARG00000039436,ENSDARG00000100897,ENSDARG00000034300,ENSDARG00000060115,ENSDARG00000058115,ENSDARG00000068114,ENSDARG00000102434,ENSDARG00000068152,ENSDARG00000093381,ENSDARG00000056998,ENSDARG00000000472,ENSDARG00000062936,ENSDARG00000011190,ENSDARG00000076462,ENSDARG00000060319,ENSDARG00000116863,ENSDARG00000011672,ENSDARG00000061099,ENSDARG00000089643,ENSDARG00000102986,ENSDARG00000039222,ENSDARG00000075092,ENSDARG00000017211,ENSDARG00000018542,ENSDARG00000086173,ENSDARG00000105059"
"74","0.63","INTERPRO","Ig-like_dom","34","1340","616","23408","2.47","6.78e-1","1.00e+0","0.96","1.00e+0","1.00e+0","6.13e-1","ENSDARG00000024775,ENSDARG00000027345,ENSDARG00000053454,ENSDARG00000074335,ENSDARG00000017320,ENSDARG00000006368,ENSDARG00000001634,ENSDARG00000062752,ENSDARG00000100897,ENSDARG00000060115,ENSDARG00000034300,ENSDARG00000058115,ENSDARG00000014792,ENSDARG00000104836,ENSDARG00000068114,ENSDARG00000069105,ENSDARG00000103148,ENSDARG00000068152,ENSDARG00000088143,ENSDARG00000078989,ENSDARG00000056998,ENSDARG00000000472,ENSDARG00000011190,ENSDARG00000060319,ENSDARG00000011672,ENSDARG00000061099,ENSDARG00000089643,ENSDARG00000075092,ENSDARG00000102986,ENSDARG00000007560,ENSDARG00000018542,ENSDARG00000031049,ENSDARG00000003081,ENSDARG00000105059"
"74","0.63","INTERPRO","Ig-like_dom_sf","34","1340","682","23408","2.47","8.63e-1","1.00e+0","0.87","1.00e+0","1.00e+0","8.22e-1","ENSDARG00000024775,ENSDARG00000027345,ENSDARG00000053454,ENSDARG00000074335,ENSDARG00000017320,ENSDARG00000006368,ENSDARG00000001634,ENSDARG00000062752,ENSDARG00000100897,ENSDARG00000060115,ENSDARG00000034300,ENSDARG00000058115,ENSDARG00000014792,ENSDARG00000104836,ENSDARG00000068114,ENSDARG00000069105,ENSDARG00000103148,ENSDARG00000068152,ENSDARG00000088143,ENSDARG00000078989,ENSDARG00000056998,ENSDARG00000000472,ENSDARG00000011190,ENSDARG00000060319,ENSDARG00000011672,ENSDARG00000061099,ENSDARG00000089643,ENSDARG00000075092,ENSDARG00000102986,ENSDARG00000007560,ENSDARG00000018542,ENSDARG00000031049,ENSDARG00000003081,ENSDARG00000105059"
"75","0.62","GOTERM_MF_DIRECT","procollagen-proline 4-dioxygenase activity","3","1186","8","21154","0.22","7.01e-2","1.00e+0","6.69","1.00e+0","1.00e+0","7.96e-3","ENSDARG00000103692,ENSDARG00000075209,ENSDARG00000033537"
"75","0.62","INTERPRO","P4HA-like","3","1340","8","23408","0.22","7.27e-2","1.00e+0","6.55","1.00e+0","1.00e+0","8.43e-3","ENSDARG00000103692,ENSDARG00000075209,ENSDARG00000033537"
"75","0.62","UP_KW_MOLECULAR_FUNCTION","Dioxygenase","9","708","86","11803","0.65","1.42e-1","1.00e+0","1.74","1.00e+0","1.00e+0","7.19e-2","ENSDARG00000103692,ENSDARG00000058995,ENSDARG00000019103,ENSDARG00000088087,ENSDARG00000075209,ENSDARG00000071429,ENSDARG00000069463,ENSDARG00000044935,ENSDARG00000033537"
"75","0.62","INTERPRO","Pro_4_hyd_alph_FE2OG_OXY","3","1340","16","23408","0.22","2.32e-1","1.00e+0","3.28","1.00e+0","1.00e+0","6.00e-2","ENSDARG00000103692,ENSDARG00000075209,ENSDARG00000033537"
"75","0.62","UP_KW_LIGAND","Vitamin C","3","424","22","7893","0.22","3.32e-1","1.00e+0","2.54","1.00e+0","9.73e-1","1.11e-1","ENSDARG00000103692,ENSDARG00000075209,ENSDARG00000033537"
"75","0.62","GOTERM_MF_DIRECT","oxidoreductase activity, acting on paired donors, with incorporation or reduction of molecular oxygen","9","1186","117","21154","0.65","3.33e-1","1.00e+0","1.37","1.00e+0","1.00e+0","2.10e-1","ENSDARG00000068934,ENSDARG00000103692,ENSDARG00000045015,ENSDARG00000026925,ENSDARG00000075209,ENSDARG00000008858,ENSDARG00000060094,ENSDARG00000002249,ENSDARG00000033537"
"75","0.62","INTERPRO","Pro_4_hyd_alph","3","1340","21","23408","0.22","3.40e-1","1.00e+0","2.50","1.00e+0","1.00e+0","1.16e-1","ENSDARG00000103692,ENSDARG00000075209,ENSDARG00000033537"
"75","0.62","SMART","P4Hc","3","772","21","13267","0.22","3.47e-1","1.00e+0","2.46","1.00e+0","1.00e+0","1.20e-1","ENSDARG00000103692,ENSDARG00000075209,ENSDARG00000033537"
"75","0.62","GOTERM_MF_DIRECT","L-ascorbic acid binding","3","1186","23","21154","0.22","3.72e-1","1.00e+0","2.33","1.00e+0","1.00e+0","1.36e-1","ENSDARG00000103692,ENSDARG00000075209,ENSDARG00000033537"
"75","0.62","UP_SEQ_FEATURE","DOMAIN:Fe2OG dioxygenase","3","1250","24","21277","0.22","4.16e-1","1.00e+0","2.13","1.00e+0","1.00e+0","1.64e-1","ENSDARG00000103692,ENSDARG00000075209,ENSDARG00000033537"
"75","0.62","INTERPRO","Oxoglu/Fe-dep_dioxygenase_dom","3","1340","25","23408","0.22","4.23e-1","1.00e+0","2.10","1.00e+0","1.00e+0","1.70e-1","ENSDARG00000103692,ENSDARG00000075209,ENSDARG00000033537"
"76","0.62","INTERPRO","Papain-like_cys_pep_sf","15","1340","176","23408","1.09","1.33e-1","1.00e+0","1.49","1.00e+0","1.00e+0","8.05e-2","ENSDARG00000076303,ENSDARG00000093381,ENSDARG00000074367,ENSDARG00000045343,ENSDARG00000056741,ENSDARG00000078574,ENSDARG00000060646,ENSDARG00000000229,ENSDARG00000079198,ENSDARG00000011462,ENSDARG00000017799,ENSDARG00000101407,ENSDARG00000089724,ENSDARG00000101595,ENSDARG00000052702"
"76","0.62","INTERPRO","Peptidase_C19_UCH","6","1340","50","23408","0.44","1.56e-1","1.00e+0","2.10","1.00e+0","1.00e+0","6.47e-2","ENSDARG00000076303,ENSDARG00000074367,ENSDARG00000045343,ENSDARG00000089724,ENSDARG00000000229,ENSDARG00000079198"
"76","0.62","GOTERM_BP_DIRECT","regulation of protein stability","5","1221","37","20756","0.36","1.71e-1","1.00e+0","2.30","1.00e+0","1.00e+0","6.39e-2","ENSDARG00000074367,ENSDARG00000021398,ENSDARG00000045343,ENSDARG00000052527,ENSDARG00000079198"
"76","0.62","INTERPRO","USP","6","1340","52","23408","0.44","1.75e-1","1.00e+0","2.02","1.00e+0","1.00e+0","7.54e-2","ENSDARG00000076303,ENSDARG00000074367,ENSDARG00000045343,ENSDARG00000089724,ENSDARG00000000229,ENSDARG00000079198"
"76","0.62","UP_SEQ_FEATURE","DOMAIN:USP","6","1250","51","21277","0.44","1.78e-1","1.00e+0","2.00","1.00e+0","1.00e+0","7.72e-2","ENSDARG00000076303,ENSDARG00000074367,ENSDARG00000045343,ENSDARG00000089724,ENSDARG00000000229,ENSDARG00000079198"
"76","0.62","GOTERM_BP_DIRECT","protein deubiquitination","7","1221","68","20756","0.51","2.09e-1","1.00e+0","1.75","1.00e+0","1.00e+0","1.04e-1","ENSDARG00000076303,ENSDARG00000074367,ENSDARG00000011462,ENSDARG00000045343,ENSDARG00000089724,ENSDARG00000000229,ENSDARG00000079198"
"76","0.62","INTERPRO","USP_CS","5","1340","45","23408","0.36","2.55e-1","1.00e+0","1.94","1.00e+0","1.00e+0","1.13e-1","ENSDARG00000076303,ENSDARG00000074367,ENSDARG00000045343,ENSDARG00000000229,ENSDARG00000079198"
"76","0.62","GOTERM_MF_DIRECT","cysteine-type deubiquitinase activity","8","1186","92","21154","0.58","2.57e-1","1.00e+0","1.55","1.00e+0","1.00e+0","1.44e-1","ENSDARG00000076303,ENSDARG00000074367,ENSDARG00000011462,ENSDARG00000045343,ENSDARG00000073931,ENSDARG00000089724,ENSDARG00000000229,ENSDARG00000079198"
"76","0.62","GOTERM_MF_DIRECT","cysteine-type peptidase activity","11","1186","160","21154","0.80","4.07e-1","1.00e+0","1.23","1.00e+0","1.00e+0","2.86e-1","ENSDARG00000076303,ENSDARG00000074367,ENSDARG00000011462,ENSDARG00000045343,ENSDARG00000089724,ENSDARG00000056741,ENSDARG00000078574,ENSDARG00000060646,ENSDARG00000000229,ENSDARG00000052702,ENSDARG00000079198"
"76","0.62","INTERPRO","Peptidase_C19","3","1340","25","23408","0.22","4.23e-1","1.00e+0","2.10","1.00e+0","1.00e+0","1.70e-1","ENSDARG00000074367,ENSDARG00000045343,ENSDARG00000079198"
"76","0.62","UP_KW_MOLECULAR_FUNCTION","Thiol protease","7","708","110","11803","0.51","6.52e-1","1.00e+0","1.06","1.00e+0","1.00e+0","4.92e-1","ENSDARG00000045343,ENSDARG00000089724,ENSDARG00000056741,ENSDARG00000078574,ENSDARG00000060646,ENSDARG00000000229,ENSDARG00000079198"
"77","0.61","SMART","UBA","5","772","34","13267","0.36","1.33e-1","1.00e+0","2.53","1.00e+0","1.00e+0","4.52e-2","ENSDARG00000075014,ENSDARG00000021550,ENSDARG00000026630,ENSDARG00000019345,ENSDARG00000079198"
"77","0.61","INTERPRO","UBA","5","1340","48","23408","0.36","2.94e-1","1.00e+0","1.82","1.00e+0","1.00e+0","1.38e-1","ENSDARG00000075014,ENSDARG00000021550,ENSDARG00000026630,ENSDARG00000019345,ENSDARG00000079198"
"77","0.61","UP_SEQ_FEATURE","DOMAIN:UBA","5","1250","47","21277","0.36","2.97e-1","1.00e+0","1.81","1.00e+0","1.00e+0","1.40e-1","ENSDARG00000075014,ENSDARG00000021550,ENSDARG00000026630,ENSDARG00000019345,ENSDARG00000079198"
"77","0.61","INTERPRO","UBA-like_sf","6","1340","65","23408","0.44","3.15e-1","1.00e+0","1.61","1.00e+0","1.00e+0","1.67e-1","ENSDARG00000075014,ENSDARG00000021550,ENSDARG00000077297,ENSDARG00000055076,ENSDARG00000087640,ENSDARG00000079198"
"78","0.61","UP_SEQ_FEATURE","DOMAIN:LRRNT","6","1250","42","21277","0.44","9.79e-2","1.00e+0","2.43","1.00e+0","1.00e+0","3.48e-2","ENSDARG00000063215,ENSDARG00000074441,ENSDARG00000037495,ENSDARG00000044895,ENSDARG00000071491,ENSDARG00000105059"
"78","0.61","SMART","LRRNT","5","772","54","13267","0.36","3.85e-1","1.00e+0","1.59","1.00e+0","1.00e+0","2.04e-1","ENSDARG00000063215,ENSDARG00000074441,ENSDARG00000037495,ENSDARG00000014792,ENSDARG00000044895"
"78","0.61","INTERPRO","LRRNT","5","1340","56","23408","0.36","4.00e-1","1.00e+0","1.56","1.00e+0","1.00e+0","2.16e-1","ENSDARG00000063215,ENSDARG00000074441,ENSDARG00000037495,ENSDARG00000014792,ENSDARG00000044895"
"79","0.60","INTERPRO","EF-hand-dom_pair","25","1340","310","23408","1.82","8.09e-2","1.00e+0","1.41","1.00e+0","1.00e+0","5.36e-2","ENSDARG00000075444,ENSDARG00000056745,ENSDARG00000054302,ENSDARG00000030839,ENSDARG00000078216,ENSDARG00000044524,ENSDARG00000016490,ENSDARG00000007219,ENSDARG00000003414,ENSDARG00000034187,ENSDARG00000040684,ENSDARG00000099092,ENSDARG00000031015,ENSDARG00000074644,ENSDARG00000005023,ENSDARG00000043446,ENSDARG00000097063,ENSDARG00000087921,ENSDARG00000068246,ENSDARG00000074759,ENSDARG00000075209,ENSDARG00000070835,ENSDARG00000052702,ENSDARG00000012247,ENSDARG00000031427"
"79","0.60","INTERPRO","EF_Hand_1_Ca_BS","17","1340","228","23408","1.23","2.34e-1","1.00e+0","1.30","1.00e+0","1.00e+0","1.61e-1","ENSDARG00000052402,ENSDARG00000075444,ENSDARG00000056745,ENSDARG00000054302,ENSDARG00000030839,ENSDARG00000078216,ENSDARG00000005023,ENSDARG00000097063,ENSDARG00000007219,ENSDARG00000003414,ENSDARG00000034187,ENSDARG00000040684,ENSDARG00000099092,ENSDARG00000075209,ENSDARG00000070835,ENSDARG00000052702,ENSDARG00000031427"
"79","0.60","GOTERM_MF_DIRECT","calcium ion binding","48","1186","755","21154","3.49","2.43e-1","1.00e+0","1.13","1.00e+0","1.00e+0","2.01e-1","ENSDARG00000105285,ENSDARG00000075444,ENSDARG00000056922,ENSDARG00000056745,ENSDARG00000054302,ENSDARG00000018693,ENSDARG00000030839,ENSDARG00000078216,ENSDARG00000016153,ENSDARG00000017141,ENSDARG00000041728,ENSDARG00000016490,ENSDARG00000076594,ENSDARG00000007219,ENSDARG00000003414,ENSDARG00000034187,ENSDARG00000040684,ENSDARG00000099092,ENSDARG00000034344,ENSDARG00000108937,ENSDARG00000074808,ENSDARG00000069463,ENSDARG00000014239,ENSDARG00000030824,ENSDARG00000076247,ENSDARG00000044010,ENSDARG00000102185,ENSDARG00000074129,ENSDARG00000074644,ENSDARG00000078964,ENSDARG00000078404,ENSDARG00000005023,ENSDARG00000011490,ENSDARG00000043446,ENSDARG00000089519,ENSDARG00000097063,ENSDARG00000006257,ENSDARG00000017391,ENSDARG00000098431,ENSDARG00000014522,ENSDARG00000035682,ENSDARG00000068246,ENSDARG00000075209,ENSDARG00000070835,ENSDARG00000052702,ENSDARG00000031427,ENSDARG00000038716,ENSDARG00000089562"
"79","0.60","UP_SEQ_FEATURE","DOMAIN:EF-hand","17","1250","233","21277","1.23","2.94e-1","1.00e+0","1.24","1.00e+0","1.00e+0","2.11e-1","ENSDARG00000075444,ENSDARG00000056745,ENSDARG00000054302,ENSDARG00000030839,ENSDARG00000078216,ENSDARG00000005023,ENSDARG00000043446,ENSDARG00000097063,ENSDARG00000016490,ENSDARG00000007219,ENSDARG00000003414,ENSDARG00000034187,ENSDARG00000040684,ENSDARG00000099092,ENSDARG00000070835,ENSDARG00000052702,ENSDARG00000031427"
"79","0.60","INTERPRO","EF_hand_dom","18","1340","265","23408","1.31","3.43e-1","1.00e+0","1.19","1.00e+0","1.00e+0","2.55e-1","ENSDARG00000075444,ENSDARG00000056745,ENSDARG00000054302,ENSDARG00000030839,ENSDARG00000078216,ENSDARG00000005023,ENSDARG00000043446,ENSDARG00000097063,ENSDARG00000016490,ENSDARG00000007219,ENSDARG00000003414,ENSDARG00000034187,ENSDARG00000040684,ENSDARG00000099092,ENSDARG00000075209,ENSDARG00000070835,ENSDARG00000052702,ENSDARG00000031427"
"79","0.60","SMART","EFh","12","772","187","13267","0.87","5.28e-1","1.00e+0","1.10","1.00e+0","1.00e+0","4.06e-1","ENSDARG00000034187,ENSDARG00000056745,ENSDARG00000099092,ENSDARG00000040684,ENSDARG00000030839,ENSDARG00000078216,ENSDARG00000043446,ENSDARG00000070835,ENSDARG00000016490,ENSDARG00000007219,ENSDARG00000031427,ENSDARG00000003414"
"80","0.60","INTERPRO","FN3_sf","19","1340","254","23408","1.38","2.02e-1","1.00e+0","1.31","1.00e+0","1.00e+0","1.40e-1","ENSDARG00000020771,ENSDARG00000000472,ENSDARG00000074335,ENSDARG00000053454,ENSDARG00000062936,ENSDARG00000006368,ENSDARG00000116497,ENSDARG00000076462,ENSDARG00000116863,ENSDARG00000039436,ENSDARG00000061099,ENSDARG00000088247,ENSDARG00000039222,ENSDARG00000060115,ENSDARG00000104836,ENSDARG00000102434,ENSDARG00000003081,ENSDARG00000011600,ENSDARG00000105059"
"80","0.60","INTERPRO","FN3_dom","18","1340","241","23408","1.31","2.19e-1","1.00e+0","1.30","1.00e+0","1.00e+0","1.51e-1","ENSDARG00000020771,ENSDARG00000000472,ENSDARG00000074335,ENSDARG00000053454,ENSDARG00000062936,ENSDARG00000006368,ENSDARG00000116497,ENSDARG00000076462,ENSDARG00000116863,ENSDARG00000039436,ENSDARG00000061099,ENSDARG00000039222,ENSDARG00000060115,ENSDARG00000104836,ENSDARG00000102434,ENSDARG00000003081,ENSDARG00000011600,ENSDARG00000105059"
"80","0.60","UP_SEQ_FEATURE","DOMAIN:Fibronectin type-III","16","1250","211","21277","1.16","2.58e-1","1.00e+0","1.29","1.00e+0","1.00e+0","1.78e-1","ENSDARG00000020771,ENSDARG00000000472,ENSDARG00000074335,ENSDARG00000053454,ENSDARG00000062936,ENSDARG00000006368,ENSDARG00000116497,ENSDARG00000076462,ENSDARG00000039436,ENSDARG00000061099,ENSDARG00000039222,ENSDARG00000060115,ENSDARG00000104836,ENSDARG00000003081,ENSDARG00000011600,ENSDARG00000105059"
"80","0.60","SMART","FN3","13","772","181","13267","0.94","3.61e-1","1.00e+0","1.23","1.00e+0","1.00e+0","2.56e-1","ENSDARG00000020771,ENSDARG00000000472,ENSDARG00000074335,ENSDARG00000053454,ENSDARG00000062936,ENSDARG00000006368,ENSDARG00000076462,ENSDARG00000061099,ENSDARG00000039222,ENSDARG00000104836,ENSDARG00000102434,ENSDARG00000003081,ENSDARG00000011600"
"81","0.59","INTERPRO","Spectrin_DBS","3","1340","5","23408","0.22","2.91e-2","1.00e+0","10.48","1.00e+0","1.00e+0","1.72e-3","ENSDARG00000079742,ENSDARG00000076480,ENSDARG00000022895"
"81","0.59","INTERPRO","RhoGEF_Guanine_NuclExch_SF","3","1340","10","23408","0.22","1.08e-1","1.00e+0","5.24","1.00e+0","1.00e+0","1.66e-2","ENSDARG00000079742,ENSDARG00000076480,ENSDARG00000022895"
"81","0.59","UP_KW_MOLECULAR_FUNCTION","Guanine-nucleotide releasing factor","13","708","136","11803","0.94","1.15e-1","1.00e+0","1.59","1.00e+0","1.00e+0","6.44e-2","ENSDARG00000056617,ENSDARG00000002463,ENSDARG00000075327,ENSDARG00000060415,ENSDARG00000014592,ENSDARG00000079742,ENSDARG00000076480,ENSDARG00000005972,ENSDARG00000022895,ENSDARG00000062965,ENSDARG00000006683,ENSDARG00000087921,ENSDARG00000073738"
"81","0.59","SMART","SEC14","4","772","27","13267","0.29","2.05e-1","1.00e+0","2.55","1.00e+0","1.00e+0","6.89e-2","ENSDARG00000053122,ENSDARG00000079742,ENSDARG00000076480,ENSDARG00000022895"
"81","0.59","GOTERM_MF_DIRECT","guanyl-nucleotide exchange factor activity","19","1186","260","21154","1.38","2.06e-1","1.00e+0","1.30","1.00e+0","1.00e+0","1.43e-1","ENSDARG00000056617,ENSDARG00000002463,ENSDARG00000075327,ENSDARG00000060415,ENSDARG00000014592,ENSDARG00000079742,ENSDARG00000076480,ENSDARG00000005972,ENSDARG00000022895,ENSDARG00000062965,ENSDARG00000062855,ENSDARG00000014004,ENSDARG00000099092,ENSDARG00000063036,ENSDARG00000006683,ENSDARG00000016981,ENSDARG00000087921,ENSDARG00000041397,ENSDARG00000073738"
"81","0.59","INTERPRO","CRAL-TRIO_dom","4","1340","29","23408","0.29","2.29e-1","1.00e+0","2.41","1.00e+0","1.00e+0","8.14e-2","ENSDARG00000053122,ENSDARG00000079742,ENSDARG00000076480,ENSDARG00000022895"
"81","0.59","INTERPRO","SOS1_NGEF_PH","4","1340","35","23408","0.29","3.24e-1","1.00e+0","2.00","1.00e+0","1.00e+0","1.38e-1","ENSDARG00000079742,ENSDARG00000076480,ENSDARG00000022895,ENSDARG00000062855"
"81","0.59","SMART","RhoGEF","7","772","89","13267","0.51","4.15e-1","1.00e+0","1.35","1.00e+0","1.00e+0","2.60e-1","ENSDARG00000002463,ENSDARG00000006683,ENSDARG00000060415,ENSDARG00000079742,ENSDARG00000076480,ENSDARG00000022895,ENSDARG00000062855"
"81","0.59","INTERPRO","DBL_dom_sf","7","1340","92","23408","0.51","4.31e-1","1.00e+0","1.33","1.00e+0","1.00e+0","2.74e-1","ENSDARG00000002463,ENSDARG00000006683,ENSDARG00000060415,ENSDARG00000079742,ENSDARG00000076480,ENSDARG00000022895,ENSDARG00000062855"
"81","0.59","INTERPRO","DH_dom","7","1340","92","23408","0.51","4.31e-1","1.00e+0","1.33","1.00e+0","1.00e+0","2.74e-1","ENSDARG00000002463,ENSDARG00000006683,ENSDARG00000060415,ENSDARG00000079742,ENSDARG00000076480,ENSDARG00000022895,ENSDARG00000062855"
"81","0.59","UP_SEQ_FEATURE","DOMAIN:CRAL-TRIO","3","1250","26","21277","0.22","4.56e-1","1.00e+0","1.96","1.00e+0","1.00e+0","1.94e-1","ENSDARG00000053122,ENSDARG00000076480,ENSDARG00000022895"
"81","0.59","INTERPRO","CRAL-TRIO_dom_sf","3","1340","27","23408","0.22","4.62e-1","1.00e+0","1.94","1.00e+0","1.00e+0","1.99e-1","ENSDARG00000053122,ENSDARG00000079742,ENSDARG00000022895"
"81","0.59","INTERPRO","GDS_CDC24_CS","3","1340","31","23408","0.22","5.36e-1","1.00e+0","1.69","1.00e+0","1.00e+0","2.61e-1","ENSDARG00000079742,ENSDARG00000076480,ENSDARG00000022895"
"81","0.59","UP_SEQ_FEATURE","DOMAIN:DH","6","1250","88","21277","0.44","5.94e-1","1.00e+0","1.16","1.00e+0","1.00e+0","4.15e-1","ENSDARG00000002463,ENSDARG00000006683,ENSDARG00000060415,ENSDARG00000076480,ENSDARG00000022895,ENSDARG00000062855"
"82","0.58","INTERPRO","FCP1_dom","3","1340","12","23408","0.22","1.48e-1","1.00e+0","4.37","1.00e+0","1.00e+0","2.79e-2","ENSDARG00000035781,ENSDARG00000044492,ENSDARG00000040674"
"82","0.58","SMART","CPDc","3","772","12","13267","0.22","1.51e-1","1.00e+0","4.30","1.00e+0","1.00e+0","2.91e-2","ENSDARG00000035781,ENSDARG00000044492,ENSDARG00000040674"
"82","0.58","UP_SEQ_FEATURE","DOMAIN:FCP1 homology","3","1250","12","21277","0.22","1.54e-1","1.00e+0","4.26","1.00e+0","1.00e+0","2.98e-2","ENSDARG00000035781,ENSDARG00000044492,ENSDARG00000040674"
"82","0.58","INTERPRO","HAD-like_sf","7","1340","83","23408","0.51","3.38e-1","1.00e+0","1.47","1.00e+0","1.00e+0","1.97e-1","ENSDARG00000035781,ENSDARG00000044492,ENSDARG00000104450,ENSDARG00000040674,ENSDARG00000020239,ENSDARG00000060978,ENSDARG00000062040"
"82","0.58","INTERPRO","HAD_sf","6","1340","80","23408","0.44","4.86e-1","1.00e+0","1.31","1.00e+0","1.00e+0","3.08e-1","ENSDARG00000035781,ENSDARG00000044492,ENSDARG00000104450,ENSDARG00000040674,ENSDARG00000060978,ENSDARG00000062040"
"82","0.58","UP_KW_MOLECULAR_FUNCTION","Protein phosphatase","8","708","117","11803","0.58","5.57e-1","1.00e+0","1.14","1.00e+0","1.00e+0","4.04e-1","ENSDARG00000039997,ENSDARG00000011122,ENSDARG00000035781,ENSDARG00000044492,ENSDARG00000079591,ENSDARG00000040674,ENSDARG00000052465,ENSDARG00000037560"
"83","0.57","GOTERM_MF_DIRECT","fibroblast growth factor binding","4","1186","14","21154","0.29","4.01e-2","1.00e+0","5.10","1.00e+0","1.00e+0","6.26e-3","ENSDARG00000016058,ENSDARG00000058115,ENSDARG00000069105,ENSDARG00000011190"
"83","0.57","GOTERM_MF_DIRECT","fibroblast growth factor receptor activity","3","1186","7","21154","0.22","5.46e-2","1.00e+0","7.64","1.00e+0","1.00e+0","5.19e-3","ENSDARG00000058115,ENSDARG00000069105,ENSDARG00000011190"
"83","0.57","GOTERM_BP_DIRECT","positive regulation of cell population proliferation","13","1221","127","20756","0.94","7.05e-2","1.00e+0","1.74","1.00e+0","1.00e+0","3.63e-2","ENSDARG00000077588,ENSDARG00000076853,ENSDARG00000077473,ENSDARG00000011190,ENSDARG00000006368,ENSDARG00000016745,ENSDARG00000039436,ENSDARG00000100897,ENSDARG00000104808,ENSDARG00000088048,ENSDARG00000102986,ENSDARG00000058115,ENSDARG00000069105"
"83","0.57","PIR_SUPERFAMILY","TyrPK_CSF1-R","4","153","21","1890","0.29","2.36e-1","1.00e+0","2.35","1.00e+0","1.00e+0","8.37e-2","ENSDARG00000100897,ENSDARG00000102986,ENSDARG00000069105,ENSDARG00000044615"
"83","0.57","GOTERM_MF_DIRECT","transmembrane receptor protein tyrosine kinase activity","7","1186","76","21154","0.51","2.52e-1","1.00e+0","1.64","1.00e+0","1.00e+0","1.33e-1","ENSDARG00000100897,ENSDARG00000075343,ENSDARG00000102986,ENSDARG00000058115,ENSDARG00000069105,ENSDARG00000011190,ENSDARG00000011600"
"83","0.57","GOTERM_BP_DIRECT","fibroblast growth factor receptor signaling pathway","5","1221","45","20756","0.36","2.71e-1","1.00e+0","1.89","1.00e+0","1.00e+0","1.23e-1","ENSDARG00000088048,ENSDARG00000078688,ENSDARG00000058115,ENSDARG00000069105,ENSDARG00000011190"
"83","0.57","UP_SEQ_FEATURE","DOMAIN:Ig-like C2-type 3","3","1250","18","21277","0.22","2.86e-1","1.00e+0","2.84","1.00e+0","1.00e+0","8.54e-2","ENSDARG00000102986,ENSDARG00000058115,ENSDARG00000069105"
"83","0.57","GOTERM_CC_DIRECT","signaling receptor complex","10","1261","131","22190","0.73","3.27e-1","1.00e+0","1.34","1.00e+0","9.93e-1","2.11e-1","ENSDARG00000039436,ENSDARG00000067507,ENSDARG00000100897,ENSDARG00000102986,ENSDARG00000058115,ENSDARG00000069105,ENSDARG00000011190,ENSDARG00000006368,ENSDARG00000101036,ENSDARG00000011600"
"83","0.57","INTERPRO","RTK","5","1340","54","23408","0.36","3.73e-1","1.00e+0","1.62","1.00e+0","1.00e+0","1.95e-1","ENSDARG00000100897,ENSDARG00000102986,ENSDARG00000058115,ENSDARG00000069105,ENSDARG00000011190"
"83","0.57","INTERPRO","Tyr_kinase_cat_dom","8","1340","103","23408","0.58","3.76e-1","1.00e+0","1.36","1.00e+0","1.00e+0","2.37e-1","ENSDARG00000100897,ENSDARG00000104808,ENSDARG00000102986,ENSDARG00000058115,ENSDARG00000069105,ENSDARG00000011190,ENSDARG00000020625,ENSDARG00000011600"
"83","0.57","SMART","TyrKc","8","772","103","13267","0.58","3.91e-1","1.00e+0","1.33","1.00e+0","1.00e+0","2.50e-1","ENSDARG00000100897,ENSDARG00000104808,ENSDARG00000102986,ENSDARG00000058115,ENSDARG00000069105,ENSDARG00000011190,ENSDARG00000020625,ENSDARG00000011600"
"83","0.57","UP_SEQ_FEATURE","DOMAIN:Ig-like C2-type 1","3","1250","24","21277","0.22","4.16e-1","1.00e+0","2.13","1.00e+0","1.00e+0","1.64e-1","ENSDARG00000102986,ENSDARG00000058115,ENSDARG00000069105"
"83","0.57","UP_SEQ_FEATURE","DOMAIN:Ig-like C2-type 2","3","1250","24","21277","0.22","4.16e-1","1.00e+0","2.13","1.00e+0","1.00e+0","1.64e-1","ENSDARG00000102986,ENSDARG00000058115,ENSDARG00000069105"
"83","0.57","INTERPRO","Ser-Thr/Tyr_kinase_cat_dom","11","1340","168","23408","0.80","4.95e-1","1.00e+0","1.14","1.00e+0","1.00e+0","3.68e-1","ENSDARG00000100897,ENSDARG00000104808,ENSDARG00000102986,ENSDARG00000058115,ENSDARG00000069105,ENSDARG00000011190,ENSDARG00000020625,ENSDARG00000006677,ENSDARG00000044615,ENSDARG00000009626,ENSDARG00000011600"
"83","0.57","GOTERM_MF_DIRECT","protein tyrosine kinase activity","9","1186","138","21154","0.65","5.12e-1","1.00e+0","1.16","1.00e+0","1.00e+0","3.70e-1","ENSDARG00000100897,ENSDARG00000104808,ENSDARG00000102986,ENSDARG00000058115,ENSDARG00000069105,ENSDARG00000011190,ENSDARG00000042518,ENSDARG00000020625,ENSDARG00000011600"
"83","0.57","INTERPRO","Tyr_kinase_AS","8","1340","119","23408","0.58","5.25e-1","1.00e+0","1.17","1.00e+0","1.00e+0","3.72e-1","ENSDARG00000100897,ENSDARG00000104808,ENSDARG00000102986,ENSDARG00000058115,ENSDARG00000069105,ENSDARG00000011190,ENSDARG00000020625,ENSDARG00000011600"
"83","0.57","UP_KW_MOLECULAR_FUNCTION","Tyrosine-protein kinase","6","708","96","11803","0.44","6.89e-1","1.00e+0","1.04","1.00e+0","1.00e+0","5.19e-1","ENSDARG00000100897,ENSDARG00000102986,ENSDARG00000058115,ENSDARG00000069105,ENSDARG00000020625,ENSDARG00000011600"
"84","0.57","INTERPRO","Netrin_domain","5","1340","35","23408","0.36","1.38e-1","1.00e+0","2.50","1.00e+0","1.00e+0","4.75e-2","ENSDARG00000056913,ENSDARG00000099637,ENSDARG00000089563,ENSDARG00000061260,ENSDARG00000039041"
"84","0.57","UP_SEQ_FEATURE","DOMAIN:NTR","5","1250","35","21277","0.36","1.47e-1","1.00e+0","2.43","1.00e+0","1.00e+0","5.21e-2","ENSDARG00000056913,ENSDARG00000099637,ENSDARG00000089563,ENSDARG00000061260,ENSDARG00000039041"
"84","0.57","INTERPRO","TIMP-like_OB-fold","4","1340","37","23408","0.29","3.56e-1","1.00e+0","1.89","1.00e+0","1.00e+0","1.60e-1","ENSDARG00000056913,ENSDARG00000089563,ENSDARG00000061260,ENSDARG00000039041"
"84","0.57","SMART","C345C","3","772","25","13267","0.22","4.31e-1","1.00e+0","2.06","1.00e+0","1.00e+0","1.76e-1","ENSDARG00000056913,ENSDARG00000061260,ENSDARG00000039041"
"84","0.57","INTERPRO","Netrin_module_non-TIMP","3","1340","27","23408","0.22","4.62e-1","1.00e+0","1.94","1.00e+0","1.00e+0","1.99e-1","ENSDARG00000056913,ENSDARG00000061260,ENSDARG00000039041"
"85","0.56","GOTERM_MF_DIRECT","metal ion binding","270","1186","4185","21154","19.61","6.05e-3","9.01e-1","1.15","9.95e-1","9.01e-1","5.00e-3","ENSDARG00000003259,ENSDARG00000026499,ENSDARG00000062900,ENSDARG00000023303,ENSDARG00000114797,ENSDARG00000009594,ENSDARG00000034443,ENSDARG00000040684,ENSDARG00000062231,ENSDARG00000008388,ENSDARG00000061147,ENSDARG00000104875,ENSDARG00000019845,ENSDARG00000052658,ENSDARG00000088740,ENSDARG00000089156,ENSDARG00000018516,ENSDARG00000031976,ENSDARG00000043148,ENSDARG00000021378,ENSDARG00000043821,ENSDARG00000007722,ENSDARG00000055481,ENSDARG00000041515,ENSDARG00000005789,ENSDARG00000100821,ENSDARG00000011696,ENSDARG00000041402,ENSDARG00000017799,ENSDARG00000031161,ENSDARG00000063573,ENSDARG00000039563,ENSDARG00000008255,ENSDARG00000007045,ENSDARG00000031044,ENSDARG00000101595,ENSDARG00000058425,ENSDARG00000030871,ENSDARG00000019973,ENSDARG00000063330,ENSDARG00000052527,ENSDARG00000070658,ENSDARG00000052402,ENSDARG00000115869,ENSDARG00000075444,ENSDARG00000071881,ENSDARG00000115868,ENSDARG00000019265,ENSDARG00000060868,ENSDARG00000041511,ENSDARG00000034667,ENSDARG00000088087,ENSDARG00000100372,ENSDARG00000105389,ENSDARG00000074367,ENSDARG00000052511,ENSDARG00000074129,ENSDARG00000078964,ENSDARG00000079932,ENSDARG00000055223,ENSDARG00000026925,ENSDARG00000094752,ENSDARG00000004115,ENSDARG00000011671,ENSDARG00000062821,ENSDARG00000058563,ENSDARG00000036831,ENSDARG00000060885,ENSDARG00000014386,ENSDARG00000013174,ENSDARG00000089724,ENSDARG00000068246,ENSDARG00000108649,ENSDARG00000075209,ENSDARG00000098226,ENSDARG00000098349,ENSDARG00000030839,ENSDARG00000075347,ENSDARG00000039098,ENSDARG00000020475,ENSDARG00000037593,ENSDARG00000041728,ENSDARG00000002249,ENSDARG00000057481,ENSDARG00000068934,ENSDARG00000069105,ENSDARG00000029043,ENSDARG00000104315,ENSDARG00000031015,ENSDARG00000087574,ENSDARG00000069463,ENSDARG00000060094,ENSDARG00000014239,ENSDARG00000077778,ENSDARG00000002235,ENSDARG00000030824,ENSDARG00000103692,ENSDARG00000051880,ENSDARG00000075116,ENSDARG00000056653,ENSDARG00000045401,ENSDARG00000060415,ENSDARG00000006832,ENSDARG00000044318,ENSDARG00000008218,ENSDARG00000017636,ENSDARG00000100985,ENSDARG00000016664,ENSDARG00000008212,ENSDARG00000060783,ENSDARG00000033544,ENSDARG00000071429,ENSDARG00000069111,ENSDARG00000089981,ENSDARG00000103453,ENSDARG00000012745,ENSDARG00000101036,ENSDARG00000062040,ENSDARG00000025465,ENSDARG00000020212,ENSDARG00000041951,ENSDARG00000060797,ENSDARG00000090993,ENSDARG00000061400,ENSDARG00000042123,ENSDARG00000019103,ENSDARG00000033537,ENSDARG00000071691,ENSDARG00000018382,ENSDARG00000075014,ENSDARG00000013492,ENSDARG00000086808,ENSDARG00000076584,ENSDARG00000034291,ENSDARG00000031463,ENSDARG00000036235,ENSDARG00000104401,ENSDARG00000012968,ENSDARG00000052702,ENSDARG00000012723,ENSDARG00000056745,ENSDARG00000012927,ENSDARG00000070013,ENSDARG00000020676,ENSDARG00000060688,ENSDARG00000017141,ENSDARG00000043557,ENSDARG00000021647,ENSDARG00000041802,ENSDARG00000007219,ENSDARG00000003414,ENSDARG00000036100,ENSDARG00000103949,ENSDARG00000101407,ENSDARG00000069266,ENSDARG00000025699,ENSDARG00000074624,ENSDARG00000071478,ENSDARG00000005023,ENSDARG00000074183,ENSDARG00000021896,ENSDARG00000017391,ENSDARG00000076120,ENSDARG00000039162,ENSDARG00000079198,ENSDARG00000088699,ENSDARG00000013477,ENSDARG00000062401,ENSDARG00000100666,ENSDARG00000063612,ENSDARG00000104907,ENSDARG00000069956,ENSDARG00000061311,ENSDARG00000040152,ENSDARG00000057737,ENSDARG00000063050,ENSDARG00000075949,ENSDARG00000104450,ENSDARG00000003795,ENSDARG00000054302,ENSDARG00000018693,ENSDARG00000025309,ENSDARG00000060900,ENSDARG00000054420,ENSDARG00000077101,ENSDARG00000014091,ENSDARG00000100897,ENSDARG00000017126,ENSDARG00000088123,ENSDARG00000100773,ENSDARG00000093381,ENSDARG00000071496,ENSDARG00000070164,ENSDARG00000002330,ENSDARG00000071497,ENSDARG00000097063,ENSDARG00000077590,ENSDARG00000005049,ENSDARG00000059370,ENSDARG00000044615,ENSDARG00000057995,ENSDARG00000010745,ENSDARG00000029596,ENSDARG00000030335,ENSDARG00000070835,ENSDARG00000005913,ENSDARG00000029689,ENSDARG00000104153,ENSDARG00000029204,ENSDARG00000025089,ENSDARG00000045015,ENSDARG00000078216,ENSDARG00000000229,ENSDARG00000016490,ENSDARG00000025766,ENSDARG00000011122,ENSDARG00000101205,ENSDARG00000010270,ENSDARG00000061466,ENSDARG00000031770,ENSDARG00000038728,ENSDARG00000012219,ENSDARG00000057644,ENSDARG00000038608,ENSDARG00000100114,ENSDARG00000037514,ENSDARG00000098733,ENSDARG00000006314,ENSDARG00000008858,ENSDARG00000037062,ENSDARG00000005462,ENSDARG00000061355,ENSDARG00000100462,ENSDARG00000098968,ENSDARG00000007081,ENSDARG00000074552,ENSDARG00000076730,ENSDARG00000024654,ENSDARG00000074316,ENSDARG00000025189,ENSDARG00000060944,ENSDARG00000103609,ENSDARG00000087873,ENSDARG00000034344,ENSDARG00000005251,ENSDARG00000058995,ENSDARG00000102879,ENSDARG00000103720,ENSDARG00000103286,ENSDARG00000019746,ENSDARG00000060390,ENSDARG00000023694,ENSDARG00000044492,ENSDARG00000076988,ENSDARG00000044010,ENSDARG00000021398,ENSDARG00000045343,ENSDARG00000020982,ENSDARG00000020625,ENSDARG00000075891,ENSDARG00000044935,ENSDARG00000002897,ENSDARG00000034693,ENSDARG00000102986,ENSDARG00000062221,ENSDARG00000063553,ENSDARG00000039345,ENSDARG00000059857,ENSDARG00000078915,ENSDARG00000019516"
"85","0.56","UP_KW_LIGAND","Metal-binding","214","424","4257","7893","15.54","9.41e-1","1.00e+0","0.94","1.00e+0","9.73e-1","9.36e-1","ENSDARG00000026499,ENSDARG00000062900,ENSDARG00000023303,ENSDARG00000114797,ENSDARG00000009594,ENSDARG00000034443,ENSDARG00000062231,ENSDARG00000061147,ENSDARG00000104875,ENSDARG00000088740,ENSDARG00000018516,ENSDARG00000027353,ENSDARG00000077297,ENSDARG00000043148,ENSDARG00000021378,ENSDARG00000043821,ENSDARG00000007722,ENSDARG00000055481,ENSDARG00000005789,ENSDARG00000100821,ENSDARG00000011696,ENSDARG00000041402,ENSDARG00000063573,ENSDARG00000039563,ENSDARG00000008255,ENSDARG00000031044,ENSDARG00000101595,ENSDARG00000058425,ENSDARG00000030871,ENSDARG00000019973,ENSDARG00000063330,ENSDARG00000052527,ENSDARG00000070658,ENSDARG00000052402,ENSDARG00000075444,ENSDARG00000071881,ENSDARG00000115868,ENSDARG00000019265,ENSDARG00000023648,ENSDARG00000060868,ENSDARG00000041511,ENSDARG00000099092,ENSDARG00000034667,ENSDARG00000088087,ENSDARG00000054818,ENSDARG00000100372,ENSDARG00000105389,ENSDARG00000074367,ENSDARG00000052511,ENSDARG00000078964,ENSDARG00000094752,ENSDARG00000004115,ENSDARG00000062821,ENSDARG00000058563,ENSDARG00000036831,ENSDARG00000060885,ENSDARG00000014386,ENSDARG00000013174,ENSDARG00000089724,ENSDARG00000068246,ENSDARG00000108649,ENSDARG00000075209,ENSDARG00000098226,ENSDARG00000030839,ENSDARG00000075347,ENSDARG00000039098,ENSDARG00000020475,ENSDARG00000041728,ENSDARG00000069105,ENSDARG00000029043,ENSDARG00000031015,ENSDARG00000087574,ENSDARG00000060094,ENSDARG00000014239,ENSDARG00000030824,ENSDARG00000103692,ENSDARG00000051880,ENSDARG00000075116,ENSDARG00000045401,ENSDARG00000060415,ENSDARG00000006832,ENSDARG00000044318,ENSDARG00000008218,ENSDARG00000017636,ENSDARG00000008212,ENSDARG00000071429,ENSDARG00000069111,ENSDARG00000089981,ENSDARG00000103453,ENSDARG00000012745,ENSDARG00000025465,ENSDARG00000023840,ENSDARG00000020212,ENSDARG00000034187,ENSDARG00000041951,ENSDARG00000090993,ENSDARG00000061400,ENSDARG00000042123,ENSDARG00000019103,ENSDARG00000033537,ENSDARG00000012953,ENSDARG00000018382,ENSDARG00000075014,ENSDARG00000019113,ENSDARG00000078404,ENSDARG00000013492,ENSDARG00000043446,ENSDARG00000076584,ENSDARG00000031463,ENSDARG00000036235,ENSDARG00000104401,ENSDARG00000012968,ENSDARG00000052702,ENSDARG00000012723,ENSDARG00000056745,ENSDARG00000060688,ENSDARG00000043557,ENSDARG00000041802,ENSDARG00000007219,ENSDARG00000003414,ENSDARG00000103949,ENSDARG00000069266,ENSDARG00000025699,ENSDARG00000074624,ENSDARG00000071478,ENSDARG00000005023,ENSDARG00000074183,ENSDARG00000021896,ENSDARG00000017391,ENSDARG00000076120,ENSDARG00000039162,ENSDARG00000079198,ENSDARG00000088699,ENSDARG00000013477,ENSDARG00000062401,ENSDARG00000063612,ENSDARG00000092269,ENSDARG00000061311,ENSDARG00000040152,ENSDARG00000057737,ENSDARG00000054302,ENSDARG00000018693,ENSDARG00000025309,ENSDARG00000060900,ENSDARG00000054420,ENSDARG00000077101,ENSDARG00000014091,ENSDARG00000100897,ENSDARG00000017126,ENSDARG00000088123,ENSDARG00000100773,ENSDARG00000071496,ENSDARG00000071497,ENSDARG00000079651,ENSDARG00000097063,ENSDARG00000077590,ENSDARG00000005049,ENSDARG00000044615,ENSDARG00000057995,ENSDARG00000029596,ENSDARG00000070835,ENSDARG00000031427,ENSDARG00000029689,ENSDARG00000104153,ENSDARG00000029204,ENSDARG00000025089,ENSDARG00000078216,ENSDARG00000000229,ENSDARG00000016490,ENSDARG00000011122,ENSDARG00000101205,ENSDARG00000010270,ENSDARG00000061466,ENSDARG00000031770,ENSDARG00000038728,ENSDARG00000012219,ENSDARG00000057644,ENSDARG00000038608,ENSDARG00000100114,ENSDARG00000037514,ENSDARG00000006314,ENSDARG00000037062,ENSDARG00000014522,ENSDARG00000005462,ENSDARG00000100462,ENSDARG00000007081,ENSDARG00000074552,ENSDARG00000076730,ENSDARG00000074316,ENSDARG00000025189,ENSDARG00000060944,ENSDARG00000103609,ENSDARG00000087873,ENSDARG00000034344,ENSDARG00000058995,ENSDARG00000102879,ENSDARG00000103286,ENSDARG00000019746,ENSDARG00000060390,ENSDARG00000023694,ENSDARG00000044492,ENSDARG00000076988,ENSDARG00000044010,ENSDARG00000021398,ENSDARG00000045343,ENSDARG00000023214,ENSDARG00000020625,ENSDARG00000075891,ENSDARG00000034693,ENSDARG00000102986,ENSDARG00000063553,ENSDARG00000039345,ENSDARG00000019516,ENSDARG00000087186"
"85","0.56","UP_KW_LIGAND","Zinc","151","424","3363","7893","10.97","9.99e-1","1.00e+0","0.84","1.00e+0","9.99e-1","9.99e-1","ENSDARG00000070013,ENSDARG00000012927,ENSDARG00000020676,ENSDARG00000060688,ENSDARG00000062900,ENSDARG00000023303,ENSDARG00000041802,ENSDARG00000009594,ENSDARG00000103949,ENSDARG00000062231,ENSDARG00000008388,ENSDARG00000061147,ENSDARG00000104875,ENSDARG00000069266,ENSDARG00000019845,ENSDARG00000089156,ENSDARG00000031976,ENSDARG00000025699,ENSDARG00000074624,ENSDARG00000027353,ENSDARG00000071478,ENSDARG00000077297,ENSDARG00000074183,ENSDARG00000021896,ENSDARG00000021378,ENSDARG00000043821,ENSDARG00000017391,ENSDARG00000055481,ENSDARG00000079198,ENSDARG00000076120,ENSDARG00000013477,ENSDARG00000088699,ENSDARG00000062401,ENSDARG00000100821,ENSDARG00000011696,ENSDARG00000041402,ENSDARG00000100666,ENSDARG00000104907,ENSDARG00000031161,ENSDARG00000063573,ENSDARG00000069956,ENSDARG00000092269,ENSDARG00000061311,ENSDARG00000007045,ENSDARG00000030871,ENSDARG00000052527,ENSDARG00000057737,ENSDARG00000070658,ENSDARG00000063050,ENSDARG00000075949,ENSDARG00000052402,ENSDARG00000115868,ENSDARG00000019265,ENSDARG00000025309,ENSDARG00000060900,ENSDARG00000077101,ENSDARG00000014091,ENSDARG00000060868,ENSDARG00000041511,ENSDARG00000099092,ENSDARG00000088087,ENSDARG00000100372,ENSDARG00000088123,ENSDARG00000100773,ENSDARG00000105389,ENSDARG00000074367,ENSDARG00000052511,ENSDARG00000071496,ENSDARG00000070164,ENSDARG00000002330,ENSDARG00000071497,ENSDARG00000055223,ENSDARG00000079651,ENSDARG00000026925,ENSDARG00000059370,ENSDARG00000058563,ENSDARG00000036831,ENSDARG00000060885,ENSDARG00000089724,ENSDARG00000010745,ENSDARG00000029596,ENSDARG00000030335,ENSDARG00000104153,ENSDARG00000098349,ENSDARG00000029204,ENSDARG00000075347,ENSDARG00000039098,ENSDARG00000020475,ENSDARG00000000229,ENSDARG00000037593,ENSDARG00000025766,ENSDARG00000057481,ENSDARG00000101205,ENSDARG00000010270,ENSDARG00000031770,ENSDARG00000057644,ENSDARG00000012219,ENSDARG00000029043,ENSDARG00000104315,ENSDARG00000031015,ENSDARG00000100114,ENSDARG00000037514,ENSDARG00000077778,ENSDARG00000002235,ENSDARG00000075116,ENSDARG00000056653,ENSDARG00000045401,ENSDARG00000060415,ENSDARG00000008218,ENSDARG00000037062,ENSDARG00000017636,ENSDARG00000016664,ENSDARG00000060783,ENSDARG00000100462,ENSDARG00000033544,ENSDARG00000069111,ENSDARG00000103453,ENSDARG00000101036,ENSDARG00000089981,ENSDARG00000007081,ENSDARG00000023840,ENSDARG00000060944,ENSDARG00000103609,ENSDARG00000090993,ENSDARG00000005251,ENSDARG00000102879,ENSDARG00000019103,ENSDARG00000103720,ENSDARG00000012953,ENSDARG00000018382,ENSDARG00000076988,ENSDARG00000075014,ENSDARG00000073996,ENSDARG00000045343,ENSDARG00000021398,ENSDARG00000019113,ENSDARG00000013492,ENSDARG00000020982,ENSDARG00000023214,ENSDARG00000076584,ENSDARG00000075891,ENSDARG00000034291,ENSDARG00000034693,ENSDARG00000063553,ENSDARG00000036235,ENSDARG00000104401,ENSDARG00000059857,ENSDARG00000078915,ENSDARG00000019516,ENSDARG00000012723,ENSDARG00000087186"
"85","0.56","GOTERM_MF_DIRECT","zinc ion binding","127","1186","2985","21154","9.22","1.00e+0","1.00e+0","0.76","1.00e+0","1.00e+0","1.00e+0","ENSDARG00000012927,ENSDARG00000020676,ENSDARG00000060688,ENSDARG00000062900,ENSDARG00000023303,ENSDARG00000041802,ENSDARG00000009594,ENSDARG00000103949,ENSDARG00000062231,ENSDARG00000008388,ENSDARG00000061147,ENSDARG00000104875,ENSDARG00000069266,ENSDARG00000089156,ENSDARG00000025699,ENSDARG00000074624,ENSDARG00000027353,ENSDARG00000071478,ENSDARG00000077297,ENSDARG00000074183,ENSDARG00000021896,ENSDARG00000021378,ENSDARG00000043821,ENSDARG00000017391,ENSDARG00000055481,ENSDARG00000079198,ENSDARG00000076120,ENSDARG00000013477,ENSDARG00000062401,ENSDARG00000100821,ENSDARG00000011696,ENSDARG00000041402,ENSDARG00000100666,ENSDARG00000104907,ENSDARG00000031161,ENSDARG00000063573,ENSDARG00000092269,ENSDARG00000061311,ENSDARG00000007045,ENSDARG00000030871,ENSDARG00000102325,ENSDARG00000052527,ENSDARG00000057737,ENSDARG00000070658,ENSDARG00000063050,ENSDARG00000075949,ENSDARG00000052402,ENSDARG00000115868,ENSDARG00000019265,ENSDARG00000025309,ENSDARG00000060900,ENSDARG00000077101,ENSDARG00000014091,ENSDARG00000060868,ENSDARG00000041511,ENSDARG00000099092,ENSDARG00000100372,ENSDARG00000088123,ENSDARG00000100773,ENSDARG00000052511,ENSDARG00000071496,ENSDARG00000070164,ENSDARG00000071497,ENSDARG00000079651,ENSDARG00000059370,ENSDARG00000045946,ENSDARG00000058563,ENSDARG00000036831,ENSDARG00000060885,ENSDARG00000010745,ENSDARG00000029596,ENSDARG00000030335,ENSDARG00000104153,ENSDARG00000075347,ENSDARG00000039098,ENSDARG00000020475,ENSDARG00000000229,ENSDARG00000037593,ENSDARG00000025766,ENSDARG00000057481,ENSDARG00000101205,ENSDARG00000010270,ENSDARG00000031770,ENSDARG00000012219,ENSDARG00000029043,ENSDARG00000104315,ENSDARG00000031015,ENSDARG00000100114,ENSDARG00000002235,ENSDARG00000075116,ENSDARG00000056653,ENSDARG00000045401,ENSDARG00000060415,ENSDARG00000008218,ENSDARG00000017636,ENSDARG00000016664,ENSDARG00000060783,ENSDARG00000069111,ENSDARG00000103453,ENSDARG00000101036,ENSDARG00000089981,ENSDARG00000007081,ENSDARG00000056801,ENSDARG00000023840,ENSDARG00000060944,ENSDARG00000103609,ENSDARG00000090993,ENSDARG00000102879,ENSDARG00000019103,ENSDARG00000103720,ENSDARG00000018382,ENSDARG00000076988,ENSDARG00000075014,ENSDARG00000073996,ENSDARG00000021398,ENSDARG00000013492,ENSDARG00000020982,ENSDARG00000076584,ENSDARG00000075891,ENSDARG00000034291,ENSDARG00000063553,ENSDARG00000036235,ENSDARG00000059857,ENSDARG00000078915,ENSDARG00000019516,ENSDARG00000012723,ENSDARG00000087186"
"86","0.56","GOTERM_BP_DIRECT","synaptic transmission, glutamatergic","7","1221","46","20756","0.51","5.12e-2","1.00e+0","2.59","1.00e+0","1.00e+0","1.72e-2","ENSDARG00000067605,ENSDARG00000032737,ENSDARG00000056745,ENSDARG00000098667,ENSDARG00000070511,ENSDARG00000057728,ENSDARG00000077560"
"86","0.56","GOTERM_MF_DIRECT","ligand-gated monoatomic ion channel activity","6","1186","46","21154","0.44","1.13e-1","1.00e+0","2.33","1.00e+0","1.00e+0","4.23e-2","ENSDARG00000032737,ENSDARG00000016699,ENSDARG00000098667,ENSDARG00000099096,ENSDARG00000070511,ENSDARG00000077560"
"86","0.56","UP_SEQ_FEATURE","SITE:Interaction with the cone snail toxin Con-ikot-ikot","4","1250","26","21277","0.29","1.94e-1","1.00e+0","2.62","1.00e+0","1.00e+0","6.32e-2","ENSDARG00000032737,ENSDARG00000098667,ENSDARG00000070511,ENSDARG00000077560"
"86","0.56","INTERPRO","Iono_Glu_rcpt_met","4","1340","29","23408","0.29","2.29e-1","1.00e+0","2.41","1.00e+0","1.00e+0","8.14e-2","ENSDARG00000032737,ENSDARG00000098667,ENSDARG00000070511,ENSDARG00000077560"
"86","0.56","UP_SEQ_FEATURE","SITE:Crucial to convey clamshell closure to channel opening","4","1250","29","21277","0.29","2.41e-1","1.00e+0","2.35","1.00e+0","1.00e+0","8.76e-2","ENSDARG00000032737,ENSDARG00000098667,ENSDARG00000070511,ENSDARG00000077560"
"86","0.56","INTERPRO","Iontro_rcpt_C","4","1340","31","23408","0.29","2.60e-1","1.00e+0","2.25","1.00e+0","1.00e+0","9.87e-2","ENSDARG00000032737,ENSDARG00000098667,ENSDARG00000070511,ENSDARG00000077560"
"86","0.56","INTERPRO","Ionotropic_Glu_rcpt","4","1340","31","23408","0.29","2.60e-1","1.00e+0","2.25","1.00e+0","1.00e+0","9.87e-2","ENSDARG00000032737,ENSDARG00000098667,ENSDARG00000070511,ENSDARG00000077560"
"86","0.56","INTERPRO","Glu/Gly-bd","4","1340","31","23408","0.29","2.60e-1","1.00e+0","2.25","1.00e+0","1.00e+0","9.87e-2","ENSDARG00000032737,ENSDARG00000098667,ENSDARG00000070511,ENSDARG00000077560"
"86","0.56","SMART","Lig_chan-Glu_bd","4","772","31","13267","0.29","2.68e-1","1.00e+0","2.22","1.00e+0","1.00e+0","1.03e-1","ENSDARG00000032737,ENSDARG00000098667,ENSDARG00000070511,ENSDARG00000077560"
"86","0.56","SMART","PBPe","4","772","31","13267","0.29","2.68e-1","1.00e+0","2.22","1.00e+0","1.00e+0","1.03e-1","ENSDARG00000032737,ENSDARG00000098667,ENSDARG00000070511,ENSDARG00000077560"
"86","0.56","GOTERM_MF_DIRECT","transmitter-gated monoatomic ion channel activity involved in regulation of postsynaptic membrane potential","5","1186","47","21154","0.36","2.69e-1","1.00e+0","1.90","1.00e+0","1.00e+0","1.22e-1","ENSDARG00000032737,ENSDARG00000098667,ENSDARG00000070511,ENSDARG00000037427,ENSDARG00000077560"
"86","0.56","UP_SEQ_FEATURE","DOMAIN:Ionotropic glutamate receptor C-terminal","4","1250","31","21277","0.29","2.73e-1","1.00e+0","2.20","1.00e+0","1.00e+0","1.06e-1","ENSDARG00000032737,ENSDARG00000098667,ENSDARG00000070511,ENSDARG00000077560"
"86","0.56","UP_SEQ_FEATURE","DOMAIN:Ionotropic glutamate receptor L-glutamate and glycine-binding","4","1250","31","21277","0.29","2.73e-1","1.00e+0","2.20","1.00e+0","1.00e+0","1.06e-1","ENSDARG00000032737,ENSDARG00000098667,ENSDARG00000070511,ENSDARG00000077560"
"86","0.56","GOTERM_CC_DIRECT","postsynaptic density membrane","7","1261","91","22190","0.51","4.14e-1","1.00e+0","1.35","1.00e+0","9.93e-1","2.59e-1","ENSDARG00000032737,ENSDARG00000098667,ENSDARG00000014792,ENSDARG00000070511,ENSDARG00000031049,ENSDARG00000077465,ENSDARG00000077560"
"86","0.56","GOTERM_BP_DIRECT","modulation of chemical synaptic transmission","4","1221","59","20756","0.29","6.82e-1","1.00e+0","1.15","1.00e+0","1.00e+0","4.60e-1","ENSDARG00000032737,ENSDARG00000098667,ENSDARG00000070511,ENSDARG00000011545"
"86","0.56","INTERPRO","ANF_lig-bd_rcpt","5","1340","113","23408","0.36","8.93e-1","1.00e+0","0.77","1.00e+0","1.00e+0","7.82e-1","ENSDARG00000032737,ENSDARG00000007195,ENSDARG00000098667,ENSDARG00000006341,ENSDARG00000077560"
"86","0.56","INTERPRO","Peripla_BP_I","5","1340","115","23408","0.36","9.01e-1","1.00e+0","0.76","1.00e+0","1.00e+0","7.94e-1","ENSDARG00000032737,ENSDARG00000007195,ENSDARG00000098667,ENSDARG00000006341,ENSDARG00000077560"
"87","0.55","UP_SEQ_FEATURE","REPEAT:ANK","17","1250","215","21277","1.23","1.97e-1","1.00e+0","1.35","1.00e+0","1.00e+0","1.31e-1","ENSDARG00000076566,ENSDARG00000003822,ENSDARG00000003157,ENSDARG00000074777,ENSDARG00000021896,ENSDARG00000039974,ENSDARG00000059473,ENSDARG00000016699,ENSDARG00000103609,ENSDARG00000076192,ENSDARG00000007693,ENSDARG00000009136,ENSDARG00000002917,ENSDARG00000057159,ENSDARG00000068367,ENSDARG00000098916,ENSDARG00000102325"
"87","0.55","SMART","ANK","18","772","254","13267","1.31","3.07e-1","1.00e+0","1.22","1.00e+0","1.00e+0","2.24e-1","ENSDARG00000076566,ENSDARG00000003822,ENSDARG00000003157,ENSDARG00000074777,ENSDARG00000021896,ENSDARG00000025866,ENSDARG00000039974,ENSDARG00000059473,ENSDARG00000016699,ENSDARG00000103609,ENSDARG00000076192,ENSDARG00000007693,ENSDARG00000009136,ENSDARG00000002917,ENSDARG00000057159,ENSDARG00000068367,ENSDARG00000098916,ENSDARG00000102325"
"87","0.55","INTERPRO","Ankyrin_rpt","18","1340","259","23408","1.31","3.09e-1","1.00e+0","1.21","1.00e+0","1.00e+0","2.27e-1","ENSDARG00000076566,ENSDARG00000003822,ENSDARG00000003157,ENSDARG00000074777,ENSDARG00000021896,ENSDARG00000025866,ENSDARG00000039974,ENSDARG00000059473,ENSDARG00000016699,ENSDARG00000103609,ENSDARG00000076192,ENSDARG00000007693,ENSDARG00000009136,ENSDARG00000002917,ENSDARG00000057159,ENSDARG00000068367,ENSDARG00000098916,ENSDARG00000102325"
"87","0.55","INTERPRO","Ankyrin_rpt-contain_sf","18","1340","265","23408","1.31","3.43e-1","1.00e+0","1.19","1.00e+0","1.00e+0","2.55e-1","ENSDARG00000076566,ENSDARG00000003822,ENSDARG00000003157,ENSDARG00000074777,ENSDARG00000021896,ENSDARG00000025866,ENSDARG00000039974,ENSDARG00000059473,ENSDARG00000016699,ENSDARG00000103609,ENSDARG00000076192,ENSDARG00000007693,ENSDARG00000009136,ENSDARG00000002917,ENSDARG00000057159,ENSDARG00000068367,ENSDARG00000098916,ENSDARG00000102325"
"88","0.55","GOTERM_BP_DIRECT","regulation of primary metabolic process","7","1221","43","20756","0.51","3.86e-2","1.00e+0","2.77","1.00e+0","1.00e+0","1.20e-2","ENSDARG00000102418,ENSDARG00000009594,ENSDARG00000031161,ENSDARG00000034013,ENSDARG00000078574,ENSDARG00000058868,ENSDARG00000059370"
"88","0.55","GOTERM_MF_DIRECT","nuclear steroid receptor activity","4","1186","23","21154","0.29","1.35e-1","1.00e+0","3.10","1.00e+0","1.00e+0","3.71e-2","ENSDARG00000011696,ENSDARG00000100462,ENSDARG00000069266,ENSDARG00000057737"
"88","0.55","GOTERM_BP_DIRECT","intracellular receptor signaling pathway","3","1221","16","20756","0.22","2.42e-1","1.00e+0","3.19","1.00e+0","1.00e+0","6.41e-2","ENSDARG00000009594,ENSDARG00000031161,ENSDARG00000059370"
"88","0.55","GOTERM_BP_DIRECT","hormone-mediated signaling pathway","4","1221","30","20756","0.29","2.57e-1","1.00e+0","2.27","1.00e+0","1.00e+0","9.70e-2","ENSDARG00000006868,ENSDARG00000009594,ENSDARG00000031161,ENSDARG00000059370"
"88","0.55","INTERPRO","Nuclear_hormone_rcpt_NR1","3","1340","19","23408","0.22","2.97e-1","1.00e+0","2.76","1.00e+0","1.00e+0","9.15e-2","ENSDARG00000009594,ENSDARG00000031161,ENSDARG00000059370"
"88","0.55","INTERPRO","Znf_NHR/GATA","7","1340","80","23408","0.51","3.08e-1","1.00e+0","1.53","1.00e+0","1.00e+0","1.73e-1","ENSDARG00000013477,ENSDARG00000009594,ENSDARG00000011696,ENSDARG00000031161,ENSDARG00000069266,ENSDARG00000057737,ENSDARG00000059370"
"88","0.55","UP_SEQ_FEATURE","DOMAIN:Nuclear receptor","6","1250","63","21277","0.44","3.10e-1","1.00e+0","1.62","1.00e+0","1.00e+0","1.64e-1","ENSDARG00000009594,ENSDARG00000011696,ENSDARG00000031161,ENSDARG00000069266,ENSDARG00000057737,ENSDARG00000059370"
"88","0.55","INTERPRO","Znf_hrmn_rcpt","6","1340","70","23408","0.44","3.72e-1","1.00e+0","1.50","1.00e+0","1.00e+0","2.11e-1","ENSDARG00000009594,ENSDARG00000011696,ENSDARG00000031161,ENSDARG00000069266,ENSDARG00000057737,ENSDARG00000059370"
"88","0.55","SMART","ZnF_C4","6","772","70","13267","0.44","3.85e-1","1.00e+0","1.47","1.00e+0","1.00e+0","2.21e-1","ENSDARG00000009594,ENSDARG00000011696,ENSDARG00000031161,ENSDARG00000069266,ENSDARG00000057737,ENSDARG00000059370"
"88","0.55","INTERPRO","Nuclear_hrmn_rcpt","6","1340","72","23408","0.44","3.95e-1","1.00e+0","1.46","1.00e+0","1.00e+0","2.30e-1","ENSDARG00000009594,ENSDARG00000011696,ENSDARG00000031161,ENSDARG00000069266,ENSDARG00000057737,ENSDARG00000059370"
"88","0.55","GOTERM_MF_DIRECT","nuclear receptor activity","6","1186","74","21154","0.44","4.00e-1","1.00e+0","1.45","1.00e+0","1.00e+0","2.34e-1","ENSDARG00000009594,ENSDARG00000011696,ENSDARG00000031161,ENSDARG00000069266,ENSDARG00000057737,ENSDARG00000059370"
"88","0.55","INTERPRO","NHR-like_dom_sf","6","1340","73","23408","0.44","4.06e-1","1.00e+0","1.44","1.00e+0","1.00e+0","2.39e-1","ENSDARG00000009594,ENSDARG00000011696,ENSDARG00000031161,ENSDARG00000069266,ENSDARG00000057737,ENSDARG00000059370"
"88","0.55","INTERPRO","Nucl_hrmn_rcpt_lig-bd","6","1340","73","23408","0.44","4.06e-1","1.00e+0","1.44","1.00e+0","1.00e+0","2.39e-1","ENSDARG00000009594,ENSDARG00000011696,ENSDARG00000031161,ENSDARG00000069266,ENSDARG00000057737,ENSDARG00000059370"
"88","0.55","SMART","HOLI","6","772","73","13267","0.44","4.20e-1","1.00e+0","1.41","1.00e+0","1.00e+0","2.51e-1","ENSDARG00000009594,ENSDARG00000011696,ENSDARG00000031161,ENSDARG00000069266,ENSDARG00000057737,ENSDARG00000059370"
"88","0.55","UP_SEQ_FEATURE","DOMAIN:NR LBD","6","1250","73","21277","0.44","4.28e-1","1.00e+0","1.40","1.00e+0","1.00e+0","2.58e-1","ENSDARG00000009594,ENSDARG00000011696,ENSDARG00000031161,ENSDARG00000069266,ENSDARG00000057737,ENSDARG00000059370"
"89","0.54","GOTERM_CC_DIRECT","peroxisome","10","1261","101","22190","0.73","1.20e-1","1.00e+0","1.74","1.00e+0","9.93e-1","6.10e-2","ENSDARG00000052567,ENSDARG00000016545,ENSDARG00000041511,ENSDARG00000021398,ENSDARG00000027992,ENSDARG00000108937,ENSDARG00000004891,ENSDARG00000102412,ENSDARG00000055064,ENSDARG00000056609"
"89","0.54","GOTERM_CC_DIRECT","peroxisomal membrane","4","1261","42","22190","0.29","4.29e-1","1.00e+0","1.68","1.00e+0","9.93e-1","2.15e-1","ENSDARG00000052567,ENSDARG00000041511,ENSDARG00000004891,ENSDARG00000056609"
"89","0.54","UP_KW_CELLULAR_COMPONENT","Peroxisome","6","977","75","16344","0.44","4.67e-1","1.00e+0","1.34","1.00e+0","9.27e-1","2.91e-1","ENSDARG00000052567,ENSDARG00000016545,ENSDARG00000041511,ENSDARG00000108937,ENSDARG00000102412,ENSDARG00000056609"
"90","0.53","UP_SEQ_FEATURE","DOMAIN:Arrestin C-terminal-like","3","1250","17","21277","0.22","2.63e-1","1.00e+0","3.00","1.00e+0","1.00e+0","7.43e-2","ENSDARG00000056511,ENSDARG00000052690,ENSDARG00000011545"
"90","0.53","INTERPRO","Arrestin_C-like","3","1340","18","23408","0.22","2.75e-1","1.00e+0","2.91","1.00e+0","1.00e+0","8.04e-2","ENSDARG00000056511,ENSDARG00000052690,ENSDARG00000011545"
"90","0.53","SMART","Arrestin_C","3","772","18","13267","0.22","2.82e-1","1.00e+0","2.86","1.00e+0","1.00e+0","8.35e-2","ENSDARG00000056511,ENSDARG00000052690,ENSDARG00000011545"
"90","0.53","INTERPRO","Arrestin-like_N","3","1340","19","23408","0.22","2.97e-1","1.00e+0","2.76","1.00e+0","1.00e+0","9.15e-2","ENSDARG00000056511,ENSDARG00000052690,ENSDARG00000011545"
"90","0.53","INTERPRO","Arrestin-like_C","3","1340","22","23408","0.22","3.61e-1","1.00e+0","2.38","1.00e+0","1.00e+0","1.28e-1","ENSDARG00000056511,ENSDARG00000052690,ENSDARG00000011545"
"91","0.52","SMART","LH2","3","772","18","13267","0.22","2.82e-1","1.00e+0","2.86","1.00e+0","1.00e+0","8.35e-2","ENSDARG00000031044,ENSDARG00000034667,ENSDARG00000069463"
"91","0.52","UP_SEQ_FEATURE","DOMAIN:PLAT","3","1250","18","21277","0.22","2.86e-1","1.00e+0","2.84","1.00e+0","1.00e+0","8.54e-2","ENSDARG00000031044,ENSDARG00000034667,ENSDARG00000069463"
"91","0.52","INTERPRO","PLAT/LH2_dom","3","1340","20","23408","0.22","3.19e-1","1.00e+0","2.62","1.00e+0","1.00e+0","1.03e-1","ENSDARG00000031044,ENSDARG00000034667,ENSDARG00000069463"
"91","0.52","INTERPRO","PLAT/LH2_dom_sf","3","1340","20","23408","0.22","3.19e-1","1.00e+0","2.62","1.00e+0","1.00e+0","1.03e-1","ENSDARG00000031044,ENSDARG00000034667,ENSDARG00000069463"
"92","0.52","INTERPRO","PLC-like_Pdiesterase_TIM-brl","5","1340","40","23408","0.36","1.94e-1","1.00e+0","2.18","1.00e+0","1.00e+0","7.65e-2","ENSDARG00000073870,ENSDARG00000040684,ENSDARG00000087921,ENSDARG00000068246,ENSDARG00000077284"
"92","0.52","UP_SEQ_FEATURE","DOMAIN:PI-PLC Y-box","3","1250","16","21277","0.22","2.41e-1","1.00e+0","3.19","1.00e+0","1.00e+0","6.39e-2","ENSDARG00000040684,ENSDARG00000087921,ENSDARG00000068246"
"92","0.52","INTERPRO","PI-PLC_fam","3","1340","17","23408","0.22","2.54e-1","1.00e+0","3.08","1.00e+0","1.00e+0","6.98e-2","ENSDARG00000040684,ENSDARG00000087921,ENSDARG00000068246"
"92","0.52","INTERPRO","PLipase_C_Pinositol-sp_Y","3","1340","17","23408","0.22","2.54e-1","1.00e+0","3.08","1.00e+0","1.00e+0","6.98e-2","ENSDARG00000040684,ENSDARG00000087921,ENSDARG00000068246"
"92","0.52","SMART","PLCYc","3","772","17","13267","0.22","2.60e-1","1.00e+0","3.03","1.00e+0","1.00e+0","7.26e-2","ENSDARG00000040684,ENSDARG00000087921,ENSDARG00000068246"
"92","0.52","GOTERM_MF_DIRECT","phosphoric diester hydrolase activity","8","1186","93","21154","0.58","2.65e-1","1.00e+0","1.53","1.00e+0","1.00e+0","1.50e-1","ENSDARG00000011671,ENSDARG00000098226,ENSDARG00000073870,ENSDARG00000040684,ENSDARG00000087921,ENSDARG00000068246,ENSDARG00000077284,ENSDARG00000003841"
"92","0.52","GOTERM_BP_DIRECT","lipid catabolic process","8","1221","97","20756","0.58","3.44e-1","1.00e+0","1.40","1.00e+0","1.00e+0","2.11e-1","ENSDARG00000018529,ENSDARG00000040684,ENSDARG00000087921,ENSDARG00000031044,ENSDARG00000068246,ENSDARG00000008832,ENSDARG00000017141,ENSDARG00000102176"
"92","0.52","GOTERM_MF_DIRECT","phosphatidylinositol-4,5-bisphosphate phospholipase C activity","3","1186","23","21154","0.22","3.72e-1","1.00e+0","2.33","1.00e+0","1.00e+0","1.36e-1","ENSDARG00000040684,ENSDARG00000087921,ENSDARG00000068246"
"92","0.52","SMART","PLCXc","3","772","29","13267","0.22","5.09e-1","1.00e+0","1.78","1.00e+0","1.00e+0","2.37e-1","ENSDARG00000040684,ENSDARG00000087921,ENSDARG00000068246"
"92","0.52","INTERPRO","PLipase_C_PInositol-sp_X_dom","3","1340","30","23408","0.22","5.18e-1","1.00e+0","1.75","1.00e+0","1.00e+0","2.45e-1","ENSDARG00000040684,ENSDARG00000087921,ENSDARG00000068246"
"93","0.51","INTERPRO","FOX_domain-containing","4","1340","30","23408","0.29","2.45e-1","1.00e+0","2.33","1.00e+0","1.00e+0","8.98e-2","ENSDARG00000071394,ENSDARG00000058133,ENSDARG00000003411,ENSDARG00000086055"
"93","0.51","GOTERM_BP_DIRECT","tissue development","8","1221","87","20756","0.58","2.50e-1","1.00e+0","1.56","1.00e+0","1.00e+0","1.39e-1","ENSDARG00000071560,ENSDARG00000014973,ENSDARG00000071394,ENSDARG00000058133,ENSDARG00000003411,ENSDARG00000100631,ENSDARG00000061260,ENSDARG00000086055"
"93","0.51","INTERPRO","TF_fork_head_CS_2","6","1340","63","23408","0.44","2.92e-1","1.00e+0","1.66","1.00e+0","1.00e+0","1.51e-1","ENSDARG00000071394,ENSDARG00000058133,ENSDARG00000003411,ENSDARG00000055792,ENSDARG00000086055,ENSDARG00000076120"
"93","0.51","UP_SEQ_FEATURE","DNA_BIND:Fork-head","6","1250","64","21277","0.44","3.22e-1","1.00e+0","1.60","1.00e+0","1.00e+0","1.73e-1","ENSDARG00000071394,ENSDARG00000058133,ENSDARG00000003411,ENSDARG00000055792,ENSDARG00000086055,ENSDARG00000076120"
"93","0.51","INTERPRO","Fork_head_dom","6","1340","66","23408","0.44","3.26e-1","1.00e+0","1.59","1.00e+0","1.00e+0","1.76e-1","ENSDARG00000071394,ENSDARG00000058133,ENSDARG00000003411,ENSDARG00000055792,ENSDARG00000086055,ENSDARG00000076120"
"93","0.51","SMART","FH","6","772","66","13267","0.44","3.38e-1","1.00e+0","1.56","1.00e+0","1.00e+0","1.85e-1","ENSDARG00000071394,ENSDARG00000058133,ENSDARG00000003411,ENSDARG00000055792,ENSDARG00000086055,ENSDARG00000076120"
"93","0.51","UP_SEQ_FEATURE","DOMAIN:Fork-head","5","1250","54","21277","0.36","3.92e-1","1.00e+0","1.58","1.00e+0","1.00e+0","2.10e-1","ENSDARG00000071394,ENSDARG00000058133,ENSDARG00000055792,ENSDARG00000086055,ENSDARG00000076120"
"94","0.51","UP_SEQ_FEATURE","DOMAIN:RRM 1","5","1250","23","21277","0.36","4.28e-2","1.00e+0","3.70","1.00e+0","1.00e+0","9.61e-3","ENSDARG00000008032,ENSDARG00000010266,ENSDARG00000034668,ENSDARG00000056475,ENSDARG00000045639"
"94","0.51","UP_SEQ_FEATURE","DOMAIN:RRM 2","5","1250","23","21277","0.36","4.28e-2","1.00e+0","3.70","1.00e+0","1.00e+0","9.61e-3","ENSDARG00000008032,ENSDARG00000010266,ENSDARG00000034668,ENSDARG00000056475,ENSDARG00000045639"
"94","0.51","INTERPRO","RBD_domain_sf","19","1340","279","23408","1.38","3.28e-1","1.00e+0","1.19","1.00e+0","1.00e+0","2.45e-1","ENSDARG00000053810,ENSDARG00000025397,ENSDARG00000002968,ENSDARG00000004343,ENSDARG00000056475,ENSDARG00000055076,ENSDARG00000063626,ENSDARG00000045639,ENSDARG00000059351,ENSDARG00000000489,ENSDARG00000008032,ENSDARG00000011564,ENSDARG00000010266,ENSDARG00000006395,ENSDARG00000100815,ENSDARG00000059259,ENSDARG00000007045,ENSDARG00000034668,ENSDARG00000032623,ENSDARG00000012723"
"94","0.51","GOTERM_MF_DIRECT","RNA binding","48","1186","822","21154","3.49","4.54e-1","1.00e+0","1.04","1.00e+0","1.00e+0","4.00e-1","ENSDARG00000079029,ENSDARG00000029003,ENSDARG00000077523,ENSDARG00000098669,ENSDARG00000005078,ENSDARG00000013382,ENSDARG00000002968,ENSDARG00000004343,ENSDARG00000100558,ENSDARG00000037675,ENSDARG00000018914,ENSDARG00000011564,ENSDARG00000100114,ENSDARG00000004735,ENSDARG00000045562,ENSDARG00000059351,ENSDARG00000041402,ENSDARG00000006395,ENSDARG00000059357,ENSDARG00000007045,ENSDARG00000025174,ENSDARG00000063050,ENSDARG00000053810,ENSDARG00000055076,ENSDARG00000062206,ENSDARG00000115987,ENSDARG00000005699,ENSDARG00000045639,ENSDARG00000000489,ENSDARG00000100815,ENSDARG00000034668,ENSDARG00000070822,ENSDARG00000044182,ENSDARG00000052511,ENSDARG00000055868,ENSDARG00000053963,ENSDARG00000019230,ENSDARG00000025397,ENSDARG00000056475,ENSDARG00000063626,ENSDARG00000034291,ENSDARG00000016447,ENSDARG00000008032,ENSDARG00000010266,ENSDARG00000059259,ENSDARG00000034897,ENSDARG00000030335,ENSDARG00000076815,ENSDARG00000012723"
"94","0.51","INTERPRO","Nucleotide-bd_a/b_plait_sf","18","1340","286","23408","1.31","4.59e-1","1.00e+0","1.10","1.00e+0","1.00e+0","3.67e-1","ENSDARG00000053810,ENSDARG00000025397,ENSDARG00000002968,ENSDARG00000004343,ENSDARG00000056475,ENSDARG00000055076,ENSDARG00000045639,ENSDARG00000059351,ENSDARG00000000489,ENSDARG00000008032,ENSDARG00000011564,ENSDARG00000010266,ENSDARG00000006395,ENSDARG00000100815,ENSDARG00000059259,ENSDARG00000007045,ENSDARG00000034668,ENSDARG00000032623,ENSDARG00000012723"
"94","0.51","UP_SEQ_FEATURE","DOMAIN:RRM","15","1250","245","21277","1.09","5.81e-1","1.00e+0","1.04","1.00e+0","1.00e+0","4.73e-1","ENSDARG00000053810,ENSDARG00000025397,ENSDARG00000002968,ENSDARG00000004343,ENSDARG00000056475,ENSDARG00000045639,ENSDARG00000059351,ENSDARG00000008032,ENSDARG00000011564,ENSDARG00000010266,ENSDARG00000006395,ENSDARG00000100815,ENSDARG00000059259,ENSDARG00000007045,ENSDARG00000034668,ENSDARG00000012723"
"94","0.51","INTERPRO","RRM_dom","15","1340","253","23408","1.09","5.90e-1","1.00e+0","1.04","1.00e+0","1.00e+0","4.73e-1","ENSDARG00000053810,ENSDARG00000025397,ENSDARG00000002968,ENSDARG00000004343,ENSDARG00000056475,ENSDARG00000045639,ENSDARG00000059351,ENSDARG00000008032,ENSDARG00000011564,ENSDARG00000010266,ENSDARG00000006395,ENSDARG00000100815,ENSDARG00000059259,ENSDARG00000007045,ENSDARG00000034668,ENSDARG00000012723"
"94","0.51","SMART","RRM","14","772","236","13267","1.02","6.20e-1","1.00e+0","1.02","1.00e+0","1.00e+0","5.10e-1","ENSDARG00000053810,ENSDARG00000025397,ENSDARG00000002968,ENSDARG00000004343,ENSDARG00000056475,ENSDARG00000045639,ENSDARG00000059351,ENSDARG00000008032,ENSDARG00000011564,ENSDARG00000010266,ENSDARG00000006395,ENSDARG00000100815,ENSDARG00000059259,ENSDARG00000034668,ENSDARG00000012723"
"94","0.51","GOTERM_MF_DIRECT","nucleic acid binding","31","1186","690","21154","2.25","9.43e-1","1.00e+0","0.80","1.00e+0","1.00e+0","9.19e-1","ENSDARG00000053810,ENSDARG00000012927,ENSDARG00000098669,ENSDARG00000002968,ENSDARG00000004343,ENSDARG00000055076,ENSDARG00000062206,ENSDARG00000005699,ENSDARG00000045639,ENSDARG00000000489,ENSDARG00000037675,ENSDARG00000100536,ENSDARG00000018914,ENSDARG00000011564,ENSDARG00000100815,ENSDARG00000034668,ENSDARG00000100114,ENSDARG00000032623,ENSDARG00000052511,ENSDARG00000026986,ENSDARG00000025397,ENSDARG00000056475,ENSDARG00000036394,ENSDARG00000063626,ENSDARG00000059351,ENSDARG00000005789,ENSDARG00000008032,ENSDARG00000010266,ENSDARG00000006395,ENSDARG00000059259,ENSDARG00000007045,ENSDARG00000012723"
"95","0.51","INTERPRO","Bcl-2_BH1-3","3","1340","14","23408","0.22","1.89e-1","1.00e+0","3.74","1.00e+0","1.00e+0","4.24e-2","ENSDARG00000089109,ENSDARG00000062370,ENSDARG00000008434"
"95","0.51","INTERPRO","Bcl-2-like_sf","3","1340","17","23408","0.22","2.54e-1","1.00e+0","3.08","1.00e+0","1.00e+0","6.98e-2","ENSDARG00000089109,ENSDARG00000062370,ENSDARG00000008434"
"95","0.51","GOTERM_BP_DIRECT","regulation of apoptotic process","8","1221","127","20756","0.58","6.24e-1","1.00e+0","1.07","1.00e+0","1.00e+0","4.73e-1","ENSDARG00000037675,ENSDARG00000018914,ENSDARG00000009136,ENSDARG00000089109,ENSDARG00000062370,ENSDARG00000008434,ENSDARG00000060688,ENSDARG00000101036"
"96","0.48","INTERPRO","MT-severing_AAA_ATPase","3","1340","9","23408","0.22","9.01e-2","1.00e+0","5.82","1.00e+0","1.00e+0","1.21e-2","ENSDARG00000008662,ENSDARG00000057062,ENSDARG00000069175"
"96","0.48","INTERPRO","ATPase_AAA_core","6","1340","55","23408","0.44","2.05e-1","1.00e+0","1.91","1.00e+0","1.00e+0","9.33e-2","ENSDARG00000008662,ENSDARG00000079651,ENSDARG00000104401,ENSDARG00000056609,ENSDARG00000057062,ENSDARG00000069175"
"96","0.48","INTERPRO","ATPase_AAA_CS","4","1340","30","23408","0.29","2.45e-1","1.00e+0","2.33","1.00e+0","1.00e+0","8.98e-2","ENSDARG00000079651,ENSDARG00000104401,ENSDARG00000056609,ENSDARG00000069175"
"96","0.48","INTERPRO","AAA_lid_3","4","1340","30","23408","0.29","2.45e-1","1.00e+0","2.33","1.00e+0","1.00e+0","8.98e-2","ENSDARG00000079651,ENSDARG00000104401,ENSDARG00000056609,ENSDARG00000069175"
"96","0.48","UP_SEQ_FEATURE","DOMAIN:AAA+ ATPase","6","1250","59","21277","0.44","2.64e-1","1.00e+0","1.73","1.00e+0","1.00e+0","1.32e-1","ENSDARG00000008662,ENSDARG00000079651,ENSDARG00000104401,ENSDARG00000056609,ENSDARG00000057062,ENSDARG00000069175"
"96","0.48","GOTERM_MF_DIRECT","ATP hydrolysis activity","18","1186","330","21154","1.31","6.74e-1","1.00e+0","0.97","1.00e+0","1.00e+0","5.83e-1","ENSDARG00000044491,ENSDARG00000079308,ENSDARG00000115869,ENSDARG00000104450,ENSDARG00000076228,ENSDARG00000021252,ENSDARG00000079651,ENSDARG00000005236,ENSDARG00000057062,ENSDARG00000060978,ENSDARG00000040984,ENSDARG00000008662,ENSDARG00000063475,ENSDARG00000017244,ENSDARG00000104401,ENSDARG00000056609,ENSDARG00000062040,ENSDARG00000069175"
"96","0.48","INTERPRO","AAA+_ATPase","7","1340","155","23408","0.51","8.84e-1","1.00e+0","0.79","1.00e+0","1.00e+0","7.90e-1","ENSDARG00000008662,ENSDARG00000063475,ENSDARG00000079651,ENSDARG00000104401,ENSDARG00000056609,ENSDARG00000057062,ENSDARG00000069175"
"96","0.48","SMART","AAA","7","772","155","13267","0.51","8.93e-1","1.00e+0","0.78","1.00e+0","1.00e+0","8.05e-1","ENSDARG00000008662,ENSDARG00000063475,ENSDARG00000079651,ENSDARG00000104401,ENSDARG00000056609,ENSDARG00000057062,ENSDARG00000069175"
"97","0.47","GOTERM_MF_DIRECT","ATPase-coupled intramembrane lipid carrier activity","3","1186","19","21154","0.22","2.88e-1","1.00e+0","2.82","1.00e+0","1.00e+0","8.72e-2","ENSDARG00000115869,ENSDARG00000104450,ENSDARG00000062040"
"97","0.47","GOTERM_BP_DIRECT","phospholipid transport","4","1221","33","20756","0.29","3.06e-1","1.00e+0","2.06","1.00e+0","1.00e+0","1.27e-1","ENSDARG00000115869,ENSDARG00000104495,ENSDARG00000104450,ENSDARG00000062040"
"97","0.47","GOTERM_BP_DIRECT","phospholipid translocation","3","1221","25","20756","0.22","4.37e-1","1.00e+0","2.04","1.00e+0","1.00e+0","1.80e-1","ENSDARG00000115869,ENSDARG00000104450,ENSDARG00000062040"
"98","0.45","INTERPRO","Tetraspanin/Peripherin","6","1340","52","23408","0.44","1.75e-1","1.00e+0","2.02","1.00e+0","1.00e+0","7.54e-2","ENSDARG00000039455,ENSDARG00000019752,ENSDARG00000070479,ENSDARG00000055938,ENSDARG00000022437,ENSDARG00000086033"
"98","0.45","INTERPRO","Tetraspanin_EC2_sf","5","1340","49","23408","0.36","3.07e-1","1.00e+0","1.78","1.00e+0","1.00e+0","1.47e-1","ENSDARG00000039455,ENSDARG00000019752,ENSDARG00000055938,ENSDARG00000022437,ENSDARG00000086033"
"98","0.45","INTERPRO","Tetraspanin_CS","3","1340","23","23408","0.22","3.82e-1","1.00e+0","2.28","1.00e+0","1.00e+0","1.42e-1","ENSDARG00000055938,ENSDARG00000022437,ENSDARG00000086033"
"98","0.45","INTERPRO","Tetraspanin_animals","4","1340","41","23408","0.29","4.19e-1","1.00e+0","1.70","1.00e+0","1.00e+0","2.06e-1","ENSDARG00000039455,ENSDARG00000055938,ENSDARG00000022437,ENSDARG00000086033"
"98","0.45","PIR_SUPERFAMILY","Tetraspanin","4","153","41","1890","0.29","6.54e-1","1.00e+0","1.21","1.00e+0","1.00e+0","4.27e-1","ENSDARG00000039455,ENSDARG00000055938,ENSDARG00000022437,ENSDARG00000086033"
"99","0.45","GOTERM_MF_DIRECT","translation initiation factor activity","7","1186","75","21154","0.51","2.43e-1","1.00e+0","1.66","1.00e+0","1.00e+0","1.27e-1","ENSDARG00000014004,ENSDARG00000029003,ENSDARG00000101061,ENSDARG00000041397,ENSDARG00000016177,ENSDARG00000005078,ENSDARG00000076815"
"99","0.45","GOTERM_BP_DIRECT","translational initiation","7","1221","75","20756","0.51","2.78e-1","1.00e+0","1.59","1.00e+0","1.00e+0","1.51e-1","ENSDARG00000014004,ENSDARG00000029003,ENSDARG00000101061,ENSDARG00000041397,ENSDARG00000016177,ENSDARG00000005078,ENSDARG00000076815"
"99","0.45","UP_KW_BIOLOGICAL_PROCESS","Protein biosynthesis","11","508","142","8466","0.80","3.45e-1","1.00e+0","1.29","1.00e+0","9.90e-1","2.32e-1","ENSDARG00000105210,ENSDARG00000014004,ENSDARG00000006251,ENSDARG00000101061,ENSDARG00000071774,ENSDARG00000041397,ENSDARG00000016177,ENSDARG00000005078,ENSDARG00000056475,ENSDARG00000004343,ENSDARG00000076815"
"99","0.45","GOTERM_BP_DIRECT","translation","19","1221","297","20756","1.38","4.89e-1","1.00e+0","1.09","1.00e+0","1.00e+0","3.93e-1","ENSDARG00000105210,ENSDARG00000012927,ENSDARG00000029500,ENSDARG00000029003,ENSDARG00000101061,ENSDARG00000071774,ENSDARG00000005078,ENSDARG00000004343,ENSDARG00000056475,ENSDARG00000000568,ENSDARG00000034291,ENSDARG00000014004,ENSDARG00000006251,ENSDARG00000035860,ENSDARG00000041397,ENSDARG00000016177,ENSDARG00000054818,ENSDARG00000103198,ENSDARG00000076815"
"99","0.45","UP_KW_MOLECULAR_FUNCTION","Initiation factor","4","708","44","11803","0.29","4.96e-1","1.00e+0","1.52","1.00e+0","1.00e+0","2.70e-1","ENSDARG00000101061,ENSDARG00000016177,ENSDARG00000005078,ENSDARG00000076815"
"100","0.45","GOTERM_BP_DIRECT","mesoderm development","5","1221","41","20756","0.36","2.19e-1","1.00e+0","2.07","1.00e+0","1.00e+0","9.10e-2","ENSDARG00000088048,ENSDARG00000115868,ENSDARG00000018693,ENSDARG00000058115,ENSDARG00000011190"
"100","0.45","GOTERM_BP_DIRECT","fibroblast growth factor receptor signaling pathway","5","1221","45","20756","0.36","2.71e-1","1.00e+0","1.89","1.00e+0","1.00e+0","1.23e-1","ENSDARG00000088048,ENSDARG00000078688,ENSDARG00000058115,ENSDARG00000069105,ENSDARG00000011190"
"100","0.45","GOTERM_BP_DIRECT","positive regulation of MAPK cascade","5","1221","88","20756","0.36","7.68e-1","1.00e+0","0.97","1.00e+0","1.00e+0","5.96e-1","ENSDARG00000088048,ENSDARG00000039218,ENSDARG00000058115,ENSDARG00000016981,ENSDARG00000011190"
"101","0.45","SMART","PTB","5","772","49","13267","0.36","3.17e-1","1.00e+0","1.75","1.00e+0","1.00e+0","1.54e-1","ENSDARG00000014324,ENSDARG00000090675,ENSDARG00000102229,ENSDARG00000009610,ENSDARG00000004311"
"101","0.45","INTERPRO","PTB/PI_dom","5","1340","50","23408","0.36","3.20e-1","1.00e+0","1.75","1.00e+0","1.00e+0","1.56e-1","ENSDARG00000014324,ENSDARG00000090675,ENSDARG00000102229,ENSDARG00000009610,ENSDARG00000004311"
"101","0.45","UP_SEQ_FEATURE","DOMAIN:PID","4","1250","42","21277","0.29","4.51e-1","1.00e+0","1.62","1.00e+0","1.00e+0","2.32e-1","ENSDARG00000014324,ENSDARG00000090675,ENSDARG00000102229,ENSDARG00000004311"
"102","0.44","GOTERM_BP_DIRECT","intracellular signal transduction","40","1221","423","20756","2.90","3.70e-3","8.47e-1","1.61","9.99e-1","8.47e-1","2.15e-3","ENSDARG00000104153,ENSDARG00000026630,ENSDARG00000079742,ENSDARG00000022895,ENSDARG00000062745,ENSDARG00000060551,ENSDARG00000040684,ENSDARG00000030262,ENSDARG00000092039,ENSDARG00000015707,ENSDARG00000019345,ENSDARG00000018476,ENSDARG00000018516,ENSDARG00000060390,ENSDARG00000111612,ENSDARG00000028721,ENSDARG00000018382,ENSDARG00000028469,ENSDARG00000018165,ENSDARG00000074183,ENSDARG00000061725,ENSDARG00000060316,ENSDARG00000076480,ENSDARG00000086505,ENSDARG00000100717,ENSDARG00000020625,ENSDARG00000009626,ENSDARG00000041515,ENSDARG00000016623,ENSDARG00000104808,ENSDARG00000087921,ENSDARG00000040152,ENSDARG00000068246,ENSDARG00000019973,ENSDARG00000033444,ENSDARG00000071426,ENSDARG00000014348,ENSDARG00000063370,ENSDARG00000075949,ENSDARG00000090607"
"102","0.44","GOTERM_MF_DIRECT","transferase activity","147","1186","2148","21154","10.68","7.41e-3","9.01e-1","1.22","9.99e-1","9.01e-1","5.87e-3","ENSDARG00000026499,ENSDARG00000112898,ENSDARG00000045175,ENSDARG00000078258,ENSDARG00000077202,ENSDARG00000099199,ENSDARG00000023303,ENSDARG00000036584,ENSDARG00000100313,ENSDARG00000038881,ENSDARG00000102338,ENSDARG00000101407,ENSDARG00000087657,ENSDARG00000039335,ENSDARG00000018476,ENSDARG00000101482,ENSDARG00000011600,ENSDARG00000018516,ENSDARG00000094052,ENSDARG00000028721,ENSDARG00000074183,ENSDARG00000016460,ENSDARG00000112087,ENSDARG00000020602,ENSDARG00000076001,ENSDARG00000037140,ENSDARG00000042856,ENSDARG00000016623,ENSDARG00000100666,ENSDARG00000017799,ENSDARG00000012025,ENSDARG00000101595,ENSDARG00000040152,ENSDARG00000030871,ENSDARG00000019973,ENSDARG00000063330,ENSDARG00000102325,ENSDARG00000052527,ENSDARG00000019613,ENSDARG00000100388,ENSDARG00000105277,ENSDARG00000063050,ENSDARG00000075949,ENSDARG00000055518,ENSDARG00000052402,ENSDARG00000029621,ENSDARG00000019541,ENSDARG00000026630,ENSDARG00000006546,ENSDARG00000004402,ENSDARG00000100897,ENSDARG00000041511,ENSDARG00000068515,ENSDARG00000074903,ENSDARG00000012632,ENSDARG00000044295,ENSDARG00000070164,ENSDARG00000061725,ENSDARG00000093269,ENSDARG00000041616,ENSDARG00000004115,ENSDARG00000044615,ENSDARG00000018508,ENSDARG00000036831,ENSDARG00000014386,ENSDARG00000016048,ENSDARG00000068006,ENSDARG00000041068,ENSDARG00000003818,ENSDARG00000033444,ENSDARG00000005913,ENSDARG00000029689,ENSDARG00000104153,ENSDARG00000070213,ENSDARG00000075347,ENSDARG00000020475,ENSDARG00000027825,ENSDARG00000025766,ENSDARG00000009837,ENSDARG00000057481,ENSDARG00000013542,ENSDARG00000061345,ENSDARG00000031770,ENSDARG00000007496,ENSDARG00000069105,ENSDARG00000035578,ENSDARG00000059948,ENSDARG00000110709,ENSDARG00000019130,ENSDARG00000086505,ENSDARG00000006832,ENSDARG00000099143,ENSDARG00000006677,ENSDARG00000037062,ENSDARG00000037069,ENSDARG00000016545,ENSDARG00000016664,ENSDARG00000069630,ENSDARG00000041040,ENSDARG00000012745,ENSDARG00000089981,ENSDARG00000063370,ENSDARG00000007081,ENSDARG00000023840,ENSDARG00000060944,ENSDARG00000042518,ENSDARG00000010098,ENSDARG00000060551,ENSDARG00000041951,ENSDARG00000103609,ENSDARG00000069527,ENSDARG00000060797,ENSDARG00000030262,ENSDARG00000058115,ENSDARG00000061400,ENSDARG00000019345,ENSDARG00000103286,ENSDARG00000019746,ENSDARG00000060390,ENSDARG00000012953,ENSDARG00000111612,ENSDARG00000018382,ENSDARG00000028469,ENSDARG00000021398,ENSDARG00000052674,ENSDARG00000019113,ENSDARG00000040608,ENSDARG00000011190,ENSDARG00000023214,ENSDARG00000020625,ENSDARG00000099960,ENSDARG00000027813,ENSDARG00000104808,ENSDARG00000101139,ENSDARG00000038414,ENSDARG00000011233,ENSDARG00000102986,ENSDARG00000014222,ENSDARG00000034056,ENSDARG00000102229,ENSDARG00000032157,ENSDARG00000027495,ENSDARG00000012204,ENSDARG00000014348,ENSDARG00000070914,ENSDARG00000054848,ENSDARG00000036913"
"102","0.44","GOTERM_MF_DIRECT","kinase activity","66","1186","1001","21154","4.79","1.18e-1","1.00e+0","1.18","1.00e+0","1.00e+0","9.45e-2","ENSDARG00000026499,ENSDARG00000104153,ENSDARG00000070213,ENSDARG00000009837,ENSDARG00000100313,ENSDARG00000018476,ENSDARG00000069105,ENSDARG00000101482,ENSDARG00000011600,ENSDARG00000018516,ENSDARG00000094052,ENSDARG00000028721,ENSDARG00000019130,ENSDARG00000074183,ENSDARG00000086505,ENSDARG00000020602,ENSDARG00000076001,ENSDARG00000006677,ENSDARG00000037140,ENSDARG00000042856,ENSDARG00000016623,ENSDARG00000040152,ENSDARG00000019973,ENSDARG00000019613,ENSDARG00000105277,ENSDARG00000063370,ENSDARG00000075949,ENSDARG00000023840,ENSDARG00000029621,ENSDARG00000026630,ENSDARG00000006546,ENSDARG00000042518,ENSDARG00000060551,ENSDARG00000010098,ENSDARG00000100897,ENSDARG00000060797,ENSDARG00000030262,ENSDARG00000058115,ENSDARG00000019345,ENSDARG00000103286,ENSDARG00000060390,ENSDARG00000012953,ENSDARG00000111612,ENSDARG00000044295,ENSDARG00000018382,ENSDARG00000028469,ENSDARG00000052674,ENSDARG00000019113,ENSDARG00000061725,ENSDARG00000011190,ENSDARG00000023214,ENSDARG00000020625,ENSDARG00000044615,ENSDARG00000104808,ENSDARG00000102986,ENSDARG00000014222,ENSDARG00000102229,ENSDARG00000034056,ENSDARG00000068006,ENSDARG00000003818,ENSDARG00000032157,ENSDARG00000033444,ENSDARG00000012204,ENSDARG00000014348,ENSDARG00000070914,ENSDARG00000054848"
"102","0.44","GOTERM_BP_DIRECT","phosphorylation","66","1221","991","20756","4.79","1.93e-1","1.00e+0","1.13","1.00e+0","1.00e+0","1.66e-1","ENSDARG00000026499,ENSDARG00000104153,ENSDARG00000070213,ENSDARG00000009837,ENSDARG00000100313,ENSDARG00000018476,ENSDARG00000069105,ENSDARG00000101482,ENSDARG00000011600,ENSDARG00000018516,ENSDARG00000094052,ENSDARG00000028721,ENSDARG00000019130,ENSDARG00000074183,ENSDARG00000086505,ENSDARG00000020602,ENSDARG00000076001,ENSDARG00000006677,ENSDARG00000037140,ENSDARG00000042856,ENSDARG00000016623,ENSDARG00000040152,ENSDARG00000019973,ENSDARG00000019613,ENSDARG00000105277,ENSDARG00000063370,ENSDARG00000075949,ENSDARG00000023840,ENSDARG00000029621,ENSDARG00000026630,ENSDARG00000006546,ENSDARG00000042518,ENSDARG00000060551,ENSDARG00000010098,ENSDARG00000100897,ENSDARG00000060797,ENSDARG00000030262,ENSDARG00000058115,ENSDARG00000019345,ENSDARG00000103286,ENSDARG00000060390,ENSDARG00000012953,ENSDARG00000111612,ENSDARG00000044295,ENSDARG00000018382,ENSDARG00000028469,ENSDARG00000052674,ENSDARG00000019113,ENSDARG00000061725,ENSDARG00000011190,ENSDARG00000023214,ENSDARG00000020625,ENSDARG00000044615,ENSDARG00000104808,ENSDARG00000102986,ENSDARG00000014222,ENSDARG00000102229,ENSDARG00000034056,ENSDARG00000068006,ENSDARG00000003818,ENSDARG00000032157,ENSDARG00000033444,ENSDARG00000012204,ENSDARG00000014348,ENSDARG00000070914,ENSDARG00000054848"
"102","0.44","GOTERM_MF_DIRECT","protein kinase activity","44","1186","713","21154","3.20","3.32e-1","1.00e+0","1.10","1.00e+0","1.00e+0","2.68e-1","ENSDARG00000104153,ENSDARG00000026630,ENSDARG00000042518,ENSDARG00000060551,ENSDARG00000100897,ENSDARG00000030262,ENSDARG00000058115,ENSDARG00000069105,ENSDARG00000019345,ENSDARG00000018476,ENSDARG00000103286,ENSDARG00000011600,ENSDARG00000018516,ENSDARG00000060390,ENSDARG00000111612,ENSDARG00000019130,ENSDARG00000028721,ENSDARG00000018382,ENSDARG00000028469,ENSDARG00000079854,ENSDARG00000052674,ENSDARG00000061725,ENSDARG00000011190,ENSDARG00000086505,ENSDARG00000020602,ENSDARG00000020625,ENSDARG00000006677,ENSDARG00000044615,ENSDARG00000009626,ENSDARG00000016623,ENSDARG00000104808,ENSDARG00000102986,ENSDARG00000005141,ENSDARG00000014222,ENSDARG00000034056,ENSDARG00000040152,ENSDARG00000032157,ENSDARG00000019973,ENSDARG00000033444,ENSDARG00000012204,ENSDARG00000014348,ENSDARG00000063370,ENSDARG00000075949,ENSDARG00000054848"
"102","0.44","UP_KW_MOLECULAR_FUNCTION","Transferase","159","708","2570","11803","11.55","3.72e-1","1.00e+0","1.03","1.00e+0","1.00e+0","3.38e-1","ENSDARG00000026499,ENSDARG00000112898,ENSDARG00000045175,ENSDARG00000078258,ENSDARG00000079502,ENSDARG00000099199,ENSDARG00000062900,ENSDARG00000023303,ENSDARG00000036584,ENSDARG00000100313,ENSDARG00000038881,ENSDARG00000101407,ENSDARG00000087657,ENSDARG00000039335,ENSDARG00000018476,ENSDARG00000101482,ENSDARG00000011600,ENSDARG00000018516,ENSDARG00000002037,ENSDARG00000094052,ENSDARG00000028721,ENSDARG00000074183,ENSDARG00000016460,ENSDARG00000112087,ENSDARG00000020602,ENSDARG00000076001,ENSDARG00000037140,ENSDARG00000042856,ENSDARG00000016623,ENSDARG00000004291,ENSDARG00000100666,ENSDARG00000017799,ENSDARG00000012025,ENSDARG00000013990,ENSDARG00000007045,ENSDARG00000101595,ENSDARG00000040152,ENSDARG00000030871,ENSDARG00000019973,ENSDARG00000063330,ENSDARG00000102325,ENSDARG00000052527,ENSDARG00000019613,ENSDARG00000100388,ENSDARG00000105277,ENSDARG00000063050,ENSDARG00000075949,ENSDARG00000055518,ENSDARG00000029621,ENSDARG00000019541,ENSDARG00000026630,ENSDARG00000027564,ENSDARG00000004402,ENSDARG00000086222,ENSDARG00000100897,ENSDARG00000041511,ENSDARG00000068515,ENSDARG00000074903,ENSDARG00000012632,ENSDARG00000093381,ENSDARG00000044295,ENSDARG00000070164,ENSDARG00000061725,ENSDARG00000093269,ENSDARG00000041616,ENSDARG00000004115,ENSDARG00000044615,ENSDARG00000018508,ENSDARG00000036831,ENSDARG00000014386,ENSDARG00000016048,ENSDARG00000068006,ENSDARG00000041068,ENSDARG00000003818,ENSDARG00000108649,ENSDARG00000029596,ENSDARG00000068123,ENSDARG00000033444,ENSDARG00000029689,ENSDARG00000104153,ENSDARG00000054641,ENSDARG00000070213,ENSDARG00000075347,ENSDARG00000020475,ENSDARG00000027825,ENSDARG00000025766,ENSDARG00000009837,ENSDARG00000057481,ENSDARG00000013542,ENSDARG00000061345,ENSDARG00000031770,ENSDARG00000007496,ENSDARG00000069105,ENSDARG00000035578,ENSDARG00000013704,ENSDARG00000059948,ENSDARG00000110709,ENSDARG00000078989,ENSDARG00000019130,ENSDARG00000086505,ENSDARG00000006832,ENSDARG00000099143,ENSDARG00000006677,ENSDARG00000037062,ENSDARG00000017636,ENSDARG00000037069,ENSDARG00000016545,ENSDARG00000016664,ENSDARG00000069630,ENSDARG00000041040,ENSDARG00000061194,ENSDARG00000012745,ENSDARG00000101036,ENSDARG00000089981,ENSDARG00000063370,ENSDARG00000007081,ENSDARG00000023840,ENSDARG00000076218,ENSDARG00000060944,ENSDARG00000042518,ENSDARG00000010098,ENSDARG00000060551,ENSDARG00000041951,ENSDARG00000035273,ENSDARG00000103609,ENSDARG00000069527,ENSDARG00000030262,ENSDARG00000058115,ENSDARG00000061400,ENSDARG00000019345,ENSDARG00000103286,ENSDARG00000019746,ENSDARG00000060390,ENSDARG00000012953,ENSDARG00000111612,ENSDARG00000018382,ENSDARG00000028469,ENSDARG00000021398,ENSDARG00000052674,ENSDARG00000019113,ENSDARG00000040608,ENSDARG00000011190,ENSDARG00000023214,ENSDARG00000020625,ENSDARG00000027813,ENSDARG00000104808,ENSDARG00000101139,ENSDARG00000038414,ENSDARG00000011233,ENSDARG00000102986,ENSDARG00000014222,ENSDARG00000034056,ENSDARG00000102229,ENSDARG00000032157,ENSDARG00000012204,ENSDARG00000014348,ENSDARG00000070914,ENSDARG00000054848,ENSDARG00000036913"
"102","0.44","GOTERM_MF_DIRECT","nucleotide binding","117","1186","2045","21154","8.50","4.85e-1","1.00e+0","1.02","1.00e+0","1.00e+0","4.42e-1","ENSDARG00000077202,ENSDARG00000017140,ENSDARG00000021647,ENSDARG00000114797,ENSDARG00000100313,ENSDARG00000034443,ENSDARG00000008662,ENSDARG00000016695,ENSDARG00000069029,ENSDARG00000018476,ENSDARG00000101482,ENSDARG00000010477,ENSDARG00000011600,ENSDARG00000018516,ENSDARG00000002037,ENSDARG00000094052,ENSDARG00000028721,ENSDARG00000021252,ENSDARG00000074183,ENSDARG00000112087,ENSDARG00000020602,ENSDARG00000004455,ENSDARG00000076001,ENSDARG00000037140,ENSDARG00000039162,ENSDARG00000060978,ENSDARG00000116680,ENSDARG00000016623,ENSDARG00000040152,ENSDARG00000058425,ENSDARG00000019973,ENSDARG00000056609,ENSDARG00000075949,ENSDARG00000115869,ENSDARG00000071881,ENSDARG00000104450,ENSDARG00000054302,ENSDARG00000026630,ENSDARG00000024694,ENSDARG00000054389,ENSDARG00000006546,ENSDARG00000005699,ENSDARG00000057062,ENSDARG00000100897,ENSDARG00000020924,ENSDARG00000017244,ENSDARG00000013843,ENSDARG00000044295,ENSDARG00000061725,ENSDARG00000020544,ENSDARG00000005049,ENSDARG00000063626,ENSDARG00000044615,ENSDARG00000063475,ENSDARG00000068006,ENSDARG00000057995,ENSDARG00000033444,ENSDARG00000069175,ENSDARG00000104153,ENSDARG00000079029,ENSDARG00000075347,ENSDARG00000005236,ENSDARG00000009837,ENSDARG00000069105,ENSDARG00000042141,ENSDARG00000019130,ENSDARG00000051880,ENSDARG00000086505,ENSDARG00000015611,ENSDARG00000005462,ENSDARG00000074419,ENSDARG00000018602,ENSDARG00000062040,ENSDARG00000063370,ENSDARG00000010721,ENSDARG00000023840,ENSDARG00000091058,ENSDARG00000062206,ENSDARG00000042518,ENSDARG00000060551,ENSDARG00000040984,ENSDARG00000041951,ENSDARG00000087873,ENSDARG00000069527,ENSDARG00000060797,ENSDARG00000030262,ENSDARG00000017047,ENSDARG00000058115,ENSDARG00000038422,ENSDARG00000019345,ENSDARG00000103286,ENSDARG00000030547,ENSDARG00000060390,ENSDARG00000044491,ENSDARG00000111612,ENSDARG00000006219,ENSDARG00000018382,ENSDARG00000028469,ENSDARG00000076228,ENSDARG00000052674,ENSDARG00000011190,ENSDARG00000013095,ENSDARG00000020625,ENSDARG00000070916,ENSDARG00000057394,ENSDARG00000104808,ENSDARG00000102986,ENSDARG00000014222,ENSDARG00000034056,ENSDARG00000039345,ENSDARG00000014462,ENSDARG00000032157,ENSDARG00000012968,ENSDARG00000059857,ENSDARG00000012204,ENSDARG00000014348,ENSDARG00000054848"
"102","0.44","GOTERM_BP_DIRECT","protein phosphorylation","43","1221","710","20756","3.12","5.12e-1","1.00e+0","1.03","1.00e+0","1.00e+0","4.57e-1","ENSDARG00000104153,ENSDARG00000026630,ENSDARG00000042518,ENSDARG00000060551,ENSDARG00000100897,ENSDARG00000030262,ENSDARG00000058115,ENSDARG00000069105,ENSDARG00000019345,ENSDARG00000018476,ENSDARG00000103286,ENSDARG00000011600,ENSDARG00000018516,ENSDARG00000060390,ENSDARG00000111612,ENSDARG00000019130,ENSDARG00000028721,ENSDARG00000018382,ENSDARG00000028469,ENSDARG00000079854,ENSDARG00000052674,ENSDARG00000061725,ENSDARG00000011190,ENSDARG00000086505,ENSDARG00000020602,ENSDARG00000020625,ENSDARG00000006677,ENSDARG00000044615,ENSDARG00000009626,ENSDARG00000016623,ENSDARG00000104808,ENSDARG00000102986,ENSDARG00000005141,ENSDARG00000014222,ENSDARG00000034056,ENSDARG00000040152,ENSDARG00000032157,ENSDARG00000019973,ENSDARG00000033444,ENSDARG00000012204,ENSDARG00000014348,ENSDARG00000063370,ENSDARG00000075949"
"102","0.44","UP_SEQ_FEATURE","DOMAIN:Protein kinase","41","1250","756","21277","2.98","7.76e-1","1.00e+0","0.92","1.00e+0","1.00e+0","7.27e-1","ENSDARG00000104153,ENSDARG00000026630,ENSDARG00000027564,ENSDARG00000042518,ENSDARG00000060551,ENSDARG00000100897,ENSDARG00000058115,ENSDARG00000069105,ENSDARG00000019345,ENSDARG00000018476,ENSDARG00000103286,ENSDARG00000011600,ENSDARG00000018516,ENSDARG00000060390,ENSDARG00000111612,ENSDARG00000019130,ENSDARG00000028721,ENSDARG00000018382,ENSDARG00000028469,ENSDARG00000079854,ENSDARG00000052674,ENSDARG00000011190,ENSDARG00000020602,ENSDARG00000020625,ENSDARG00000006677,ENSDARG00000044615,ENSDARG00000009626,ENSDARG00000016623,ENSDARG00000104808,ENSDARG00000102986,ENSDARG00000005141,ENSDARG00000014222,ENSDARG00000034056,ENSDARG00000040152,ENSDARG00000032157,ENSDARG00000019973,ENSDARG00000033444,ENSDARG00000012204,ENSDARG00000014348,ENSDARG00000063370,ENSDARG00000075949"
"102","0.44","UP_KW_MOLECULAR_FUNCTION","Kinase","70","708","1262","11803","5.08","8.13e-1","1.00e+0","0.92","1.00e+0","1.00e+0","7.80e-1","ENSDARG00000026499,ENSDARG00000104153,ENSDARG00000070213,ENSDARG00000009837,ENSDARG00000100313,ENSDARG00000018476,ENSDARG00000069105,ENSDARG00000101482,ENSDARG00000011600,ENSDARG00000018516,ENSDARG00000078989,ENSDARG00000094052,ENSDARG00000002037,ENSDARG00000028721,ENSDARG00000019130,ENSDARG00000074183,ENSDARG00000086505,ENSDARG00000020602,ENSDARG00000076001,ENSDARG00000006677,ENSDARG00000037140,ENSDARG00000042856,ENSDARG00000016623,ENSDARG00000040152,ENSDARG00000019973,ENSDARG00000019613,ENSDARG00000105277,ENSDARG00000063370,ENSDARG00000075949,ENSDARG00000023840,ENSDARG00000029621,ENSDARG00000026630,ENSDARG00000027564,ENSDARG00000006546,ENSDARG00000042518,ENSDARG00000060551,ENSDARG00000010098,ENSDARG00000100897,ENSDARG00000060797,ENSDARG00000030262,ENSDARG00000058115,ENSDARG00000019345,ENSDARG00000103286,ENSDARG00000060390,ENSDARG00000012953,ENSDARG00000111612,ENSDARG00000044295,ENSDARG00000018382,ENSDARG00000028469,ENSDARG00000052674,ENSDARG00000019113,ENSDARG00000061725,ENSDARG00000011190,ENSDARG00000023214,ENSDARG00000020625,ENSDARG00000044615,ENSDARG00000104808,ENSDARG00000102986,ENSDARG00000014222,ENSDARG00000102229,ENSDARG00000034056,ENSDARG00000068006,ENSDARG00000003818,ENSDARG00000032157,ENSDARG00000068123,ENSDARG00000033444,ENSDARG00000012204,ENSDARG00000014348,ENSDARG00000070914,ENSDARG00000054848"
"102","0.44","UP_KW_LIGAND","ATP-binding","64","424","1291","7893","4.65","8.16e-1","1.00e+0","0.92","1.00e+0","9.73e-1","7.84e-1","ENSDARG00000079029,ENSDARG00000070213,ENSDARG00000005236,ENSDARG00000009837,ENSDARG00000100313,ENSDARG00000008662,ENSDARG00000016695,ENSDARG00000069029,ENSDARG00000069105,ENSDARG00000101482,ENSDARG00000094052,ENSDARG00000004735,ENSDARG00000004658,ENSDARG00000002037,ENSDARG00000028721,ENSDARG00000051880,ENSDARG00000021252,ENSDARG00000074183,ENSDARG00000086505,ENSDARG00000112087,ENSDARG00000020602,ENSDARG00000004455,ENSDARG00000076001,ENSDARG00000037140,ENSDARG00000060978,ENSDARG00000042856,ENSDARG00000013990,ENSDARG00000019613,ENSDARG00000056609,ENSDARG00000075949,ENSDARG00000023840,ENSDARG00000054302,ENSDARG00000023648,ENSDARG00000062206,ENSDARG00000005699,ENSDARG00000057062,ENSDARG00000060551,ENSDARG00000010098,ENSDARG00000040984,ENSDARG00000041951,ENSDARG00000020924,ENSDARG00000069527,ENSDARG00000058115,ENSDARG00000017244,ENSDARG00000038422,ENSDARG00000003269,ENSDARG00000044295,ENSDARG00000018382,ENSDARG00000028469,ENSDARG00000061725,ENSDARG00000079651,ENSDARG00000011190,ENSDARG00000013095,ENSDARG00000063626,ENSDARG00000020625,ENSDARG00000044615,ENSDARG00000104808,ENSDARG00000102986,ENSDARG00000068006,ENSDARG00000003818,ENSDARG00000104401,ENSDARG00000033444,ENSDARG00000069175,ENSDARG00000054848"
"102","0.44","INTERPRO","Protein_kinase_ATP_BS","37","1340","724","23408","2.69","8.32e-1","1.00e+0","0.89","1.00e+0","1.00e+0","7.87e-1","ENSDARG00000104153,ENSDARG00000026630,ENSDARG00000027564,ENSDARG00000042518,ENSDARG00000060551,ENSDARG00000100897,ENSDARG00000030262,ENSDARG00000058115,ENSDARG00000069105,ENSDARG00000019345,ENSDARG00000018476,ENSDARG00000103286,ENSDARG00000011600,ENSDARG00000018516,ENSDARG00000060390,ENSDARG00000111612,ENSDARG00000019130,ENSDARG00000028721,ENSDARG00000018382,ENSDARG00000028469,ENSDARG00000052674,ENSDARG00000011190,ENSDARG00000020602,ENSDARG00000020625,ENSDARG00000016623,ENSDARG00000104808,ENSDARG00000102986,ENSDARG00000014222,ENSDARG00000034056,ENSDARG00000040152,ENSDARG00000032157,ENSDARG00000019973,ENSDARG00000033444,ENSDARG00000012204,ENSDARG00000014348,ENSDARG00000063370,ENSDARG00000075949"
"102","0.44","INTERPRO","Ser/Thr_kinase_AS","29","1340","594","23408","2.11","8.79e-1","1.00e+0","0.85","1.00e+0","1.00e+0","8.38e-1","ENSDARG00000104153,ENSDARG00000026630,ENSDARG00000042518,ENSDARG00000060551,ENSDARG00000030262,ENSDARG00000019345,ENSDARG00000018476,ENSDARG00000103286,ENSDARG00000018516,ENSDARG00000111612,ENSDARG00000019130,ENSDARG00000018382,ENSDARG00000028469,ENSDARG00000052674,ENSDARG00000061725,ENSDARG00000086505,ENSDARG00000020602,ENSDARG00000006677,ENSDARG00000044615,ENSDARG00000016623,ENSDARG00000014222,ENSDARG00000034056,ENSDARG00000040152,ENSDARG00000032157,ENSDARG00000019973,ENSDARG00000012204,ENSDARG00000014348,ENSDARG00000063370,ENSDARG00000075949"
"102","0.44","INTERPRO","Prot_kinase_dom","44","1340","904","23408","3.20","9.14e-1","1.00e+0","0.85","1.00e+0","1.00e+0","8.88e-1","ENSDARG00000104153,ENSDARG00000026630,ENSDARG00000027564,ENSDARG00000042518,ENSDARG00000060551,ENSDARG00000100897,ENSDARG00000030262,ENSDARG00000058115,ENSDARG00000069105,ENSDARG00000019345,ENSDARG00000018476,ENSDARG00000103286,ENSDARG00000011600,ENSDARG00000018516,ENSDARG00000060390,ENSDARG00000111612,ENSDARG00000019130,ENSDARG00000028721,ENSDARG00000018382,ENSDARG00000028469,ENSDARG00000079854,ENSDARG00000052674,ENSDARG00000061725,ENSDARG00000011190,ENSDARG00000086505,ENSDARG00000020602,ENSDARG00000020625,ENSDARG00000006677,ENSDARG00000044615,ENSDARG00000009626,ENSDARG00000016623,ENSDARG00000104808,ENSDARG00000102986,ENSDARG00000005141,ENSDARG00000014222,ENSDARG00000034056,ENSDARG00000040152,ENSDARG00000032157,ENSDARG00000019973,ENSDARG00000033444,ENSDARG00000012204,ENSDARG00000014348,ENSDARG00000063370,ENSDARG00000075949"
"102","0.44","GOTERM_MF_DIRECT","ATP binding","110","1186","2195","21154","7.99","9.24e-1","1.00e+0","0.89","1.00e+0","1.00e+0","9.10e-1","ENSDARG00000100313,ENSDARG00000008662,ENSDARG00000016695,ENSDARG00000069029,ENSDARG00000018476,ENSDARG00000101482,ENSDARG00000010477,ENSDARG00000011600,ENSDARG00000018516,ENSDARG00000002037,ENSDARG00000094052,ENSDARG00000004735,ENSDARG00000028721,ENSDARG00000021252,ENSDARG00000074183,ENSDARG00000112087,ENSDARG00000020602,ENSDARG00000004455,ENSDARG00000076001,ENSDARG00000037140,ENSDARG00000060978,ENSDARG00000009626,ENSDARG00000042856,ENSDARG00000016623,ENSDARG00000013990,ENSDARG00000005141,ENSDARG00000040152,ENSDARG00000019973,ENSDARG00000019613,ENSDARG00000056609,ENSDARG00000075949,ENSDARG00000115869,ENSDARG00000104450,ENSDARG00000054302,ENSDARG00000026630,ENSDARG00000024694,ENSDARG00000027564,ENSDARG00000023648,ENSDARG00000006546,ENSDARG00000005699,ENSDARG00000057062,ENSDARG00000100897,ENSDARG00000020924,ENSDARG00000017244,ENSDARG00000042440,ENSDARG00000003269,ENSDARG00000044295,ENSDARG00000061725,ENSDARG00000079651,ENSDARG00000045945,ENSDARG00000063626,ENSDARG00000044615,ENSDARG00000060368,ENSDARG00000063475,ENSDARG00000068006,ENSDARG00000003818,ENSDARG00000010745,ENSDARG00000033444,ENSDARG00000069175,ENSDARG00000079308,ENSDARG00000104153,ENSDARG00000079029,ENSDARG00000070213,ENSDARG00000005236,ENSDARG00000009837,ENSDARG00000069105,ENSDARG00000042141,ENSDARG00000004658,ENSDARG00000078989,ENSDARG00000019130,ENSDARG00000051880,ENSDARG00000086505,ENSDARG00000006677,ENSDARG00000005462,ENSDARG00000062040,ENSDARG00000063370,ENSDARG00000023840,ENSDARG00000062206,ENSDARG00000042518,ENSDARG00000010098,ENSDARG00000060551,ENSDARG00000040984,ENSDARG00000041951,ENSDARG00000069527,ENSDARG00000060797,ENSDARG00000030262,ENSDARG00000058115,ENSDARG00000038422,ENSDARG00000019345,ENSDARG00000103286,ENSDARG00000060390,ENSDARG00000044491,ENSDARG00000111612,ENSDARG00000018382,ENSDARG00000028469,ENSDARG00000079854,ENSDARG00000076228,ENSDARG00000052674,ENSDARG00000011190,ENSDARG00000013095,ENSDARG00000020625,ENSDARG00000104808,ENSDARG00000102986,ENSDARG00000014222,ENSDARG00000034056,ENSDARG00000104401,ENSDARG00000032157,ENSDARG00000012204,ENSDARG00000014348,ENSDARG00000054848"
"102","0.44","INTERPRO","Kinase-like_dom_sf","46","1340","951","23408","3.34","9.24e-1","1.00e+0","0.84","1.00e+0","1.00e+0","9.01e-1","ENSDARG00000104153,ENSDARG00000070213,ENSDARG00000026630,ENSDARG00000027564,ENSDARG00000042518,ENSDARG00000060551,ENSDARG00000100897,ENSDARG00000030262,ENSDARG00000058115,ENSDARG00000069105,ENSDARG00000019345,ENSDARG00000018476,ENSDARG00000103286,ENSDARG00000011600,ENSDARG00000018516,ENSDARG00000060390,ENSDARG00000111612,ENSDARG00000078989,ENSDARG00000019130,ENSDARG00000028721,ENSDARG00000018382,ENSDARG00000028469,ENSDARG00000079854,ENSDARG00000052674,ENSDARG00000061725,ENSDARG00000011190,ENSDARG00000086505,ENSDARG00000020602,ENSDARG00000020625,ENSDARG00000006677,ENSDARG00000044615,ENSDARG00000009626,ENSDARG00000016623,ENSDARG00000104808,ENSDARG00000102986,ENSDARG00000005141,ENSDARG00000014222,ENSDARG00000034056,ENSDARG00000040152,ENSDARG00000032157,ENSDARG00000019973,ENSDARG00000033444,ENSDARG00000012204,ENSDARG00000014348,ENSDARG00000063370,ENSDARG00000075949"
"102","0.44","SMART","S_TKc","32","772","670","13267","2.32","9.27e-1","1.00e+0","0.82","1.00e+0","1.00e+0","9.00e-1","ENSDARG00000104153,ENSDARG00000026630,ENSDARG00000042518,ENSDARG00000060551,ENSDARG00000030262,ENSDARG00000019345,ENSDARG00000018476,ENSDARG00000103286,ENSDARG00000018516,ENSDARG00000060390,ENSDARG00000111612,ENSDARG00000019130,ENSDARG00000028721,ENSDARG00000018382,ENSDARG00000028469,ENSDARG00000052674,ENSDARG00000061725,ENSDARG00000086505,ENSDARG00000020602,ENSDARG00000006677,ENSDARG00000044615,ENSDARG00000016623,ENSDARG00000014222,ENSDARG00000034056,ENSDARG00000040152,ENSDARG00000032157,ENSDARG00000019973,ENSDARG00000033444,ENSDARG00000012204,ENSDARG00000014348,ENSDARG00000063370,ENSDARG00000075949"
"102","0.44","UP_KW_LIGAND","Nucleotide-binding","69","424","1487","7893","5.01","9.43e-1","1.00e+0","0.86","1.00e+0","9.73e-1","9.29e-1","ENSDARG00000079029,ENSDARG00000070213,ENSDARG00000005236,ENSDARG00000009837,ENSDARG00000114797,ENSDARG00000100313,ENSDARG00000034443,ENSDARG00000008662,ENSDARG00000016695,ENSDARG00000069105,ENSDARG00000101482,ENSDARG00000094052,ENSDARG00000004735,ENSDARG00000004658,ENSDARG00000002037,ENSDARG00000028721,ENSDARG00000051880,ENSDARG00000086505,ENSDARG00000112087,ENSDARG00000020602,ENSDARG00000004455,ENSDARG00000076001,ENSDARG00000037140,ENSDARG00000039162,ENSDARG00000015611,ENSDARG00000042856,ENSDARG00000116680,ENSDARG00000013990,ENSDARG00000074419,ENSDARG00000058425,ENSDARG00000019613,ENSDARG00000056609,ENSDARG00000018602,ENSDARG00000023840,ENSDARG00000054302,ENSDARG00000054389,ENSDARG00000023648,ENSDARG00000091058,ENSDARG00000062206,ENSDARG00000005699,ENSDARG00000057062,ENSDARG00000010098,ENSDARG00000040984,ENSDARG00000041951,ENSDARG00000087873,ENSDARG00000020924,ENSDARG00000017047,ENSDARG00000058115,ENSDARG00000017244,ENSDARG00000038422,ENSDARG00000030547,ENSDARG00000003269,ENSDARG00000006219,ENSDARG00000044295,ENSDARG00000061725,ENSDARG00000079651,ENSDARG00000005049,ENSDARG00000063626,ENSDARG00000020625,ENSDARG00000044615,ENSDARG00000070916,ENSDARG00000057394,ENSDARG00000090548,ENSDARG00000102986,ENSDARG00000063475,ENSDARG00000039345,ENSDARG00000003818,ENSDARG00000104401,ENSDARG00000012968"
"102","0.44","GOTERM_MF_DIRECT","protein serine/threonine kinase activity","36","1186","824","21154","2.61","9.68e-1","1.00e+0","0.78","1.00e+0","1.00e+0","9.55e-1","ENSDARG00000104153,ENSDARG00000026630,ENSDARG00000027564,ENSDARG00000042518,ENSDARG00000060551,ENSDARG00000030262,ENSDARG00000019345,ENSDARG00000018476,ENSDARG00000103286,ENSDARG00000018516,ENSDARG00000060390,ENSDARG00000111612,ENSDARG00000078989,ENSDARG00000094052,ENSDARG00000019130,ENSDARG00000028721,ENSDARG00000018382,ENSDARG00000028469,ENSDARG00000052674,ENSDARG00000061725,ENSDARG00000086505,ENSDARG00000020602,ENSDARG00000006677,ENSDARG00000009626,ENSDARG00000016623,ENSDARG00000014222,ENSDARG00000034056,ENSDARG00000040152,ENSDARG00000032157,ENSDARG00000019973,ENSDARG00000033444,ENSDARG00000012204,ENSDARG00000014348,ENSDARG00000063370,ENSDARG00000075949,ENSDARG00000054848"
"103","0.42","INTERPRO","Sperma_CUB_dom_sf","7","1340","67","23408","0.51","1.84e-1","1.00e+0","1.83","1.00e+0","1.00e+0","8.78e-2","ENSDARG00000056913,ENSDARG00000077588,ENSDARG00000090297,ENSDARG00000110186,ENSDARG00000011490,ENSDARG00000087814,ENSDARG00000054539"
"103","0.42","UP_SEQ_FEATURE","DOMAIN:CUB","5","1250","59","21277","0.36","4.59e-1","1.00e+0","1.44","1.00e+0","1.00e+0","2.65e-1","ENSDARG00000056913,ENSDARG00000077588,ENSDARG00000011490,ENSDARG00000087814,ENSDARG00000054539"
"103","0.42","SMART","CUB","5","772","61","13267","0.36","4.77e-1","1.00e+0","1.41","1.00e+0","1.00e+0","2.81e-1","ENSDARG00000056913,ENSDARG00000077588,ENSDARG00000011490,ENSDARG00000087814,ENSDARG00000054539"
"103","0.42","INTERPRO","CUB_dom","5","1340","64","23408","0.36","5.02e-1","1.00e+0","1.36","1.00e+0","1.00e+0","3.04e-1","ENSDARG00000056913,ENSDARG00000077588,ENSDARG00000011490,ENSDARG00000087814,ENSDARG00000054539"
"104","0.42","INTERPRO","GK/Ca_channel_bsu","5","1340","43","23408","0.36","2.30e-1","1.00e+0","2.03","1.00e+0","1.00e+0","9.76e-2","ENSDARG00000105287,ENSDARG00000023443,ENSDARG00000099045,ENSDARG00000009738,ENSDARG00000063309"
"104","0.42","SMART","GuKc","5","772","43","13267","0.36","2.39e-1","1.00e+0","2.00","1.00e+0","1.00e+0","1.03e-1","ENSDARG00000105287,ENSDARG00000023443,ENSDARG00000099045,ENSDARG00000009738,ENSDARG00000063309"
"104","0.42","UP_SEQ_FEATURE","DOMAIN:Guanylate kinase-like","3","1250","34","21277","0.22","6.01e-1","1.00e+0","1.50","1.00e+0","1.00e+0","3.23e-1","ENSDARG00000105287,ENSDARG00000023443,ENSDARG00000063309"
"104","0.42","INTERPRO","Guanylate_kin-like_dom","3","1340","36","23408","0.22","6.18e-1","1.00e+0","1.46","1.00e+0","1.00e+0","3.40e-1","ENSDARG00000105287,ENSDARG00000023443,ENSDARG00000063309"
"105","0.42","UP_SEQ_FEATURE","DOMAIN:TLC","3","1250","22","21277","0.22","3.73e-1","1.00e+0","2.32","1.00e+0","1.00e+0","1.36e-1","ENSDARG00000057743,ENSDARG00000013704,ENSDARG00000098451"
"105","0.42","INTERPRO","TLC-dom","3","1340","23","23408","0.22","3.82e-1","1.00e+0","2.28","1.00e+0","1.00e+0","1.42e-1","ENSDARG00000057743,ENSDARG00000013704,ENSDARG00000098451"
"105","0.42","SMART","TLC","3","772","23","13267","0.22","3.90e-1","1.00e+0","2.24","1.00e+0","1.00e+0","1.47e-1","ENSDARG00000057743,ENSDARG00000013704,ENSDARG00000098451"
"106","0.42","SMART","ORANGE","4","772","16","13267","0.29","6.22e-2","1.00e+0","4.30","1.00e+0","1.00e+0","1.18e-2","ENSDARG00000004060,ENSDARG00000019335,ENSDARG00000041691,ENSDARG00000006514"
"106","0.42","INTERPRO","Orange_dom","4","1340","23","23408","0.29","1.42e-1","1.00e+0","3.04","1.00e+0","1.00e+0","3.96e-2","ENSDARG00000004060,ENSDARG00000019335,ENSDARG00000041691,ENSDARG00000006514"
"106","0.42","UP_SEQ_FEATURE","DOMAIN:Orange","4","1250","23","21277","0.29","1.50e-1","1.00e+0","2.96","1.00e+0","1.00e+0","4.30e-2","ENSDARG00000004060,ENSDARG00000019335,ENSDARG00000041691,ENSDARG00000006514"
"106","0.42","INTERPRO","HES_HEY","4","1340","29","23408","0.29","2.29e-1","1.00e+0","2.41","1.00e+0","1.00e+0","8.14e-2","ENSDARG00000004060,ENSDARG00000019335,ENSDARG00000041691,ENSDARG00000006514"
"106","0.42","GOTERM_BP_DIRECT","regulation of neurogenesis","4","1221","52","20756","0.29","5.97e-1","1.00e+0","1.31","1.00e+0","1.00e+0","3.66e-1","ENSDARG00000004060,ENSDARG00000019335,ENSDARG00000041691,ENSDARG00000006514"
"106","0.42","UP_SEQ_FEATURE","DOMAIN:BHLH","7","1250","128","21277","0.51","7.69e-1","1.00e+0","0.93","1.00e+0","1.00e+0","6.31e-1","ENSDARG00000004060,ENSDARG00000006837,ENSDARG00000077473,ENSDARG00000019335,ENSDARG00000041691,ENSDARG00000077431,ENSDARG00000006514"
"106","0.42","GOTERM_MF_DIRECT","protein dimerization activity","11","1186","217","21154","0.80","7.80e-1","1.00e+0","0.90","1.00e+0","1.00e+0","6.77e-1","ENSDARG00000009470,ENSDARG00000004060,ENSDARG00000006837,ENSDARG00000070463,ENSDARG00000103868,ENSDARG00000077473,ENSDARG00000019335,ENSDARG00000041691,ENSDARG00000077431,ENSDARG00000074660,ENSDARG00000006514"
"106","0.42","SMART","HLH","7","772","147","13267","0.51","8.63e-1","1.00e+0","0.82","1.00e+0","1.00e+0","7.59e-1","ENSDARG00000004060,ENSDARG00000006837,ENSDARG00000077473,ENSDARG00000019335,ENSDARG00000041691,ENSDARG00000077431,ENSDARG00000006514"
"106","0.42","INTERPRO","HLH_DNA-bd_sf","7","1340","150","23408","0.51","8.65e-1","1.00e+0","0.82","1.00e+0","1.00e+0","7.62e-1","ENSDARG00000004060,ENSDARG00000006837,ENSDARG00000077473,ENSDARG00000019335,ENSDARG00000041691,ENSDARG00000077431,ENSDARG00000006514"
"106","0.42","INTERPRO","bHLH_dom","7","1340","151","23408","0.51","8.69e-1","1.00e+0","0.81","1.00e+0","1.00e+0","7.68e-1","ENSDARG00000004060,ENSDARG00000006837,ENSDARG00000077473,ENSDARG00000019335,ENSDARG00000041691,ENSDARG00000077431,ENSDARG00000006514"
"107","0.41","INTERPRO","PPM-type_phosphatase-like_dom","3","1340","23","23408","0.22","3.82e-1","1.00e+0","2.28","1.00e+0","1.00e+0","1.42e-1","ENSDARG00000011122,ENSDARG00000026499,ENSDARG00000052658"
"107","0.41","INTERPRO","PPM-type-like_dom_sf","3","1340","23","23408","0.22","3.82e-1","1.00e+0","2.28","1.00e+0","1.00e+0","1.42e-1","ENSDARG00000011122,ENSDARG00000026499,ENSDARG00000052658"
"107","0.41","SMART","PP2Cc","3","772","23","13267","0.22","3.90e-1","1.00e+0","2.24","1.00e+0","1.00e+0","1.47e-1","ENSDARG00000011122,ENSDARG00000026499,ENSDARG00000052658"
"107","0.41","UP_SEQ_FEATURE","DOMAIN:PPM-type phosphatase","3","1250","23","21277","0.22","3.95e-1","1.00e+0","2.22","1.00e+0","1.00e+0","1.50e-1","ENSDARG00000011122,ENSDARG00000026499,ENSDARG00000052658"
"108","0.41","UP_SEQ_FEATURE","DOMAIN:VWFC","4","1250","31","21277","0.29","2.73e-1","1.00e+0","2.20","1.00e+0","1.00e+0","1.06e-1","ENSDARG00000054331,ENSDARG00000077882,ENSDARG00000078916,ENSDARG00000076495"
"108","0.41","SMART","VWC","4","772","41","13267","0.29","4.29e-1","1.00e+0","1.68","1.00e+0","1.00e+0","2.14e-1","ENSDARG00000054331,ENSDARG00000077882,ENSDARG00000078916,ENSDARG00000076495"
"108","0.41","INTERPRO","VWF_dom","4","1340","47","23408","0.29","5.09e-1","1.00e+0","1.49","1.00e+0","1.00e+0","2.82e-1","ENSDARG00000054331,ENSDARG00000077882,ENSDARG00000078916,ENSDARG00000076495"
"109","0.40","GOTERM_BP_DIRECT","visual perception","15","1221","179","20756","1.09","1.69e-1","1.00e+0","1.42","1.00e+0","1.00e+0","1.06e-1","ENSDARG00000030867,ENSDARG00000056617,ENSDARG00000027822,ENSDARG00000053512,ENSDARG00000074892,ENSDARG00000056511,ENSDARG00000007576,ENSDARG00000020602,ENSDARG00000040735,ENSDARG00000068507,ENSDARG00000011671,ENSDARG00000093318,ENSDARG00000034344,ENSDARG00000019752,ENSDARG00000068124"
"109","0.40","GOTERM_BP_DIRECT","lens development in camera-type eye","9","1221","101","20756","0.65","2.42e-1","1.00e+0","1.51","1.00e+0","1.00e+0","1.40e-1","ENSDARG00000068507,ENSDARG00000017844,ENSDARG00000053512,ENSDARG00000093318,ENSDARG00000056801,ENSDARG00000079029,ENSDARG00000007576,ENSDARG00000008433,ENSDARG00000040735"
"109","0.40","INTERPRO","Beta/gamma_crystallin","5","1340","60","23408","0.36","4.52e-1","1.00e+0","1.46","1.00e+0","1.00e+0","2.59e-1","ENSDARG00000068507,ENSDARG00000053512,ENSDARG00000093318,ENSDARG00000007576,ENSDARG00000040735"
"109","0.40","INTERPRO","Beta/Gamma-Crystallin","5","1340","60","23408","0.36","4.52e-1","1.00e+0","1.46","1.00e+0","1.00e+0","2.59e-1","ENSDARG00000068507,ENSDARG00000053512,ENSDARG00000093318,ENSDARG00000007576,ENSDARG00000040735"
"109","0.40","INTERPRO","G_crystallin-like","5","1340","60","23408","0.36","4.52e-1","1.00e+0","1.46","1.00e+0","1.00e+0","2.59e-1","ENSDARG00000068507,ENSDARG00000053512,ENSDARG00000093318,ENSDARG00000007576,ENSDARG00000040735"
"109","0.40","UP_SEQ_FEATURE","DOMAIN:Beta/gamma crystallin 'Greek key'","5","1250","59","21277","0.36","4.59e-1","1.00e+0","1.44","1.00e+0","1.00e+0","2.65e-1","ENSDARG00000068507,ENSDARG00000053512,ENSDARG00000093318,ENSDARG00000007576,ENSDARG00000040735"
"109","0.40","SMART","XTALbg","5","772","60","13267","0.36","4.64e-1","1.00e+0","1.43","1.00e+0","1.00e+0","2.70e-1","ENSDARG00000068507,ENSDARG00000053512,ENSDARG00000093318,ENSDARG00000007576,ENSDARG00000040735"
"109","0.40","UP_KW_MOLECULAR_FUNCTION","Eye lens protein","5","708","63","11803","0.36","5.26e-1","1.00e+0","1.32","1.00e+0","1.00e+0","3.27e-1","ENSDARG00000068507,ENSDARG00000053512,ENSDARG00000093318,ENSDARG00000007576,ENSDARG00000040735"
"109","0.40","GOTERM_MF_DIRECT","structural constituent of eye lens","5","1186","69","21154","0.36","5.45e-1","1.00e+0","1.29","1.00e+0","1.00e+0","3.45e-1","ENSDARG00000068507,ENSDARG00000053512,ENSDARG00000093318,ENSDARG00000007576,ENSDARG00000040735"
"110","0.40","INTERPRO","PPIase_FKBP_dom","3","1340","19","23408","0.22","2.97e-1","1.00e+0","2.76","1.00e+0","1.00e+0","9.15e-2","ENSDARG00000005023,ENSDARG00000028396,ENSDARG00000001734"
"110","0.40","UP_SEQ_FEATURE","DOMAIN:PPIase FKBP-type","3","1250","19","21277","0.22","3.08e-1","1.00e+0","2.69","1.00e+0","1.00e+0","9.72e-2","ENSDARG00000005023,ENSDARG00000028396,ENSDARG00000001734"
"110","0.40","INTERPRO","PPIase_dom_sf","3","1340","23","23408","0.22","3.82e-1","1.00e+0","2.28","1.00e+0","1.00e+0","1.42e-1","ENSDARG00000005023,ENSDARG00000028396,ENSDARG00000001734"
"110","0.40","GOTERM_MF_DIRECT","peptidyl-prolyl cis-trans isomerase activity","3","1186","43","21154","0.22","7.03e-1","1.00e+0","1.24","1.00e+0","1.00e+0","4.36e-1","ENSDARG00000005023,ENSDARG00000028396,ENSDARG00000001734"
"111","0.40","UP_KW_MOLECULAR_FUNCTION","Dioxygenase","9","708","86","11803","0.65","1.42e-1","1.00e+0","1.74","1.00e+0","1.00e+0","7.19e-2","ENSDARG00000103692,ENSDARG00000058995,ENSDARG00000019103,ENSDARG00000088087,ENSDARG00000075209,ENSDARG00000071429,ENSDARG00000069463,ENSDARG00000044935,ENSDARG00000033537"
"111","0.40","SMART","JmjC","3","772","30","13267","0.22","5.27e-1","1.00e+0","1.72","1.00e+0","1.00e+0","2.53e-1","ENSDARG00000058995,ENSDARG00000019103,ENSDARG00000088087"
"111","0.40","INTERPRO","JmjC_dom","3","1340","33","23408","0.22","5.70e-1","1.00e+0","1.59","1.00e+0","1.00e+0","2.92e-1","ENSDARG00000058995,ENSDARG00000019103,ENSDARG00000088087"
"111","0.40","UP_SEQ_FEATURE","DOMAIN:JmjC","3","1250","33","21277","0.22","5.85e-1","1.00e+0","1.55","1.00e+0","1.00e+0","3.06e-1","ENSDARG00000058995,ENSDARG00000019103,ENSDARG00000088087"
"112","0.40","INTERPRO","MetalloPept_cat_dom_sf","9","1340","88","23408","0.65","1.30e-1","1.00e+0","1.79","1.00e+0","1.00e+0","6.44e-2","ENSDARG00000062323,ENSDARG00000077778,ENSDARG00000002235,ENSDARG00000008388,ENSDARG00000057644,ENSDARG00000033544,ENSDARG00000078915,ENSDARG00000112453,ENSDARG00000105389"
"112","0.40","GOTERM_BP_DIRECT","extracellular matrix organization","11","1221","115","20756","0.80","1.39e-1","1.00e+0","1.63","1.00e+0","1.00e+0","7.59e-2","ENSDARG00000077778,ENSDARG00000002235,ENSDARG00000055009,ENSDARG00000008388,ENSDARG00000062936,ENSDARG00000015472,ENSDARG00000007886,ENSDARG00000024492,ENSDARG00000033544,ENSDARG00000078915,ENSDARG00000076321"
"112","0.40","UP_SEQ_FEATURE","BINDING:in inhibited form","4","1250","27","21277","0.29","2.09e-1","1.00e+0","2.52","1.00e+0","1.00e+0","7.09e-2","ENSDARG00000002235,ENSDARG00000008388,ENSDARG00000033544,ENSDARG00000078915"
"112","0.40","INTERPRO","Peptidoglycan-bd-like","3","1340","18","23408","0.22","2.75e-1","1.00e+0","2.91","1.00e+0","1.00e+0","8.04e-2","ENSDARG00000002235,ENSDARG00000008388,ENSDARG00000078915"
"112","0.40","UP_SEQ_FEATURE","DOMAIN:Peptidase metallopeptidase","3","1250","19","21277","0.22","3.08e-1","1.00e+0","2.69","1.00e+0","1.00e+0","9.72e-2","ENSDARG00000002235,ENSDARG00000008388,ENSDARG00000078915"
"112","0.40","INTERPRO","PGBD-like_sf","3","1340","21","23408","0.22","3.40e-1","1.00e+0","2.50","1.00e+0","1.00e+0","1.16e-1","ENSDARG00000002235,ENSDARG00000008388,ENSDARG00000078915"
"112","0.40","INTERPRO","M10A_MMP","3","1340","25","23408","0.22","4.23e-1","1.00e+0","2.10","1.00e+0","1.00e+0","1.70e-1","ENSDARG00000002235,ENSDARG00000008388,ENSDARG00000078915"
"112","0.40","INTERPRO","Pept_M10_metallopeptidase","3","1340","25","23408","0.22","4.23e-1","1.00e+0","2.10","1.00e+0","1.00e+0","1.70e-1","ENSDARG00000002235,ENSDARG00000008388,ENSDARG00000078915"
"112","0.40","INTERPRO","Pept_M10A","3","1340","25","23408","0.22","4.23e-1","1.00e+0","2.10","1.00e+0","1.00e+0","1.70e-1","ENSDARG00000002235,ENSDARG00000008388,ENSDARG00000078915"
"112","0.40","GOTERM_BP_DIRECT","collagen catabolic process","3","1221","25","20756","0.22","4.37e-1","1.00e+0","2.04","1.00e+0","1.00e+0","1.80e-1","ENSDARG00000002235,ENSDARG00000008388,ENSDARG00000078915"
"112","0.40","UP_SEQ_FEATURE","REPEAT:Hemopexin","3","1250","26","21277","0.22","4.56e-1","1.00e+0","1.96","1.00e+0","1.00e+0","1.94e-1","ENSDARG00000002235,ENSDARG00000008388,ENSDARG00000078915"
"112","0.40","INTERPRO","Hemopexin-like_dom","3","1340","27","23408","0.22","4.62e-1","1.00e+0","1.94","1.00e+0","1.00e+0","1.99e-1","ENSDARG00000002235,ENSDARG00000008388,ENSDARG00000078915"
"112","0.40","INTERPRO","Hemopexin-like_dom_sf","3","1340","29","23408","0.22","5.00e-1","1.00e+0","1.81","1.00e+0","1.00e+0","2.29e-1","ENSDARG00000002235,ENSDARG00000008388,ENSDARG00000078915"
"112","0.40","INTERPRO","Hemopexin-like_repeat","3","1340","29","23408","0.22","5.00e-1","1.00e+0","1.81","1.00e+0","1.00e+0","2.29e-1","ENSDARG00000002235,ENSDARG00000008388,ENSDARG00000078915"
"112","0.40","SMART","HX","3","772","29","13267","0.22","5.09e-1","1.00e+0","1.78","1.00e+0","1.00e+0","2.37e-1","ENSDARG00000002235,ENSDARG00000008388,ENSDARG00000078915"
"112","0.40","PIR_SUPERFAMILY","Peptidase_M10A_matrix","3","153","22","1890","0.22","5.39e-1","1.00e+0","1.68","1.00e+0","1.00e+0","2.61e-1","ENSDARG00000002235,ENSDARG00000008388,ENSDARG00000078915"
"112","0.40","INTERPRO","Peptidase_Metallo","3","1340","42","23408","0.22","7.01e-1","1.00e+0","1.25","1.00e+0","1.00e+0","4.35e-1","ENSDARG00000002235,ENSDARG00000008388,ENSDARG00000078915"
"112","0.40","SMART","ZnMc","3","772","42","13267","0.22","7.10e-1","1.00e+0","1.23","1.00e+0","1.00e+0","4.45e-1","ENSDARG00000002235,ENSDARG00000008388,ENSDARG00000078915"
"112","0.40","UP_KW_PTM","Zymogen","7","555","166","8073","0.51","9.75e-1","1.00e+0","0.61","1.00e+0","9.75e-1","9.45e-1","ENSDARG00000077778,ENSDARG00000002235,ENSDARG00000008388,ENSDARG00000101716,ENSDARG00000033544,ENSDARG00000078915,ENSDARG00000041858"
"113","0.39","GOTERM_MF_DIRECT","protein serine/threonine phosphatase activity","11","1186","114","21154","0.80","1.06e-1","1.00e+0","1.72","1.00e+0","1.00e+0","5.50e-2","ENSDARG00000011122,ENSDARG00000026499,ENSDARG00000035781,ENSDARG00000044492,ENSDARG00000079591,ENSDARG00000069529,ENSDARG00000040674,ENSDARG00000052465,ENSDARG00000044688,ENSDARG00000052658,ENSDARG00000070914"
"113","0.39","INTERPRO","MKP","3","1340","11","23408","0.22","1.28e-1","1.00e+0","4.76","1.00e+0","1.00e+0","2.18e-2","ENSDARG00000052465,ENSDARG00000044688,ENSDARG00000070914"
"113","0.39","GOTERM_MF_DIRECT","phosphoprotein phosphatase activity","13","1186","156","21154","0.94","1.66e-1","1.00e+0","1.49","1.00e+0","1.00e+0","9.95e-2","ENSDARG00000026499,ENSDARG00000044492,ENSDARG00000052465,ENSDARG00000044688,ENSDARG00000037560,ENSDARG00000011122,ENSDARG00000036100,ENSDARG00000035781,ENSDARG00000079591,ENSDARG00000069529,ENSDARG00000040674,ENSDARG00000052658,ENSDARG00000070914"
"113","0.39","GOTERM_MF_DIRECT","MAP kinase tyrosine/serine/threonine phosphatase activity","3","1186","16","21154","0.22","2.25e-1","1.00e+0","3.34","1.00e+0","1.00e+0","5.70e-2","ENSDARG00000052465,ENSDARG00000044688,ENSDARG00000070914"
"113","0.39","INTERPRO","Dual-sp_phosphatase_cat-dom","6","1340","58","23408","0.44","2.37e-1","1.00e+0","1.81","1.00e+0","1.00e+0","1.13e-1","ENSDARG00000039997,ENSDARG00000079591,ENSDARG00000069529,ENSDARG00000052465,ENSDARG00000044688,ENSDARG00000070914"
"113","0.39","INTERPRO","TYR_PHOSPHATASE_DUAL_dom","6","1340","64","23408","0.44","3.03e-1","1.00e+0","1.64","1.00e+0","1.00e+0","1.59e-1","ENSDARG00000039997,ENSDARG00000079591,ENSDARG00000069529,ENSDARG00000052465,ENSDARG00000044688,ENSDARG00000070914"
"113","0.39","SMART","RHOD","3","772","20","13267","0.22","3.25e-1","1.00e+0","2.58","1.00e+0","1.00e+0","1.07e-1","ENSDARG00000052465,ENSDARG00000044688,ENSDARG00000070914"
"113","0.39","UP_SEQ_FEATURE","ACT_SITE:Phosphocysteine intermediate","5","1250","51","21277","0.36","3.51e-1","1.00e+0","1.67","1.00e+0","1.00e+0","1.79e-1","ENSDARG00000069529,ENSDARG00000044688,ENSDARG00000037560,ENSDARG00000070914,ENSDARG00000056690"
"113","0.39","UP_SEQ_FEATURE","DOMAIN:Rhodanese","3","1250","22","21277","0.22","3.73e-1","1.00e+0","2.32","1.00e+0","1.00e+0","1.36e-1","ENSDARG00000052465,ENSDARG00000044688,ENSDARG00000070914"
"113","0.39","GOTERM_BP_DIRECT","dephosphorylation","9","1221","119","20756","0.65","4.00e-1","1.00e+0","1.29","1.00e+0","1.00e+0","2.66e-1","ENSDARG00000039997,ENSDARG00000026499,ENSDARG00000079591,ENSDARG00000069529,ENSDARG00000052465,ENSDARG00000044688,ENSDARG00000037560,ENSDARG00000070914,ENSDARG00000056690"
"113","0.39","INTERPRO","Rhodanese-like_dom_sf","3","1340","24","23408","0.22","4.03e-1","1.00e+0","2.18","1.00e+0","1.00e+0","1.56e-1","ENSDARG00000052465,ENSDARG00000044688,ENSDARG00000070914"
"113","0.39","INTERPRO","Rhodanese-like_dom","3","1340","24","23408","0.22","4.03e-1","1.00e+0","2.18","1.00e+0","1.00e+0","1.56e-1","ENSDARG00000052465,ENSDARG00000044688,ENSDARG00000070914"
"113","0.39","SMART","DSPc","5","772","56","13267","0.36","4.11e-1","1.00e+0","1.53","1.00e+0","1.00e+0","2.25e-1","ENSDARG00000079591,ENSDARG00000069529,ENSDARG00000052465,ENSDARG00000044688,ENSDARG00000070914"
"113","0.39","UP_KW_MOLECULAR_FUNCTION","Protein phosphatase","8","708","117","11803","0.58","5.57e-1","1.00e+0","1.14","1.00e+0","1.00e+0","4.04e-1","ENSDARG00000039997,ENSDARG00000011122,ENSDARG00000035781,ENSDARG00000044492,ENSDARG00000079591,ENSDARG00000040674,ENSDARG00000052465,ENSDARG00000037560"
"113","0.39","UP_SEQ_FEATURE","DOMAIN:Tyrosine specific protein phosphatases","7","1250","102","21277","0.51","5.58e-1","1.00e+0","1.17","1.00e+0","1.00e+0","3.92e-1","ENSDARG00000039997,ENSDARG00000079591,ENSDARG00000069529,ENSDARG00000052465,ENSDARG00000044688,ENSDARG00000037560,ENSDARG00000070914"
"113","0.39","INTERPRO","Tyr_Pase_AS","6","1340","96","23408","0.44","6.48e-1","1.00e+0","1.09","1.00e+0","1.00e+0","4.73e-1","ENSDARG00000079591,ENSDARG00000069529,ENSDARG00000052465,ENSDARG00000044688,ENSDARG00000037560,ENSDARG00000056690"
"113","0.39","INTERPRO","Tyr_Pase_dom","7","1340","116","23408","0.51","6.58e-1","1.00e+0","1.05","1.00e+0","1.00e+0","4.99e-1","ENSDARG00000039997,ENSDARG00000079591,ENSDARG00000069529,ENSDARG00000052465,ENSDARG00000044688,ENSDARG00000037560,ENSDARG00000070914"
"113","0.39","UP_SEQ_FEATURE","DOMAIN:Tyrosine-protein phosphatase","6","1250","97","21277","0.44","6.80e-1","1.00e+0","1.05","1.00e+0","1.00e+0","5.09e-1","ENSDARG00000039997,ENSDARG00000079591,ENSDARG00000069529,ENSDARG00000052465,ENSDARG00000044688,ENSDARG00000070914"
"113","0.39","INTERPRO","Prot-tyrosine_phosphatase-like","8","1340","138","23408","0.58","6.81e-1","1.00e+0","1.01","1.00e+0","1.00e+0","5.37e-1","ENSDARG00000039997,ENSDARG00000079591,ENSDARG00000069529,ENSDARG00000052465,ENSDARG00000044688,ENSDARG00000037560,ENSDARG00000070914,ENSDARG00000056690"
"113","0.39","GOTERM_BP_DIRECT","protein dephosphorylation","7","1221","130","20756","0.51","7.83e-1","1.00e+0","0.92","1.00e+0","1.00e+0","6.49e-1","ENSDARG00000039997,ENSDARG00000026499,ENSDARG00000079591,ENSDARG00000069529,ENSDARG00000052465,ENSDARG00000044688,ENSDARG00000070914"
"113","0.39","INTERPRO","Tyr_Pase_cat","4","1340","75","23408","0.29","8.10e-1","1.00e+0","0.93","1.00e+0","1.00e+0","6.29e-1","ENSDARG00000039997,ENSDARG00000044688,ENSDARG00000037560,ENSDARG00000056690"
"113","0.39","GOTERM_MF_DIRECT","protein tyrosine phosphatase activity","6","1186","121","21154","0.44","8.15e-1","1.00e+0","0.88","1.00e+0","1.00e+0","6.79e-1","ENSDARG00000039997,ENSDARG00000036100,ENSDARG00000069529,ENSDARG00000044688,ENSDARG00000037560,ENSDARG00000070914"
"113","0.39","SMART","PTPc_motif","4","772","75","13267","0.29","8.19e-1","1.00e+0","0.92","1.00e+0","1.00e+0","6.42e-1","ENSDARG00000039997,ENSDARG00000044688,ENSDARG00000037560,ENSDARG00000056690"
"114","0.38","KEGG_PATHWAY","Cardiac muscle contraction","7","542","147","21890","0.51","1.57e-1","2.85e-1","1.92","1.00e+0","1.57e-1","7.34e-2","ENSDARG00000071691,ENSDARG00000034424,ENSDARG00000099045,ENSDARG00000023886,ENSDARG00000009738,ENSDARG00000022438,ENSDARG00000060978"
"114","0.38","GOTERM_CC_DIRECT","voltage-gated calcium channel complex","4","1261","37","22190","0.29","3.51e-1","1.00e+0","1.90","1.00e+0","9.93e-1","1.57e-1","ENSDARG00000099045,ENSDARG00000023886,ENSDARG00000009738,ENSDARG00000061590"
"114","0.38","UP_KW_BIOLOGICAL_PROCESS","Calcium transport","6","508","73","8466","0.44","4.46e-1","1.00e+0","1.37","1.00e+0","9.90e-1","2.73e-1","ENSDARG00000015425,ENSDARG00000041086,ENSDARG00000062362,ENSDARG00000099045,ENSDARG00000009738,ENSDARG00000061590"
"114","0.38","GOTERM_MF_DIRECT","calcium channel activity","7","1186","103","21154","0.51","5.21e-1","1.00e+0","1.21","1.00e+0","1.00e+0","3.56e-1","ENSDARG00000101317,ENSDARG00000015425,ENSDARG00000016699,ENSDARG00000041086,ENSDARG00000062362,ENSDARG00000099045,ENSDARG00000023886"
"114","0.38","GOTERM_MF_DIRECT","voltage-gated calcium channel activity","4","1186","51","21154","0.29","5.50e-1","1.00e+0","1.40","1.00e+0","1.00e+0","3.20e-1","ENSDARG00000099045,ENSDARG00000023886,ENSDARG00000009738,ENSDARG00000061590"
"114","0.38","GOTERM_BP_DIRECT","calcium ion transport","8","1221","136","20756","0.58","6.94e-1","1.00e+0","1.00","1.00e+0","1.00e+0","5.52e-1","ENSDARG00000015425,ENSDARG00000021392,ENSDARG00000041086,ENSDARG00000099045,ENSDARG00000023886,ENSDARG00000037427,ENSDARG00000009738,ENSDARG00000060978"
"115","0.38","INTERPRO","Septin","3","1340","18","23408","0.22","2.75e-1","1.00e+0","2.91","1.00e+0","1.00e+0","8.04e-2","ENSDARG00000017140,ENSDARG00000013843,ENSDARG00000010721"
"115","0.38","UP_SEQ_FEATURE","DOMAIN:Septin-type G","3","1250","18","21277","0.22","2.86e-1","1.00e+0","2.84","1.00e+0","1.00e+0","8.54e-2","ENSDARG00000017140,ENSDARG00000013843,ENSDARG00000010721"
"115","0.38","INTERPRO","G_SEPTIN_dom","3","1340","20","23408","0.22","3.19e-1","1.00e+0","2.62","1.00e+0","1.00e+0","1.03e-1","ENSDARG00000017140,ENSDARG00000013843,ENSDARG00000010721"
"115","0.38","PIR_SUPERFAMILY","Septin","3","153","16","1890","0.22","3.73e-1","1.00e+0","2.32","1.00e+0","1.00e+0","1.34e-1","ENSDARG00000017140,ENSDARG00000013843,ENSDARG00000010721"
"115","0.38","GOTERM_CC_DIRECT","microtubule cytoskeleton","8","1261","109","22190","0.58","4.25e-1","1.00e+0","1.29","1.00e+0","9.93e-1","2.79e-1","ENSDARG00000014113,ENSDARG00000100292,ENSDARG00000061725,ENSDARG00000086505,ENSDARG00000058868,ENSDARG00000017140,ENSDARG00000013843,ENSDARG00000010721"
"115","0.38","GOTERM_CC_DIRECT","septin complex","3","1261","28","22190","0.22","4.78e-1","1.00e+0","1.89","1.00e+0","9.93e-1","2.11e-1","ENSDARG00000017140,ENSDARG00000013843,ENSDARG00000010721"
"115","0.38","GOTERM_CC_DIRECT","septin ring","3","1261","28","22190","0.22","4.78e-1","1.00e+0","1.89","1.00e+0","9.93e-1","2.11e-1","ENSDARG00000017140,ENSDARG00000013843,ENSDARG00000010721"
"115","0.38","GOTERM_CC_DIRECT","cell division site","3","1261","28","22190","0.22","4.78e-1","1.00e+0","1.89","1.00e+0","9.93e-1","2.11e-1","ENSDARG00000017140,ENSDARG00000013843,ENSDARG00000010721"
"115","0.38","GOTERM_BP_DIRECT","cytoskeleton-dependent cytokinesis","3","1221","29","20756","0.22","5.15e-1","1.00e+0","1.76","1.00e+0","1.00e+0","2.42e-1","ENSDARG00000017140,ENSDARG00000013843,ENSDARG00000010721"
"115","0.38","GOTERM_MF_DIRECT","molecular adaptor activity","7","1186","103","21154","0.51","5.21e-1","1.00e+0","1.21","1.00e+0","1.00e+0","3.56e-1","ENSDARG00000052690,ENSDARG00000019941,ENSDARG00000017140,ENSDARG00000016490,ENSDARG00000016769,ENSDARG00000013843,ENSDARG00000010721"
"115","0.38","GOTERM_BP_DIRECT","intracellular protein localization","6","1221","82","20756","0.44","5.32e-1","1.00e+0","1.24","1.00e+0","1.00e+0","3.52e-1","ENSDARG00000010583,ENSDARG00000015472,ENSDARG00000017140,ENSDARG00000037153,ENSDARG00000013843,ENSDARG00000010721"
"116","0.38","INTERPRO","vWFA_dom_sf","10","1340","120","23408","0.73","2.49e-1","1.00e+0","1.46","1.00e+0","1.00e+0","1.50e-1","ENSDARG00000063612,ENSDARG00000074316,ENSDARG00000061466,ENSDARG00000025189,ENSDARG00000055036,ENSDARG00000076321,ENSDARG00000055053,ENSDARG00000061590,ENSDARG00000044318,ENSDARG00000045946"
"116","0.38","INTERPRO","VWF_A","8","1340","92","23408","0.58","2.73e-1","1.00e+0","1.52","1.00e+0","1.00e+0","1.56e-1","ENSDARG00000063612,ENSDARG00000074316,ENSDARG00000061466,ENSDARG00000025189,ENSDARG00000055036,ENSDARG00000076321,ENSDARG00000055053,ENSDARG00000061590"
"116","0.38","UP_SEQ_FEATURE","DOMAIN:VWFA","7","1250","80","21277","0.51","3.29e-1","1.00e+0","1.49","1.00e+0","1.00e+0","1.90e-1","ENSDARG00000063612,ENSDARG00000074316,ENSDARG00000061466,ENSDARG00000055036,ENSDARG00000076321,ENSDARG00000055053,ENSDARG00000061590"
"116","0.38","SMART","VWA","7","772","84","13267","0.51","3.62e-1","1.00e+0","1.43","1.00e+0","1.00e+0","2.16e-1","ENSDARG00000063612,ENSDARG00000074316,ENSDARG00000061466,ENSDARG00000025189,ENSDARG00000055036,ENSDARG00000076321,ENSDARG00000055053"
"116","0.38","UP_KW_MOLECULAR_FUNCTION","Serine protease inhibitor","4","708","69","11803","0.29","7.91e-1","1.00e+0","0.97","1.00e+0","1.00e+0","6.00e-1","ENSDARG00000055036,ENSDARG00000056795,ENSDARG00000076321,ENSDARG00000055053"
"116","0.38","UP_KW_MOLECULAR_FUNCTION","Protease inhibitor","5","708","91","11803","0.36","8.02e-1","1.00e+0","0.92","1.00e+0","1.00e+0","6.44e-1","ENSDARG00000074644,ENSDARG00000055036,ENSDARG00000056795,ENSDARG00000076321,ENSDARG00000055053"
"117","0.38","GOTERM_BP_DIRECT","visual perception","15","1221","179","20756","1.09","1.69e-1","1.00e+0","1.42","1.00e+0","1.00e+0","1.06e-1","ENSDARG00000030867,ENSDARG00000056617,ENSDARG00000027822,ENSDARG00000053512,ENSDARG00000074892,ENSDARG00000056511,ENSDARG00000007576,ENSDARG00000020602,ENSDARG00000040735,ENSDARG00000068507,ENSDARG00000011671,ENSDARG00000093318,ENSDARG00000034344,ENSDARG00000019752,ENSDARG00000068124"
"117","0.38","UP_KW_BIOLOGICAL_PROCESS","Vision","5","508","61","8466","0.36","5.01e-1","1.00e+0","1.37","1.00e+0","9.90e-1","3.03e-1","ENSDARG00000056617,ENSDARG00000011671,ENSDARG00000074892,ENSDARG00000056511,ENSDARG00000020602"
"117","0.38","UP_KW_BIOLOGICAL_PROCESS","Sensory transduction","9","508","179","8466","0.65","8.49e-1","1.00e+0","0.84","1.00e+0","9.90e-1","7.55e-1","ENSDARG00000056617,ENSDARG00000030867,ENSDARG00000011671,ENSDARG00000016699,ENSDARG00000074892,ENSDARG00000056511,ENSDARG00000068124,ENSDARG00000020602,ENSDARG00000011545"
"118","0.38","GOTERM_BP_DIRECT","peptidyl-L-cysteine S-palmitoylation","3","1221","10","20756","0.22","1.14e-1","1.00e+0","5.10","1.00e+0","1.00e+0","1.78e-2","ENSDARG00000037069,ENSDARG00000018508,ENSDARG00000110709"
"118","0.38","UP_SEQ_FEATURE","ACT_SITE:S-palmitoyl cysteine intermediate","3","1250","28","21277","0.22","4.95e-1","1.00e+0","1.82","1.00e+0","1.00e+0","2.25e-1","ENSDARG00000037069,ENSDARG00000018508,ENSDARG00000110709"
"118","0.38","UP_SEQ_FEATURE","DOMAIN:DHHC","3","1250","29","21277","0.22","5.14e-1","1.00e+0","1.76","1.00e+0","1.00e+0","2.41e-1","ENSDARG00000037069,ENSDARG00000018508,ENSDARG00000110709"
"118","0.38","GOTERM_MF_DIRECT","protein-cysteine S-palmitoyltransferase activity","3","1186","33","21154","0.22","5.59e-1","1.00e+0","1.62","1.00e+0","1.00e+0","2.82e-1","ENSDARG00000037069,ENSDARG00000018508,ENSDARG00000110709"
"118","0.38","INTERPRO","Palmitoyltrfase_DHHC","3","1340","33","23408","0.22","5.70e-1","1.00e+0","1.59","1.00e+0","1.00e+0","2.92e-1","ENSDARG00000037069,ENSDARG00000018508,ENSDARG00000110709"
"118","0.38","GOTERM_MF_DIRECT","palmitoyltransferase activity","3","1186","34","21154","0.22","5.75e-1","1.00e+0","1.57","1.00e+0","1.00e+0","2.97e-1","ENSDARG00000037069,ENSDARG00000018508,ENSDARG00000110709"
"119","0.37","INTERPRO","NUDIX_hydrolase_dom","3","1340","24","23408","0.22","4.03e-1","1.00e+0","2.18","1.00e+0","1.00e+0","1.56e-1","ENSDARG00000042123,ENSDARG00000103523,ENSDARG00000007722"
"119","0.37","UP_SEQ_FEATURE","DOMAIN:Nudix hydrolase","3","1250","24","21277","0.22","4.16e-1","1.00e+0","2.13","1.00e+0","1.00e+0","1.64e-1","ENSDARG00000042123,ENSDARG00000103523,ENSDARG00000007722"
"119","0.37","INTERPRO","NUDIX_hydrolase-like_dom_sf","3","1340","27","23408","0.22","4.62e-1","1.00e+0","1.94","1.00e+0","1.00e+0","1.99e-1","ENSDARG00000042123,ENSDARG00000103523,ENSDARG00000007722"
"120","0.35","INTERPRO","Aminotransferase_I/II_large","3","1340","20","23408","0.22","3.19e-1","1.00e+0","2.62","1.00e+0","1.00e+0","1.03e-1","ENSDARG00000041068,ENSDARG00000019541,ENSDARG00000069630"
"120","0.35","GOTERM_BP_DIRECT","biosynthetic process","5","1221","52","20756","0.36","3.66e-1","1.00e+0","1.63","1.00e+0","1.00e+0","1.90e-1","ENSDARG00000011233,ENSDARG00000041068,ENSDARG00000019541,ENSDARG00000087657,ENSDARG00000069630"
"120","0.35","GOTERM_MF_DIRECT","pyridoxal phosphate binding","5","1186","55","21154","0.36","3.71e-1","1.00e+0","1.62","1.00e+0","1.00e+0","1.94e-1","ENSDARG00000026348,ENSDARG00000041068,ENSDARG00000019541,ENSDARG00000069630,ENSDARG00000055518"
"120","0.35","GOTERM_MF_DIRECT","transaminase activity","3","1186","27","21154","0.22","4.51e-1","1.00e+0","1.98","1.00e+0","1.00e+0","1.91e-1","ENSDARG00000041068,ENSDARG00000019541,ENSDARG00000069630"
"120","0.35","INTERPRO","PyrdxlP-dep_Trfase_major","4","1340","48","23408","0.29","5.23e-1","1.00e+0","1.46","1.00e+0","1.00e+0","2.95e-1","ENSDARG00000026348,ENSDARG00000041068,ENSDARG00000019541,ENSDARG00000069630"
"120","0.35","INTERPRO","PyrdxlP-dep_Trfase","4","1340","48","23408","0.29","5.23e-1","1.00e+0","1.46","1.00e+0","1.00e+0","2.95e-1","ENSDARG00000026348,ENSDARG00000041068,ENSDARG00000019541,ENSDARG00000069630"
"120","0.35","INTERPRO","PyrdxlP-dep_Trfase_small","3","1340","40","23408","0.22","6.75e-1","1.00e+0","1.31","1.00e+0","1.00e+0","4.04e-1","ENSDARG00000041068,ENSDARG00000019541,ENSDARG00000069630"
"121","0.34","INTERPRO","AMP-bd_C","3","1340","20","23408","0.22","3.19e-1","1.00e+0","2.62","1.00e+0","1.00e+0","1.03e-1","ENSDARG00000016348,ENSDARG00000017047,ENSDARG00000069029"
"121","0.34","INTERPRO","AMP-bd_C_sf","3","1340","26","23408","0.22","4.43e-1","1.00e+0","2.02","1.00e+0","1.00e+0","1.84e-1","ENSDARG00000016348,ENSDARG00000017047,ENSDARG00000069029"
"121","0.34","INTERPRO","AMP-dep_synth/lig_dom","3","1340","32","23408","0.22","5.54e-1","1.00e+0","1.64","1.00e+0","1.00e+0","2.76e-1","ENSDARG00000016348,ENSDARG00000017047,ENSDARG00000069029"
"121","0.34","INTERPRO","ANL_N_sf","3","1340","32","23408","0.22","5.54e-1","1.00e+0","1.64","1.00e+0","1.00e+0","2.76e-1","ENSDARG00000016348,ENSDARG00000017047,ENSDARG00000069029"
"122","0.34","GOTERM_BP_DIRECT","cytokine-mediated signaling pathway","10","1221","80","20756","0.73","4.47e-2","1.00e+0","2.12","1.00e+0","1.00e+0","1.86e-2","ENSDARG00000039436,ENSDARG00000104808,ENSDARG00000102986,ENSDARG00000039222,ENSDARG00000098700,ENSDARG00000060316,ENSDARG00000006368,ENSDARG00000100717,ENSDARG00000062745,ENSDARG00000020625"
"122","0.34","GOTERM_BP_DIRECT","cell surface receptor signaling pathway via JAK-STAT","3","1221","17","20756","0.22","2.64e-1","1.00e+0","3.00","1.00e+0","1.00e+0","7.45e-2","ENSDARG00000104808,ENSDARG00000062745,ENSDARG00000020625"
"122","0.34","GOTERM_BP_DIRECT","negative regulation of signal transduction","5","1221","50","20756","0.36","3.39e-1","1.00e+0","1.70","1.00e+0","1.00e+0","1.69e-1","ENSDARG00000060316,ENSDARG00000060601,ENSDARG00000100717,ENSDARG00000062745,ENSDARG00000011545"
"122","0.34","UP_KW_MOLECULAR_FUNCTION","Signal transduction inhibitor","4","708","38","11803","0.29","4.00e-1","1.00e+0","1.75","1.00e+0","1.00e+0","1.92e-1","ENSDARG00000060316,ENSDARG00000060601,ENSDARG00000100717,ENSDARG00000062745"
"122","0.34","INTERPRO","SH2_dom_sf","9","1340","135","23408","0.65","5.11e-1","1.00e+0","1.16","1.00e+0","1.00e+0","3.68e-1","ENSDARG00000014324,ENSDARG00000104808,ENSDARG00000099887,ENSDARG00000016981,ENSDARG00000060316,ENSDARG00000100717,ENSDARG00000062745,ENSDARG00000020625,ENSDARG00000090607"
"122","0.34","SMART","SH2","8","772","121","13267","0.58","5.60e-1","1.00e+0","1.14","1.00e+0","1.00e+0","4.08e-1","ENSDARG00000104808,ENSDARG00000099887,ENSDARG00000016981,ENSDARG00000060316,ENSDARG00000100717,ENSDARG00000062745,ENSDARG00000020625,ENSDARG00000090607"
"122","0.34","INTERPRO","SH2","8","1340","131","23408","0.58","6.28e-1","1.00e+0","1.07","1.00e+0","1.00e+0","4.78e-1","ENSDARG00000104808,ENSDARG00000099887,ENSDARG00000016981,ENSDARG00000060316,ENSDARG00000100717,ENSDARG00000062745,ENSDARG00000020625,ENSDARG00000090607"
"122","0.34","UP_KW_BIOLOGICAL_PROCESS","Growth regulation","3","508","37","8466","0.22","6.59e-1","1.00e+0","1.35","1.00e+0","9.90e-1","3.85e-1","ENSDARG00000060316,ENSDARG00000100717,ENSDARG00000062745"
"122","0.34","INTERPRO","SOCS_box-like_dom_sf","3","1340","40","23408","0.22","6.75e-1","1.00e+0","1.31","1.00e+0","1.00e+0","4.04e-1","ENSDARG00000060316,ENSDARG00000100717,ENSDARG00000062745"
"122","0.34","UP_SEQ_FEATURE","DOMAIN:SH2","7","1250","122","21277","0.51","7.28e-1","1.00e+0","0.98","1.00e+0","1.00e+0","5.81e-1","ENSDARG00000104808,ENSDARG00000099887,ENSDARG00000016981,ENSDARG00000060316,ENSDARG00000100717,ENSDARG00000062745,ENSDARG00000090607"
"122","0.34","SMART","SOCS_box","3","772","45","13267","0.22","7.45e-1","1.00e+0","1.15","1.00e+0","1.00e+0","4.91e-1","ENSDARG00000060316,ENSDARG00000100717,ENSDARG00000062745"
"122","0.34","INTERPRO","SOCS_box","3","1340","48","23408","0.22","7.69e-1","1.00e+0","1.09","1.00e+0","1.00e+0","5.24e-1","ENSDARG00000060316,ENSDARG00000100717,ENSDARG00000062745"
"122","0.34","UP_SEQ_FEATURE","DOMAIN:SOCS box","3","1250","48","21277","0.22","7.81e-1","1.00e+0","1.06","1.00e+0","1.00e+0","5.41e-1","ENSDARG00000060316,ENSDARG00000100717,ENSDARG00000062745"
"123","0.33","GOTERM_CC_DIRECT","microvillus","4","1261","36","22190","0.29","3.36e-1","1.00e+0","1.96","1.00e+0","9.93e-1","1.46e-1","ENSDARG00000040466,ENSDARG00000020924,ENSDARG00000024694,ENSDARG00000042141"
"123","0.33","GOTERM_CC_DIRECT","actin cytoskeleton","10","1261","140","22190","0.73","4.00e-1","1.00e+0","1.26","1.00e+0","9.93e-1","2.74e-1","ENSDARG00000059672,ENSDARG00000079805,ENSDARG00000040466,ENSDARG00000020924,ENSDARG00000067701,ENSDARG00000024694,ENSDARG00000055223,ENSDARG00000042141,ENSDARG00000059604,ENSDARG00000099672"
"123","0.33","GOTERM_MF_DIRECT","actin filament binding","12","1186","232","21154","0.87","7.57e-1","1.00e+0","0.92","1.00e+0","1.00e+0","6.55e-1","ENSDARG00000004658,ENSDARG00000079805,ENSDARG00000040466,ENSDARG00000018162,ENSDARG00000020924,ENSDARG00000004372,ENSDARG00000024694,ENSDARG00000055223,ENSDARG00000042141,ENSDARG00000099672,ENSDARG00000053956,ENSDARG00000007219"
"124","0.33","SMART","TSP1","6","772","75","13267","0.44","4.43e-1","1.00e+0","1.37","1.00e+0","1.00e+0","2.70e-1","ENSDARG00000077778,ENSDARG00000023694,ENSDARG00000025465,ENSDARG00000054331,ENSDARG00000077882,ENSDARG00000033544"
"124","0.33","INTERPRO","TSP1_rpt_sf","6","1340","80","23408","0.44","4.86e-1","1.00e+0","1.31","1.00e+0","1.00e+0","3.08e-1","ENSDARG00000077778,ENSDARG00000023694,ENSDARG00000025465,ENSDARG00000054331,ENSDARG00000077882,ENSDARG00000033544"
"124","0.33","INTERPRO","TSP1_rpt","6","1340","80","23408","0.44","4.86e-1","1.00e+0","1.31","1.00e+0","1.00e+0","3.08e-1","ENSDARG00000077778,ENSDARG00000023694,ENSDARG00000025465,ENSDARG00000054331,ENSDARG00000077882,ENSDARG00000033544"
"125","0.32","UP_KW_PTM","Prenylation","17","555","176","8073","1.23","1.51e-1","5.10e-1","1.41","9.86e-1","4.72e-1","9.66e-2","ENSDARG00000056617,ENSDARG00000099532,ENSDARG00000054389,ENSDARG00000020602,ENSDARG00000005049,ENSDARG00000114797,ENSDARG00000039162,ENSDARG00000057394,ENSDARG00000039997,ENSDARG00000011671,ENSDARG00000014462,ENSDARG00000058425,ENSDARG00000010745,ENSDARG00000070822,ENSDARG00000013659,ENSDARG00000018602,ENSDARG00000030547"
"125","0.32","SMART","RHO","13","772","174","13267","0.94","3.12e-1","1.00e+0","1.28","1.00e+0","1.00e+0","2.14e-1","ENSDARG00000054389,ENSDARG00000020544,ENSDARG00000005049,ENSDARG00000114797,ENSDARG00000039162,ENSDARG00000070916,ENSDARG00000057394,ENSDARG00000015611,ENSDARG00000014462,ENSDARG00000058425,ENSDARG00000012968,ENSDARG00000018602,ENSDARG00000030547"
"125","0.32","INTERPRO","Small_GTPase_Rab","3","1340","20","23408","0.22","3.19e-1","1.00e+0","2.62","1.00e+0","1.00e+0","1.03e-1","ENSDARG00000014462,ENSDARG00000058425,ENSDARG00000114797"
"125","0.32","SMART","RAS","13","772","182","13267","0.94","3.68e-1","1.00e+0","1.23","1.00e+0","1.00e+0","2.62e-1","ENSDARG00000054389,ENSDARG00000020544,ENSDARG00000005049,ENSDARG00000114797,ENSDARG00000039162,ENSDARG00000070916,ENSDARG00000057394,ENSDARG00000015611,ENSDARG00000014462,ENSDARG00000058425,ENSDARG00000012968,ENSDARG00000018602,ENSDARG00000030547"
"125","0.32","INTERPRO","Small_GTPase","13","1340","185","23408","0.94","3.69e-1","1.00e+0","1.23","1.00e+0","1.00e+0","2.62e-1","ENSDARG00000054389,ENSDARG00000020544,ENSDARG00000005049,ENSDARG00000114797,ENSDARG00000039162,ENSDARG00000070916,ENSDARG00000057394,ENSDARG00000015611,ENSDARG00000014462,ENSDARG00000058425,ENSDARG00000012968,ENSDARG00000018602,ENSDARG00000030547"
"125","0.32","SMART","RAN","8","772","112","13267","0.58","4.78e-1","1.00e+0","1.23","1.00e+0","1.00e+0","3.27e-1","ENSDARG00000070916,ENSDARG00000057394,ENSDARG00000014462,ENSDARG00000054389,ENSDARG00000058425,ENSDARG00000012968,ENSDARG00000018602,ENSDARG00000114797"
"125","0.32","GOTERM_MF_DIRECT","G protein activity","7","1186","103","21154","0.51","5.21e-1","1.00e+0","1.21","1.00e+0","1.00e+0","3.56e-1","ENSDARG00000015611,ENSDARG00000057394,ENSDARG00000014462,ENSDARG00000058425,ENSDARG00000005049,ENSDARG00000018602,ENSDARG00000114797"
"125","0.32","INTERPRO","Small_GTP-bd","14","1340","227","23408","1.02","5.39e-1","1.00e+0","1.08","1.00e+0","1.00e+0","4.26e-1","ENSDARG00000054389,ENSDARG00000020544,ENSDARG00000005049,ENSDARG00000114797,ENSDARG00000039162,ENSDARG00000070916,ENSDARG00000057394,ENSDARG00000015611,ENSDARG00000039345,ENSDARG00000014462,ENSDARG00000058425,ENSDARG00000012968,ENSDARG00000018602,ENSDARG00000030547"
"125","0.32","SMART","RAB","13","772","216","13267","0.94","6.06e-1","1.00e+0","1.03","1.00e+0","1.00e+0","4.91e-1","ENSDARG00000054389,ENSDARG00000020544,ENSDARG00000005049,ENSDARG00000114797,ENSDARG00000039162,ENSDARG00000070916,ENSDARG00000057394,ENSDARG00000015611,ENSDARG00000014462,ENSDARG00000058425,ENSDARG00000012968,ENSDARG00000018602,ENSDARG00000030547"
"125","0.32","GOTERM_MF_DIRECT","GTPase activity","20","1186","440","21154","1.45","9.05e-1","1.00e+0","0.81","1.00e+0","1.00e+0","8.62e-1","ENSDARG00000071881,ENSDARG00000054389,ENSDARG00000020544,ENSDARG00000005049,ENSDARG00000017140,ENSDARG00000021647,ENSDARG00000114797,ENSDARG00000039162,ENSDARG00000070916,ENSDARG00000057394,ENSDARG00000015611,ENSDARG00000039345,ENSDARG00000014462,ENSDARG00000057995,ENSDARG00000058425,ENSDARG00000012968,ENSDARG00000018602,ENSDARG00000010721,ENSDARG00000013843,ENSDARG00000030547"
"125","0.32","UP_KW_LIGAND","GTP-binding","18","424","449","7893","1.31","9.54e-1","1.00e+0","0.75","1.00e+0","9.73e-1","9.28e-1","ENSDARG00000006219,ENSDARG00000054302,ENSDARG00000054389,ENSDARG00000020544,ENSDARG00000005049,ENSDARG00000114797,ENSDARG00000039162,ENSDARG00000070916,ENSDARG00000057394,ENSDARG00000015611,ENSDARG00000090548,ENSDARG00000039345,ENSDARG00000014462,ENSDARG00000058425,ENSDARG00000012968,ENSDARG00000018602,ENSDARG00000010721,ENSDARG00000030547"
"125","0.32","GOTERM_MF_DIRECT","GTP binding","24","1186","605","21154","1.74","9.84e-1","1.00e+0","0.71","1.00e+0","1.00e+0","9.74e-1","ENSDARG00000006219,ENSDARG00000071881,ENSDARG00000054302,ENSDARG00000054389,ENSDARG00000020544,ENSDARG00000005049,ENSDARG00000017140,ENSDARG00000006546,ENSDARG00000021647,ENSDARG00000114797,ENSDARG00000039162,ENSDARG00000070916,ENSDARG00000057394,ENSDARG00000015611,ENSDARG00000090548,ENSDARG00000039345,ENSDARG00000014462,ENSDARG00000057995,ENSDARG00000058425,ENSDARG00000012968,ENSDARG00000018602,ENSDARG00000010721,ENSDARG00000013843,ENSDARG00000030547"
"126","0.31","SMART","CT","3","772","27","13267","0.22","4.71e-1","1.00e+0","1.91","1.00e+0","1.00e+0","2.06e-1","ENSDARG00000061259,ENSDARG00000054331,ENSDARG00000077882"
"126","0.31","UP_SEQ_FEATURE","DOMAIN:CTCK","3","1250","27","21277","0.22","4.76e-1","1.00e+0","1.89","1.00e+0","1.00e+0","2.10e-1","ENSDARG00000061259,ENSDARG00000054331,ENSDARG00000077882"
"126","0.31","INTERPRO","Cys_knot_C","3","1340","30","23408","0.22","5.18e-1","1.00e+0","1.75","1.00e+0","1.00e+0","2.45e-1","ENSDARG00000061259,ENSDARG00000054331,ENSDARG00000077882"
"127","0.29","GOTERM_MF_DIRECT","metallopeptidase activity","13","1186","162","21154","0.94","1.98e-1","1.00e+0","1.43","1.00e+0","1.00e+0","1.23e-1","ENSDARG00000077778,ENSDARG00000002235,ENSDARG00000079651,ENSDARG00000020676,ENSDARG00000112453,ENSDARG00000062323,ENSDARG00000034693,ENSDARG00000008388,ENSDARG00000057644,ENSDARG00000104401,ENSDARG00000033544,ENSDARG00000078915,ENSDARG00000105389"
"127","0.29","GOTERM_MF_DIRECT","peptidase activity","30","1186","537","21154","2.18","6.09e-1","1.00e+0","1.00","1.00e+0","1.00e+0","5.35e-1","ENSDARG00000056741,ENSDARG00000020676,ENSDARG00000078574,ENSDARG00000060646,ENSDARG00000000229,ENSDARG00000112453,ENSDARG00000011462,ENSDARG00000008388,ENSDARG00000057644,ENSDARG00000105389,ENSDARG00000076303,ENSDARG00000074367,ENSDARG00000077778,ENSDARG00000002235,ENSDARG00000053323,ENSDARG00000045343,ENSDARG00000079932,ENSDARG00000079651,ENSDARG00000041858,ENSDARG00000037062,ENSDARG00000079198,ENSDARG00000062323,ENSDARG00000034693,ENSDARG00000089529,ENSDARG00000101716,ENSDARG00000089724,ENSDARG00000104401,ENSDARG00000033544,ENSDARG00000078915,ENSDARG00000052702"
"127","0.29","GOTERM_BP_DIRECT","proteolysis","39","1221","670","20756","2.83","6.15e-1","1.00e+0","0.99","1.00e+0","1.00e+0","5.52e-1","ENSDARG00000056741,ENSDARG00000020676,ENSDARG00000078574,ENSDARG00000060646,ENSDARG00000000229,ENSDARG00000112453,ENSDARG00000011462,ENSDARG00000008388,ENSDARG00000108937,ENSDARG00000103308,ENSDARG00000057644,ENSDARG00000076826,ENSDARG00000068152,ENSDARG00000012513,ENSDARG00000105389,ENSDARG00000076303,ENSDARG00000074367,ENSDARG00000077778,ENSDARG00000056913,ENSDARG00000071691,ENSDARG00000002235,ENSDARG00000053323,ENSDARG00000045343,ENSDARG00000079932,ENSDARG00000079651,ENSDARG00000041858,ENSDARG00000024744,ENSDARG00000037062,ENSDARG00000079198,ENSDARG00000062323,ENSDARG00000034693,ENSDARG00000089529,ENSDARG00000101716,ENSDARG00000089724,ENSDARG00000104401,ENSDARG00000104767,ENSDARG00000033544,ENSDARG00000078915,ENSDARG00000052702"
"127","0.29","UP_KW_MOLECULAR_FUNCTION","Protease","25","708","533","11803","1.82","9.47e-1","1.00e+0","0.78","1.00e+0","1.00e+0","9.23e-1","ENSDARG00000056741,ENSDARG00000020676,ENSDARG00000000229,ENSDARG00000112453,ENSDARG00000011462,ENSDARG00000008388,ENSDARG00000105389,ENSDARG00000076303,ENSDARG00000074367,ENSDARG00000077778,ENSDARG00000002235,ENSDARG00000053323,ENSDARG00000045343,ENSDARG00000079932,ENSDARG00000041858,ENSDARG00000037062,ENSDARG00000079198,ENSDARG00000062323,ENSDARG00000034693,ENSDARG00000089529,ENSDARG00000101716,ENSDARG00000089724,ENSDARG00000104401,ENSDARG00000033544,ENSDARG00000078915"
"128","0.29","UP_SEQ_FEATURE","DOMAIN:Ras-GEF","3","1250","28","21277","0.22","4.95e-1","1.00e+0","1.82","1.00e+0","1.00e+0","2.25e-1","ENSDARG00000099092,ENSDARG00000016981,ENSDARG00000087921"
"128","0.29","INTERPRO","RASGEF_cat_dom","3","1340","30","23408","0.22","5.18e-1","1.00e+0","1.75","1.00e+0","1.00e+0","2.45e-1","ENSDARG00000099092,ENSDARG00000016981,ENSDARG00000087921"
"128","0.29","INTERPRO","RASGEF_cat_dom_sf","3","1340","30","23408","0.22","5.18e-1","1.00e+0","1.75","1.00e+0","1.00e+0","2.45e-1","ENSDARG00000099092,ENSDARG00000016981,ENSDARG00000087921"
"128","0.29","INTERPRO","Ras_GEF_dom_sf","3","1340","30","23408","0.22","5.18e-1","1.00e+0","1.75","1.00e+0","1.00e+0","2.45e-1","ENSDARG00000099092,ENSDARG00000016981,ENSDARG00000087921"
"128","0.29","SMART","RasGEF","3","772","30","13267","0.22","5.27e-1","1.00e+0","1.72","1.00e+0","1.00e+0","2.53e-1","ENSDARG00000099092,ENSDARG00000016981,ENSDARG00000087921"
"129","0.28","GOTERM_BP_DIRECT","regulation of immune system process","5","1221","46","20756","0.36","2.85e-1","1.00e+0","1.85","1.00e+0","1.00e+0","1.32e-1","ENSDARG00000019265,ENSDARG00000052465,ENSDARG00000013492,ENSDARG00000076584,ENSDARG00000101366"
"129","0.28","GOTERM_MF_DIRECT","DNA-binding transcription repressor activity, RNA polymerase II-specific","5","1186","80","21154","0.36","6.62e-1","1.00e+0","1.11","1.00e+0","1.00e+0","4.68e-1","ENSDARG00000019265,ENSDARG00000013492,ENSDARG00000077101,ENSDARG00000076584,ENSDARG00000076120"
"129","0.28","GOTERM_BP_DIRECT","regulation of cytokine production","3","1221","45","20756","0.22","7.51e-1","1.00e+0","1.13","1.00e+0","1.00e+0","4.98e-1","ENSDARG00000019265,ENSDARG00000013492,ENSDARG00000076584"
"130","0.28","INTERPRO","SANT/Myb","5","1340","56","23408","0.36","4.00e-1","1.00e+0","1.56","1.00e+0","1.00e+0","2.16e-1","ENSDARG00000034693,ENSDARG00000053666,ENSDARG00000031434,ENSDARG00000099273,ENSDARG00000098919"
"130","0.28","UP_SEQ_FEATURE","DOMAIN:SANT","3","1250","32","21277","0.22","5.68e-1","1.00e+0","1.60","1.00e+0","1.00e+0","2.90e-1","ENSDARG00000034693,ENSDARG00000031434,ENSDARG00000098919"
"130","0.28","INTERPRO","SANT_dom","3","1340","33","23408","0.22","5.70e-1","1.00e+0","1.59","1.00e+0","1.00e+0","2.92e-1","ENSDARG00000034693,ENSDARG00000031434,ENSDARG00000098919"
"130","0.28","SMART","SANT","4","772","53","13267","0.29","6.02e-1","1.00e+0","1.30","1.00e+0","1.00e+0","3.72e-1","ENSDARG00000034693,ENSDARG00000053666,ENSDARG00000031434,ENSDARG00000098919"
"131","0.28","UP_SEQ_FEATURE","DOMAIN:Serpin","3","1250","28","21277","0.22","4.95e-1","1.00e+0","1.82","1.00e+0","1.00e+0","2.25e-1","ENSDARG00000019949,ENSDARG00000056795,ENSDARG00000069048"
"131","0.28","INTERPRO","Serpin_CS","3","1340","29","23408","0.22","5.00e-1","1.00e+0","1.81","1.00e+0","1.00e+0","2.29e-1","ENSDARG00000019949,ENSDARG00000056795,ENSDARG00000069048"
"131","0.28","INTERPRO","Serpin_sf","3","1340","31","23408","0.22","5.36e-1","1.00e+0","1.69","1.00e+0","1.00e+0","2.61e-1","ENSDARG00000019949,ENSDARG00000056795,ENSDARG00000069048"
"131","0.28","INTERPRO","Serpin_fam","3","1340","31","23408","0.22","5.36e-1","1.00e+0","1.69","1.00e+0","1.00e+0","2.61e-1","ENSDARG00000019949,ENSDARG00000056795,ENSDARG00000069048"
"131","0.28","INTERPRO","Serpin_dom","3","1340","31","23408","0.22","5.36e-1","1.00e+0","1.69","1.00e+0","1.00e+0","2.61e-1","ENSDARG00000019949,ENSDARG00000056795,ENSDARG00000069048"
"131","0.28","INTERPRO","Serpin_sf_1","3","1340","31","23408","0.22","5.36e-1","1.00e+0","1.69","1.00e+0","1.00e+0","2.61e-1","ENSDARG00000019949,ENSDARG00000056795,ENSDARG00000069048"
"131","0.28","INTERPRO","Serpin_sf_2","3","1340","31","23408","0.22","5.36e-1","1.00e+0","1.69","1.00e+0","1.00e+0","2.61e-1","ENSDARG00000019949,ENSDARG00000056795,ENSDARG00000069048"
"131","0.28","GOTERM_MF_DIRECT","serine-type endopeptidase inhibitor activity","7","1186","105","21154","0.51","5.40e-1","1.00e+0","1.19","1.00e+0","1.00e+0","3.75e-1","ENSDARG00000019949,ENSDARG00000076170,ENSDARG00000055036,ENSDARG00000056795,ENSDARG00000069048,ENSDARG00000076321,ENSDARG00000055053"
"131","0.28","SMART","SERPIN","3","772","31","13267","0.22","5.45e-1","1.00e+0","1.66","1.00e+0","1.00e+0","2.69e-1","ENSDARG00000019949,ENSDARG00000056795,ENSDARG00000069048"
"132","0.27","UP_SEQ_FEATURE","DOMAIN:Ubiquitin-like","5","1250","61","21277","0.36","4.85e-1","1.00e+0","1.40","1.00e+0","1.00e+0","2.88e-1","ENSDARG00000099532,ENSDARG00000069184,ENSDARG00000044492,ENSDARG00000021550,ENSDARG00000024314"
"132","0.27","INTERPRO","Ubiquitin-like_dom","5","1340","63","23408","0.36","4.90e-1","1.00e+0","1.39","1.00e+0","1.00e+0","2.92e-1","ENSDARG00000099532,ENSDARG00000069184,ENSDARG00000044492,ENSDARG00000021550,ENSDARG00000024314"
"132","0.27","INTERPRO","Ubiquitin-like_domsf","14","1340","223","23408","1.02","5.13e-1","1.00e+0","1.10","1.00e+0","1.00e+0","4.00e-1","ENSDARG00000099532,ENSDARG00000069184,ENSDARG00000044492,ENSDARG00000033804,ENSDARG00000045596,ENSDARG00000021550,ENSDARG00000003087,ENSDARG00000009610,ENSDARG00000024314,ENSDARG00000009136,ENSDARG00000087921,ENSDARG00000089009,ENSDARG00000015707,ENSDARG00000087640"
"132","0.27","SMART","UBQ","3","772","40","13267","0.22","6.84e-1","1.00e+0","1.29","1.00e+0","1.00e+0","4.14e-1","ENSDARG00000044492,ENSDARG00000021550,ENSDARG00000024314"
"133","0.27","INTERPRO","Sperma_CUB_dom_sf","7","1340","67","23408","0.51","1.84e-1","1.00e+0","1.83","1.00e+0","1.00e+0","8.78e-2","ENSDARG00000056913,ENSDARG00000077588,ENSDARG00000090297,ENSDARG00000110186,ENSDARG00000011490,ENSDARG00000087814,ENSDARG00000054539"
"133","0.27","SMART","LDLa","4","772","59","13267","0.29","6.75e-1","1.00e+0","1.17","1.00e+0","1.00e+0","4.52e-1","ENSDARG00000090297,ENSDARG00000087814,ENSDARG00000006257,ENSDARG00000054539"
"133","0.27","INTERPRO","LDL_receptor-like_sf","4","1340","60","23408","0.29","6.75e-1","1.00e+0","1.16","1.00e+0","1.00e+0","4.52e-1","ENSDARG00000090297,ENSDARG00000087814,ENSDARG00000006257,ENSDARG00000054539"
"133","0.27","INTERPRO","LDrepeatLR_classA_rpt","4","1340","62","23408","0.29","6.96e-1","1.00e+0","1.13","1.00e+0","1.00e+0","4.78e-1","ENSDARG00000090297,ENSDARG00000087814,ENSDARG00000006257,ENSDARG00000054539"
"133","0.27","INTERPRO","LDLR_class-A_CS","3","1340","50","23408","0.22","7.88e-1","1.00e+0","1.05","1.00e+0","1.00e+0","5.51e-1","ENSDARG00000087814,ENSDARG00000006257,ENSDARG00000054539"
"134","0.26","UP_SEQ_FEATURE","DOMAIN:FERM","5","1250","58","21277","0.36","4.45e-1","1.00e+0","1.47","1.00e+0","1.00e+0","2.54e-1","ENSDARG00000073696,ENSDARG00000104808,ENSDARG00000089009,ENSDARG00000098916,ENSDARG00000020625"
"134","0.26","INTERPRO","FERM_domain","5","1340","64","23408","0.36","5.02e-1","1.00e+0","1.36","1.00e+0","1.00e+0","3.04e-1","ENSDARG00000073696,ENSDARG00000104808,ENSDARG00000089009,ENSDARG00000098916,ENSDARG00000020625"
"134","0.26","INTERPRO","FERM_2","5","1340","66","23408","0.36","5.26e-1","1.00e+0","1.32","1.00e+0","1.00e+0","3.26e-1","ENSDARG00000073696,ENSDARG00000104808,ENSDARG00000089009,ENSDARG00000098916,ENSDARG00000020625"
"134","0.26","INTERPRO","FERM_central","5","1340","67","23408","0.36","5.38e-1","1.00e+0","1.30","1.00e+0","1.00e+0","3.38e-1","ENSDARG00000073696,ENSDARG00000104808,ENSDARG00000089009,ENSDARG00000098916,ENSDARG00000020625"
"134","0.26","INTERPRO","Band_41_domain","5","1340","68","23408","0.36","5.50e-1","1.00e+0","1.28","1.00e+0","1.00e+0","3.49e-1","ENSDARG00000073696,ENSDARG00000104808,ENSDARG00000089009,ENSDARG00000098916,ENSDARG00000020625"
"134","0.26","SMART","B41","5","772","68","13267","0.36","5.63e-1","1.00e+0","1.26","1.00e+0","1.00e+0","3.62e-1","ENSDARG00000073696,ENSDARG00000104808,ENSDARG00000089009,ENSDARG00000098916,ENSDARG00000020625"
"134","0.26","INTERPRO","FERM/acyl-CoA-bd_prot_sf","4","1340","67","23408","0.29","7.45e-1","1.00e+0","1.04","1.00e+0","1.00e+0","5.39e-1","ENSDARG00000073696,ENSDARG00000089009,ENSDARG00000102412,ENSDARG00000098916"
"135","0.26","INTERPRO","Death_dom","4","1340","37","23408","0.29","3.56e-1","1.00e+0","1.89","1.00e+0","1.00e+0","1.60e-1","ENSDARG00000074777,ENSDARG00000062289,ENSDARG00000025866,ENSDARG00000006677"
"135","0.26","UP_SEQ_FEATURE","DOMAIN:Death","3","1250","29","21277","0.22","5.14e-1","1.00e+0","1.76","1.00e+0","1.00e+0","2.41e-1","ENSDARG00000074777,ENSDARG00000062289,ENSDARG00000006677"
"135","0.26","INTERPRO","DEATH-like_dom_sf","5","1340","114","23408","0.36","8.97e-1","1.00e+0","0.77","1.00e+0","1.00e+0","7.88e-1","ENSDARG00000074777,ENSDARG00000091304,ENSDARG00000062289,ENSDARG00000025866,ENSDARG00000006677"
"136","0.26","KEGG_PATHWAY","Proteasome","3","542","55","21890","0.22","3.96e-1","5.88e-1","2.20","1.00e+0","3.96e-1","1.55e-1","ENSDARG00000012234,ENSDARG00000033144,ENSDARG00000070674"
"136","0.26","UP_KW_CELLULAR_COMPONENT","Proteasome","4","977","51","16344","0.29","5.94e-1","1.00e+0","1.31","1.00e+0","9.27e-1","3.64e-1","ENSDARG00000012234,ENSDARG00000021550,ENSDARG00000033144,ENSDARG00000070674"
"136","0.26","GOTERM_CC_DIRECT","proteasome complex","4","1261","63","22190","0.29","7.02e-1","1.00e+0","1.12","1.00e+0","9.93e-1","4.84e-1","ENSDARG00000012234,ENSDARG00000021550,ENSDARG00000033144,ENSDARG00000070674"
"137","0.25","GOTERM_BP_DIRECT","cholesterol metabolic process","7","1221","74","20756","0.51","2.68e-1","1.00e+0","1.61","1.00e+0","1.00e+0","1.44e-1","ENSDARG00000014013,ENSDARG00000038728,ENSDARG00000004311,ENSDARG00000090980,ENSDARG00000006257,ENSDARG00000069375,ENSDARG00000008858"
"137","0.25","GOTERM_BP_DIRECT","steroid metabolic process","5","1221","63","20756","0.36","5.11e-1","1.00e+0","1.35","1.00e+0","1.00e+0","3.12e-1","ENSDARG00000019260,ENSDARG00000014013,ENSDARG00000038728,ENSDARG00000004311,ENSDARG00000008858"
"137","0.25","UP_KW_BIOLOGICAL_PROCESS","Sterol metabolism","4","508","58","8466","0.29","6.84e-1","1.00e+0","1.15","1.00e+0","9.90e-1","4.63e-1","ENSDARG00000038728,ENSDARG00000004311,ENSDARG00000006257,ENSDARG00000008858"
"137","0.25","UP_KW_BIOLOGICAL_PROCESS","Steroid metabolism","4","508","61","8466","0.29","7.16e-1","1.00e+0","1.09","1.00e+0","9.90e-1","5.02e-1","ENSDARG00000038728,ENSDARG00000004311,ENSDARG00000006257,ENSDARG00000008858"
"137","0.25","UP_KW_BIOLOGICAL_PROCESS","Cholesterol metabolism","3","508","48","8466","0.22","7.91e-1","1.00e+0","1.04","1.00e+0","9.90e-1","5.56e-1","ENSDARG00000004311,ENSDARG00000006257,ENSDARG00000008858"
"138","0.25","SMART","ZnF_C3H1","4","772","45","13267","0.29","4.90e-1","1.00e+0","1.53","1.00e+0","1.00e+0","2.65e-1","ENSDARG00000103720,ENSDARG00000029043,ENSDARG00000030335,ENSDARG00000063050"
"138","0.25","UP_SEQ_FEATURE","ZN_FING:C3H1-type","5","1250","62","21277","0.36","4.97e-1","1.00e+0","1.37","1.00e+0","1.00e+0","2.99e-1","ENSDARG00000007045,ENSDARG00000103720,ENSDARG00000029043,ENSDARG00000030335,ENSDARG00000063050"
"138","0.25","INTERPRO","Znf_CCCH","5","1340","65","23408","0.36","5.14e-1","1.00e+0","1.34","1.00e+0","1.00e+0","3.15e-1","ENSDARG00000007045,ENSDARG00000103720,ENSDARG00000029043,ENSDARG00000030335,ENSDARG00000063050"
"138","0.25","INTERPRO","Znf_CCCH_sf","3","1340","38","23408","0.22","6.48e-1","1.00e+0","1.38","1.00e+0","1.00e+0","3.72e-1","ENSDARG00000103720,ENSDARG00000030335,ENSDARG00000063050"
"138","0.25","UP_SEQ_FEATURE","DOMAIN:C3H1-type","4","1250","59","21277","0.29","6.81e-1","1.00e+0","1.15","1.00e+0","1.00e+0","4.59e-1","ENSDARG00000007045,ENSDARG00000103720,ENSDARG00000030335,ENSDARG00000063050"
"139","0.25","SMART","KAZAL","4","772","42","13267","0.29","4.44e-1","1.00e+0","1.64","1.00e+0","1.00e+0","2.27e-1","ENSDARG00000057992,ENSDARG00000074644,ENSDARG00000097063,ENSDARG00000051824"
"139","0.25","UP_SEQ_FEATURE","DOMAIN:Kazal-like","4","1250","51","21277","0.29","5.82e-1","1.00e+0","1.34","1.00e+0","1.00e+0","3.52e-1","ENSDARG00000057992,ENSDARG00000074644,ENSDARG00000097063,ENSDARG00000051824"
"139","0.25","INTERPRO","Kazal_dom","4","1340","56","23408","0.29","6.28e-1","1.00e+0","1.25","1.00e+0","1.00e+0","4.00e-1","ENSDARG00000057992,ENSDARG00000074644,ENSDARG00000097063,ENSDARG00000051824"
"139","0.25","INTERPRO","Kazal_dom_sf","4","1340","56","23408","0.29","6.28e-1","1.00e+0","1.25","1.00e+0","1.00e+0","4.00e-1","ENSDARG00000057992,ENSDARG00000074644,ENSDARG00000097063,ENSDARG00000051824"
"140","0.24","UP_SEQ_FEATURE","ACT_SITE:4-aspartylphosphate intermediate","3","1250","19","21277","0.22","3.08e-1","1.00e+0","2.69","1.00e+0","1.00e+0","9.72e-2","ENSDARG00000104450,ENSDARG00000040674,ENSDARG00000062040"
"140","0.24","INTERPRO","HAD-like_sf","7","1340","83","23408","0.51","3.38e-1","1.00e+0","1.47","1.00e+0","1.00e+0","1.97e-1","ENSDARG00000035781,ENSDARG00000044492,ENSDARG00000104450,ENSDARG00000040674,ENSDARG00000020239,ENSDARG00000060978,ENSDARG00000062040"
"140","0.24","INTERPRO","HAD_sf","6","1340","80","23408","0.44","4.86e-1","1.00e+0","1.31","1.00e+0","1.00e+0","3.08e-1","ENSDARG00000035781,ENSDARG00000044492,ENSDARG00000104450,ENSDARG00000040674,ENSDARG00000060978,ENSDARG00000062040"
"140","0.24","INTERPRO","P_typ_ATPase_HD_dom","3","1340","38","23408","0.22","6.48e-1","1.00e+0","1.38","1.00e+0","1.00e+0","3.72e-1","ENSDARG00000104450,ENSDARG00000060978,ENSDARG00000062040"
"140","0.24","INTERPRO","ATPase_P-typ_cyto_dom_N","3","1340","38","23408","0.22","6.48e-1","1.00e+0","1.38","1.00e+0","1.00e+0","3.72e-1","ENSDARG00000104450,ENSDARG00000060978,ENSDARG00000062040"
"140","0.24","INTERPRO","ATPase_P-typ_P_site","3","1340","38","23408","0.22","6.48e-1","1.00e+0","1.38","1.00e+0","1.00e+0","3.72e-1","ENSDARG00000104450,ENSDARG00000060978,ENSDARG00000062040"
"140","0.24","INTERPRO","P_typ_ATPase","3","1340","39","23408","0.22","6.62e-1","1.00e+0","1.34","1.00e+0","1.00e+0","3.88e-1","ENSDARG00000104450,ENSDARG00000060978,ENSDARG00000062040"
"140","0.24","INTERPRO","ATPase_P-typ_transduc_dom_A_sf","3","1340","40","23408","0.22","6.75e-1","1.00e+0","1.31","1.00e+0","1.00e+0","4.04e-1","ENSDARG00000104450,ENSDARG00000060978,ENSDARG00000062040"
"140","0.24","INTERPRO","ATPase_P-typ_TM_dom_sf","3","1340","42","23408","0.22","7.01e-1","1.00e+0","1.25","1.00e+0","1.00e+0","4.35e-1","ENSDARG00000104450,ENSDARG00000060978,ENSDARG00000062040"
"140","0.24","UP_KW_MOLECULAR_FUNCTION","Translocase","5","708","101","11803","0.36","8.62e-1","1.00e+0","0.83","1.00e+0","1.00e+0","7.32e-1","ENSDARG00000104450,ENSDARG00000063475,ENSDARG00000056609,ENSDARG00000060978,ENSDARG00000062040"
"141","0.24","INTERPRO","Peropsin","3","1340","11","23408","0.22","1.28e-1","1.00e+0","4.76","1.00e+0","1.00e+0","2.18e-2","ENSDARG00000030867,ENSDARG00000027822,ENSDARG00000068124"
"141","0.24","GOTERM_MF_DIRECT","photoreceptor activity","4","1186","42","21154","0.29","4.21e-1","1.00e+0","1.70","1.00e+0","1.00e+0","2.08e-1","ENSDARG00000030867,ENSDARG00000027822,ENSDARG00000068124,ENSDARG00000020602"
"141","0.24","INTERPRO","Retinal_BS","3","1340","35","23408","0.22","6.03e-1","1.00e+0","1.50","1.00e+0","1.00e+0","3.24e-1","ENSDARG00000030867,ENSDARG00000027822,ENSDARG00000068124"
"141","0.24","INTERPRO","GPCR_opsins","3","1340","44","23408","0.22","7.25e-1","1.00e+0","1.19","1.00e+0","1.00e+0","4.65e-1","ENSDARG00000030867,ENSDARG00000027822,ENSDARG00000068124"
"141","0.24","UP_KW_LIGAND","Chromophore","3","424","47","7893","0.22","7.26e-1","1.00e+0","1.19","1.00e+0","9.73e-1","4.67e-1","ENSDARG00000030867,ENSDARG00000027822,ENSDARG00000068124"
"141","0.24","GOTERM_MF_DIRECT","G protein-coupled photoreceptor activity","3","1186","46","21154","0.22","7.37e-1","1.00e+0","1.16","1.00e+0","1.00e+0","4.81e-1","ENSDARG00000030867,ENSDARG00000027822,ENSDARG00000068124"
"141","0.24","GOTERM_BP_DIRECT","cellular response to light stimulus","3","1221","49","20756","0.22","7.92e-1","1.00e+0","1.04","1.00e+0","1.00e+0","5.56e-1","ENSDARG00000030867,ENSDARG00000027822,ENSDARG00000068124"
"141","0.24","GOTERM_BP_DIRECT","phototransduction","3","1221","55","20756","0.22","8.42e-1","1.00e+0","0.93","1.00e+0","1.00e+0","6.35e-1","ENSDARG00000030867,ENSDARG00000027822,ENSDARG00000068124"
"141","0.24","GOTERM_CC_DIRECT","photoreceptor outer segment","3","1261","63","22190","0.22","8.80e-1","1.00e+0","0.84","1.00e+0","9.93e-1","7.02e-1","ENSDARG00000030867,ENSDARG00000027822,ENSDARG00000068124"
"142","0.24","GOTERM_MF_DIRECT","extracellular matrix structural constituent conferring tensile strength","5","1186","45","21154","0.36","2.44e-1","1.00e+0","1.98","1.00e+0","1.00e+0","1.06e-1","ENSDARG00000055009,ENSDARG00000012593,ENSDARG00000024492,ENSDARG00000008060,ENSDARG00000076321"
"142","0.24","INTERPRO","Collagen","6","1340","94","23408","0.44","6.30e-1","1.00e+0","1.12","1.00e+0","1.00e+0","4.53e-1","ENSDARG00000055009,ENSDARG00000088878,ENSDARG00000015592,ENSDARG00000024492,ENSDARG00000008060,ENSDARG00000076321"
"142","0.24","GOTERM_CC_DIRECT","collagen trimer","5","1261","104","22190","0.36","8.49e-1","1.00e+0","0.85","1.00e+0","9.93e-1","7.11e-1","ENSDARG00000055009,ENSDARG00000012593,ENSDARG00000015592,ENSDARG00000024492,ENSDARG00000076321"
"142","0.24","UP_KW_DOMAIN","Collagen","4","804","88","14291","0.29","8.79e-1","1.00e+0","0.81","1.00e+0","1.00e+0","7.37e-1","ENSDARG00000055009,ENSDARG00000012593,ENSDARG00000015592,ENSDARG00000024492"
"143","0.23","GOTERM_MF_DIRECT","phosphatidylinositol binding","9","1186","99","21154","0.65","1.90e-1","1.00e+0","1.62","1.00e+0","1.00e+0","1.03e-1","ENSDARG00000016623,ENSDARG00000030824,ENSDARG00000010583,ENSDARG00000033804,ENSDARG00000035389,ENSDARG00000078964,ENSDARG00000022659,ENSDARG00000014239,ENSDARG00000014954"
"143","0.23","INTERPRO","PX_dom_sf","4","1340","62","23408","0.29","6.96e-1","1.00e+0","1.13","1.00e+0","1.00e+0","4.78e-1","ENSDARG00000016623,ENSDARG00000033804,ENSDARG00000022659,ENSDARG00000014954"
"143","0.23","SMART","PX","3","772","49","13267","0.22","7.87e-1","1.00e+0","1.05","1.00e+0","1.00e+0","5.49e-1","ENSDARG00000033804,ENSDARG00000022659,ENSDARG00000014954"
"143","0.23","INTERPRO","PX_dom","3","1340","55","23408","0.22","8.30e-1","1.00e+0","0.95","1.00e+0","1.00e+0","6.17e-1","ENSDARG00000033804,ENSDARG00000022659,ENSDARG00000014954"
"143","0.23","UP_SEQ_FEATURE","DOMAIN:PX","3","1250","54","21277","0.22","8.34e-1","1.00e+0","0.95","1.00e+0","1.00e+0","6.22e-1","ENSDARG00000033804,ENSDARG00000022659,ENSDARG00000014954"
"144","0.23","GOTERM_MF_DIRECT","oxidoreductase activity, acting on paired donors, with incorporation or reduction of molecular oxygen","9","1186","117","21154","0.65","3.33e-1","1.00e+0","1.37","1.00e+0","1.00e+0","2.10e-1","ENSDARG00000068934,ENSDARG00000103692,ENSDARG00000045015,ENSDARG00000026925,ENSDARG00000075209,ENSDARG00000008858,ENSDARG00000060094,ENSDARG00000002249,ENSDARG00000033537"
"144","0.23","GOTERM_MF_DIRECT","heme binding","11","1186","167","21154","0.80","4.61e-1","1.00e+0","1.17","1.00e+0","1.00e+0","3.35e-1","ENSDARG00000068934,ENSDARG00000098733,ENSDARG00000026907,ENSDARG00000045015,ENSDARG00000026925,ENSDARG00000071429,ENSDARG00000008858,ENSDARG00000038957,ENSDARG00000060094,ENSDARG00000002249,ENSDARG00000031976"
"144","0.23","UP_SEQ_FEATURE","BINDING:axial binding residue","8","1250","115","21277","0.58","5.16e-1","1.00e+0","1.18","1.00e+0","1.00e+0","3.64e-1","ENSDARG00000068934,ENSDARG00000045015,ENSDARG00000026925,ENSDARG00000071429,ENSDARG00000008858,ENSDARG00000060094,ENSDARG00000002249,ENSDARG00000031976"
"144","0.23","UP_KW_LIGAND","Heme","10","424","164","7893","0.73","5.20e-1","1.00e+0","1.14","1.00e+0","9.73e-1","3.86e-1","ENSDARG00000068934,ENSDARG00000045015,ENSDARG00000026925,ENSDARG00000038608,ENSDARG00000071429,ENSDARG00000087574,ENSDARG00000008858,ENSDARG00000060094,ENSDARG00000002249,ENSDARG00000031976"
"144","0.23","GOTERM_MF_DIRECT","iron ion binding","11","1186","175","21154","0.80","5.21e-1","1.00e+0","1.12","1.00e+0","1.00e+0","3.93e-1","ENSDARG00000068934,ENSDARG00000103692,ENSDARG00000045015,ENSDARG00000038728,ENSDARG00000075209,ENSDARG00000069463,ENSDARG00000008858,ENSDARG00000021404,ENSDARG00000060094,ENSDARG00000002249,ENSDARG00000033537"
"144","0.23","GOTERM_MF_DIRECT","monooxygenase activity","9","1186","142","21154","0.65","5.45e-1","1.00e+0","1.13","1.00e+0","1.00e+0","4.02e-1","ENSDARG00000003127,ENSDARG00000068934,ENSDARG00000029204,ENSDARG00000045015,ENSDARG00000038728,ENSDARG00000026925,ENSDARG00000008858,ENSDARG00000060094,ENSDARG00000002249"
"144","0.23","COG_ONTOLOGY","Secondary metabolites biosynthesis, transport, and catabolism","6","97","104","1995","0.44","5.69e-1","1.00e+0","1.19","1.00e+0","1.00e+0","3.94e-1","ENSDARG00000068934,ENSDARG00000054420,ENSDARG00000094752,ENSDARG00000008858,ENSDARG00000060094,ENSDARG00000002249"
"144","0.23","INTERPRO","Cyt_P450_sf","5","1340","92","23408","0.36","7.79e-1","1.00e+0","0.95","1.00e+0","1.00e+0","6.12e-1","ENSDARG00000068934,ENSDARG00000045015,ENSDARG00000008858,ENSDARG00000060094,ENSDARG00000002249"
"144","0.23","INTERPRO","Cyt_P450","5","1340","92","23408","0.36","7.79e-1","1.00e+0","0.95","1.00e+0","1.00e+0","6.12e-1","ENSDARG00000068934,ENSDARG00000045015,ENSDARG00000008858,ENSDARG00000060094,ENSDARG00000002249"
"144","0.23","INTERPRO","Cyt_P450_CS","4","1340","84","23408","0.29","8.66e-1","1.00e+0","0.83","1.00e+0","1.00e+0","7.16e-1","ENSDARG00000068934,ENSDARG00000045015,ENSDARG00000008858,ENSDARG00000002249"
"144","0.23","INTERPRO","Cyt_P450_E_grp-I","3","1340","80","23408","0.22","9.48e-1","1.00e+0","0.66","1.00e+0","1.00e+0","8.44e-1","ENSDARG00000068934,ENSDARG00000045015,ENSDARG00000002249"
"145","0.22","INTERPRO","cEGF","4","1340","30","23408","0.29","2.45e-1","1.00e+0","2.33","1.00e+0","1.00e+0","8.98e-2","ENSDARG00000035682,ENSDARG00000011490,ENSDARG00000089519,ENSDARG00000074808"
"145","0.22","INTERPRO","EGF","17","1340","267","23408","1.23","4.52e-1","1.00e+0","1.11","1.00e+0","1.00e+0","3.54e-1","ENSDARG00000076247,ENSDARG00000056922,ENSDARG00000074558,ENSDARG00000020771,ENSDARG00000076853,ENSDARG00000043388,ENSDARG00000011490,ENSDARG00000089519,ENSDARG00000006257,ENSDARG00000098431,ENSDARG00000112453,ENSDARG00000062323,ENSDARG00000014973,ENSDARG00000035682,ENSDARG00000057644,ENSDARG00000074808,ENSDARG00000051824"
"145","0.22","INTERPRO","EGF-like_CS","4","1340","44","23408","0.29","4.65e-1","1.00e+0","1.59","1.00e+0","1.00e+0","2.43e-1","ENSDARG00000076247,ENSDARG00000035682,ENSDARG00000056922,ENSDARG00000074808"
"145","0.22","INTERPRO","EGF_Ca-bd_CS","8","1340","124","23408","0.58","5.69e-1","1.00e+0","1.13","1.00e+0","1.00e+0","4.16e-1","ENSDARG00000076247,ENSDARG00000035682,ENSDARG00000056922,ENSDARG00000011490,ENSDARG00000089519,ENSDARG00000006257,ENSDARG00000074808,ENSDARG00000098431"
"145","0.22","UP_SEQ_FEATURE","DOMAIN:EGF-like","13","1250","216","21277","0.94","6.20e-1","1.00e+0","1.02","1.00e+0","1.00e+0","5.05e-1","ENSDARG00000076247,ENSDARG00000074558,ENSDARG00000076853,ENSDARG00000043388,ENSDARG00000011490,ENSDARG00000089519,ENSDARG00000006257,ENSDARG00000098431,ENSDARG00000014973,ENSDARG00000035682,ENSDARG00000057644,ENSDARG00000074808,ENSDARG00000051824"
"145","0.22","INTERPRO","NOTCH1_EGF-like","5","1340","76","23408","0.36","6.39e-1","1.00e+0","1.15","1.00e+0","1.00e+0","4.41e-1","ENSDARG00000035682,ENSDARG00000056922,ENSDARG00000011490,ENSDARG00000006257,ENSDARG00000098431"
"145","0.22","INTERPRO","EGF-type_Asp/Asn_hydroxyl_site","7","1340","118","23408","0.51","6.74e-1","1.00e+0","1.04","1.00e+0","1.00e+0","5.17e-1","ENSDARG00000076247,ENSDARG00000035682,ENSDARG00000056922,ENSDARG00000011490,ENSDARG00000089519,ENSDARG00000006257,ENSDARG00000074808"
"145","0.22","INTERPRO","EGF-like_Ca-bd_dom","8","1340","149","23408","0.58","7.55e-1","1.00e+0","0.94","1.00e+0","1.00e+0","6.25e-1","ENSDARG00000076247,ENSDARG00000035682,ENSDARG00000056922,ENSDARG00000011490,ENSDARG00000089519,ENSDARG00000006257,ENSDARG00000074808,ENSDARG00000098431"
"145","0.22","SMART","EGF_CA","8","772","149","13267","0.58","7.70e-1","1.00e+0","0.92","1.00e+0","1.00e+0","6.44e-1","ENSDARG00000076247,ENSDARG00000035682,ENSDARG00000056922,ENSDARG00000011490,ENSDARG00000089519,ENSDARG00000006257,ENSDARG00000074808,ENSDARG00000098431"
"145","0.22","SMART","EGF","10","772","211","13267","0.73","8.71e-1","1.00e+0","0.81","1.00e+0","1.00e+0","7.91e-1","ENSDARG00000076247,ENSDARG00000035682,ENSDARG00000056922,ENSDARG00000074558,ENSDARG00000020771,ENSDARG00000011490,ENSDARG00000089519,ENSDARG00000006257,ENSDARG00000074808,ENSDARG00000098431"
"145","0.22","INTERPRO","Growth_fac_rcpt_cys_sf","6","1340","157","23408","0.44","9.50e-1","1.00e+0","0.67","1.00e+0","1.00e+0","8.91e-1","ENSDARG00000035682,ENSDARG00000056922,ENSDARG00000054331,ENSDARG00000077882,ENSDARG00000011490,ENSDARG00000074808"
"146","0.22","GOTERM_CC_DIRECT","cytosolic large ribosomal subunit","5","1261","46","22190","0.36","2.64e-1","1.00e+0","1.91","1.00e+0","9.93e-1","1.18e-1","ENSDARG00000019230,ENSDARG00000029500,ENSDARG00000101406,ENSDARG00000054818,ENSDARG00000034291"
"146","0.22","GOTERM_CC_DIRECT","ribonucleoprotein complex","22","1261","335","22190","1.60","3.52e-1","1.00e+0","1.16","1.00e+0","9.93e-1","2.67e-1","ENSDARG00000004735,ENSDARG00000053810,ENSDARG00000019230,ENSDARG00000029500,ENSDARG00000079823,ENSDARG00000115987,ENSDARG00000007425,ENSDARG00000045639,ENSDARG00000059351,ENSDARG00000034291,ENSDARG00000037675,ENSDARG00000018914,ENSDARG00000059357,ENSDARG00000035860,ENSDARG00000101406,ENSDARG00000059259,ENSDARG00000034668,ENSDARG00000103720,ENSDARG00000054818,ENSDARG00000034897,ENSDARG00000103198,ENSDARG00000014139"
"146","0.22","UP_KW_MOLECULAR_FUNCTION","Ribonucleoprotein","14","708","215","11803","1.02","5.27e-1","1.00e+0","1.09","1.00e+0","1.00e+0","4.15e-1","ENSDARG00000004735,ENSDARG00000053810,ENSDARG00000029500,ENSDARG00000079823,ENSDARG00000007425,ENSDARG00000059351,ENSDARG00000018914,ENSDARG00000059357,ENSDARG00000035860,ENSDARG00000101406,ENSDARG00000103720,ENSDARG00000054818,ENSDARG00000034897,ENSDARG00000103198"
"146","0.22","GOTERM_CC_DIRECT","ribosome","9","1261","173","22190","0.65","7.72e-1","1.00e+0","0.92","1.00e+0","9.93e-1","6.55e-1","ENSDARG00000019230,ENSDARG00000029500,ENSDARG00000079823,ENSDARG00000035860,ENSDARG00000101406,ENSDARG00000054818,ENSDARG00000034897,ENSDARG00000103198,ENSDARG00000034291"
"146","0.22","GOTERM_MF_DIRECT","structural constituent of ribosome","7","1186","159","21154","0.51","8.86e-1","1.00e+0","0.79","1.00e+0","1.00e+0","7.94e-1","ENSDARG00000029500,ENSDARG00000035860,ENSDARG00000101406,ENSDARG00000054818,ENSDARG00000034897,ENSDARG00000103198,ENSDARG00000034291"
"146","0.22","UP_KW_MOLECULAR_FUNCTION","Ribosomal protein","3","708","65","11803","0.22","9.08e-1","1.00e+0","0.77","1.00e+0","1.00e+0","7.57e-1","ENSDARG00000029500,ENSDARG00000079823,ENSDARG00000035860"
"146","0.22","KEGG_PATHWAY","Ribosome","9","542","4198","21890","0.65","1.00e+0","1.00e+0","0.09","1.00e+0","1.00e+0","1.00e+0","ENSDARG00000019230,ENSDARG00000029500,ENSDARG00000079823,ENSDARG00000035860,ENSDARG00000101406,ENSDARG00000054818,ENSDARG00000034897,ENSDARG00000103198,ENSDARG00000034291"
"147","0.22","UP_SEQ_FEATURE","DOMAIN:Thioredoxin","4","1250","43","21277","0.29","4.67e-1","1.00e+0","1.58","1.00e+0","1.00e+0","2.45e-1","ENSDARG00000058079,ENSDARG00000055064,ENSDARG00000069242,ENSDARG00000079122"
"147","0.22","INTERPRO","Thioredoxin-like_sf","8","1340","139","23408","0.58","6.88e-1","1.00e+0","1.01","1.00e+0","1.00e+0","5.45e-1","ENSDARG00000058079,ENSDARG00000010625,ENSDARG00000098075,ENSDARG00000055064,ENSDARG00000051957,ENSDARG00000069242,ENSDARG00000079122,ENSDARG00000038716"
"147","0.22","INTERPRO","Thioredoxin_domain","3","1340","42","23408","0.22","7.01e-1","1.00e+0","1.25","1.00e+0","1.00e+0","4.35e-1","ENSDARG00000055064,ENSDARG00000069242,ENSDARG00000079122"
"148","0.21","GOTERM_MF_DIRECT","actin binding","26","1186","418","21154","1.89","3.92e-1","1.00e+0","1.11","1.00e+0","1.00e+0","3.17e-1","ENSDARG00000056647,ENSDARG00000024694,ENSDARG00000099672,ENSDARG00000060805,ENSDARG00000007219,ENSDARG00000015149,ENSDARG00000039974,ENSDARG00000014113,ENSDARG00000040466,ENSDARG00000020924,ENSDARG00000067701,ENSDARG00000069600,ENSDARG00000059604,ENSDARG00000104315,ENSDARG00000042141,ENSDARG00000019845,ENSDARG00000004658,ENSDARG00000055223,ENSDARG00000024209,ENSDARG00000058243,ENSDARG00000079591,ENSDARG00000069956,ENSDARG00000060368,ENSDARG00000004372,ENSDARG00000101979,ENSDARG00000053956"
"148","0.21","GOTERM_MF_DIRECT","actin filament binding","12","1186","232","21154","0.87","7.57e-1","1.00e+0","0.92","1.00e+0","1.00e+0","6.55e-1","ENSDARG00000004658,ENSDARG00000079805,ENSDARG00000040466,ENSDARG00000018162,ENSDARG00000020924,ENSDARG00000004372,ENSDARG00000024694,ENSDARG00000055223,ENSDARG00000042141,ENSDARG00000099672,ENSDARG00000053956,ENSDARG00000007219"
"148","0.21","UP_KW_MOLECULAR_FUNCTION","Actin-binding","11","708","209","11803","0.80","8.11e-1","1.00e+0","0.88","1.00e+0","1.00e+0","7.16e-1","ENSDARG00000004658,ENSDARG00000040466,ENSDARG00000014113,ENSDARG00000079591,ENSDARG00000056647,ENSDARG00000020924,ENSDARG00000060368,ENSDARG00000004372,ENSDARG00000059604,ENSDARG00000099672,ENSDARG00000007219"
"149","0.20","INTERPRO","WD40/YVTN_repeat-like_dom_sf","25","1340","357","23408","1.82","2.28e-1","1.00e+0","1.22","1.00e+0","1.00e+0","1.72e-1","ENSDARG00000077349,ENSDARG00000023002,ENSDARG00000024775,ENSDARG00000101061,ENSDARG00000075821,ENSDARG00000077264,ENSDARG00000002748,ENSDARG00000078311,ENSDARG00000060249,ENSDARG00000043357,ENSDARG00000077465,ENSDARG00000008767,ENSDARG00000041239,ENSDARG00000034300,ENSDARG00000035357,ENSDARG00000058038,ENSDARG00000102274,ENSDARG00000088143,ENSDARG00000043884,ENSDARG00000009745,ENSDARG00000056473,ENSDARG00000011672,ENSDARG00000063573,ENSDARG00000007560,ENSDARG00000017211"
"149","0.20","UP_SEQ_FEATURE","REPEAT:WD","12","1250","182","21277","0.87","5.05e-1","1.00e+0","1.12","1.00e+0","1.00e+0","3.83e-1","ENSDARG00000041239,ENSDARG00000023002,ENSDARG00000035357,ENSDARG00000058038,ENSDARG00000077264,ENSDARG00000043884,ENSDARG00000009745,ENSDARG00000043357,ENSDARG00000078311,ENSDARG00000060249,ENSDARG00000056473,ENSDARG00000008767"
"149","0.20","INTERPRO","WD40_PAC1","5","1340","82","23408","0.36","6.97e-1","1.00e+0","1.07","1.00e+0","1.00e+0","5.08e-1","ENSDARG00000023002,ENSDARG00000035357,ENSDARG00000009745,ENSDARG00000043357,ENSDARG00000060249"
"149","0.20","INTERPRO","WD40_repeat_CS","7","1340","140","23408","0.51","8.18e-1","1.00e+0","0.87","1.00e+0","1.00e+0","6.96e-1","ENSDARG00000023002,ENSDARG00000035357,ENSDARG00000043884,ENSDARG00000009745,ENSDARG00000043357,ENSDARG00000056473,ENSDARG00000008767"
"149","0.20","INTERPRO","WD40_repeat_dom_sf","14","1340","281","23408","1.02","8.21e-1","1.00e+0","0.87","1.00e+0","1.00e+0","7.41e-1","ENSDARG00000023002,ENSDARG00000077264,ENSDARG00000043884,ENSDARG00000009745,ENSDARG00000043357,ENSDARG00000078311,ENSDARG00000060249,ENSDARG00000056473,ENSDARG00000008767,ENSDARG00000041239,ENSDARG00000063573,ENSDARG00000035357,ENSDARG00000058038,ENSDARG00000102274"
"149","0.20","INTERPRO","WD40_rpt","13","1340","266","23408","0.94","8.38e-1","1.00e+0","0.85","1.00e+0","1.00e+0","7.60e-1","ENSDARG00000023002,ENSDARG00000077264,ENSDARG00000043884,ENSDARG00000009745,ENSDARG00000043357,ENSDARG00000078311,ENSDARG00000060249,ENSDARG00000056473,ENSDARG00000008767,ENSDARG00000041239,ENSDARG00000035357,ENSDARG00000058038,ENSDARG00000102274"
"149","0.20","SMART","WD40","13","772","264","13267","0.94","8.47e-1","1.00e+0","0.85","1.00e+0","1.00e+0","7.72e-1","ENSDARG00000023002,ENSDARG00000077264,ENSDARG00000043884,ENSDARG00000009745,ENSDARG00000043357,ENSDARG00000078311,ENSDARG00000060249,ENSDARG00000056473,ENSDARG00000008767,ENSDARG00000041239,ENSDARG00000035357,ENSDARG00000058038,ENSDARG00000102274"
"150","0.20","SMART","ARM","4","772","46","13267","0.29","5.05e-1","1.00e+0","1.49","1.00e+0","1.00e+0","2.78e-1","ENSDARG00000035152,ENSDARG00000074329,ENSDARG00000008433,ENSDARG00000058868"
"150","0.20","INTERPRO","Armadillo","4","1340","50","23408","0.29","5.51e-1","1.00e+0","1.40","1.00e+0","1.00e+0","3.21e-1","ENSDARG00000035152,ENSDARG00000074329,ENSDARG00000008433,ENSDARG00000058868"
"150","0.20","INTERPRO","ARM-like","10","1340","223","23408","0.73","8.97e-1","1.00e+0","0.78","1.00e+0","1.00e+0","8.27e-1","ENSDARG00000054931,ENSDARG00000101259,ENSDARG00000035152,ENSDARG00000079854,ENSDARG00000004372,ENSDARG00000074329,ENSDARG00000008433,ENSDARG00000005972,ENSDARG00000058868,ENSDARG00000100564"
"151","0.20","INTERPRO","F-box_dom","6","1340","81","23408","0.44","4.97e-1","1.00e+0","1.29","1.00e+0","1.00e+0","3.19e-1","ENSDARG00000076611,ENSDARG00000027159,ENSDARG00000011055,ENSDARG00000069328,ENSDARG00000009745,ENSDARG00000071492"
"151","0.20","SMART","FBOX","4","772","51","13267","0.29","5.76e-1","1.00e+0","1.35","1.00e+0","1.00e+0","3.45e-1","ENSDARG00000076611,ENSDARG00000069328,ENSDARG00000009745,ENSDARG00000071492"
"151","0.20","INTERPRO","F-box-like_dom_sf","5","1340","74","23408","0.36","6.18e-1","1.00e+0","1.18","1.00e+0","1.00e+0","4.19e-1","ENSDARG00000076611,ENSDARG00000011055,ENSDARG00000069328,ENSDARG00000009745,ENSDARG00000071492"
"151","0.20","UP_SEQ_FEATURE","DOMAIN:F-box","5","1250","74","21277","0.36","6.38e-1","1.00e+0","1.15","1.00e+0","1.00e+0","4.41e-1","ENSDARG00000027159,ENSDARG00000011055,ENSDARG00000069328,ENSDARG00000009745,ENSDARG00000071492"
"151","0.20","GOTERM_CC_DIRECT","SCF ubiquitin ligase complex","3","1261","67","22190","0.22","9.00e-1","1.00e+0","0.79","1.00e+0","9.93e-1","7.41e-1","ENSDARG00000011055,ENSDARG00000069328,ENSDARG00000071492"
"152","0.20","GOTERM_BP_DIRECT","actin filament-based movement","3","1221","15","20756","0.22","2.19e-1","1.00e+0","3.40","1.00e+0","1.00e+0","5.44e-2","ENSDARG00000020924,ENSDARG00000024694,ENSDARG00000042141"
"152","0.20","GOTERM_CC_DIRECT","microvillus","4","1261","36","22190","0.29","3.36e-1","1.00e+0","1.96","1.00e+0","9.93e-1","1.46e-1","ENSDARG00000040466,ENSDARG00000020924,ENSDARG00000024694,ENSDARG00000042141"
"152","0.20","KEGG_PATHWAY","Motor proteins","8","542","258","21890","0.58","4.55e-1","6.39e-1","1.25","1.00e+0","4.55e-1","3.09e-1","ENSDARG00000044491,ENSDARG00000074761,ENSDARG00000020924,ENSDARG00000076228,ENSDARG00000005462,ENSDARG00000024694,ENSDARG00000042141,ENSDARG00000070835"
"152","0.20","GOTERM_BP_DIRECT","system development","11","1221","192","20756","0.80","6.98e-1","1.00e+0","0.97","1.00e+0","1.00e+0","5.80e-1","ENSDARG00000071560,ENSDARG00000044491,ENSDARG00000035682,ENSDARG00000041117,ENSDARG00000056922,ENSDARG00000020924,ENSDARG00000076228,ENSDARG00000005462,ENSDARG00000024694,ENSDARG00000042141,ENSDARG00000074808"
"152","0.20","GOTERM_MF_DIRECT","cytoskeletal motor activity","6","1186","106","21154","0.44","7.15e-1","1.00e+0","1.01","1.00e+0","1.00e+0","5.50e-1","ENSDARG00000044491,ENSDARG00000020924,ENSDARG00000076228,ENSDARG00000005462,ENSDARG00000024694,ENSDARG00000042141"
"152","0.20","INTERPRO","Kinesin_motor_dom_sf","6","1340","108","23408","0.44","7.47e-1","1.00e+0","0.97","1.00e+0","1.00e+0","5.89e-1","ENSDARG00000044491,ENSDARG00000020924,ENSDARG00000076228,ENSDARG00000005462,ENSDARG00000024694,ENSDARG00000042141"
"152","0.20","UP_SEQ_FEATURE","REGION:Actin-binding","3","1250","49","21277","0.22","7.91e-1","1.00e+0","1.04","1.00e+0","1.00e+0","5.56e-1","ENSDARG00000020924,ENSDARG00000024694,ENSDARG00000042141"
"152","0.20","UP_SEQ_FEATURE","DOMAIN:Myosin motor","3","1250","51","21277","0.22","8.09e-1","1.00e+0","1.00","1.00e+0","1.00e+0","5.83e-1","ENSDARG00000020924,ENSDARG00000024694,ENSDARG00000042141"
"152","0.20","GOTERM_MF_DIRECT","microfilament motor activity","3","1186","55","21154","0.22","8.21e-1","1.00e+0","0.97","1.00e+0","1.00e+0","6.02e-1","ENSDARG00000020924,ENSDARG00000024694,ENSDARG00000042141"
"152","0.20","INTERPRO","Myosin_head_motor_dom-like","3","1340","59","23408","0.22","8.59e-1","1.00e+0","0.89","1.00e+0","1.00e+0","6.64e-1","ENSDARG00000020924,ENSDARG00000024694,ENSDARG00000042141"
"152","0.20","SMART","MYSc","3","772","59","13267","0.22","8.65e-1","1.00e+0","0.87","1.00e+0","1.00e+0","6.75e-1","ENSDARG00000020924,ENSDARG00000024694,ENSDARG00000042141"
"152","0.20","GOTERM_CC_DIRECT","myosin complex","3","1261","73","22190","0.22","9.25e-1","1.00e+0","0.72","1.00e+0","9.93e-1","7.92e-1","ENSDARG00000020924,ENSDARG00000024694,ENSDARG00000042141"
"153","0.19","INTERPRO","Fibrinogen_CS","3","1340","22","23408","0.22","3.61e-1","1.00e+0","2.38","1.00e+0","1.00e+0","1.28e-1","ENSDARG00000020771,ENSDARG00000068369,ENSDARG00000014946"
"153","0.19","INTERPRO","Fibrinogen_a/b/g_C_dom","4","1340","58","23408","0.29","6.52e-1","1.00e+0","1.20","1.00e+0","1.00e+0","4.26e-1","ENSDARG00000074558,ENSDARG00000020771,ENSDARG00000068369,ENSDARG00000014946"
"153","0.19","UP_SEQ_FEATURE","DOMAIN:Fibrinogen C-terminal","4","1250","57","21277","0.29","6.58e-1","1.00e+0","1.19","1.00e+0","1.00e+0","4.33e-1","ENSDARG00000074558,ENSDARG00000020771,ENSDARG00000068369,ENSDARG00000014946"
"153","0.19","INTERPRO","Fibrinogen-like_C","4","1340","62","23408","0.29","6.96e-1","1.00e+0","1.13","1.00e+0","1.00e+0","4.78e-1","ENSDARG00000074558,ENSDARG00000020771,ENSDARG00000068369,ENSDARG00000014946"
"153","0.19","SMART","FBG","3","772","48","13267","0.22","7.77e-1","1.00e+0","1.07","1.00e+0","1.00e+0","5.35e-1","ENSDARG00000020771,ENSDARG00000068369,ENSDARG00000014946"
"153","0.19","INTERPRO","Fibrinogen_a/b/g_C_1","3","1340","56","23408","0.22","8.38e-1","1.00e+0","0.94","1.00e+0","1.00e+0","6.29e-1","ENSDARG00000020771,ENSDARG00000068369,ENSDARG00000014946"
"154","0.19","GOTERM_MF_DIRECT","cadherin binding","6","1186","56","21154","0.44","2.04e-1","1.00e+0","1.91","1.00e+0","1.00e+0","9.24e-2","ENSDARG00000014522,ENSDARG00000018162,ENSDARG00000034344,ENSDARG00000018693,ENSDARG00000078404,ENSDARG00000074329"
"154","0.19","GOTERM_BP_DIRECT","calcium-dependent cell-cell adhesion","4","1221","34","20756","0.29","3.23e-1","1.00e+0","2.00","1.00e+0","1.00e+0","1.37e-1","ENSDARG00000014522,ENSDARG00000018693,ENSDARG00000078404,ENSDARG00000076594"
"154","0.19","INTERPRO","Cadherin_Y-type_LIR","3","1340","25","23408","0.22","4.23e-1","1.00e+0","2.10","1.00e+0","1.00e+0","1.70e-1","ENSDARG00000014522,ENSDARG00000018693,ENSDARG00000078404"
"154","0.19","GOTERM_CC_DIRECT","catenin complex","4","1261","43","22190","0.29","4.45e-1","1.00e+0","1.64","1.00e+0","9.93e-1","2.27e-1","ENSDARG00000014522,ENSDARG00000018693,ENSDARG00000078404,ENSDARG00000058868"
"154","0.19","INTERPRO","Catenin-bd_sf","3","1340","31","23408","0.22","5.36e-1","1.00e+0","1.69","1.00e+0","1.00e+0","2.61e-1","ENSDARG00000014522,ENSDARG00000018693,ENSDARG00000078404"
"154","0.19","GOTERM_MF_DIRECT","cell adhesion molecule binding","8","1186","125","21154","0.58","5.55e-1","1.00e+0","1.14","1.00e+0","1.00e+0","4.02e-1","ENSDARG00000102185,ENSDARG00000034344,ENSDARG00000056998,ENSDARG00000057644,ENSDARG00000001634,ENSDARG00000076594,ENSDARG00000089562,ENSDARG00000063309"
"154","0.19","GOTERM_BP_DIRECT","cell-cell junction assembly","3","1221","33","20756","0.22","5.86e-1","1.00e+0","1.55","1.00e+0","1.00e+0","3.07e-1","ENSDARG00000014522,ENSDARG00000018693,ENSDARG00000078404"
"154","0.19","GOTERM_BP_DIRECT","adherens junction organization","3","1221","35","20756","0.22","6.18e-1","1.00e+0","1.46","1.00e+0","1.00e+0","3.40e-1","ENSDARG00000014522,ENSDARG00000018693,ENSDARG00000078404"
"154","0.19","GOTERM_CC_DIRECT","adherens junction","9","1261","150","22190","0.65","6.23e-1","1.00e+0","1.06","1.00e+0","9.93e-1","4.83e-1","ENSDARG00000014522,ENSDARG00000010583,ENSDARG00000069956,ENSDARG00000018693,ENSDARG00000061543,ENSDARG00000078404,ENSDARG00000103148,ENSDARG00000074329,ENSDARG00000019845"
"154","0.19","INTERPRO","Cadherin","3","1340","37","23408","0.22","6.33e-1","1.00e+0","1.42","1.00e+0","1.00e+0","3.56e-1","ENSDARG00000014522,ENSDARG00000018693,ENSDARG00000078404"
"154","0.19","GOTERM_MF_DIRECT","beta-catenin binding","4","1186","64","21154","0.29","7.03e-1","1.00e+0","1.11","1.00e+0","1.00e+0","4.86e-1","ENSDARG00000014522,ENSDARG00000018693,ENSDARG00000078404,ENSDARG00000058868"
"154","0.19","GOTERM_BP_DIRECT","cell-cell adhesion mediated by cadherin","3","1221","46","20756","0.22","7.62e-1","1.00e+0","1.11","1.00e+0","1.00e+0","5.13e-1","ENSDARG00000014522,ENSDARG00000018693,ENSDARG00000078404"
"154","0.19","GOTERM_BP_DIRECT","cell morphogenesis","3","1221","54","20756","0.22","8.34e-1","1.00e+0","0.94","1.00e+0","1.00e+0","6.23e-1","ENSDARG00000014522,ENSDARG00000018693,ENSDARG00000078404"
"154","0.19","INTERPRO","Cadherin-like_sf","8","1340","169","23408","0.58","8.56e-1","1.00e+0","0.83","1.00e+0","1.00e+0","7.58e-1","ENSDARG00000014522,ENSDARG00000102185,ENSDARG00000034344,ENSDARG00000018693,ENSDARG00000078404,ENSDARG00000016153,ENSDARG00000076594,ENSDARG00000089562"
"154","0.19","UP_SEQ_FEATURE","DOMAIN:Cadherin","7","1250","147","21277","0.51","8.68e-1","1.00e+0","0.81","1.00e+0","1.00e+0","7.67e-1","ENSDARG00000014522,ENSDARG00000102185,ENSDARG00000034344,ENSDARG00000018693,ENSDARG00000078404,ENSDARG00000076594,ENSDARG00000089562"
"154","0.19","INTERPRO","Cadherin_CS","7","1340","159","23408","0.51","8.98e-1","1.00e+0","0.77","1.00e+0","1.00e+0","8.11e-1","ENSDARG00000014522,ENSDARG00000102185,ENSDARG00000034344,ENSDARG00000018693,ENSDARG00000078404,ENSDARG00000076594,ENSDARG00000089562"
"154","0.19","GOTERM_BP_DIRECT","homophilic cell-cell adhesion","10","1221","226","20756","0.73","9.20e-1","1.00e+0","0.75","1.00e+0","1.00e+0","8.62e-1","ENSDARG00000014522,ENSDARG00000105285,ENSDARG00000102185,ENSDARG00000034344,ENSDARG00000018693,ENSDARG00000078404,ENSDARG00000044048,ENSDARG00000103148,ENSDARG00000076594,ENSDARG00000089562"
"154","0.19","INTERPRO","Cadherin-like_dom","7","1340","167","23408","0.51","9.21e-1","1.00e+0","0.73","1.00e+0","1.00e+0","8.48e-1","ENSDARG00000014522,ENSDARG00000102185,ENSDARG00000034344,ENSDARG00000018693,ENSDARG00000078404,ENSDARG00000076594,ENSDARG00000089562"
"154","0.19","SMART","CA","7","772","166","13267","0.51","9.26e-1","1.00e+0","0.72","1.00e+0","1.00e+0","8.56e-1","ENSDARG00000014522,ENSDARG00000102185,ENSDARG00000034344,ENSDARG00000018693,ENSDARG00000078404,ENSDARG00000076594,ENSDARG00000089562"
"154","0.19","INTERPRO","Cadherin_N","4","1340","104","23408","0.29","9.41e-1","1.00e+0","0.67","1.00e+0","1.00e+0","8.53e-1","ENSDARG00000102185,ENSDARG00000034344,ENSDARG00000076594,ENSDARG00000089562"
"154","0.19","INTERPRO","Protocadherin/Cadherin-CA","4","1340","106","23408","0.29","9.46e-1","1.00e+0","0.66","1.00e+0","1.00e+0","8.63e-1","ENSDARG00000102185,ENSDARG00000034344,ENSDARG00000076594,ENSDARG00000089562"
"155","0.19","INTERPRO","DnaJ_domain_CS","3","1340","34","23408","0.22","5.87e-1","1.00e+0","1.54","1.00e+0","1.00e+0","3.08e-1","ENSDARG00000056005,ENSDARG00000011196,ENSDARG00000010745"
"155","0.19","SMART","DnaJ","4","772","57","13267","0.29","6.51e-1","1.00e+0","1.21","1.00e+0","1.00e+0","4.26e-1","ENSDARG00000070916,ENSDARG00000056005,ENSDARG00000011196,ENSDARG00000010745"
"155","0.19","UP_SEQ_FEATURE","DOMAIN:J","4","1250","57","21277","0.29","6.58e-1","1.00e+0","1.19","1.00e+0","1.00e+0","4.33e-1","ENSDARG00000070916,ENSDARG00000056005,ENSDARG00000011196,ENSDARG00000010745"
"155","0.19","INTERPRO","DnaJ_domain","4","1340","60","23408","0.29","6.75e-1","1.00e+0","1.16","1.00e+0","1.00e+0","4.52e-1","ENSDARG00000070916,ENSDARG00000056005,ENSDARG00000011196,ENSDARG00000010745"
"155","0.19","INTERPRO","J_dom_sf","4","1340","60","23408","0.29","6.75e-1","1.00e+0","1.16","1.00e+0","1.00e+0","4.52e-1","ENSDARG00000070916,ENSDARG00000056005,ENSDARG00000011196,ENSDARG00000010745"
"156","0.19","INTERPRO","IF_conserved","4","1340","40","23408","0.29","4.03e-1","1.00e+0","1.75","1.00e+0","1.00e+0","1.94e-1","ENSDARG00000058462,ENSDARG00000028306,ENSDARG00000044261,ENSDARG00000062350"
"156","0.19","INTERPRO","IF_rod_dom","4","1340","63","23408","0.29","7.07e-1","1.00e+0","1.11","1.00e+0","1.00e+0","4.90e-1","ENSDARG00000058462,ENSDARG00000028306,ENSDARG00000044261,ENSDARG00000062350"
"156","0.19","UP_SEQ_FEATURE","DOMAIN:IF rod","4","1250","62","21277","0.29","7.13e-1","1.00e+0","1.10","1.00e+0","1.00e+0","4.98e-1","ENSDARG00000058462,ENSDARG00000028306,ENSDARG00000044261,ENSDARG00000062350"
"156","0.19","SMART","Filament","4","772","63","13267","0.29","7.17e-1","1.00e+0","1.09","1.00e+0","1.00e+0","5.03e-1","ENSDARG00000058462,ENSDARG00000028306,ENSDARG00000044261,ENSDARG00000062350"
"156","0.19","GOTERM_CC_DIRECT","intermediate filament","4","1261","73","22190","0.29","7.91e-1","1.00e+0","0.96","1.00e+0","9.93e-1","6.02e-1","ENSDARG00000058462,ENSDARG00000028306,ENSDARG00000044261,ENSDARG00000062350"
"157","0.18","UP_SEQ_FEATURE","DOMAIN:FHA","3","1250","28","21277","0.22","4.95e-1","1.00e+0","1.82","1.00e+0","1.00e+0","2.25e-1","ENSDARG00000075347,ENSDARG00000020840,ENSDARG00000091111"
"157","0.18","INTERPRO","FHA_dom","3","1340","39","23408","0.22","6.62e-1","1.00e+0","1.34","1.00e+0","1.00e+0","3.88e-1","ENSDARG00000075347,ENSDARG00000020840,ENSDARG00000091111"
"157","0.18","INTERPRO","SMAD_FHA_dom_sf","3","1340","67","23408","0.22","9.02e-1","1.00e+0","0.78","1.00e+0","1.00e+0","7.46e-1","ENSDARG00000075347,ENSDARG00000020840,ENSDARG00000091111"
"158","0.16","UP_SEQ_FEATURE","DOMAIN:T-SNARE coiled-coil homology","3","1250","36","21277","0.22","6.33e-1","1.00e+0","1.42","1.00e+0","1.00e+0","3.55e-1","ENSDARG00000063445,ENSDARG00000001880,ENSDARG00000003175"
"158","0.16","INTERPRO","T_SNARE_dom","3","1340","39","23408","0.22","6.62e-1","1.00e+0","1.34","1.00e+0","1.00e+0","3.88e-1","ENSDARG00000063445,ENSDARG00000001880,ENSDARG00000003175"
"158","0.16","GOTERM_CC_DIRECT","SNARE complex","4","1261","61","22190","0.29","6.81e-1","1.00e+0","1.15","1.00e+0","9.93e-1","4.59e-1","ENSDARG00000063445,ENSDARG00000001880,ENSDARG00000003175,ENSDARG00000022659"
"158","0.16","GOTERM_MF_DIRECT","SNAP receptor activity","3","1186","49","21154","0.22","7.69e-1","1.00e+0","1.09","1.00e+0","1.00e+0","5.23e-1","ENSDARG00000063445,ENSDARG00000001880,ENSDARG00000003175"
"159","0.16","INTERPRO","Ub_conjugating_enzyme","3","1340","25","23408","0.22","4.23e-1","1.00e+0","2.10","1.00e+0","1.00e+0","1.70e-1","ENSDARG00000013990,ENSDARG00000069527,ENSDARG00000112087"
"159","0.16","GOTERM_MF_DIRECT","ubiquitin conjugating enzyme activity","3","1186","39","21154","0.22","6.50e-1","1.00e+0","1.37","1.00e+0","1.00e+0","3.75e-1","ENSDARG00000013990,ENSDARG00000069527,ENSDARG00000112087"
"159","0.16","INTERPRO","UBC","3","1340","45","23408","0.22","7.37e-1","1.00e+0","1.16","1.00e+0","1.00e+0","4.80e-1","ENSDARG00000013990,ENSDARG00000069527,ENSDARG00000112087"
"159","0.16","UP_SEQ_FEATURE","DOMAIN:UBC core","3","1250","45","21277","0.22","7.50e-1","1.00e+0","1.13","1.00e+0","1.00e+0","4.97e-1","ENSDARG00000013990,ENSDARG00000069527,ENSDARG00000112087"
"159","0.16","SMART","UBCc","3","772","47","13267","0.22","7.67e-1","1.00e+0","1.10","1.00e+0","1.00e+0","5.21e-1","ENSDARG00000013990,ENSDARG00000069527,ENSDARG00000112087"
"159","0.16","INTERPRO","UBQ-conjugating_enzyme/RWD","3","1340","66","23408","0.22","8.98e-1","1.00e+0","0.79","1.00e+0","1.00e+0","7.36e-1","ENSDARG00000013990,ENSDARG00000069527,ENSDARG00000112087"
"160","0.16","UP_SEQ_FEATURE","DOMAIN:Calponin-homology (CH)","6","1250","98","21277","0.44","6.89e-1","1.00e+0","1.04","1.00e+0","1.00e+0","5.19e-1","ENSDARG00000052402,ENSDARG00000079805,ENSDARG00000041257,ENSDARG00000006683,ENSDARG00000053956,ENSDARG00000007219"
"160","0.16","SMART","CH","5","772","80","13267","0.36","6.91e-1","1.00e+0","1.07","1.00e+0","1.00e+0","5.01e-1","ENSDARG00000079805,ENSDARG00000041257,ENSDARG00000006683,ENSDARG00000053956,ENSDARG00000007219"
"160","0.16","INTERPRO","CH_dom","6","1340","102","23408","0.44","7.00e-1","1.00e+0","1.03","1.00e+0","1.00e+0","5.33e-1","ENSDARG00000052402,ENSDARG00000079805,ENSDARG00000041257,ENSDARG00000006683,ENSDARG00000053956,ENSDARG00000007219"
"160","0.16","INTERPRO","CH_dom_sf","6","1340","103","23408","0.44","7.09e-1","1.00e+0","1.02","1.00e+0","1.00e+0","5.42e-1","ENSDARG00000052402,ENSDARG00000079805,ENSDARG00000041257,ENSDARG00000006683,ENSDARG00000053956,ENSDARG00000007219"
"161","0.16","UP_KW_LIGAND","Sodium","9","424","155","7893","0.65","5.96e-1","1.00e+0","1.08","1.00e+0","9.73e-1","4.55e-1","ENSDARG00000015425,ENSDARG00000062821,ENSDARG00000044808,ENSDARG00000074419,ENSDARG00000069478,ENSDARG00000043148,ENSDARG00000034424,ENSDARG00000020212,ENSDARG00000057728"
"161","0.16","UP_KW_BIOLOGICAL_PROCESS","Sodium transport","6","508","96","8466","0.44","6.89e-1","1.00e+0","1.04","1.00e+0","9.90e-1","5.20e-1","ENSDARG00000015425,ENSDARG00000044808,ENSDARG00000074419,ENSDARG00000069478,ENSDARG00000034424,ENSDARG00000057728"
"161","0.16","GOTERM_BP_DIRECT","sodium ion transport","5","1221","98","20756","0.36","8.35e-1","1.00e+0","0.87","1.00e+0","1.00e+0","6.91e-1","ENSDARG00000044808,ENSDARG00000074419,ENSDARG00000069478,ENSDARG00000034424,ENSDARG00000057728"
"162","0.15","GOTERM_MF_DIRECT","sulfotransferase activity","5","1186","79","21154","0.36","6.53e-1","1.00e+0","1.13","1.00e+0","1.00e+0","4.57e-1","ENSDARG00000012025,ENSDARG00000079502,ENSDARG00000093269,ENSDARG00000035578,ENSDARG00000059948"
"162","0.15","UP_SEQ_FEATURE","DOMAIN:Sulfotransferase","3","1250","41","21277","0.22","7.03e-1","1.00e+0","1.25","1.00e+0","1.00e+0","4.36e-1","ENSDARG00000093269,ENSDARG00000035578,ENSDARG00000059948"
"162","0.15","INTERPRO","Sulfotransferase_dom","3","1340","46","23408","0.22","7.48e-1","1.00e+0","1.14","1.00e+0","1.00e+0","4.95e-1","ENSDARG00000093269,ENSDARG00000035578,ENSDARG00000059948"
"163","0.15","GOTERM_CC_DIRECT","spliceosomal complex","8","1261","116","22190","0.58","4.90e-1","1.00e+0","1.21","1.00e+0","9.93e-1","3.39e-1","ENSDARG00000018914,ENSDARG00000004735,ENSDARG00000079029,ENSDARG00000013382,ENSDARG00000033126,ENSDARG00000100114,ENSDARG00000015638,ENSDARG00000018658"
"163","0.15","UP_KW_BIOLOGICAL_PROCESS","mRNA processing","15","508","234","8466","1.09","5.42e-1","1.00e+0","1.07","1.00e+0","9.90e-1","4.34e-1","ENSDARG00000004735,ENSDARG00000045562,ENSDARG00000013382,ENSDARG00000002968,ENSDARG00000043328,ENSDARG00000045639,ENSDARG00000039887,ENSDARG00000018914,ENSDARG00000008032,ENSDARG00000087994,ENSDARG00000006395,ENSDARG00000034668,ENSDARG00000033126,ENSDARG00000100114,ENSDARG00000018658"
"163","0.15","GOTERM_BP_DIRECT","RNA splicing","11","1221","193","20756","0.80","7.04e-1","1.00e+0","0.97","1.00e+0","1.00e+0","5.87e-1","ENSDARG00000039887,ENSDARG00000018914,ENSDARG00000008032,ENSDARG00000004735,ENSDARG00000087994,ENSDARG00000013382,ENSDARG00000033126,ENSDARG00000100114,ENSDARG00000015638,ENSDARG00000045639,ENSDARG00000018658"
"163","0.15","UP_KW_BIOLOGICAL_PROCESS","mRNA splicing","10","508","180","8466","0.73","7.59e-1","1.00e+0","0.93","1.00e+0","9.90e-1","6.46e-1","ENSDARG00000039887,ENSDARG00000018914,ENSDARG00000008032,ENSDARG00000004735,ENSDARG00000087994,ENSDARG00000013382,ENSDARG00000033126,ENSDARG00000100114,ENSDARG00000045639,ENSDARG00000018658"
"163","0.15","UP_KW_CELLULAR_COMPONENT","Spliceosome","5","977","96","16344","0.36","8.33e-1","1.00e+0","0.87","1.00e+0","9.27e-1","6.87e-1","ENSDARG00000018914,ENSDARG00000004735,ENSDARG00000013382,ENSDARG00000033126,ENSDARG00000018658"
"163","0.15","GOTERM_BP_DIRECT","mRNA processing","16","1221","497","20756","1.16","9.99e-1","1.00e+0","0.55","1.00e+0","1.00e+0","9.98e-1","ENSDARG00000004735,ENSDARG00000045562,ENSDARG00000013382,ENSDARG00000002968,ENSDARG00000043328,ENSDARG00000045639,ENSDARG00000039887,ENSDARG00000018914,ENSDARG00000008032,ENSDARG00000087994,ENSDARG00000006395,ENSDARG00000034668,ENSDARG00000033126,ENSDARG00000100114,ENSDARG00000015638,ENSDARG00000018658"
"164","0.15","INTERPRO","Bromodomain_CS","3","1340","31","23408","0.22","5.36e-1","1.00e+0","1.69","1.00e+0","1.00e+0","2.61e-1","ENSDARG00000100129,ENSDARG00000100666,ENSDARG00000060578"
"164","0.15","INTERPRO","Bromodomain","3","1340","47","23408","0.22","7.59e-1","1.00e+0","1.12","1.00e+0","1.00e+0","5.09e-1","ENSDARG00000100129,ENSDARG00000100666,ENSDARG00000060578"
"164","0.15","SMART","BROMO","3","772","47","13267","0.22","7.67e-1","1.00e+0","1.10","1.00e+0","1.00e+0","5.21e-1","ENSDARG00000100129,ENSDARG00000100666,ENSDARG00000060578"
"164","0.15","INTERPRO","Bromodomain-like_sf","3","1340","50","23408","0.22","7.88e-1","1.00e+0","1.05","1.00e+0","1.00e+0","5.51e-1","ENSDARG00000100129,ENSDARG00000100666,ENSDARG00000060578"
"165","0.15","INTERPRO","SAM","7","1340","115","23408","0.51","6.49e-1","1.00e+0","1.06","1.00e+0","1.00e+0","4.89e-1","ENSDARG00000029621,ENSDARG00000016541,ENSDARG00000016981,ENSDARG00000060354,ENSDARG00000007179,ENSDARG00000105277,ENSDARG00000011600"
"165","0.15","SMART","SAM","6","772","98","13267","0.44","6.80e-1","1.00e+0","1.05","1.00e+0","1.00e+0","5.09e-1","ENSDARG00000029621,ENSDARG00000016981,ENSDARG00000060354,ENSDARG00000007179,ENSDARG00000105277,ENSDARG00000011600"
"165","0.15","UP_SEQ_FEATURE","DOMAIN:SAM","6","1250","103","21277","0.44","7.30e-1","1.00e+0","0.99","1.00e+0","1.00e+0","5.68e-1","ENSDARG00000029621,ENSDARG00000016981,ENSDARG00000060354,ENSDARG00000007179,ENSDARG00000105277,ENSDARG00000011600"
"165","0.15","INTERPRO","SAM/pointed_sf","8","1340","152","23408","0.58","7.73e-1","1.00e+0","0.92","1.00e+0","1.00e+0","6.47e-1","ENSDARG00000029621,ENSDARG00000101979,ENSDARG00000016541,ENSDARG00000016981,ENSDARG00000060354,ENSDARG00000007179,ENSDARG00000105277,ENSDARG00000011600"
"166","0.15","UP_KW_PTM","Proteoglycan","4","555","37","8073","0.29","4.71e-1","1.00e+0","1.57","1.00e+0","9.62e-1","2.48e-1","ENSDARG00000074644,ENSDARG00000044895,ENSDARG00000055036,ENSDARG00000055053"
"166","0.15","UP_KW_MOLECULAR_FUNCTION","Protease inhibitor","5","708","91","11803","0.36","8.02e-1","1.00e+0","0.92","1.00e+0","1.00e+0","6.44e-1","ENSDARG00000074644,ENSDARG00000055036,ENSDARG00000056795,ENSDARG00000076321,ENSDARG00000055053"
"166","0.15","GOTERM_MF_DIRECT","peptidase inhibitor activity","3","1186","83","21154","0.22","9.51e-1","1.00e+0","0.64","1.00e+0","1.00e+0","8.51e-1","ENSDARG00000074644,ENSDARG00000055036,ENSDARG00000055053"
"167","0.15","INTERPRO","bZIP_sf","5","1340","77","23408","0.36","6.49e-1","1.00e+0","1.13","1.00e+0","1.00e+0","4.53e-1","ENSDARG00000020606,ENSDARG00000068428,ENSDARG00000055751,ENSDARG00000055481,ENSDARG00000105114"
"167","0.15","UP_SEQ_FEATURE","DOMAIN:BZIP","5","1250","77","21277","0.36","6.69e-1","1.00e+0","1.11","1.00e+0","1.00e+0","4.76e-1","ENSDARG00000020606,ENSDARG00000068428,ENSDARG00000055751,ENSDARG00000055481,ENSDARG00000105114"
"167","0.15","INTERPRO","bZIP","5","1340","83","23408","0.36","7.06e-1","1.00e+0","1.05","1.00e+0","1.00e+0","5.19e-1","ENSDARG00000020606,ENSDARG00000068428,ENSDARG00000055751,ENSDARG00000055481,ENSDARG00000105114"
"167","0.15","SMART","BRLZ","4","772","80","13267","0.29","8.51e-1","1.00e+0","0.86","1.00e+0","1.00e+0","6.92e-1","ENSDARG00000020606,ENSDARG00000068428,ENSDARG00000055751,ENSDARG00000055481"
"168","0.14","UP_SEQ_FEATURE","DOMAIN:PHD-type","7","1250","100","21277","0.51","5.38e-1","1.00e+0","1.19","1.00e+0","1.00e+0","3.73e-1","ENSDARG00000052402,ENSDARG00000104907,ENSDARG00000012219,ENSDARG00000025309,ENSDARG00000019103,ENSDARG00000045401,ENSDARG00000021378"
"168","0.14","INTERPRO","Znf_PHD-finger","6","1340","95","23408","0.44","6.39e-1","1.00e+0","1.10","1.00e+0","1.00e+0","4.63e-1","ENSDARG00000104907,ENSDARG00000012219,ENSDARG00000025309,ENSDARG00000019103,ENSDARG00000045401,ENSDARG00000021378"
"168","0.14","INTERPRO","Znf_PHD","6","1340","103","23408","0.44","7.09e-1","1.00e+0","1.02","1.00e+0","1.00e+0","5.42e-1","ENSDARG00000104907,ENSDARG00000012219,ENSDARG00000025309,ENSDARG00000019103,ENSDARG00000045401,ENSDARG00000021378"
"168","0.14","SMART","PHD","6","772","103","13267","0.44","7.22e-1","1.00e+0","1.00","1.00e+0","1.00e+0","5.59e-1","ENSDARG00000104907,ENSDARG00000012219,ENSDARG00000025309,ENSDARG00000019103,ENSDARG00000045401,ENSDARG00000021378"
"168","0.14","INTERPRO","Zinc_finger_PHD-type_CS","3","1340","73","23408","0.22","9.27e-1","1.00e+0","0.72","1.00e+0","1.00e+0","7.96e-1","ENSDARG00000104907,ENSDARG00000045401,ENSDARG00000021378"
"168","0.14","INTERPRO","Znf_FYVE_PHD","6","1340","157","23408","0.44","9.50e-1","1.00e+0","0.67","1.00e+0","1.00e+0","8.91e-1","ENSDARG00000104907,ENSDARG00000012219,ENSDARG00000025309,ENSDARG00000019103,ENSDARG00000045401,ENSDARG00000021378"
"169","0.13","UP_SEQ_FEATURE","DOMAIN:Laminin EGF-like","3","1250","38","21277","0.22","6.62e-1","1.00e+0","1.34","1.00e+0","1.00e+0","3.88e-1","ENSDARG00000014973,ENSDARG00000074808,ENSDARG00000061260"
"169","0.13","SMART","EGF_Lam","3","772","46","13267","0.22","7.56e-1","1.00e+0","1.12","1.00e+0","1.00e+0","5.06e-1","ENSDARG00000014973,ENSDARG00000074808,ENSDARG00000061260"
"169","0.13","INTERPRO","LE_dom","3","1340","50","23408","0.22","7.88e-1","1.00e+0","1.05","1.00e+0","1.00e+0","5.51e-1","ENSDARG00000014973,ENSDARG00000074808,ENSDARG00000061260"
"170","0.13","UP_SEQ_FEATURE","DOMAIN:RGS","3","1250","42","21277","0.22","7.15e-1","1.00e+0","1.22","1.00e+0","1.00e+0","4.52e-1","ENSDARG00000032157,ENSDARG00000009610,ENSDARG00000020602"
"170","0.13","SMART","RGS","3","772","43","13267","0.22","7.22e-1","1.00e+0","1.20","1.00e+0","1.00e+0","4.61e-1","ENSDARG00000032157,ENSDARG00000009610,ENSDARG00000020602"
"170","0.13","INTERPRO","RGS","3","1340","44","23408","0.22","7.25e-1","1.00e+0","1.19","1.00e+0","1.00e+0","4.65e-1","ENSDARG00000032157,ENSDARG00000009610,ENSDARG00000020602"
"170","0.13","INTERPRO","RGS_subdomain_2","3","1340","48","23408","0.22","7.69e-1","1.00e+0","1.09","1.00e+0","1.00e+0","5.24e-1","ENSDARG00000032157,ENSDARG00000009610,ENSDARG00000020602"
"170","0.13","INTERPRO","RGS_sf","3","1340","48","23408","0.22","7.69e-1","1.00e+0","1.09","1.00e+0","1.00e+0","5.24e-1","ENSDARG00000032157,ENSDARG00000009610,ENSDARG00000020602"
"171","0.13","INTERPRO","MFS","6","1340","85","23408","0.44","5.40e-1","1.00e+0","1.23","1.00e+0","1.00e+0","3.60e-1","ENSDARG00000057949,ENSDARG00000013926,ENSDARG00000042807,ENSDARG00000038957,ENSDARG00000057728,ENSDARG00000074728"
"171","0.13","INTERPRO","MFS_dom","6","1340","111","23408","0.44","7.68e-1","1.00e+0","0.94","1.00e+0","1.00e+0","6.16e-1","ENSDARG00000013926,ENSDARG00000042807,ENSDARG00000007412,ENSDARG00000038957,ENSDARG00000057728,ENSDARG00000074728"
"171","0.13","INTERPRO","MFS_trans_sf","9","1340","178","23408","0.65","8.05e-1","1.00e+0","0.88","1.00e+0","1.00e+0","6.96e-1","ENSDARG00000057949,ENSDARG00000034943,ENSDARG00000013926,ENSDARG00000042807,ENSDARG00000007412,ENSDARG00000038957,ENSDARG00000101289,ENSDARG00000057728,ENSDARG00000074728"
"171","0.13","UP_SEQ_FEATURE","DOMAIN:Major facilitator superfamily (MFS) profile","4","1250","96","21277","0.29","9.26e-1","1.00e+0","0.71","1.00e+0","1.00e+0","8.23e-1","ENSDARG00000013926,ENSDARG00000042807,ENSDARG00000007412,ENSDARG00000074728"
"172","0.12","UP_SEQ_FEATURE","REPEAT:Solcar","4","1250","55","21277","0.29","6.34e-1","1.00e+0","1.24","1.00e+0","1.00e+0","4.06e-1","ENSDARG00000073743,ENSDARG00000040463,ENSDARG00000092553,ENSDARG00000026680"
"172","0.12","INTERPRO","MCP_dom_sf","4","1340","66","23408","0.29","7.36e-1","1.00e+0","1.06","1.00e+0","1.00e+0","5.27e-1","ENSDARG00000073743,ENSDARG00000040463,ENSDARG00000092553,ENSDARG00000026680"
"172","0.12","INTERPRO","MCP_transmembrane","4","1340","66","23408","0.29","7.36e-1","1.00e+0","1.06","1.00e+0","1.00e+0","5.27e-1","ENSDARG00000073743,ENSDARG00000040463,ENSDARG00000092553,ENSDARG00000026680"
"172","0.12","INTERPRO","MCP","3","1340","48","23408","0.22","7.69e-1","1.00e+0","1.09","1.00e+0","1.00e+0","5.24e-1","ENSDARG00000073743,ENSDARG00000092553,ENSDARG00000026680"
"172","0.12","UP_KW_CELLULAR_COMPONENT","Mitochondrion inner membrane","11","977","238","16344","0.80","9.09e-1","1.00e+0","0.77","1.00e+0","9.27e-1","8.49e-1","ENSDARG00000056270,ENSDARG00000070393,ENSDARG00000016545,ENSDARG00000071396,ENSDARG00000073743,ENSDARG00000074435,ENSDARG00000040463,ENSDARG00000092553,ENSDARG00000079651,ENSDARG00000026680,ENSDARG00000009837"
"173","0.12","KEGG_PATHWAY","Motor proteins","8","542","258","21890","0.58","4.55e-1","6.39e-1","1.25","1.00e+0","4.55e-1","3.09e-1","ENSDARG00000044491,ENSDARG00000074761,ENSDARG00000020924,ENSDARG00000076228,ENSDARG00000005462,ENSDARG00000024694,ENSDARG00000042141,ENSDARG00000070835"
"173","0.12","INTERPRO","Kinesin_motor_CS","3","1340","41","23408","0.22","6.89e-1","1.00e+0","1.28","1.00e+0","1.00e+0","4.19e-1","ENSDARG00000044491,ENSDARG00000076228,ENSDARG00000005462"
"173","0.12","GOTERM_MF_DIRECT","cytoskeletal motor activity","6","1186","106","21154","0.44","7.15e-1","1.00e+0","1.01","1.00e+0","1.00e+0","5.50e-1","ENSDARG00000044491,ENSDARG00000020924,ENSDARG00000076228,ENSDARG00000005462,ENSDARG00000024694,ENSDARG00000042141"
"173","0.12","INTERPRO","Kinesin_motor_dom_sf","6","1340","108","23408","0.44","7.47e-1","1.00e+0","0.97","1.00e+0","1.00e+0","5.89e-1","ENSDARG00000044491,ENSDARG00000020924,ENSDARG00000076228,ENSDARG00000005462,ENSDARG00000024694,ENSDARG00000042141"
"173","0.12","UP_SEQ_FEATURE","DOMAIN:Kinesin motor","3","1250","46","21277","0.22","7.61e-1","1.00e+0","1.11","1.00e+0","1.00e+0","5.12e-1","ENSDARG00000044491,ENSDARG00000076228,ENSDARG00000005462"
"173","0.12","INTERPRO","Kinesin_motor_dom","3","1340","49","23408","0.22","7.79e-1","1.00e+0","1.07","1.00e+0","1.00e+0","5.38e-1","ENSDARG00000044491,ENSDARG00000076228,ENSDARG00000005462"
"173","0.12","SMART","KISc","3","772","49","13267","0.22","7.87e-1","1.00e+0","1.05","1.00e+0","1.00e+0","5.49e-1","ENSDARG00000044491,ENSDARG00000076228,ENSDARG00000005462"
"173","0.12","GOTERM_MF_DIRECT","microtubule motor activity","3","1186","53","21154","0.22","8.05e-1","1.00e+0","1.01","1.00e+0","1.00e+0","5.77e-1","ENSDARG00000044491,ENSDARG00000076228,ENSDARG00000005462"
"173","0.12","GOTERM_BP_DIRECT","microtubule-based movement","3","1221","89","20756","0.22","9.70e-1","1.00e+0","0.57","1.00e+0","1.00e+0","9.01e-1","ENSDARG00000044491,ENSDARG00000076228,ENSDARG00000005462"
"173","0.12","UP_KW_CELLULAR_COMPONENT","Microtubule","8","977","212","16344","0.58","9.73e-1","1.00e+0","0.63","1.00e+0","9.73e-1","9.43e-1","ENSDARG00000052402,ENSDARG00000044491,ENSDARG00000008662,ENSDARG00000029556,ENSDARG00000058038,ENSDARG00000076228,ENSDARG00000005462,ENSDARG00000002403"
"174","0.08","UP_SEQ_FEATURE","TRANSMEM:Helical; Name=1","6","1250","103","21277","0.44","7.30e-1","1.00e+0","0.99","1.00e+0","1.00e+0","5.68e-1","ENSDARG00000052567,ENSDARG00000054667,ENSDARG00000073743,ENSDARG00000091058,ENSDARG00000042690,ENSDARG00000027813"
"174","0.08","UP_SEQ_FEATURE","TRANSMEM:Helical; Name=2","6","1250","104","21277","0.44","7.38e-1","1.00e+0","0.98","1.00e+0","1.00e+0","5.78e-1","ENSDARG00000052567,ENSDARG00000054667,ENSDARG00000073743,ENSDARG00000091058,ENSDARG00000042690,ENSDARG00000027813"
"174","0.08","UP_SEQ_FEATURE","TRANSMEM:Helical; Name=3","6","1250","104","21277","0.44","7.38e-1","1.00e+0","0.98","1.00e+0","1.00e+0","5.78e-1","ENSDARG00000052567,ENSDARG00000054667,ENSDARG00000073743,ENSDARG00000091058,ENSDARG00000042690,ENSDARG00000027813"
"174","0.08","UP_SEQ_FEATURE","TRANSMEM:Helical; Name=4","5","1250","105","21277","0.36","8.71e-1","1.00e+0","0.81","1.00e+0","1.00e+0","7.46e-1","ENSDARG00000052567,ENSDARG00000054667,ENSDARG00000073743,ENSDARG00000091058,ENSDARG00000042690"
"174","0.08","UP_SEQ_FEATURE","TRANSMEM:Helical; Name=6","3","1250","96","21277","0.22","9.79e-1","1.00e+0","0.53","1.00e+0","1.00e+0","9.26e-1","ENSDARG00000054667,ENSDARG00000073743,ENSDARG00000042690"
"174","0.08","UP_SEQ_FEATURE","TRANSMEM:Helical; Name=5","3","1250","99","21277","0.22","9.82e-1","1.00e+0","0.52","1.00e+0","1.00e+0","9.35e-1","ENSDARG00000054667,ENSDARG00000073743,ENSDARG00000042690"
"175","0.06","INTERPRO","Helicase_ATP-bd","6","1340","114","23408","0.44","7.88e-1","1.00e+0","0.92","1.00e+0","1.00e+0","6.42e-1","ENSDARG00000079029,ENSDARG00000017244,ENSDARG00000005236,ENSDARG00000062206,ENSDARG00000005699,ENSDARG00000063626"
"175","0.06","GOTERM_MF_DIRECT","RNA helicase activity","4","1186","76","21154","0.29","8.06e-1","1.00e+0","0.94","1.00e+0","1.00e+0","6.23e-1","ENSDARG00000079029,ENSDARG00000062206,ENSDARG00000005699,ENSDARG00000063626"
"175","0.06","UP_SEQ_FEATURE","DOMAIN:Helicase ATP-binding","6","1250","115","21277","0.44","8.12e-1","1.00e+0","0.89","1.00e+0","1.00e+0","6.75e-1","ENSDARG00000079029,ENSDARG00000017244,ENSDARG00000005236,ENSDARG00000062206,ENSDARG00000005699,ENSDARG00000063626"
"175","0.06","INTERPRO","Helicase_C-like","5","1340","107","23408","0.36","8.67e-1","1.00e+0","0.82","1.00e+0","1.00e+0","7.40e-1","ENSDARG00000017244,ENSDARG00000005236,ENSDARG00000062206,ENSDARG00000005699,ENSDARG00000063626"
"175","0.06","SMART","HELICc","5","772","106","13267","0.36","8.71e-1","1.00e+0","0.81","1.00e+0","1.00e+0","7.46e-1","ENSDARG00000017244,ENSDARG00000005236,ENSDARG00000062206,ENSDARG00000005699,ENSDARG00000063626"
"175","0.06","UP_SEQ_FEATURE","DOMAIN:Helicase C-terminal","5","1250","106","21277","0.36","8.76e-1","1.00e+0","0.80","1.00e+0","1.00e+0","7.53e-1","ENSDARG00000017244,ENSDARG00000005236,ENSDARG00000062206,ENSDARG00000005699,ENSDARG00000063626"
"175","0.06","SMART","DEXDc","5","772","110","13267","0.36","8.89e-1","1.00e+0","0.78","1.00e+0","1.00e+0","7.75e-1","ENSDARG00000017244,ENSDARG00000005236,ENSDARG00000062206,ENSDARG00000005699,ENSDARG00000063626"
"175","0.06","GOTERM_MF_DIRECT","helicase activity","6","1186","141","21154","0.44","9.02e-1","1.00e+0","0.76","1.00e+0","1.00e+0","8.09e-1","ENSDARG00000079029,ENSDARG00000017244,ENSDARG00000005236,ENSDARG00000062206,ENSDARG00000005699,ENSDARG00000063626"
"175","0.06","INTERPRO","DEAD/DEAH_box_helicase_dom","3","1340","70","23408","0.22","9.15e-1","1.00e+0","0.75","1.00e+0","1.00e+0","7.72e-1","ENSDARG00000062206,ENSDARG00000005699,ENSDARG00000063626"
"175","0.06","UP_KW_MOLECULAR_FUNCTION","Helicase","5","708","120","11803","0.36","9.34e-1","1.00e+0","0.69","1.00e+0","1.00e+0","8.54e-1","ENSDARG00000079029,ENSDARG00000005236,ENSDARG00000062206,ENSDARG00000005699,ENSDARG00000063626"
"176","0.05","INTERPRO","Sushi/SCR/CCP_sf","3","1340","63","23408","0.22","8.82e-1","1.00e+0","0.83","1.00e+0","1.00e+0","7.07e-1","ENSDARG00000091584,ENSDARG00000089519,ENSDARG00000034559"
"176","0.05","SMART","CCP","3","772","62","13267","0.22","8.83e-1","1.00e+0","0.83","1.00e+0","1.00e+0","7.08e-1","ENSDARG00000091584,ENSDARG00000089519,ENSDARG00000034559"
"176","0.05","INTERPRO","Sushi_SCR_CCP_dom","3","1340","64","23408","0.22","8.88e-1","1.00e+0","0.82","1.00e+0","1.00e+0","7.17e-1","ENSDARG00000091584,ENSDARG00000089519,ENSDARG00000034559"
"177","0.05","INTERPRO","GPCR_2-like_7TM","4","1340","78","23408","0.29","8.31e-1","1.00e+0","0.90","1.00e+0","1.00e+0","6.60e-1","ENSDARG00000038569,ENSDARG00000093008,ENSDARG00000068213,ENSDARG00000053708"
"177","0.05","UP_SEQ_FEATURE","DOMAIN:G-protein coupled receptors family 2 profile 2","3","1250","62","21277","0.22","8.86e-1","1.00e+0","0.82","1.00e+0","1.00e+0","7.14e-1","ENSDARG00000038569,ENSDARG00000068213,ENSDARG00000053708"
"177","0.05","GOTERM_BP_DIRECT","cell surface receptor signaling pathway","7","1221","190","20756","0.51","9.70e-1","1.00e+0","0.63","1.00e+0","1.00e+0","9.35e-1","ENSDARG00000032737,ENSDARG00000100897,ENSDARG00000038569,ENSDARG00000093008,ENSDARG00000068213,ENSDARG00000042440,ENSDARG00000053708"
"178","0.04","GOTERM_MF_DIRECT","microtubule binding","11","1186","220","21154","0.80","7.94e-1","1.00e+0","0.89","1.00e+0","1.00e+0","6.95e-1","ENSDARG00000044491,ENSDARG00000014113,ENSDARG00000012741,ENSDARG00000058038,ENSDARG00000039345,ENSDARG00000076228,ENSDARG00000005462,ENSDARG00000058868,ENSDARG00000060805,ENSDARG00000043339,ENSDARG00000002403"
"178","0.04","UP_KW_CELLULAR_COMPONENT","Microtubule","8","977","212","16344","0.58","9.73e-1","1.00e+0","0.63","1.00e+0","9.73e-1","9.43e-1","ENSDARG00000052402,ENSDARG00000044491,ENSDARG00000008662,ENSDARG00000029556,ENSDARG00000058038,ENSDARG00000076228,ENSDARG00000005462,ENSDARG00000002403"
"178","0.04","GOTERM_CC_DIRECT","microtubule","10","1261","276","22190","0.73","9.77e-1","1.00e+0","0.64","1.00e+0","9.93e-1","9.55e-1","ENSDARG00000052402,ENSDARG00000044491,ENSDARG00000008662,ENSDARG00000029556,ENSDARG00000058038,ENSDARG00000076228,ENSDARG00000005462,ENSDARG00000099194,ENSDARG00000060805,ENSDARG00000002403"
"179","0.04","GOTERM_BP_DIRECT","DNA damage response","14","1221","278","20756","1.02","8.38e-1","1.00e+0","0.86","1.00e+0","1.00e+0","7.63e-1","ENSDARG00000094052,ENSDARG00000023002,ENSDARG00000019130,ENSDARG00000021550,ENSDARG00000056473,ENSDARG00000043339,ENSDARG00000090976,ENSDARG00000039887,ENSDARG00000014222,ENSDARG00000007496,ENSDARG00000040152,ENSDARG00000042187,ENSDARG00000012577,ENSDARG00000079949"
"179","0.04","UP_KW_BIOLOGICAL_PROCESS","DNA damage","13","508","266","8466","0.94","8.81e-1","1.00e+0","0.81","1.00e+0","9.90e-1","8.17e-1","ENSDARG00000094052,ENSDARG00000023002,ENSDARG00000019130,ENSDARG00000021550,ENSDARG00000020840,ENSDARG00000056473,ENSDARG00000043339,ENSDARG00000090976,ENSDARG00000039887,ENSDARG00000036100,ENSDARG00000031770,ENSDARG00000007496,ENSDARG00000079949"
"179","0.04","UP_KW_BIOLOGICAL_PROCESS","DNA repair","9","508","226","8466","0.65","9.65e-1","1.00e+0","0.66","1.00e+0","9.90e-1","9.32e-1","ENSDARG00000090976,ENSDARG00000036100,ENSDARG00000021550,ENSDARG00000031770,ENSDARG00000007496,ENSDARG00000020840,ENSDARG00000056473,ENSDARG00000079949,ENSDARG00000043339"
"179","0.04","GOTERM_BP_DIRECT","DNA repair","9","1221","279","20756","0.65","9.94e-1","1.00e+0","0.55","1.00e+0","1.00e+0","9.85e-1","ENSDARG00000090976,ENSDARG00000036100,ENSDARG00000021550,ENSDARG00000031770,ENSDARG00000007496,ENSDARG00000020840,ENSDARG00000056473,ENSDARG00000079949,ENSDARG00000043339"
"180","0.02","GOTERM_BP_DIRECT","signal transduction","88","1221","1540","20756","6.39","6.70e-1","1.00e+0","0.97","1.00e+0","1.00e+0","6.31e-1","ENSDARG00000004745,ENSDARG00000076434,ENSDARG00000026499,ENSDARG00000027822,ENSDARG00000074777,ENSDARG00000052465,ENSDARG00000044688,ENSDARG00000077882,ENSDARG00000062349,ENSDARG00000021647,ENSDARG00000008548,ENSDARG00000062478,ENSDARG00000039218,ENSDARG00000069945,ENSDARG00000040684,ENSDARG00000093008,ENSDARG00000061940,ENSDARG00000016695,ENSDARG00000068213,ENSDARG00000053708,ENSDARG00000033956,ENSDARG00000101366,ENSDARG00000030867,ENSDARG00000032849,ENSDARG00000018165,ENSDARG00000052454,ENSDARG00000074183,ENSDARG00000002959,ENSDARG00000011490,ENSDARG00000020602,ENSDARG00000004455,ENSDARG00000006677,ENSDARG00000039162,ENSDARG00000059672,ENSDARG00000088615,ENSDARG00000104549,ENSDARG00000005141,ENSDARG00000062289,ENSDARG00000087921,ENSDARG00000042690,ENSDARG00000101036,ENSDARG00000079907,ENSDARG00000036616,ENSDARG00000054667,ENSDARG00000033804,ENSDARG00000056801,ENSDARG00000074558,ENSDARG00000045596,ENSDARG00000020131,ENSDARG00000054389,ENSDARG00000009610,ENSDARG00000025866,ENSDARG00000060309,ENSDARG00000100019,ENSDARG00000079283,ENSDARG00000007195,ENSDARG00000035357,ENSDARG00000009136,ENSDARG00000006341,ENSDARG00000042440,ENSDARG00000074509,ENSDARG00000030547,ENSDARG00000011545,ENSDARG00000054931,ENSDARG00000055622,ENSDARG00000052674,ENSDARG00000056511,ENSDARG00000019113,ENSDARG00000054331,ENSDARG00000071091,ENSDARG00000039265,ENSDARG00000023214,ENSDARG00000062934,ENSDARG00000042515,ENSDARG00000011671,ENSDARG00000060400,ENSDARG00000013210,ENSDARG00000062221,ENSDARG00000034056,ENSDARG00000040133,ENSDARG00000068246,ENSDARG00000059933,ENSDARG00000032157,ENSDARG00000068123,ENSDARG00000012968,ENSDARG00000068124,ENSDARG00000011434,ENSDARG00000070914"
"180","0.02","UP_KW_MOLECULAR_FUNCTION","G-protein coupled receptor","15","708","416","11803","1.09","9.95e-1","1.00e+0","0.60","1.00e+0","1.00e+0","9.90e-1","ENSDARG00000030867,ENSDARG00000054667,ENSDARG00000002959,ENSDARG00000042515,ENSDARG00000007195,ENSDARG00000038569,ENSDARG00000069945,ENSDARG00000088615,ENSDARG00000093008,ENSDARG00000006341,ENSDARG00000068213,ENSDARG00000053708,ENSDARG00000068124,ENSDARG00000042690,ENSDARG00000101366"
"180","0.02","GOTERM_BP_DIRECT","G protein-coupled receptor signaling pathway","35","1221","942","20756","2.54","1.00e+0","1.00e+0","0.63","1.00e+0","1.00e+0","9.99e-1","ENSDARG00000027822,ENSDARG00000054667,ENSDARG00000056762,ENSDARG00000060601,ENSDARG00000005972,ENSDARG00000021647,ENSDARG00000062478,ENSDARG00000007195,ENSDARG00000039218,ENSDARG00000069945,ENSDARG00000093008,ENSDARG00000035357,ENSDARG00000061940,ENSDARG00000006341,ENSDARG00000068213,ENSDARG00000105644,ENSDARG00000053708,ENSDARG00000033956,ENSDARG00000101366,ENSDARG00000074509,ENSDARG00000030867,ENSDARG00000002959,ENSDARG00000071091,ENSDARG00000062934,ENSDARG00000042515,ENSDARG00000088615,ENSDARG00000060400,ENSDARG00000013210,ENSDARG00000040133,ENSDARG00000087921,ENSDARG00000068246,ENSDARG00000068124,ENSDARG00000011434,ENSDARG00000042690,ENSDARG00000079907,ENSDARG00000036616"
"180","0.02","GOTERM_MF_DIRECT","G protein-coupled receptor activity","30","1186","887","21154","2.18","1.00e+0","1.00e+0","0.60","1.00e+0","1.00e+0","9.99e-1","ENSDARG00000027822,ENSDARG00000054667,ENSDARG00000056762,ENSDARG00000062478,ENSDARG00000038569,ENSDARG00000007195,ENSDARG00000039218,ENSDARG00000069945,ENSDARG00000093008,ENSDARG00000061940,ENSDARG00000006341,ENSDARG00000068213,ENSDARG00000105644,ENSDARG00000053708,ENSDARG00000033956,ENSDARG00000101366,ENSDARG00000074509,ENSDARG00000030867,ENSDARG00000002959,ENSDARG00000071091,ENSDARG00000062934,ENSDARG00000042515,ENSDARG00000088615,ENSDARG00000060400,ENSDARG00000013210,ENSDARG00000040133,ENSDARG00000068124,ENSDARG00000011434,ENSDARG00000042690,ENSDARG00000079907,ENSDARG00000036616"
"180","0.02","UP_KW_MOLECULAR_FUNCTION","Transducer","34","708","912","11803","2.47","1.00e+0","1.00e+0","0.62","1.00e+0","1.00e+0","9.99e-1","ENSDARG00000027822,ENSDARG00000054667,ENSDARG00000021647,ENSDARG00000062478,ENSDARG00000038569,ENSDARG00000007195,ENSDARG00000039218,ENSDARG00000069945,ENSDARG00000040684,ENSDARG00000093008,ENSDARG00000035357,ENSDARG00000061940,ENSDARG00000006341,ENSDARG00000068213,ENSDARG00000053708,ENSDARG00000033956,ENSDARG00000101366,ENSDARG00000074509,ENSDARG00000030867,ENSDARG00000002959,ENSDARG00000071091,ENSDARG00000062934,ENSDARG00000042515,ENSDARG00000088615,ENSDARG00000060400,ENSDARG00000013210,ENSDARG00000040133,ENSDARG00000087921,ENSDARG00000068246,ENSDARG00000068124,ENSDARG00000011434,ENSDARG00000042690,ENSDARG00000079907,ENSDARG00000036616"
"180","0.02","UP_SEQ_FEATURE","DOMAIN:G-protein coupled receptors family 1 profile","22","1250","672","21277","1.60","1.00e+0","1.00e+0","0.56","1.00e+0","1.00e+0","9.99e-1","ENSDARG00000030867,ENSDARG00000027822,ENSDARG00000002959,ENSDARG00000071091,ENSDARG00000062934,ENSDARG00000042515,ENSDARG00000062478,ENSDARG00000039218,ENSDARG00000069945,ENSDARG00000088615,ENSDARG00000060400,ENSDARG00000013210,ENSDARG00000061940,ENSDARG00000040133,ENSDARG00000068124,ENSDARG00000042690,ENSDARG00000011434,ENSDARG00000033956,ENSDARG00000101366,ENSDARG00000074509,ENSDARG00000079907,ENSDARG00000036616"
"180","0.02","INTERPRO","GPCR_Rhodpsn","23","1340","723","23408","1.67","1.00e+0","1.00e+0","0.56","1.00e+0","1.00e+0","1.00e+0","ENSDARG00000030867,ENSDARG00000027822,ENSDARG00000054667,ENSDARG00000002959,ENSDARG00000071091,ENSDARG00000062934,ENSDARG00000042515,ENSDARG00000062478,ENSDARG00000039218,ENSDARG00000069945,ENSDARG00000088615,ENSDARG00000060400,ENSDARG00000013210,ENSDARG00000061940,ENSDARG00000040133,ENSDARG00000068124,ENSDARG00000042690,ENSDARG00000011434,ENSDARG00000033956,ENSDARG00000101366,ENSDARG00000074509,ENSDARG00000079907,ENSDARG00000036616"
"180","0.02","INTERPRO","GPCR_Rhodpsn_7TM","23","1340","733","23408","1.67","1.00e+0","1.00e+0","0.55","1.00e+0","1.00e+0","1.00e+0","ENSDARG00000030867,ENSDARG00000027822,ENSDARG00000054667,ENSDARG00000002959,ENSDARG00000071091,ENSDARG00000062934,ENSDARG00000042515,ENSDARG00000062478,ENSDARG00000039218,ENSDARG00000069945,ENSDARG00000088615,ENSDARG00000060400,ENSDARG00000013210,ENSDARG00000061940,ENSDARG00000040133,ENSDARG00000068124,ENSDARG00000042690,ENSDARG00000011434,ENSDARG00000033956,ENSDARG00000101366,ENSDARG00000074509,ENSDARG00000079907,ENSDARG00000036616"
"181","0.01","GOTERM_CC_DIRECT","motile cilium","4","1261","108","22190","0.29","9.49e-1","1.00e+0","0.65","1.00e+0","9.93e-1","8.69e-1","ENSDARG00000037079,ENSDARG00000031929,ENSDARG00000077045,ENSDARG00000032126,ENSDARG00000033610"
"181","0.01","UP_KW_CELLULAR_COMPONENT","Flagellum","4","977","104","16344","0.29","9.52e-1","1.00e+0","0.64","1.00e+0","9.52e-1","8.76e-1","ENSDARG00000056617,ENSDARG00000037079,ENSDARG00000031929,ENSDARG00000033610"
"181","0.01","GOTERM_CC_DIRECT","cilium","8","1261","249","22190","0.58","9.89e-1","1.00e+0","0.57","1.00e+0","9.93e-1","9.75e-1","ENSDARG00000056617,ENSDARG00000037079,ENSDARG00000056801,ENSDARG00000100292,ENSDARG00000040152,ENSDARG00000033610,ENSDARG00000074660,ENSDARG00000010721"
"181","0.01","UP_KW_CELLULAR_COMPONENT","Cilium","5","977","205","16344","0.36","9.99e-1","1.00e+0","0.41","1.00e+0","9.99e-1","9.95e-1","ENSDARG00000056617,ENSDARG00000037079,ENSDARG00000031929,ENSDARG00000033610,ENSDARG00000074660"
"182","0.00","INTERPRO","CTDL_fold","5","1340","175","23408","0.36","9.91e-1","1.00e+0","0.50","1.00e+0","1.00e+0","9.75e-1","ENSDARG00000055009,ENSDARG00000018542,ENSDARG00000034528,ENSDARG00000102100,ENSDARG00000086100"
"182","0.00","INTERPRO","C-type_lectin-like/link_sf","4","1340","167","23408","0.29","9.97e-1","1.00e+0","0.42","1.00e+0","1.00e+0","9.88e-1","ENSDARG00000018542,ENSDARG00000034528,ENSDARG00000102100,ENSDARG00000086100"
"182","0.00","SMART","CLECT","3","772","145","13267","0.22","9.98e-1","1.00e+0","0.36","1.00e+0","1.00e+0","9.92e-1","ENSDARG00000034528,ENSDARG00000102100,ENSDARG00000086100"
"182","0.00","INTERPRO","C-type_lectin-like","3","1340","148","23408","0.22","9.98e-1","1.00e+0","0.35","1.00e+0","1.00e+0","9.92e-1","ENSDARG00000034528,ENSDARG00000102100,ENSDARG00000086100"
"183","0.00","GOTERM_BP_DIRECT","innate immune response","13","1221","354","20756","0.94","9.88e-1","1.00e+0","0.62","1.00e+0","1.00e+0","9.77e-1","ENSDARG00000025465,ENSDARG00000044541,ENSDARG00000091111,ENSDARG00000091058,ENSDARG00000060688,ENSDARG00000071491,ENSDARG00000039887,ENSDARG00000104808,ENSDARG00000102986,ENSDARG00000104875,ENSDARG00000029596,ENSDARG00000086173,ENSDARG00000096739"
"183","0.00","UP_KW_BIOLOGICAL_PROCESS","Innate immunity","6","508","227","8466","0.44","9.98e-1","1.00e+0","0.44","1.00e+0","9.98e-1","9.95e-1","ENSDARG00000039887,ENSDARG00000025465,ENSDARG00000104808,ENSDARG00000102986,ENSDARG00000091111,ENSDARG00000091058"
"183","0.00","GOTERM_BP_DIRECT","immune system process","4","1221","291","20756","0.29","1.00e+0","1.00e+0","0.23","1.00e+0","1.00e+0","1.00e+0","ENSDARG00000104808,ENSDARG00000102986,ENSDARG00000091111,ENSDARG00000091058"
"183","0.00","UP_KW_BIOLOGICAL_PROCESS","Immunity","6","508","352","8466","0.44","1.00e+0","1.00e+0","0.28","1.00e+0","1.00e+0","1.00e+0","ENSDARG00000039887,ENSDARG00000025465,ENSDARG00000104808,ENSDARG00000102986,ENSDARG00000091111,ENSDARG00000091058"
"184","0.00","UP_SEQ_FEATURE","DOMAIN:B30.2/SPRY","5","1250","312","21277","0.36","1.00e+0","1.00e+0","0.27","1.00e+0","1.00e+0","1.00e+0","ENSDARG00000004735,ENSDARG00000104875,ENSDARG00000060688,ENSDARG00000096739,ENSDARG00000071492"
"184","0.00","INTERPRO","B30.2/SPRY_sf","6","1340","358","23408","0.44","1.00e+0","1.00e+0","0.29","1.00e+0","1.00e+0","1.00e+0","ENSDARG00000004735,ENSDARG00000078127,ENSDARG00000104875,ENSDARG00000060688,ENSDARG00000096739,ENSDARG00000071492"
"184","0.00","SMART","SPRY","5","772","319","13267","0.36","1.00e+0","1.00e+0","0.27","1.00e+0","1.00e+0","1.00e+0","ENSDARG00000004735,ENSDARG00000104875,ENSDARG00000060688,ENSDARG00000096739,ENSDARG00000071492"
"184","0.00","INTERPRO","SPRY_dom","5","1340","337","23408","0.36","1.00e+0","1.00e+0","0.26","1.00e+0","1.00e+0","1.00e+0","ENSDARG00000004735,ENSDARG00000104875,ENSDARG00000060688,ENSDARG00000096739,ENSDARG00000071492"
"184","0.00","INTERPRO","B30.2/SPRY","5","1340","345","23408","0.36","1.00e+0","1.00e+0","0.25","1.00e+0","1.00e+0","1.00e+0","ENSDARG00000004735,ENSDARG00000104875,ENSDARG00000060688,ENSDARG00000096739,ENSDARG00000071492"
"184","0.00","INTERPRO","PRY","3","1340","306","23408","0.22","1.00e+0","1.00e+0","0.17","1.00e+0","1.00e+0","1.00e+0","ENSDARG00000104875,ENSDARG00000060688,ENSDARG00000096739"
"184","0.00","INTERPRO","ConA-like_dom_sf","9","1340","526","23408","0.65","1.00e+0","1.00e+0","0.30","1.00e+0","1.00e+0","1.00e+0","ENSDARG00000004735,ENSDARG00000074558,ENSDARG00000078127,ENSDARG00000104875,ENSDARG00000060688,ENSDARG00000096739,ENSDARG00000069980,ENSDARG00000071492,ENSDARG00000098431"
"184","0.00","SMART","PRY","3","772","306","13267","0.22","1.00e+0","1.00e+0","0.17","1.00e+0","1.00e+0","1.00e+0","ENSDARG00000104875,ENSDARG00000060688,ENSDARG00000096739"
"184","0.00","INTERPRO","Butyrophylin_SPRY","3","1340","313","23408","0.22","1.00e+0","1.00e+0","0.17","1.00e+0","1.00e+0","1.00e+0","ENSDARG00000104875,ENSDARG00000060688,ENSDARG00000096739"
"185","0.00","UP_SEQ_FEATURE","DOMAIN:C2H2-type","33","1250","1093","21277","2.40","1.00e+0","1.00e+0","0.51","1.00e+0","1.00e+0","1.00e+0","ENSDARG00000115868,ENSDARG00000019265,ENSDARG00000060900,ENSDARG00000025309,ENSDARG00000077101,ENSDARG00000014091,ENSDARG00000103949,ENSDARG00000062231,ENSDARG00000010270,ENSDARG00000061147,ENSDARG00000012219,ENSDARG00000088123,ENSDARG00000089156,ENSDARG00000076988,ENSDARG00000071496,ENSDARG00000074624,ENSDARG00000071497,ENSDARG00000075116,ENSDARG00000013492,ENSDARG00000043821,ENSDARG00000076584,ENSDARG00000075891,ENSDARG00000055481,ENSDARG00000008218,ENSDARG00000062401,ENSDARG00000100821,ENSDARG00000060885,ENSDARG00000063553,ENSDARG00000036235,ENSDARG00000061311,ENSDARG00000070658,ENSDARG00000069111,ENSDARG00000019516"
"185","0.00","INTERPRO","Znf_C2H2_sf","34","1340","1183","23408","2.47","1.00e+0","1.00e+0","0.50","1.00e+0","1.00e+0","1.00e+0","ENSDARG00000115868,ENSDARG00000019265,ENSDARG00000060900,ENSDARG00000025309,ENSDARG00000077101,ENSDARG00000014091,ENSDARG00000103949,ENSDARG00000062231,ENSDARG00000010270,ENSDARG00000061147,ENSDARG00000012219,ENSDARG00000088123,ENSDARG00000089156,ENSDARG00000071496,ENSDARG00000074624,ENSDARG00000071497,ENSDARG00000075116,ENSDARG00000013492,ENSDARG00000043821,ENSDARG00000076584,ENSDARG00000075891,ENSDARG00000055481,ENSDARG00000008218,ENSDARG00000062401,ENSDARG00000100821,ENSDARG00000060885,ENSDARG00000092269,ENSDARG00000063553,ENSDARG00000036235,ENSDARG00000061311,ENSDARG00000070658,ENSDARG00000069111,ENSDARG00000019516,ENSDARG00000087186"
"185","0.00","INTERPRO","Znf_C2H2_type","34","1340","1230","23408","2.47","1.00e+0","1.00e+0","0.48","1.00e+0","1.00e+0","1.00e+0","ENSDARG00000115868,ENSDARG00000019265,ENSDARG00000060900,ENSDARG00000025309,ENSDARG00000077101,ENSDARG00000014091,ENSDARG00000103949,ENSDARG00000062231,ENSDARG00000010270,ENSDARG00000061147,ENSDARG00000012219,ENSDARG00000088123,ENSDARG00000089156,ENSDARG00000076988,ENSDARG00000071496,ENSDARG00000074624,ENSDARG00000071497,ENSDARG00000075116,ENSDARG00000013492,ENSDARG00000043821,ENSDARG00000076584,ENSDARG00000075891,ENSDARG00000055481,ENSDARG00000008218,ENSDARG00000062401,ENSDARG00000100821,ENSDARG00000060885,ENSDARG00000092269,ENSDARG00000063553,ENSDARG00000036235,ENSDARG00000061311,ENSDARG00000070658,ENSDARG00000069111,ENSDARG00000019516"
"185","0.00","SMART","ZnF_C2H2","33","772","1183","13267","2.40","1.00e+0","1.00e+0","0.48","1.00e+0","1.00e+0","1.00e+0","ENSDARG00000115868,ENSDARG00000019265,ENSDARG00000060900,ENSDARG00000025309,ENSDARG00000077101,ENSDARG00000014091,ENSDARG00000103949,ENSDARG00000062231,ENSDARG00000010270,ENSDARG00000061147,ENSDARG00000012219,ENSDARG00000088123,ENSDARG00000089156,ENSDARG00000071496,ENSDARG00000074624,ENSDARG00000071497,ENSDARG00000075116,ENSDARG00000013492,ENSDARG00000043821,ENSDARG00000076584,ENSDARG00000075891,ENSDARG00000055481,ENSDARG00000008218,ENSDARG00000062401,ENSDARG00000100821,ENSDARG00000060885,ENSDARG00000092269,ENSDARG00000063553,ENSDARG00000036235,ENSDARG00000061311,ENSDARG00000070658,ENSDARG00000069111,ENSDARG00000019516"

