ENSELUG00000008701	110491501	110499128	0
ENSELUG00000014924	110500666	110531808	0
ENSELUG00000011754	110499546	110502809	0
ENSELUG00000002230	110490481	110499986	0
ENSELUG00000002546	110488806	110505011	0
ENSELUG00000003774	110525933	110536310	0
ENSELUG00000016102	110499244	110502957	0
ENSELUG00000009728	110494455	110527993	0
ENSELUG00000019878	110486662	110538622	0
ENSELUG00000002927	110489374	110496519	0
ENSELUG00000006143	110491441	110499039	0
ENSELUG00000000695	110499221	110502939	0
ENSELUG00000006552	110533731	110537387	0
ENSELUG00000007350	110488088	110496697	0
ENSELUG00000007876	110521557	110524426	0
ENSELUG00000009480	110503671	110507071	0
ENSELUG00000013169	110521531	110524393	0
ENSELUG00000003146	110525353	110535758	0
ENSELUG00000019089	110486267	110538202	0
ENSELUG00000006156	110492890	110521350	0
ENSELUG00000007241	110492005	110516183	0
ENSELUG00000014490	110508611	110536674	0
ENSELUG00000010572	110500761	110531917	0
ENSELUG00000020231	110502279	110526449	0
ENSELUG00000002074	110490903	110535454	0
ENSELUG00000008592	110494034	110528431	0
ENSELUG00000012539	110489631	110516493	0
ENSELUG00000022117	110508590	110530474	0
ENSELUG00000006340	110503826	110507113	0
ENSELUG00000005547	110490368	110500114	0
ENSELUG00000005689	110490363	110500116	0
ENSELUG00000017257	110486074	110493771	0
ENSELUG00000007598	110496049	110514094	0
ENSELUG00000002023	110525486	110535852	0
ENSELUG00000005965	110510217	110534206	0
ENSELUG00000006142	100136621	110527938	0
ENSELUG00000000473	110487797	110515267	0
ENSELUG00000008015	110523967	110536954	0
ENSELUG00000012774	110493932	110528513	0
ENSELUG00000008554	110489944	110535621	0
ENSELUG00000022566	110488874	110505071	0
ENSELUG00000009220	110503239	110507232	0
ENSELUG00000019554	110503981	110507800	0
ENSELUG00000012339	110490209	110500257	0
ENSELUG00000011149	110509742	110522888	0
ENSELUG00000013991	110488554	110504769	0
ENSELUG00000014303	110502413	110528057	0
ENSELUG00000008765	110519747	110531340	0
ENSELUG00000000546	110508670	110530384	0
ENSELUG00000005771	110487637	110496106	0
ENSELUG00000012622	100136307	110523562	0
ENSELUG00000021906	110502566	110524216	0
ENSELUG00000011402	110503619	110507502	0
ENSELUG00000011448	110486028	110493742	0
ENSELUG00000020585	110529570	118936415	0
ENSELUG00000020634	110523975	110536777	0
ENSELUG00000005073	110487955	110496574	0
ENSELUG00000023024	110522235	110529617	0
ENSELUG00000023926	110509000	110530057	0
ENSELUG00000006291	110516360	110529251	0
ENSELUG00000013384	110508697	110530353	0
ENSELUG00000006586	110508800	110530224	0
ENSELUG00000005131	110504460	110513618	0
ENSELUG00000021437	110533394	110537814	0
ENSELUG00000021515	100301824	110508881	0
ENSELUG00000010948	110493874	110527643	0
ENSELUG00000020596	100305314	110527733	0
ENSELUG00000006897	110486399	110538388	0
ENSELUG00000000330	110491504	110499126	0
ENSELUG00000009381	110493628	110508721	0
ENSELUG00000002651	110488794	110504995	0
ENSELUG00000016253	110506486	110526364	0
ENSELUG00000002993	110485979	110524081	0
ENSELUG00000024156	110509554	110523337	0
ENSELUG00000007442	110492001	110532671	0
ENSELUG00000005457	110509380	110534149	0
ENSELUG00000014755	110486166	110538088	0
ENSELUG00000011007	110503636	110507517	0
ENSELUG00000009737	110487546	110538310	0
ENSELUG00000018617	110508958	110530088	0
ENSELUG00000003140	110498023	110505428	0
ENSELUG00000012714	110502442	110528425	0
ENSELUG00000019935	110499382	110502703	0
ENSELUG00000016502	110497343	110534560	1
ENSELUG00000011032	110503632	110507513	0
ENSELUG00000009790	110521587	110524458	0
ENSELUG00000016123	110491121	110532014	0
ENSELUG00000010499	110498785	110503010	0
ENSELUG00000012518	110487724	110515183	0
ENSELUG00000018425	110502329	110527002	0
ENSELUG00000014667	110508696	110536756	0
ENSELUG00000015946	110522000	110529362	0
ENSELUG00000011971	110503174	110507975	0
ENSELUG00000013434	110533562	110537564	0
ENSELUG00000022440	110488881	110505078	0
ENSELUG00000022189	110489295	110496179	0
ENSELUG00000011666	110491913	110532744	0
ENSELUG00000000679	110499204	110503141	0
ENSELUG00000019318	110492179	110532429	0
ENSELUG00000008776	110495741	110528887	0
ENSELUG00000015299	110494332	110528103	0
ENSELUG00000022228	110488051	110496670	0
ENSELUG00000020252	110501482	110520083	0
ENSELUG00000020452	110510160	110537869	0
ENSELUG00000000928	110523746	110537192	0
ENSELUG00000017756	110501375	110520594	0
ENSELUG00000020525	110525584	110535947	0
ENSELUG00000013852	110486145	110538069	0
ENSELUG00000013087	110491298	110499559	0
ENSELUG00000022475	110495454	110495471	1
ENSELUG00000002557	110509566	110523350	0
ENSELUG00000024352	110494124	110528303	0
ENSELUG00000003000	110490443	110500036	0
ENSELUG00000001959	110490519	110499940	0
ENSELUG00000019609	100499174	100499175	0
ENSELUG00000022641	110488054	110496879	0
ENSELUG00000014991	110502402	110527905	0
ENSELUG00000005665	110492059	110532614	0
ENSELUG00000019776	110490321	110500170	0
ENSELUG00000009180	110487764	110504688	0
ENSELUG00000002853	110488950	110505150	0
ENSELUG00000023714	110508839	110530192	0
ENSELUG00000020438	110510106	110537752	0
ENSELUG00000021552	110492136	110532473	0
ENSELUG00000005736	110533692	110534890	0
ENSELUG00000023624	110501329	110521162	0
ENSELUG00000008023	110485178	110538365	0
ENSELUG00000007879	110509692	110523476	0
ENSELUG00000021516	110534852	110537813	0
ENSELUG00000008910	110486492	110513517	0
ENSELUG00000024366	110508540	110530518	0
ENSELUG00000013972	110504132	110507955	0
ENSELUG00000008545	110503882	110534642	0
ENSELUG00000000646	110490063	110507289	0
ENSELUG00000016644	110494299	110528140	0
ENSELUG00000012458	110503595	110507473	0
ENSELUG00000014189	110497371	110534525	0
ENSELUG00000007902	110509157	110530869	0
ENSELUG00000017031	110490265	110500210	0
ENSELUG00000002187	110505362	118941489	0
ENSELUG00000000081	110488771	110504970	0
ENSELUG00000021961	110489951	110535617	0
ENSELUG00000001060	110525558	110535928	0
ENSELUG00000022073	110489206	110504516	0
ENSELUG00000018850	110525611	110535977	0
ENSELUG00000008568	100305334	110499124	0
ENSELUG00000002536	110525965	110536343	0
ENSELUG00000012926	110489641	110535375	0
ENSELUG00000013825	110486144	110538067	0
ENSELUG00000023490	110486366	110538424	0
ENSELUG00000011471	110499545	110502805	0
ENSELUG00000023451	110509353	110523327	0
ENSELUG00000011949	110490738	110500264	0
ENSELUG00000009227	110508771	110530264	0
ENSELUG00000023606	110489299	110496141	0
ENSELUG00000014821	110515898	110534811	0
ENSELUG00000018604	110486262	110538191	0
ENSELUG00000007176	110494987	110528394	0
ENSELUG00000008093	110503883	110507712	0
ENSELUG00000008161	110501792	110520290	0
ENSELUG00000021646	110503923	110507763	0
ENSELUG00000016305	110488619	110504826	0
ENSELUG00000008269	110506690	110526559	0
ENSELUG00000005464	110486791	118936310	0
ENSELUG00000005211	110490374	110500106	0
ENSELUG00000007394	110486873	110486894	0
ENSELUG00000011420	110523532	118945262	0
ENSELUG00000014132	110524026	110533997	0
ENSELUG00000003422	110508520	110530543	0
ENSELUG00000003933	110492094	110532568	0
ENSELUG00000013416	110501952	110510426	0
ENSELUG00000006019	110506286	110526164	0
ENSELUG00000001096	110499436	110502768	0
ENSELUG00000008210	110486429	110538359	0
ENSELUG00000020118	110523707	110537215	0
ENSELUG00000017068	100136654	110494284	0
ENSELUG00000013479	110521523	110524390	0
ENSELUG00000021327	110523742	110537183	0
ENSELUG00000013355	110503569	110507060	0
ENSELUG00000015532	110534550	118936733	1
ENSELUG00000018277	110510023	110534028	0
ENSELUG00000014972	110498437	110498439	1
ENSELUG00000007635	110502121	110505387	0
ENSELUG00000015565	110506489	110526375	0
ENSELUG00000006559	110503831	110507665	0
ENSELUG00000005482	110485789	110493541	0
ENSELUG00000016086	110504071	110507903	0
ENSELUG00000016764	110502354	110527319	0
ENSELUG00000005904	110501838	110520236	0
ENSELUG00000009835	110499442	110502775	0
ENSELUG00000001105	110522099	110529479	0
ENSELUG00000023309	110494134	110528280	0
ENSELUG00000014139	110494361	110528074	0
ENSELUG00000010299	110521595	110524466	0
ENSELUG00000000870	110509422	110533121	0
ENSELUG00000015379	110509345	110523615	0
ENSELUG00000020670	110497098	110527448	0
ENSELUG00000001143	110487552	110538993	1
ENSELUG00000016873	110499230	110502946	0
ENSELUG00000016975	110499227	110503025	0
ENSELUG00000006555	110494515	110527949	0
ENSELUG00000009267	110490910	110535425	0
ENSELUG00000014559	110500826	110532908	0
ENSELUG00000007130	110487997	110496609	0
ENSELUG00000004662	110487294	110493517	0
ENSELUG00000015517	110509964	110533975	0
ENSELUG00000002520	110506168	110515557	0
ENSELUG00000022899	110497626	110505829	0
ENSELUG00000022209	110490105	110519325	0
ENSELUG00000004130	110500471	118966005	0
ENSELUG00000001844	110525528	110535898	0
ENSELUG00000017296	110526849	110526851	0
ENSELUG00000022768	110492754	110532506	0
ENSELUG00000004292	110510173	110534172	0
ENSELUG00000011559	110522488	110529844	0
ENSELUG00000004565	110497970	110505487	0
ENSELUG00000013841	110502421	110528163	0
ENSELUG00000001253	110497470	110534382	0
ENSELUG00000022183	110525575	110535944	0
ENSELUG00000017055	110502365	110527449	0
ENSELUG00000013618	110488550	110504765	0
ENSELUG00000003456	110495439	110528829	0
ENSELUG00000021492	110486338	110538282	0
ENSELUG00000018004	110492418	110531988	0
ENSELUG00000020519	110522189	110529563	0
ENSELUG00000008058	110500951	110532986	0
ENSELUG00000023909	110523779	110537144	0
ENSELUG00000015409	110525116	110535833	0
ENSELUG00000002154	110525467	110535848	0
ENSELUG00000016871	110502357	110527348	0
ENSELUG00000016708	110499232	110502948	0
ENSELUG00000018926	110497579	110505871	0
ENSELUG00000006656	110487988	110496954	0
ENSELUG00000001046	110498015	110523110	0
ENSELUG00000013109	110522048	110529433	0
ENSELUG00000017980	110509874	110523660	0
ENSELUG00000023268	110489803	110535208	0
ENSELUG00000000832	110525265	110535688	0
ENSELUG00000017913	110503717	110507599	0
ENSELUG00000007904	110490143	110501070	0
ENSELUG00000006047	110491256	110510239	0
ENSELUG00000004486	110522294	110529676	0
ENSELUG00000007503	110490818	118937435	0
ENSELUG00000003117	110495621	110495622	1
ENSELUG00000020568	110523720	110537206	0
ENSELUG00000022831	110494152	110528269	0
ENSELUG00000002354	110487885	110496491	0
ENSELUG00000015810	110503527	110507359	0
ENSELUG00000017397	110495325	110520584	0
ENSELUG00000011249	110491922	110532739	0
ENSELUG00000008315	110495728	110528915	0
ENSELUG00000005696	110492058	110532616	0
ENSELUG00000005125	110533680	110537441	0
ENSELUG00000020729	110495827	110527446	0
ENSELUG00000024587	110509013	110530928	0
ENSELUG00000015037	110498389	110505270	0
ENSELUG00000014862	110486030	110493743	0
ENSELUG00000000692	110490279	110500194	0
ENSELUG00000013978	110492354	110531167	0
ENSELUG00000013478	110522033	110529419	0
ENSELUG00000022504	110499760	110516615	0
ENSELUG00000017272	110500608	110531745	0
ENSELUG00000022520	110501271	110524203	0
ENSELUG00000022572	110510116	110534119	0
ENSELUG00000015883	110490326	110519653	0
ENSELUG00000022367	110521019	110537966	0
ENSELUG00000020584	110494214	110528217	0
ENSELUG00000005900	110539033	110539037	1
ENSELUG00000018551	110499182	110502905	0
ENSELUG00000012687	110494390	110528046	0
ENSELUG00000012732	110487752	110515208	0
ENSELUG00000019559	110492173	110532437	0
ENSELUG00000007564	110491647	110498794	0
ENSELUG00000008034	110501712	110520367	0
ENSELUG00000018982	110486265	110538198	0
ENSELUG00000018486	110504006	110507834	0
ENSELUG00000018747	110487753	110537865	0
ENSELUG00000001841	110525523	110535899	0
ENSELUG00000004255	100136636	110521278	0
ENSELUG00000008252	110486430	110538357	0
ENSELUG00000005798	110501839	110520237	0
ENSELUG00000007678	110521551	110524417	0
ENSELUG00000019264	110498232	110504264	0
ENSELUG00000001433	110509971	110533984	0
ENSELUG00000021021	110523741	110537191	0
ENSELUG00000013623	110492343	110532056	0
ENSELUG00000006744	110501818	110520257	0
ENSELUG00000002625	110523840	110537086	0
ENSELUG00000021138	110495813	110527434	0
ENSELUG00000015783	110504080	110507911	0
ENSELUG00000008127	110489823	110536535	0
ENSELUG00000003114	110486340	110524084	0
ENSELUG00000013315	110487926	110515430	0
ENSELUG00000013137	110488540	110504752	0
ENSELUG00000014032	110533548	110537576	0
ENSELUG00000005278	110509628	110523413	0
ENSELUG00000023065	110508980	110530070	0
ENSELUG00000000359	110508761	110530281	0
ENSELUG00000018459	110486612	110538582	1
ENSELUG00000021071	110503940	110507776	0
ENSELUG00000007038	110492016	110532651	0
ENSELUG00000023145	110489271	110496149	0
ENSELUG00000004260	110526009	110536376	0
ENSELUG00000014501	100136247	110525434	0
ENSELUG00000004172	110508492	110530591	0
ENSELUG00000018133	110525282	110535702	0
ENSELUG00000018944	110508218	110530092	0
ENSELUG00000010763	110525782	110536159	0
ENSELUG00000020340	110506390	110526240	0
ENSELUG00000006301	110491448	110499046	0
ENSELUG00000024265	110488830	110505040	0
ENSELUG00000021237	110495807	110528804	0
ENSELUG00000006901	110494654	110527809	0
ENSELUG00000009037	110495775	110527406	0
ENSELUG00000022336	110508585	110530479	0
ENSELUG00000013376	110500704	110531843	0
ENSELUG00000014485	110523084	110536875	0
ENSELUG00000018728	110522155	110529532	0
ENSELUG00000018080	110531984	118939563	0
ENSELUG00000020953	110502265	110526301	0
ENSELUG00000009177	110500027	110524698	0
ENSELUG00000022917	110489177	110504529	0
ENSELUG00000023491	110499459	110524190	0
ENSELUG00000003625	110491395	110498992	0
ENSELUG00000001471	110530102	118944807	0
ENSELUG00000006459	100170207	110490348	0
ENSELUG00000002645	110525973	110536349	0
ENSELUG00000007334	110494958	110528398	0
ENSELUG00000007631	110533756	110537364	0
ENSELUG00000014370	110493894	110528548	0
ENSELUG00000005311	110489114	110504598	0
ENSELUG00000019374	110525602	110535967	0
ENSELUG00000006093	110502511	110532683	0
ENSELUG00000021177	110502262	110526250	0
ENSELUG00000002301	110498942	118939489	0
ENSELUG00000008869	110489086	110504656	0
ENSELUG00000001344	110518830	118941081	0
ENSELUG00000000716	110499201	110503140	0
ENSELUG00000003383	110508523	110530540	0
ENSELUG00000011955	110489416	110496380	0
ENSELUG00000004421	110509022	110530040	0
ENSELUG00000021598	110494715	110527745	0
ENSELUG00000004740	110492074	110532588	0
ENSELUG00000002989	110509575	110522814	0
ENSELUG00000002369	110495359	110495363	0
ENSELUG00000021236	110490703	118936537	1
ENSELUG00000015259	110523121	110536893	0
ENSELUG00000019846	110494753	110527718	0
ENSELUG00000019313	110494246	110528182	0
ENSELUG00000019931	110501493	110520075	0
ENSELUG00000022078	110486710	110538656	0
ENSELUG00000009014	110535707	110535723	0
ENSELUG00000007737	110500368	110525078	0
ENSELUG00000015468	110508886	110534353	1
ENSELUG00000007212	110508855	110530174	0
ENSELUG00000016966	110509094	110529969	0
ENSELUG00000001598	110491526	110499148	0
ENSELUG00000005055	110489999	110535587	0
ENSELUG00000001611	110486400	110538389	0
ENSELUG00000019046	110508626	110530434	0
ENSELUG00000012473	110503592	110507469	0
ENSELUG00000003726	110525932	110536308	0
ENSELUG00000018945	110509887	110523679	0
ENSELUG00000014014	110504136	110507960	0
ENSELUG00000015175	110500660	110531788	0
ENSELUG00000001199	110506077	110506164	1
ENSELUG00000008756	110487762	110504389	0
ENSELUG00000018176	110499192	110502913	0
ENSELUG00000017576	110495885	110528814	0
ENSELUG00000013685	110499290	110525149	0
ENSELUG00000009008	110501590	110519987	0
ENSELUG00000021617	110488042	110496658	0
ENSELUG00000019446	110503988	110507820	0
ENSELUG00000011435	110491557	110498837	0
ENSELUG00000022095	110489205	110504517	0
ENSELUG00000016909	110486063	110493763	0
ENSELUG00000015028	110486180	110538102	0
ENSELUG00000019304	110492180	110532427	0
ENSELUG00000021986	110523757	110537162	0
ENSELUG00000020619	110502598	110521200	0
ENSELUG00000011528	110490184	110500271	0
ENSELUG00000010457	110525785	110536160	0
ENSELUG00000015947	110497541	110505223	0
ENSELUG00000017601	110499211	110502927	0
ENSELUG00000020159	101268920	110525240	0
ENSELUG00000023448	110497635	110505822	0
ENSELUG00000006487	110509664	110523446	0
ENSELUG00000021226	110495810	110527430	0
ENSELUG00000023735	110494141	110528293	0
ENSELUG00000014182	110523091	110536872	0
ENSELUG00000021951	110488904	110505100	0
ENSELUG00000021623	110502249	110525977	0
ENSELUG00000014028	110500314	110531425	0
ENSELUG00000018646	110508633	110530428	0
ENSELUG00000010041	110494776	110527696	0
ENSELUG00000021858	110502819	110524218	0
ENSELUG00000020068	110495843	110527460	0
ENSELUG00000001002	110522250	110529631	0
ENSELUG00000000256	110486402	110538385	0
ENSELUG00000019610	110501499	110505248	0
ENSELUG00000007669	110501801	110505369	0
ENSELUG00000018744	110493870	110527649	0
ENSELUG00000022057	110488046	110496666	0
ENSELUG00000015848	110498179	110505255	0
ENSELUG00000006469	110533729	110537404	0
ENSELUG00000018514	110510448	110529047	0
ENSELUG00000018448	110499188	110503134	0
ENSELUG00000016463	110490739	110501060	0
ENSELUG00000001145	110495487	110527185	1
ENSELUG00000002377	110525947	110536329	0
ENSELUG00000020178	110506388	110526241	0
ENSELUG00000020324	110499103	110503126	0
ENSELUG00000019750	110499387	110502707	0
ENSELUG00000003799	110495652	110527321	1
ENSELUG00000011199	110515851	110535404	0
ENSELUG00000000095	110525993	110536649	0
ENSELUG00000012269	110491904	110532751	0
ENSELUG00000012012	110487479	110514930	0
ENSELUG00000021107	110508895	110530141	0
ENSELUG00000017856	110521446	110524308	0
ENSELUG00000015687	110490256	110500217	0
ENSELUG00000020648	110510206	110537939	0
ENSELUG00000008979	110501589	110519985	0
ENSELUG00000008527	100136345	110499123	0
ENSELUG00000022404	110505946	110513746	0
ENSELUG00000018874	110495865	110527484	1
ENSELUG00000023344	110503763	110507165	0
ENSELUG00000006644	110511055	110523450	0
ENSELUG00000002279	110497036	118965341	0
ENSELUG00000019248	110494771	110527701	0
ENSELUG00000017355	110495301	110520559	0
ENSELUG00000023711	110523776	110537147	0
ENSELUG00000006386	110492039	110532627	0
ENSELUG00000007295	110496041	110519740	0
ENSELUG00000017701	110522126	110529511	0
ENSELUG00000007477	100272211	110500152	0
ENSELUG00000021697	110503510	110524223	0
ENSELUG00000015712	110498175	110505260	0
ENSELUG00000024318	110509004	110530046	0
ENSELUG00000015917	110506477	110526367	0
ENSELUG00000010975	110501262	110519967	0
ENSELUG00000024504	110491685	110525336	0
ENSELUG00000018987	110502024	110520493	0
ENSELUG00000022385	110488884	110505080	0
ENSELUG00000014537	110506512	110526391	0
ENSELUG00000011994	110487461	110514890	0
ENSELUG00000013445	110491043	110532792	0
ENSELUG00000005378	110485466	110511366	0
ENSELUG00000022216	110488050	110496875	0
ENSELUG00000010797	110499451	110502793	0
ENSELUG00000020851	110501053	110522704	0
ENSELUG00000019918	110495853	110527471	0
ENSELUG00000016474	110501399	110504830	0
ENSELUG00000023972	110525535	110535912	0
ENSELUG00000016279	110509040	110537155	0
ENSELUG00000023363	110508562	110530500	0
ENSELUG00000019249	100135971	110509890	0
ENSELUG00000002243	110498378	110504318	0
ENSELUG00000007998	110490059	110507301	0
ENSELUG00000001915	110491140	110508384	0
ENSELUG00000003406	110498013	110505434	0
ENSELUG00000010927	110507943	110507944	0
ENSELUG00000015136	110522077	110529462	0
ENSELUG00000023978	110488839	110505044	0
ENSELUG00000012214	110509765	110523555	0
ENSELUG00000019057	110502018	110520495	0
ENSELUG00000022153	110489213	110504553	0
ENSELUG00000024593	110500505	110532942	0
ENSELUG00000012585	110487742	110515194	0
ENSELUG00000003572	110494596	110527876	0
ENSELUG00000015802	110509054	110530006	0
ENSELUG00000023794	110498361	110524183	0
ENSELUG00000002527	110487732	110505014	0
ENSELUG00000012944	110501579	110520004	0
ENSELUG00000004886	110502563	110530055	0
ENSELUG00000020773	110501326	110504720	0
ENSELUG00000002334	110496488	118946483	0
ENSELUG00000011523	110491807	110525612	0
ENSELUG00000007628	110501802	110520278	0
ENSELUG00000002281	110490475	110499992	0
ENSELUG00000013180	110503574	110507449	0
ENSELUG00000015328	110488590	110504800	0
ENSELUG00000021155	110501340	110520573	0
ENSELUG00000014073	100301808	110535347	0
ENSELUG00000019922	110492162	110532446	0
ENSELUG00000001151	110508652	110530404	0
ENSELUG00000012653	110499305	110502997	0
ENSELUG00000011292	110533603	110537522	0
ENSELUG00000022171	110525576	110535945	0
ENSELUG00000014813	110486170	110538096	0
ENSELUG00000017853	110504032	110507852	0
ENSELUG00000004570	110501883	110520186	0
ENSELUG00000008428	110488488	110495998	0
ENSELUG00000001258	110486163	110513019	0
ENSELUG00000011297	110503626	110507505	0
ENSELUG00000020668	110502270	110526355	0
ENSELUG00000013232	110525143	110536499	0
ENSELUG00000005290	110522648	110529266	0
ENSELUG00000005990	110502514	110522192	0
ENSELUG00000017816	110509870	110523655	0
ENSELUG00000009956	110491943	110532716	0
ENSELUG00000000229	110509146	110530857	0
ENSELUG00000012280	110523557	118936421	0
ENSELUG00000006691	100500700	100500701	0
ENSELUG00000005809	110489038	110504649	0
ENSELUG00000010533	110494784	110527690	0
ENSELUG00000020563	110498696	110504237	0
ENSELUG00000017383	100136173	100136655	0
ENSELUG00000000841	110502300	110526643	0
ENSELUG00000017588	110492413	110531995	0
ENSELUG00000015296	110493885	110528567	0
ENSELUG00000018752	110492195	110532416	0
ENSELUG00000007292	110486408	110538378	0
ENSELUG00000005393	110490371	110500109	0
ENSELUG00000001107	110521995	110529180	0
ENSELUG00000015364	110512482	110512509	1
ENSELUG00000009833	110492847	110499154	0
ENSELUG00000011987	110508331	110530762	0
ENSELUG00000015974	110509976	110533989	0
ENSELUG00000013097	110533569	110537556	0
ENSELUG00000016002	110503519	110507355	0
ENSELUG00000016638	110521468	110524332	0
ENSELUG00000002116	110525473	118936269	0
ENSELUG00000017757	110525293	110535708	0
ENSELUG00000002575	110488801	110505008	0
ENSELUG00000019655	110503696	110507573	0
ENSELUG00000003600	110488748	110504944	0
ENSELUG00000004005	110497986	110505467	0
ENSELUG00000003092	110495628	110495629	0
ENSELUG00000018235	100135968	100653488	0
ENSELUG00000003587	110500489	110531629	0
ENSELUG00000001211	110488004	110496617	0
ENSELUG00000018697	110487851	110496744	0
ENSELUG00000017909	110486237	110538167	0
ENSELUG00000004153	110490024	110535555	0
ENSELUG00000009107	110486548	110538511	0
ENSELUG00000016177	100136036	110507147	0
ENSELUG00000022266	110485547	118940351	1
ENSELUG00000013174	110500709	110531850	0
ENSELUG00000021673	110494713	110527748	0
ENSELUG00000021343	110490050	110507311	0
ENSELUG00000020765	110533317	110537820	0
ENSELUG00000005947	110487975	110496587	0
ENSELUG00000004253	110506131	110514990	0
ENSELUG00000021328	110489191	110504482	0
ENSELUG00000020654	110497602	110505845	0
ENSELUG00000002874	110525985	110536360	0
ENSELUG00000017727	110509867	110523652	0
ENSELUG00000017228	110487845	110496901	0
ENSELUG00000016122	110494312	110528122	0
ENSELUG00000009843	110499974	110524604	0
ENSELUG00000014463	110525706	110536078	0
ENSELUG00000023014	110500856	110531672	0
ENSELUG00000020050	110497429	110534447	0
ENSELUG00000002794	110490454	110500010	0
ENSELUG00000003639	110509599	110523384	0
ENSELUG00000018226	110508644	110530418	0
ENSELUG00000003019	110491367	110498974	0
ENSELUG00000010171	110500371	110531462	0
ENSELUG00000017367	110503705	110507580	0
ENSELUG00000013965	110500690	110531833	0
ENSELUG00000017736	110499234	110524199	0
ENSELUG00000000436	110522469	110529852	0
ENSELUG00000011615	110503618	110507500	0
ENSELUG00000020701	110501474	110520088	0
ENSELUG00000016559	110499236	110502951	0
ENSELUG00000009225	110493603	110521416	0
ENSELUG00000008865	110521110	110529285	0
ENSELUG00000008197	110496008	110517409	0
ENSELUG00000021602	110533391	110537807	0
ENSELUG00000004027	110487931	110496548	0
ENSELUG00000023870	110497762	110524182	0
ENSELUG00000009802	110502396	110524623	0
ENSELUG00000016046	110488983	110505193	0
ENSELUG00000023694	110487735	110505052	0
ENSELUG00000014320	110523899	110524027	0
ENSELUG00000007600	110489917	110535639	0
ENSELUG00000018896	110503741	110507608	0
ENSELUG00000009160	110491513	110499140	0
ENSELUG00000016696	110492603	110532817	0
ENSELUG00000008215	110508029	118944009	0
ENSELUG00000002964	110492836	110498973	0
ENSELUG00000015923	110504078	110507909	0
ENSELUG00000014250	110494356	110528081	0
ENSELUG00000020006	110508824	110530207	0
ENSELUG00000003629	110498002	110505448	0
ENSELUG00000010505	110491932	110532728	0
ENSELUG00000001378	110502057	110520070	0
ENSELUG00000002145	110490773	110499980	0
ENSELUG00000021807	110490645	110490647	0
ENSELUG00000011639	110499705	110499707	0
ENSELUG00000020617	110488021	110496640	0
ENSELUG00000021274	110501064	110522700	0
ENSELUG00000017384	110509359	110537356	0
ENSELUG00000021773	100305335	110530467	0
ENSELUG00000020712	110488980	110505189	0
ENSELUG00000021791	110502244	110526047	0
ENSELUG00000005607	110494545	110527922	0
ENSELUG00000012431	110531540	110531541	0
ENSELUG00000006269	110485812	110493558	0
ENSELUG00000023036	110500538	110531671	0
ENSELUG00000023285	110489791	110536542	0
ENSELUG00000010995	110496069	110496087	0
ENSELUG00000010800	110508315	110535911	1
ENSELUG00000006763	110494511	110528962	0
ENSELUG00000014314	110522067	110529453	0
ENSELUG00000007446	110521609	110524492	0
ENSELUG00000011114	110487180	110514588	0
ENSELUG00000004839	110502581	110521207	0
ENSELUG00000014024	110508683	110530367	0
ENSELUG00000015053	110508673	110530382	0
ENSELUG00000013395	110509342	110523581	0
ENSELUG00000018461	110489363	118941209	0
ENSELUG00000022762	110503751	110507082	0
ENSELUG00000023839	110485211	110539007	1
ENSELUG00000023287	110486364	110538426	0
ENSELUG00000001914	110512633	110527240	1
ENSELUG00000000795	110487859	110496740	0
ENSELUG00000022448	110503904	110507744	0
ENSELUG00000002813	110523848	110537079	0
ENSELUG00000006105	110523932	110536789	0
ENSELUG00000012764	110503590	110507466	0
ENSELUG00000013817	110503498	110507432	0
ENSELUG00000008512	110490901	110508030	0
ENSELUG00000001857	110490572	110499898	0
ENSELUG00000007864	110489835	110535189	0
ENSELUG00000006870	110492279	110532140	0
ENSELUG00000001162	110494319	110528116	0
ENSELUG00000000209	110491454	110499052	0
ENSELUG00000001276	100136686	110505477	0
ENSELUG00000002144	100136215	110523804	0
ENSELUG00000002680	110491386	110498965	0
ENSELUG00000017090	110490065	110507292	0
ENSELUG00000012037	110494707	110524162	0
ENSELUG00000003829	110494047	110528374	0
ENSELUG00000024179	110523782	110537141	0
ENSELUG00000020239	110502278	110526440	0
ENSELUG00000019019	110503320	110507624	0
ENSELUG00000014455	110523115	110536876	0
ENSELUG00000017052	110486219	110538147	0
ENSELUG00000021628	110501457	110520102	0
ENSELUG00000013219	110488541	110504756	0
ENSELUG00000008836	110489576	110536578	0
ENSELUG00000007731	110533760	110537362	0
ENSELUG00000003203	110487913	110496522	0
ENSELUG00000008897	110490905	110535442	0
ENSELUG00000019017	110488712	110504909	0
ENSELUG00000010720	110520984	110529835	0
ENSELUG00000010433	110495762	110528872	0
ENSELUG00000003729	110497995	110505452	0
ENSELUG00000006035	110533711	110537411	0
ENSELUG00000018335	110489737	110535270	0
ENSELUG00000022459	110501449	110520115	0
ENSELUG00000016614	110509087	110529994	0
ENSELUG00000014093	110506522	110526403	0
ENSELUG00000023518	110501349	110520578	0
ENSELUG00000001222	110533576	110537550	0
ENSELUG00000007952	110489927	110535631	0
ENSELUG00000019639	110486655	110538613	0
ENSELUG00000015895	110522090	110529474	0
ENSELUG00000013413	110497384	110534499	0
ENSELUG00000007486	110513012	110534631	0
ENSELUG00000015649	100305319	110538120	0
ENSELUG00000022305	110489217	110504535	0
ENSELUG00000009639	110503666	110507546	0
ENSELUG00000001905	110490563	110501018	0
ENSELUG00000010197	110496290	110524169	0
ENSELUG00000005353	110487625	110496806	0
ENSELUG00000007279	110493282	110521383	0
ENSELUG00000006305	110489385	110496593	0
ENSELUG00000002502	110490887	110535494	0
ENSELUG00000019412	110487595	110496231	0
ENSELUG00000003100	110485714	110493464	1
ENSELUG00000017350	110499213	110502928	0
ENSELUG00000002012	110521760	110524662	0
ENSELUG00000009759	110486478	110538309	0
ENSELUG00000022864	110497471	110534381	0
ENSELUG00000001412	110495624	110495626	1
ENSELUG00000017340	110500607	110531744	0
ENSELUG00000000966	110509509	110523307	0
ENSELUG00000017060	110498689	110505895	0
ENSELUG00000000174	100135793	110526614	1
ENSELUG00000005685	100329195	110494652	0
ENSELUG00000020395	110504280	110505970	0
ENSELUG00000004009	110497060	110497061	0
ENSELUG00000017362	110525656	110536026	0
ENSELUG00000000831	110495946	110521304	0
ENSELUG00000006226	110485811	110493557	0
ENSELUG00000023789	110503784	110507625	0
ENSELUG00000001168	110533103	110537338	0
ENSELUG00000014442	110488574	110504784	0
ENSELUG00000004599	110485767	110493515	0
ENSELUG00000023986	110498310	110506009	0
ENSELUG00000018583	110499408	110502732	0
ENSELUG00000018174	110499419	110502744	0
ENSELUG00000002483	110488811	110505017	0
ENSELUG00000018880	110495848	110521169	0
ENSELUG00000007094	110488389	110496036	0
ENSELUG00000007183	110488093	110496700	0
ENSELUG00000016865	110492407	110531998	0
ENSELUG00000009686	110491527	110499151	0
ENSELUG00000016295	110508238	110529997	0
ENSELUG00000005760	110492057	110532617	0
ENSELUG00000005364	110487971	110496580	0
ENSELUG00000012935	110503587	110507061	0
ENSELUG00000005071	110494551	110527915	0
ENSELUG00000003370	110523864	110537065	0
ENSELUG00000007577	110509688	110523468	0
ENSELUG00000000087	110488770	110504969	0
ENSELUG00000014466	110503557	110507403	0
ENSELUG00000010921	110503638	110507519	0
ENSELUG00000000853	110499087	110502880	0
ENSELUG00000013101	110500710	110531851	0
ENSELUG00000006695	110491459	110499054	0
ENSELUG00000014695	110501537	110520032	0
ENSELUG00000007349	110493335	110521385	0
ENSELUG00000022106	110508866	110530166	0
ENSELUG00000020985	110510067	110534080	0
ENSELUG00000000176	110497729	110505735	0
ENSELUG00000005761	110508807	110530216	0
ENSELUG00000015378	110501938	110520648	0
ENSELUG00000020621	110497601	110505846	0
ENSELUG00000023096	101268905	110501922	0
ENSELUG00000003949	110490009	110524110	0
ENSELUG00000004438	110509316	110523399	0
ENSELUG00000018918	110498041	110523274	0
ENSELUG00000024267	110510207	110534197	0
ENSELUG00000004079	110488732	110504931	0
ENSELUG00000017865	110534865	110537668	0
ENSELUG00000009258	110487657	110496099	0
ENSELUG00000010011	110486980	110514168	0
ENSELUG00000015730	110508232	110530009	0
ENSELUG00000021511	110497622	110505833	0
ENSELUG00000004422	110520181	110520182	0
ENSELUG00000022152	110510104	110534112	0
ENSELUG00000003585	110506809	110506810	0
ENSELUG00000021148	100305181	110508894	0
ENSELUG00000011366	110517556	110536148	0
ENSELUG00000016864	110486217	110538145	0
ENSELUG00000002000	110525489	110535874	0
ENSELUG00000023815	110510145	110534137	0
ENSELUG00000020371	110510053	110533124	0
ENSELUG00000014450	110498617	110523630	0
ENSELUG00000002457	110525967	110536342	0
ENSELUG00000004914	110522642	110529272	0
ENSELUG00000022506	110525569	110525570	0
ENSELUG00000023033	100301646	100301657	0
ENSELUG00000006908	110487776	110504375	0
ENSELUG00000009200	110491515	110499141	0
ENSELUG00000017965	110504027	110507848	0
ENSELUG00000016605	110506466	110526350	0
ENSELUG00000011190	110509743	110522892	0
ENSELUG00000003121	100301729	110490436	0
ENSELUG00000021321	110526783	110526784	1
ENSELUG00000018477	110492201	110532409	0
ENSELUG00000023149	110525553	110535926	0
ENSELUG00000011021	110503634	110507516	0
ENSELUG00000006032	110489978	110535598	0
ENSELUG00000006648	110494512	110527953	0
ENSELUG00000005784	110534892	110534914	0
ENSELUG00000019659	110491084	110531213	0
ENSELUG00000014203	110521509	110524376	0
ENSELUG00000021734	110497461	110534407	0
ENSELUG00000022083	110503912	110507756	0
ENSELUG00000015275	110488245	110516029	0
ENSELUG00000008787	110494477	110527982	0
ENSELUG00000022935	110494148	110528274	0
ENSELUG00000015281	110500656	110531795	0
ENSELUG00000005471	110485500	110511341	0
ENSELUG00000016504	110525679	110536047	0
ENSELUG00000017197	110485158	110538152	0
ENSELUG00000019638	110509905	110523697	0
ENSELUG00000007692	110491987	110532678	0
ENSELUG00000014538	110509933	110533950	0
ENSELUG00000004309	110487922	110496552	0
ENSELUG00000009894	110486933	110514114	0
ENSELUG00000011495	110497198	110497203	0
ENSELUG00000022088	100301866	110519306	0
ENSELUG00000004925	110521659	110524552	0
ENSELUG00000006758	110508250	110513441	0
ENSELUG00000002111	110523800	110537129	0
ENSELUG00000014247	110487532	110539163	0
ENSELUG00000018930	110502311	110526778	0
ENSELUG00000015889	110500629	110531778	0
ENSELUG00000024521	110497700	110522730	0
ENSELUG00000004922	110487780	110504575	0
ENSELUG00000010204	110527694	118936559	0
ENSELUG00000018723	110493868	110527650	0
ENSELUG00000002440	110525970	110536340	0
ENSELUG00000009919	110503657	110507068	0
ENSELUG00000012509	110508322	110531015	0
ENSELUG00000013705	110509917	110533931	0
ENSELUG00000024081	110494126	110528300	0
ENSELUG00000015686	110524940	110536775	0
ENSELUG00000017696	110488658	110504418	0
ENSELUG00000002530	110523831	110537092	0
ENSELUG00000009557	110525816	110536183	0
ENSELUG00000018145	110487537	110539166	0
ENSELUG00000018694	110490748	110501049	0
ENSELUG00000009195	110495772	110527404	0
ENSELUG00000010449	110501287	110519972	0
ENSELUG00000004409	110501605	110520474	0
ENSELUG00000015052	110490239	110500232	0
ENSELUG00000003746	110495642	110527315	0
ENSELUG00000013830	110503500	110507430	0
ENSELUG00000000706	110492500	110522733	0
ENSELUG00000017471	110498219	110505909	0
ENSELUG00000000421	110508337	110530802	0
ENSELUG00000021756	110503198	110524220	0
ENSELUG00000023188	110525551	110535925	0
ENSELUG00000019385	110499080	110502882	0
ENSELUG00000015339	110506499	110526379	0
ENSELUG00000010127	110499936	110524569	0
ENSELUG00000011690	110502457	110528682	0
ENSELUG00000009347	110501268	110519991	0
ENSELUG00000021640	110489194	110504484	0
ENSELUG00000008287	110486333	110513274	0
ENSELUG00000004777	110523911	110537010	0
ENSELUG00000024020	110508551	110530510	0
ENSELUG00000012433	110508717	110530330	0
ENSELUG00000024266	110533364	110537746	0
ENSELUG00000011488	110500329	110531407	0
ENSELUG00000001273	110494728	110527730	0
ENSELUG00000002559	110492833	110498741	0
ENSELUG00000021140	110522211	110529587	0
ENSELUG00000016794	110502355	110527333	0
ENSELUG00000021483	110492137	110532474	0
ENSELUG00000014633	110522071	110529455	0
ENSELUG00000014740	110522072	110529190	0
ENSELUG00000008798	110489947	110535618	0
ENSELUG00000014191	110488233	110496345	0
ENSELUG00000019905	110507450	110524254	0
ENSELUG00000002048	110525483	110535865	0
ENSELUG00000017691	110509111	110529981	0
ENSELUG00000011038	110485142	110538009	0
ENSELUG00000023730	110488117	110496456	0
ENSELUG00000023869	118941040	118948155	0
ENSELUG00000021441	110491301	110498878	0
ENSELUG00000019693	110501296	110520524	0
ENSELUG00000006717	110521629	110524510	0
ENSELUG00000008916	110501588	110519989	0
ENSELUG00000020558	110488931	110505128	0
ENSELUG00000007849	110485109	110493672	0
ENSELUG00000024488	110486377	110538416	0
ENSELUG00000020374	110497837	110522826	0
ENSELUG00000020551	110522925	110537207	0
ENSELUG00000011603	110501778	110520304	0
ENSELUG00000007431	110501806	110520272	0
ENSELUG00000016088	110501412	110520627	0
ENSELUG00000023044	110499540	110502760	0
ENSELUG00000005500	110523924	110537002	0
ENSELUG00000007009	110508789	110530235	0
ENSELUG00000010314	110499906	110524558	0
ENSELUG00000003141	110523853	110537072	0
ENSELUG00000019637	110492172	110532438	0
ENSELUG00000004205	110490023	110535556	0
ENSELUG00000014640	100135781	110486965	1
ENSELUG00000012255	110494221	110524152	0
ENSELUG00000000656	110490271	110500205	0
ENSELUG00000018254	110507004	110507011	1
ENSELUG00000009060	110525804	110536196	0
ENSELUG00000008835	110535741	110535756	1
ENSELUG00000014706	110486164	110538085	0
ENSELUG00000010538	110499322	110503011	0
ENSELUG00000020724	110494201	110528996	0
ENSELUG00000021100	110498286	110505990	0
ENSELUG00000006558	110492032	110532634	0
ENSELUG00000002517	110494088	110527140	0
ENSELUG00000011742	110494410	110528027	0
ENSELUG00000004898	110523912	110536793	0
ENSELUG00000024192	110492463	110531965	0
ENSELUG00000014571	110533534	110537606	0
ENSELUG00000006786	110492023	110532647	0
ENSELUG00000022366	110533637	110537488	0
ENSELUG00000007230	110509680	110522832	0
ENSELUG00000018169	110497558	118944331	0
ENSELUG00000019272	110500322	110531927	0
ENSELUG00000020366	110497842	110522853	0
ENSELUG00000008541	110508409	110530703	0
ENSELUG00000016891	110488636	110504411	0
ENSELUG00000024382	110497727	110522758	0
ENSELUG00000008837	110497081	110528901	0
ENSELUG00000017923	110525021	110536005	0
ENSELUG00000003679	110501901	110520166	0
ENSELUG00000023026	110500387	110524198	0
ENSELUG00000023107	110490793	118942889	0
ENSELUG00000006423	100653468	110524515	0
ENSELUG00000021243	100301681	110528241	0
ENSELUG00000013592	110522441	110530906	0
ENSELUG00000020481	110494217	110527137	0
ENSELUG00000013152	110492040	110524135	0
ENSELUG00000007922	110488437	110496014	0
ENSELUG00000021829	110488043	110496663	0
ENSELUG00000001958	110521766	110524668	0
ENSELUG00000002408	110522942	110537100	0
ENSELUG00000004281	110507605	118936508	0
ENSELUG00000004688	110492079	110532585	0
ENSELUG00000002385	110494098	110528322	0
ENSELUG00000020386	110497596	110505851	0
ENSELUG00000002299	110490890	110535480	0
ENSELUG00000008952	110500043	110524766	0
ENSELUG00000006672	110491456	110499053	0
ENSELUG00000007023	110523945	110536982	0
ENSELUG00000008624	110491968	110532702	0
ENSELUG00000009449	110503243	110508067	0
ENSELUG00000019244	110489744	110535257	0
ENSELUG00000007751	110494975	110528410	0
ENSELUG00000004062	110526003	110536372	0
ENSELUG00000015842	110509973	110534923	0
ENSELUG00000013941	110494366	110528069	0
ENSELUG00000001845	110492486	110531951	0
ENSELUG00000023270	110510125	110534124	0
ENSELUG00000013751	110503300	110507056	0
ENSELUG00000015256	110520950	110524362	0
ENSELUG00000016333	110506495	110526359	0
ENSELUG00000023334	110494637	110527824	0
ENSELUG00000005101	110497963	110505493	0
ENSELUG00000013443	110488012	110515569	0
ENSELUG00000005536	110489965	110535609	0
ENSELUG00000000600	110502337	110527092	0
ENSELUG00000014572	110508301	110530810	0
ENSELUG00000000876	110506379	110526252	0
ENSELUG00000015329	110493884	110528568	0
ENSELUG00000004921	110497720	110505745	0
ENSELUG00000017673	110504037	110507859	0
ENSELUG00000014764	110503549	110507391	0
ENSELUG00000007797	110525840	110536223	0
ENSELUG00000020722	110521828	110523033	0
ENSELUG00000018521	110503728	110507077	0
ENSELUG00000022554	110509436	110534118	0
ENSELUG00000012309	110493861	110527654	0
ENSELUG00000009324	110494466	110527986	0
ENSELUG00000002290	110523820	110537106	0
ENSELUG00000000326	110533101	110537343	0
ENSELUG00000014467	110509935	110533947	0
ENSELUG00000002776	110488777	110504978	0
ENSELUG00000020579	110501322	110520545	0
ENSELUG00000003326	110488757	110504953	0
ENSELUG00000020719	110500973	110521197	0
ENSELUG00000021303	110508889	110530144	0
ENSELUG00000014061	110500885	110531831	0
ENSELUG00000009482	110486689	110513818	0
ENSELUG00000010216	110491939	110532721	0
ENSELUG00000013124	110502434	110528376	0
ENSELUG00000002006	118941098	118965228	0
ENSELUG00000015110	110493888	110529040	0
ENSELUG00000017026	110490067	110507295	0
ENSELUG00000003303	110491375	110498983	0
ENSELUG00000018715	110487720	110504900	0
ENSELUG00000006643	110485762	110512609	0
ENSELUG00000009896	110501893	110518240	0
ENSELUG00000023193	110509513	110523316	0
ENSELUG00000020360	110488973	110505179	0
ENSELUG00000008296	110528781	118941108	0
ENSELUG00000021682	110523759	110537167	0
ENSELUG00000014577	110498145	110505289	0
ENSELUG00000022871	110489957	110535616	0
ENSELUG00000015194	110522079	110529464	0
ENSELUG00000001261	110508345	110530750	0
ENSELUG00000014323	110490233	110501061	0
ENSELUG00000003766	110508504	110530567	0
ENSELUG00000014694	110503551	110507392	0
ENSELUG00000021569	110494183	110528248	0
ENSELUG00000006665	110490344	110500140	0
ENSELUG00000011533	110522490	110529847	0
ENSELUG00000017201	110488307	110496268	0
ENSELUG00000004387	110485758	110495110	0
ENSELUG00000007830	110489444	110496957	0
ENSELUG00000012470	110533584	110537547	0
ENSELUG00000008261	110489072	110504678	0
ENSELUG00000010942	110509738	110522882	0
ENSELUG00000019011	110510032	110534038	0
ENSELUG00000013674	110509798	110523587	0
ENSELUG00000008116	110521562	110524429	0
ENSELUG00000018155	110486080	110493794	0
ENSELUG00000001045	110504065	110507899	0
ENSELUG00000013131	110509188	110530777	0
ENSELUG00000007314	110488089	110496698	0
ENSELUG00000015280	110498671	110505232	0
ENSELUG00000016913	110497321	110534949	0
ENSELUG00000007761	110523962	110536961	0
ENSELUG00000022984	110525150	110536483	0
ENSELUG00000002503	110506869	118936663	1
ENSELUG00000019908	110494234	110528197	0
ENSELUG00000002418	110493211	110528333	0
ENSELUG00000021136	110486328	110538272	0
ENSELUG00000020976	110513766	110514611	1
ENSELUG00000004127	110526005	110536373	0
ENSELUG00000017868	110504031	110507850	0
ENSELUG00000012534	110486007	110493723	0
ENSELUG00000017219	110504045	110507874	0
ENSELUG00000001319	110498022	110523250	0
ENSELUG00000006227	110521909	110538924	0
ENSELUG00000008555	110495732	110528904	0
ENSELUG00000009310	110501772	110520945	0
ENSELUG00000005096	110489126	110504588	0
ENSELUG00000003797	110509604	110523391	0
ENSELUG00000018314	110502740	118942012	0
ENSELUG00000015170	110509954	110533965	0
ENSELUG00000022743	110525160	110536490	0
ENSELUG00000012648	110533577	110537549	0
ENSELUG00000013749	110502425	110528200	0
ENSELUG00000014789	110500669	110531811	0
ENSELUG00000005298	110521656	110524541	0
ENSELUG00000024555	110499856	110511902	1
ENSELUG00000008035	110533767	110537355	0
ENSELUG00000003619	110488514	110524101	0
ENSELUG00000011451	110509193	110531010	0
ENSELUG00000011928	110508730	110530320	0
ENSELUG00000004084	110502008	110520478	0
ENSELUG00000017500	110521455	110524318	0
ENSELUG00000009092	110491514	110499139	0
ENSELUG00000005156	110485118	110503742	0
ENSELUG00000012619	110501583	110519998	0
ENSELUG00000018106	110525283	110535022	0
ENSELUG00000020934	110509486	110523257	0
ENSELUG00000011597	110488194	110496384	0
ENSELUG00000006881	110490338	110500147	0
ENSELUG00000007372	110492002	110532662	0
ENSELUG00000009840	110486899	110514079	0
ENSELUG00000009309	110491954	118966098	0
ENSELUG00000003436	110492109	110532555	0
ENSELUG00000007571	110520989	110529765	0
ENSELUG00000015150	110521500	110524366	0
ENSELUG00000001940	110508394	118939569	0
ENSELUG00000012609	110488208	110496367	0
ENSELUG00000002125	110523801	110537126	0
ENSELUG00000014729	110500671	110531813	0
ENSELUG00000012327	110500825	110532907	0
ENSELUG00000007068	110492882	110498755	0
ENSELUG00000008954	110492852	110498718	0
ENSELUG00000000401	110533607	110537518	0
ENSELUG00000014012	110489670	110535348	0
ENSELUG00000002051	110498093	110505337	0
ENSELUG00000008244	110503887	110507719	0
ENSELUG00000022619	110503356	110507124	0
ENSELUG00000003265	110492115	110532548	0
ENSELUG00000001192	110499186	110502908	0
ENSELUG00000002276	110498075	110505370	0
ENSELUG00000007083	110491464	110499586	0
ENSELUG00000015970	110502339	110527143	0
ENSELUG00000013860	110490226	110500243	0
ENSELUG00000008503	110489559	110508032	0
ENSELUG00000017488	110510012	110534017	0
ENSELUG00000017931	110529330	110529331	0
ENSELUG00000017057	110490066	110507294	0
ENSELUG00000003871	110501894	110520176	0
ENSELUG00000003894	110503062	110530274	0
ENSELUG00000004480	110500093	118936373	0
ENSELUG00000002190	110490482	110499985	0
ENSELUG00000002719	110488782	110504987	0
ENSELUG00000000414	110503210	110507213	0
ENSELUG00000016078	110487843	110496904	0
ENSELUG00000005695	110509640	110523423	0
ENSELUG00000004200	110500465	110531612	0
ENSELUG00000021638	110509496	110523271	0
ENSELUG00000000771	110497565	110505885	0
ENSELUG00000009312	110525808	110536192	0
ENSELUG00000005588	110522656	118965482	0
ENSELUG00000019403	110491068	110534836	0
ENSELUG00000022184	110495798	110527422	0
ENSELUG00000015462	110488259	110496316	0
ENSELUG00000019220	110486644	110538602	1
ENSELUG00000020391	110510054	110534060	0
ENSELUG00000000502	110487441	110487442	0
ENSELUG00000022808	110512045	110538967	1
ENSELUG00000012854	110488532	110504743	0
ENSELUG00000001098	110525457	110535841	0
ENSELUG00000018339	110508278	110530421	0
ENSELUG00000004016	110490877	110535159	0
ENSELUG00000006059	110533713	110537410	0
ENSELUG00000003932	110500846	110531620	0
ENSELUG00000006194	110491443	110499042	0
ENSELUG00000010744	110498786	110503041	0
ENSELUG00000016021	110504076	110507907	0
ENSELUG00000001021	110497643	110505812	0
ENSELUG00000013973	110521515	110524382	0
ENSELUG00000000481	110488544	110504758	0
ENSELUG00000005846	110487974	110496586	0
ENSELUG00000017530	110495425	110520673	0
ENSELUG00000023511	110486367	118937738	0
ENSELUG00000012754	110486138	110538036	0
ENSELUG00000009712	110503663	110507070	0
ENSELUG00000009929	110488161	118941180	0
ENSELUG00000003666	110491397	110498994	0
ENSELUG00000003944	110490411	110500070	0
ENSELUG00000000630	110486218	110538146	0
ENSELUG00000023485	110499698	110524192	0
ENSELUG00000015934	110500633	110531775	0
ENSELUG00000015040	110521501	110524369	0
ENSELUG00000014873	110525445	110535829	0
ENSELUG00000002322	110525941	110536320	0
ENSELUG00000002501	110494089	110529007	0
ENSELUG00000004151	110508493	110530589	0
ENSELUG00000024403	110525169	110536468	0
ENSELUG00000024027	110522256	110529641	0
ENSELUG00000012562	110508714	110530334	0
ENSELUG00000007347	110486042	110512956	0
ENSELUG00000012107	110485139	110537977	0
ENSELUG00000008790	110503680	110507558	0
ENSELUG00000020704	110494200	110528222	0
ENSELUG00000023320	110500115	110524195	0
ENSELUG00000004847	110522638	118965484	0
ENSELUG00000018627	110502322	110526927	0
ENSELUG00000018395	110491127	110531978	0
ENSELUG00000007641	110500385	110525096	0
ENSELUG00000013877	110506527	110526406	0
ENSELUG00000020492	110504279	110505972	0
ENSELUG00000015258	110504098	110507924	0
ENSELUG00000019866	110525589	110535951	0
ENSELUG00000019824	110508929	110530114	0
ENSELUG00000021467	110503930	110507769	0
ENSELUG00000007096	110494504	110527964	0
ENSELUG00000021232	110501341	110520574	0
ENSELUG00000014652	110522018	110529394	0
ENSELUG00000021291	110488036	110496653	0
ENSELUG00000013805	110504126	110507985	0
ENSELUG00000005484	101268950	101268951	0
ENSELUG00000017491	110505911	110505912	0
ENSELUG00000009528	110499999	110524680	0
ENSELUG00000012191	110494464	110524155	0
ENSELUG00000001522	110487639	110515097	0
ENSELUG00000020557	110486311	110538252	0
ENSELUG00000003993	110521055	110529212	0
ENSELUG00000020157	110503970	110507806	0
ENSELUG00000012490	110491901	118966104	0
ENSELUG00000015265	110490244	110500226	0
ENSELUG00000011543	110533598	110537529	0
ENSELUG00000023779	110494133	110528292	0
ENSELUG00000018306	110494257	110528168	0
ENSELUG00000001950	110491141	110508395	0
ENSELUG00000005555	110521651	110524537	0
ENSELUG00000004622	110526017	110535114	0
ENSELUG00000005336	110489384	110496579	0
ENSELUG00000018579	110510930	110532847	0
ENSELUG00000006470	110494520	110527945	0
ENSELUG00000010624	110517425	110517428	0
ENSELUG00000014820	110508724	110536762	1
ENSELUG00000006266	110489987	110535005	0
ENSELUG00000006089	110491440	110499038	0
ENSELUG00000012556	110502823	110517611	0
ENSELUG00000017006	110495151	110520494	0
ENSELUG00000004689	110521662	110523002	0
ENSELUG00000006629	110487987	110496600	0
ENSELUG00000005338	110489990	110535590	0
ENSELUG00000020071	110506993	110524248	0
ENSELUG00000014469	110494352	110528086	0
ENSELUG00000005853	110485799	110493543	0
ENSELUG00000000941	110509377	110534097	0
ENSELUG00000018591	110488702	110504897	0
ENSELUG00000008959	110499134	118939514	0
ENSELUG00000003250	110491374	110498980	0
ENSELUG00000011269	110503627	110507506	0
ENSELUG00000011490	110488192	110496387	0
ENSELUG00000007163	110489390	110496612	0
ENSELUG00000007150	110515723	118966684	0
ENSELUG00000018721	110525617	110535981	0
ENSELUG00000008480	110533100	110536836	0
ENSELUG00000008627	110509702	110523488	0
ENSELUG00000003107	110487728	110504957	0
ENSELUG00000007465	110494980	110528399	0
ENSELUG00000008832	100135927	110490158	0
ENSELUG00000008211	110489819	110535194	0
ENSELUG00000013821	110508687	110530364	0
ENSELUG00000012821	110492606	110524139	0
ENSELUG00000022484	110501398	110524206	0
ENSELUG00000001922	110525507	110535052	0
ENSELUG00000001931	110525504	110535890	0
ENSELUG00000000316	110508774	110530257	0
ENSELUG00000021746	110488041	110496659	0
ENSELUG00000006298	110533725	110537399	0
ENSELUG00000007090	110493246	110527963	0
ENSELUG00000010507	110500350	110531448	0
ENSELUG00000022225	100136025	110508862	0
ENSELUG00000012804	110500340	110531434	0
ENSELUG00000004649	110522305	110529685	0
ENSELUG00000023495	110509549	110523330	0
ENSELUG00000003851	110500477	110531621	0
ENSELUG00000014038	110488555	110504402	0
ENSELUG00000024457	110497706	110522699	0
ENSELUG00000002525	110490463	110500001	0
ENSELUG00000018362	110486255	110538185	0
ENSELUG00000009620	110490170	110500279	0
ENSELUG00000019000	110493296	110528595	0
ENSELUG00000002239	110498080	110505365	0
ENSELUG00000016120	110503516	110507350	0
ENSELUG00000020760	110495825	110527445	0
ENSELUG00000003317	110528754	118941096	1
ENSELUG00000007518	110490128	110491182	0
ENSELUG00000015662	110501426	110520639	0
ENSELUG00000015010	110502401	110527891	0
ENSELUG00000014424	110503559	110507405	0
ENSELUG00000016343	110521473	110524337	0
ENSELUG00000023686	100170214	110489166	0
ENSELUG00000018294	110499417	110502741	0
ENSELUG00000004434	110497710	110505761	0
ENSELUG00000021768	110486347	110538455	0
ENSELUG00000003433	110498012	110505435	0
ENSELUG00000003013	110488764	110504959	0
ENSELUG00000001397	110523080	110536869	0
ENSELUG00000014769	110509811	110523595	0
ENSELUG00000024030	110493220	110529003	0
ENSELUG00000018700	110497395	110534482	0
ENSELUG00000020087	110501305	110504668	0
ENSELUG00000011826	110499467	110502814	0
ENSELUG00000015906	110508993	110537095	0
ENSELUG00000003249	110488941	110505140	0
ENSELUG00000019641	110503695	110507572	0
ENSELUG00000007680	110485952	110493674	0
ENSELUG00000000280	110486252	110513176	0
ENSELUG00000000152	110490759	110500117	0
ENSELUG00000022939	110533341	110537779	0
ENSELUG00000023167	110494641	110527821	0
ENSELUG00000019210	110510037	110534044	0
ENSELUG00000008084	110486423	110538362	0
ENSELUG00000003896	110497511	110533148	0
ENSELUG00000009522	110491523	110499145	0
ENSELUG00000024611	110492465	110531962	0
ENSELUG00000018449	110525244	110535696	0
ENSELUG00000011895	110499470	110502816	0
ENSELUG00000013385	110533565	110537561	0
ENSELUG00000015146	110488581	110504791	0
ENSELUG00000019892	110509913	110523703	0
ENSELUG00000015627	110502332	110527034	0
ENSELUG00000020908	110505456	110524231	0
ENSELUG00000000805	110487538	110538199	0
ENSELUG00000023995	110494113	110528298	0
ENSELUG00000003833	110510201	110534927	0
ENSELUG00000001494	110491502	110498765	0
ENSELUG00000024561	110509560	110523344	0
ENSELUG00000001618	110486016	110493731	0
ENSELUG00000013604	110492342	110532057	0
ENSELUG00000021103	110523744	110537190	0
ENSELUG00000004522	110522298	110529680	0
ENSELUG00000000313	110508413	110530698	0
ENSELUG00000017094	100305229	110509171	0
ENSELUG00000019391	110501503	110520065	0
ENSELUG00000008473	110491831	110532232	0
ENSELUG00000007681	110506701	110526569	1
ENSELUG00000015724	110486196	110538124	0
ENSELUG00000004427	110498365	110505481	0
ENSELUG00000024433	110497345	110524172	0
ENSELUG00000020641	100136023	110537922	0
ENSELUG00000012274	110521549	110524415	0
ENSELUG00000022239	110486712	110538665	0
ENSELUG00000017554	110500604	110531735	0
ENSELUG00000019167	110486270	110538206	0
ENSELUG00000022494	110525572	110535941	0
ENSELUG00000018440	110490293	110500187	0
ENSELUG00000004087	110507681	110517609	1
ENSELUG00000012224	110525757	110536131	0
ENSELUG00000005324	110485403	110511506	0
ENSELUG00000009899	110506648	110526519	0
ENSELUG00000004132	110508495	110530586	0
ENSELUG00000008437	110497079	110528861	0
ENSELUG00000021472	110510078	110534094	0
ENSELUG00000003252	110487912	110496523	0
ENSELUG00000015997	110491274	110499505	0
ENSELUG00000010042	110500375	110531475	0
ENSELUG00000011744	110491798	110525521	0
ENSELUG00000018547	110504001	110507833	0
ENSELUG00000001790	110492467	110531959	0
ENSELUG00000012190	110522464	110529857	0
ENSELUG00000013171	110497389	110534491	0
ENSELUG00000024152	110509446	110534205	0
ENSELUG00000011452	110503620	110507503	0
ENSELUG00000002220	110526899	110536296	0
ENSELUG00000012548	110522454	110529865	0
ENSELUG00000011139	110503631	110507510	0
ENSELUG00000005864	110489034	110504650	0
ENSELUG00000005440	110501853	110520226	0
ENSELUG00000012735	110509773	110523565	0
ENSELUG00000024620	110508534	110530981	0
ENSELUG00000020970	110488024	110496644	0
ENSELUG00000018690	110506407	110526294	0
ENSELUG00000016835	110498202	110505216	0
ENSELUG00000015001	110498779	110523724	0
ENSELUG00000013272	110526414	118944511	0
ENSELUG00000010733	110521077	110529836	0
ENSELUG00000012366	110522457	110529863	0
ENSELUG00000018011	110486591	110538986	1
ENSELUG00000015933	110521477	110524340	0
ENSELUG00000006174	110508456	110530649	0
ENSELUG00000023321	110501916	110520141	0
ENSELUG00000012806	110494386	110528050	0
ENSELUG00000012342	110497824	110505639	0
ENSELUG00000000999	110489807	110535201	0
ENSELUG00000020133	110508825	110530204	0
ENSELUG00000022734	110494156	110528266	0
ENSELUG00000016845	110494292	110528144	0
ENSELUG00000017858	110522134	110529519	0
ENSELUG00000013588	110488223	110496354	0
ENSELUG00000023079	110486088	118938208	1
ENSELUG00000007089	110508447	110530665	0
ENSELUG00000008379	110492845	110499121	0
ENSELUG00000003377	110494057	110528365	0
ENSELUG00000022036	100137058	100137059	0
ENSELUG00000018370	110490746	110500188	0
ENSELUG00000018977	100136754	110526770	0
ENSELUG00000001525	110503697	110507574	0
ENSELUG00000016346	110498192	110505206	0
ENSELUG00000011677	110494416	110528971	0
ENSELUG00000021644	110497459	110534409	0
ENSELUG00000011766	110491909	110532747	0
ENSELUG00000023571	110498923	118939487	1
ENSELUG00000001941	110521767	110524669	0
ENSELUG00000002268	110495576	110527265	1
ENSELUG00000014903	110486176	110538098	0
ENSELUG00000018898	110502012	110520492	0
ENSELUG00000009007	110525802	110536200	0
ENSELUG00000022094	110488896	110505093	0
ENSELUG00000001025	110511860	110539269	0
ENSELUG00000011993	110509762	110523553	0
ENSELUG00000022586	110509508	110523304	0
ENSELUG00000004869	110501629	110520451	0
ENSELUG00000008880	110495740	118965264	0
ENSELUG00000011843	110503611	110507491	0
ENSELUG00000009417	110525814	110536186	0
ENSELUG00000019901	110502288	110526516	0
ENSELUG00000015958	110501413	110520630	0
ENSELUG00000020369	110488937	110505133	0
ENSELUG00000019650	110525595	110535959	0
ENSELUG00000014426	110494462	110519959	0
ENSELUG00000005977	110501835	110520240	0
ENSELUG00000017669	110487877	110496715	0
ENSELUG00000008739	110491964	110532701	0
ENSELUG00000001862	110490570	110499901	0
ENSELUG00000017633	110504040	110507864	0
ENSELUG00000002278	110488825	110505032	0
ENSELUG00000024421	110497166	110524173	0
ENSELUG00000014620	110486162	110538086	0
ENSELUG00000023593	110488851	110505056	0
ENSELUG00000020420	110523714	110537211	0
ENSELUG00000017880	110510020	110534023	0
ENSELUG00000016276	110492390	110532011	0
ENSELUG00000023047	110494146	110528276	0
ENSELUG00000021179	110494189	110528240	0
ENSELUG00000005128	110502550	110529971	0
ENSELUG00000007079	110490081	110507328	0
ENSELUG00000010560	110528947	118940507	0
ENSELUG00000019308	110510041	110534049	0
ENSELUG00000008773	110523974	110536943	0
ENSELUG00000002780	110491785	110525376	0
ENSELUG00000014414	110506515	110526393	0
ENSELUG00000023671	110499030	110524186	0
ENSELUG00000023005	110495779	118965348	1
ENSELUG00000011072	110508390	110535991	0
ENSELUG00000017915	110522138	110529520	0
ENSELUG00000002050	110525482	110535861	0
ENSELUG00000021281	110503935	110507772	0
ENSELUG00000024376	110487734	110504156	0
ENSELUG00000006590	110487985	110496870	0
ENSELUG00000014794	110497361	110534539	0
ENSELUG00000012878	100136087	110523569	0
ENSELUG00000010894	110489603	110535407	0
ENSELUG00000011764	110520788	110536161	1
ENSELUG00000012788	110492771	110524141	0
ENSELUG00000002288	110490476	110499993	0
ENSELUG00000023932	110497621	110524178	0
ENSELUG00000013561	110498273	110523440	0
ENSELUG00000007585	110488468	110496044	0
ENSELUG00000022356	110494161	110528262	0
ENSELUG00000004056	110525916	110536290	0
ENSELUG00000017630	110495445	110520691	0
ENSELUG00000004155	110526006	110536374	0
ENSELUG00000016683	110508663	110530394	0
ENSELUG00000018713	110494253	110528172	0
ENSELUG00000021545	110499344	110502673	0
ENSELUG00000005539	110502533	110529797	0
ENSELUG00000005367	110492759	110521334	0
ENSELUG00000022693	110502645	110530886	0
ENSELUG00000013526	110508312	110530781	0
ENSELUG00000021751	110533393	110537800	0
ENSELUG00000009379	110489583	110535429	0
ENSELUG00000006973	110492021	110532649	0
ENSELUG00000001864	110527222	110527226	1
ENSELUG00000020264	110488022	110496635	0
ENSELUG00000004992	110518428	110538736	0
ENSELUG00000006009	110502513	110529534	0
ENSELUG00000016836	110503513	110507298	0
ENSELUG00000015332	110490248	110500225	0
ENSELUG00000020786	110495822	110527444	0
ENSELUG00000023846	110492130	110532531	0
ENSELUG00000003403	110491070	110532554	0
ENSELUG00000006395	110501679	110504453	0
ENSELUG00000006379	110502498	110529425	0
ENSELUG00000014375	110489660	110535339	0
ENSELUG00000017062	110525665	110536033	0
ENSELUG00000001569	110487638	110496051	0
ENSELUG00000000304	110486369	110513285	0
ENSELUG00000002302	110488823	110505029	0
ENSELUG00000003796	110502157	110520172	0
ENSELUG00000016099	110498898	110523892	0
ENSELUG00000017221	110509539	110523170	0
ENSELUG00000013713	100135871	100136604	0
ENSELUG00000014056	110508682	110529130	0
ENSELUG00000023453	110494635	110527829	0
ENSELUG00000000826	110521845	110524814	0
ENSELUG00000018956	110505108	110509848	0
ENSELUG00000001472	110509504	110509505	0
ENSELUG00000021608	101268928	110528249	0
ENSELUG00000007459	110488082	110496694	0
ENSELUG00000002545	110490461	110500002	0
ENSELUG00000020167	110520957	110523034	0
ENSELUG00000006354	110509211	110530656	0
ENSELUG00000006370	110485712	110512480	0
ENSELUG00000004795	110502562	110530078	0
ENSELUG00000004012	110488734	110504933	0
ENSELUG00000003605	110492100	110532560	0
ENSELUG00000004655	110492080	110533030	0
ENSELUG00000008100	110500328	110525010	0
ENSELUG00000016483	110504060	110507889	0
ENSELUG00000022123	110488895	110505092	0
ENSELUG00000019486	110493845	110527664	0
ENSELUG00000010331	110508758	110530301	0
ENSELUG00000016520	110497332	110497342	1
ENSELUG00000018074	110499197	110502917	0
ENSELUG00000000471	110490216	110500250	0
ENSELUG00000021055	110503944	110507777	0
ENSELUG00000012144	110487525	110514914	0
ENSELUG00000005085	110485096	110511763	0
ENSELUG00000003503	110494599	110527873	0
ENSELUG00000022213	110502653	110531033	0
ENSELUG00000021683	110501456	110520101	0
ENSELUG00000004472	110524016	110533192	0
ENSELUG00000020329	110486684	110538639	0
ENSELUG00000003054	110494061	110528358	0
ENSELUG00000002219	110522940	110537112	0
ENSELUG00000008634	110508406	110530705	0
ENSELUG00000017303	110488308	110496267	0
ENSELUG00000012808	110530340	110530341	0
ENSELUG00000021655	110503924	110507765	0
ENSELUG00000000628	110508659	118944819	0
ENSELUG00000019769	110499095	110502871	0
ENSELUG00000008761	100136306	110486473	0
ENSELUG00000001110	110509494	110523267	0
ENSELUG00000017553	110490277	110500200	0
ENSELUG00000016977	110509143	110537283	0
ENSELUG00000015888	110498183	110505199	0
ENSELUG00000017268	110486224	110538154	0
ENSELUG00000019581	110497968	110523048	0
ENSELUG00000007799	110523963	110536959	0
ENSELUG00000018108	100500736	110502916	0
ENSELUG00000005382	110492064	110532604	0
ENSELUG00000007382	110489911	110535649	0
ENSELUG00000014832	110494341	110528096	0
ENSELUG00000022140	110488893	110505090	0
ENSELUG00000020777	110533318	110537822	0
ENSELUG00000000322	110486438	110538351	0
ENSELUG00000020574	110497445	110534432	0
ENSELUG00000000121	110525998	110536368	0
ENSELUG00000006069	110496017	110510413	0
ENSELUG00000020189	110498762	110502858	0
ENSELUG00000018621	110502320	110526912	0
ENSELUG00000008958	110486525	110513574	0
ENSELUG00000010198	110503655	110507532	0
ENSELUG00000023828	110494624	110527845	0
ENSELUG00000001488	110500469	110531616	0
ENSELUG00000005078	110522312	110529693	0
ENSELUG00000007910	110491820	110532217	0
ENSELUG00000014092	110492651	110532780	0
ENSELUG00000005942	110502518	110529610	0
ENSELUG00000002097	110523797	110539124	0
ENSELUG00000021685	110486339	110538458	0
ENSELUG00000000884	110488964	110505171	0
ENSELUG00000023542	110503777	110507169	0
ENSELUG00000021729	110533618	110537508	0
ENSELUG00000017481	110490274	110500202	0
ENSELUG00000008361	110500283	110524937	0
ENSELUG00000017524	110492563	110521303	0
ENSELUG00000021946	110533390	110537799	0
ENSELUG00000000233	110502480	110529185	0
ENSELUG00000012323	110494142	110524151	0
ENSELUG00000004034	110490405	110500078	0
ENSELUG00000020127	110490948	110534236	0
ENSELUG00000013440	110508695	110530355	0
ENSELUG00000020037	110501491	110520076	0
ENSELUG00000020061	110508198	110530206	0
ENSELUG00000007982	110503875	110507706	0
ENSELUG00000005701	110533689	110537426	0
ENSELUG00000020439	110505971	110505977	0
ENSELUG00000014154	110493899	110528544	0
ENSELUG00000017368	110486077	110493775	0
ENSELUG00000018999	110486266	110538200	0
ENSELUG00000020560	110488978	110505186	0
ENSELUG00000007479	110490127	110491126	0
ENSELUG00000003752	110498561	110534938	0
ENSELUG00000006587	110504632	118938714	0
ENSELUG00000017087	110521461	110524324	0
ENSELUG00000023307	110502171	110520140	0
ENSELUG00000022156	110495435	110528845	0
ENSELUG00000004820	110510192	110534182	0
ENSELUG00000011977	110495407	110495411	1
ENSELUG00000003638	100301842	110492175	0
ENSELUG00000015774	110504500	110528659	0
ENSELUG00000014969	110498162	110505278	0
ENSELUG00000006117	110533715	110537406	0
ENSELUG00000013994	110500239	118938812	0
ENSELUG00000021738	110503136	110524221	0
ENSELUG00000003725	110488740	110524103	0
ENSELUG00000004758	110494561	110527908	0
ENSELUG00000011976	100136684	110524405	0
ENSELUG00000021213	110495811	110527431	0
ENSELUG00000015607	110485427	110485432	1
ENSELUG00000017373	110490652	110490653	1
ENSELUG00000004551	110490017	110535564	0
ENSELUG00000023314	110522238	110529620	0
ENSELUG00000012464	100305168	110487670	0
ENSELUG00000002280	100499601	110537109	0
ENSELUG00000005858	110533699	110537421	0
ENSELUG00000011800	110494104	110514277	0
ENSELUG00000019309	110501506	110520063	0
ENSELUG00000003645	110530369	118965579	0
ENSELUG00000014681	101268914	110504149	0
ENSELUG00000007811	110490138	110500295	0
ENSELUG00000024295	110492121	110532541	0
ENSELUG00000010258	110501282	110519974	0
ENSELUG00000007644	110514818	110531321	0
ENSELUG00000015141	110500661	110531794	0
ENSELUG00000020228	110499374	110502696	0
ENSELUG00000022664	110497465	110534402	0
ENSELUG00000008571	110486409	110513430	0
ENSELUG00000019591	110492174	110532436	0
ENSELUG00000008153	110521563	110524431	0
ENSELUG00000017821	110492210	110531206	0
ENSELUG00000018687	110497574	110505879	0
ENSELUG00000005693	110494541	110527925	0
ENSELUG00000008549	110503894	110507733	0
ENSELUG00000014297	110498136	110505296	0
ENSELUG00000015396	110502393	110527795	0
ENSELUG00000022606	110533330	110537784	0
ENSELUG00000004115	110485725	110493500	0
ENSELUG00000020317	110510052	110534059	0
ENSELUG00000019860	110492164	110532443	0
ENSELUG00000010160	110507876	110535793	1
ENSELUG00000006817	110508193	110530232	0
ENSELUG00000012095	110502447	110528533	0
ENSELUG00000011699	110494414	110528025	0
ENSELUG00000020402	110501314	110504714	0
ENSELUG00000015749	110486036	110493753	0
ENSELUG00000007882	110523965	110536956	0
ENSELUG00000008459	110491972	110532705	0
ENSELUG00000006526	110527374	110527375	1
ENSELUG00000013878	110500694	110531838	0
ENSELUG00000008607	110489081	110504665	0
ENSELUG00000016163	110498187	110505204	0
ENSELUG00000019449	110521844	110524811	0
ENSELUG00000012284	110508720	110530325	0
ENSELUG00000022851	110501272	110521176	0
ENSELUG00000011959	110492328	110532074	0
ENSELUG00000008925	100135909	110494474	0
ENSELUG00000004022	110522282	110529660	0
ENSELUG00000010932	110493961	110512398	0
ENSELUG00000022195	110503108	110532813	0
ENSELUG00000009612	100305159	110506665	0
ENSELUG00000007046	110489122	110504612	0
ENSELUG00000019689	110486285	110538216	0
ENSELUG00000007359	110489048	110504642	0
ENSELUG00000012471	110499311	110503002	0
ENSELUG00000008516	110503892	110507731	0
ENSELUG00000019437	110488957	110505157	0
ENSELUG00000010382	110506612	110526483	0
ENSELUG00000019990	110508217	110530118	0
ENSELUG00000008838	100301722	110531509	0
ENSELUG00000019082	110500590	110531717	0
ENSELUG00000003943	110500474	110533002	0
ENSELUG00000002805	110525982	110536357	0
ENSELUG00000000665	110505907	110510484	0
ENSELUG00000009432	100136305	110493635	0
ENSELUG00000001573	110508692	110530359	0
ENSELUG00000006546	110486392	110538400	0
ENSELUG00000008003	110491644	110498796	0
ENSELUG00000023799	110509550	110523331	0
ENSELUG00000006963	110509144	110530856	0
ENSELUG00000022158	110485559	118938428	1
ENSELUG00000014945	110535830	118964873	0
ENSELUG00000007898	110500336	110525022	0
ENSELUG00000023332	110506192	110506930	1
ENSELUG00000007792	110489836	110535190	0
ENSELUG00000022879	110522928	110537157	0
ENSELUG00000004174	110491405	110499006	0
ENSELUG00000007513	110508785	110530238	0
ENSELUG00000009283	110490164	110500282	0
ENSELUG00000009368	110491518	110499142	0
ENSELUG00000003856	110508501	110530571	0
ENSELUG00000012640	110494391	110528045	0
ENSELUG00000014081	110487066	110487067	0
ENSELUG00000020732	110500984	110521191	0
ENSELUG00000009816	110486482	110538304	0
ENSELUG00000001516	110488751	110504946	0
ENSELUG00000019766	110508620	110530443	0
ENSELUG00000023155	110502630	110530648	0
ENSELUG00000016597	110504057	110507885	0
ENSELUG00000004454	100301697	110493859	0
ENSELUG00000013459	110508279	110530356	0
ENSELUG00000017619	110509501	110537377	0
ENSELUG00000015701	110504085	110507912	0
ENSELUG00000016420	110516678	118936742	0
ENSELUG00000021160	110494719	110527738	0
ENSELUG00000008615	110501586	110519995	0
ENSELUG00000015679	110521483	110524347	0
ENSELUG00000011058	110491925	110531249	0
ENSELUG00000000871	110525269	110535683	0
ENSELUG00000023407	110492430	110531973	0
ENSELUG00000005477	110497957	110505500	0
ENSELUG00000002305	110495584	110527270	0
ENSELUG00000002875	110509577	110523362	0
ENSELUG00000015030	110522013	110529387	0
ENSELUG00000021162	110522212	110529588	0
ENSELUG00000009854	110508760	110530280	0
ENSELUG00000004394	110490762	110500091	0
ENSELUG00000020548	110522191	110529565	0
ENSELUG00000005047	110487956	110496573	0
ENSELUG00000023166	110500854	110531665	0
ENSELUG00000017922	110490286	110501052	0
ENSELUG00000022713	110510118	110534120	0
ENSELUG00000007294	110497761	110504215	0
ENSELUG00000005157	110533681	110537438	0
ENSELUG00000008840	110488148	110496429	0
ENSELUG00000019078	110486639	110538597	0
ENSELUG00000003964	110492093	110531228	0
ENSELUG00000004191	110490058	110507306	0
ENSELUG00000002900	110498037	110505412	0
ENSELUG00000001358	110508405	110530704	0
ENSELUG00000002193	110523808	110537116	0
ENSELUG00000015071	110500662	110532977	0
ENSELUG00000013010	110506541	110526419	0
ENSELUG00000013858	110503387	110507983	0
ENSELUG00000017461	110493231	110528989	0
ENSELUG00000004846	110522776	110524550	0
ENSELUG00000005849	110494534	110527931	0
ENSELUG00000002216	110525924	110536644	0
ENSELUG00000002724	110504986	118936299	0
ENSELUG00000015683	100136794	110497538	0
ENSELUG00000013975	110523078	110536868	0
ENSELUG00000010723	110501266	110519968	0
ENSELUG00000017007	110502361	110527436	0
ENSELUG00000015137	110501541	110520025	0
ENSELUG00000021439	110523745	110539130	0
ENSELUG00000016746	110486926	110486927	1
ENSELUG00000011497	110499615	110524413	0
ENSELUG00000001872	110492493	110531946	0
ENSELUG00000016048	110486044	110493759	0
ENSELUG00000014436	110500680	110531824	0
ENSELUG00000020010	110498406	110505958	0
ENSELUG00000017769	110487871	110496717	0
ENSELUG00000012827	110525743	110536117	0
ENSELUG00000020510	110522186	110529561	0
ENSELUG00000013937	110503390	110507952	0
ENSELUG00000007438	110523954	110536973	0
ENSELUG00000017081	110504049	110507877	0
ENSELUG00000001853	110525516	110535895	0
ENSELUG00000020038	110519415	118964968	0
ENSELUG00000007082	110509677	110523459	0
ENSELUG00000000729	110485478	110485486	0
ENSELUG00000001762	110508829	110530945	0
ENSELUG00000006126	110508196	110530218	0
ENSELUG00000011438	110499692	110524441	0
ENSELUG00000018143	110509876	110523665	0
ENSELUG00000005198	110521657	110524543	0
ENSELUG00000008801	110503415	110508037	0
ENSELUG00000024031	110521879	110537927	0
ENSELUG00000008674	110486462	110513504	0
ENSELUG00000017025	110489436	110496903	0
ENSELUG00000009842	110503248	110508060	0
ENSELUG00000002285	110488824	110505031	0
ENSELUG00000011565	110503621	110507501	0
ENSELUG00000013613	110494415	110519016	0
ENSELUG00000004424	110502122	110522333	0
ENSELUG00000002191	110525413	110535806	0
ENSELUG00000009669	110494457	110527992	0
ENSELUG00000002141	110489555	110535464	0
ENSELUG00000018983	110499169	110502897	0
ENSELUG00000000858	110508066	110524262	0
ENSELUG00000002078	110525480	110535853	0
ENSELUG00000002634	110525959	110536348	0
ENSELUG00000009878	110525797	110536174	0
ENSELUG00000018423	110489362	110496730	0
ENSELUG00000013047	110487821	110515302	0
ENSELUG00000015600	110489353	110496759	0
ENSELUG00000007748	110502466	110528940	0
ENSELUG00000015250	110494604	110520078	0
ENSELUG00000016902	110521464	110524326	0
ENSELUG00000018289	110508640	110530419	0
ENSELUG00000015151	110488252	110496332	0
ENSELUG00000017836	110502921	118936387	0
ENSELUG00000015825	110503526	110507358	0
ENSELUG00000023316	110525543	110535921	0
ENSELUG00000020538	110502271	110526362	0
ENSELUG00000014342	110536509	110536579	1
ENSELUG00000010444	110495217	110524163	0
ENSELUG00000002389	110523823	110537102	0
ENSELUG00000020840	110488925	110505121	0
ENSELUG00000006875	110509326	110522828	0
ENSELUG00000018552	110525006	110536622	0
ENSELUG00000008831	110521109	110529286	0
ENSELUG00000022892	110502637	110532793	0
ENSELUG00000008671	110509466	110534903	0
ENSELUG00000016545	110494967	110520365	0
ENSELUG00000017928	110525288	110535706	0
ENSELUG00000005677	110522331	110529708	0
ENSELUG00000012289	110503603	110507482	0
ENSELUG00000004682	110502565	110530085	0
ENSELUG00000011419	110490178	110500273	0
ENSELUG00000013920	110490926	110535351	0
ENSELUG00000023385	110499955	110524194	0
ENSELUG00000007705	110501701	110520377	0
ENSELUG00000006186	110491442	110499040	0
ENSELUG00000003223	110509589	110523371	0
ENSELUG00000005451	110492782	110521337	0
ENSELUG00000021061	110497609	110505840	0
ENSELUG00000021164	110494190	110528239	0
ENSELUG00000016800	110497548	110505899	0
ENSELUG00000017053	110509154	110537299	0
ENSELUG00000016857	110525673	110536041	0
ENSELUG00000008795	110493566	110521411	0
ENSELUG00000006321	110502505	110529485	0
ENSELUG00000004837	110510193	110534184	0
ENSELUG00000011174	110500747	110531884	0
ENSELUG00000017605	110490280	110500198	0
ENSELUG00000014372	110524030	110534079	0
ENSELUG00000007180	110508446	110530663	0
ENSELUG00000011937	110490192	110500266	0
ENSELUG00000001554	110523754	110537169	0
ENSELUG00000017238	110509101	110529974	0
ENSELUG00000016681	110509998	110534002	0
ENSELUG00000022785	110486730	110538677	1
ENSELUG00000013461	110522034	110529420	0
ENSELUG00000005188	110489442	110496950	0
ENSELUG00000011719	110522477	110529848	0
ENSELUG00000022863	110510122	110534123	0
ENSELUG00000004026	110535164	110535167	0
ENSELUG00000011356	110536075	110537383	0
ENSELUG00000012276	110508324	110530767	0
ENSELUG00000016427	110486071	110493769	0
ENSELUG00000021397	110533409	110537815	0
ENSELUG00000019883	110506376	110526255	0
ENSELUG00000017578	110501377	110520599	0
ENSELUG00000008486	110490516	110516895	1
ENSELUG00000017266	110488655	110504856	0
ENSELUG00000017978	110503719	110507600	0
ENSELUG00000014654	110500674	110531817	0
ENSELUG00000014819	110486173	110538097	0
ENSELUG00000001518	110495764	110527396	0
ENSELUG00000006646	110485235	110539039	1
ENSELUG00000007191	110494974	110528396	0
ENSELUG00000009939	110506643	110526513	0
ENSELUG00000006270	110490070	110507346	0
ENSELUG00000001415	100884157	100884158	0
ENSELUG00000017543	110490276	110501055	0
ENSELUG00000018025	110486241	110538173	0
ENSELUG00000020636	110506216	110506983	1
ENSELUG00000024053	110521778	110524690	0
ENSELUG00000000929	110506397	110526932	0
ENSELUG00000020175	110501484	110520081	0
ENSELUG00000002820	110525377	110535773	0
ENSELUG00000019988	110522175	110529553	0
ENSELUG00000010185	110507851	110535811	1
ENSELUG00000020702	110522926	110537201	0
ENSELUG00000016831	110490263	110501058	0
ENSELUG00000004690	110500447	110531587	0
ENSELUG00000002075	110498384	110505354	0
ENSELUG00000021092	110522209	110529585	0
ENSELUG00000006976	110523942	110536783	0
ENSELUG00000007331	110486410	110538375	0
ENSELUG00000009414	110491172	110532248	0
ENSELUG00000017465	110485454	110485456	0
ENSELUG00000018420	110498151	110523376	0
ENSELUG00000019955	110501892	110532201	0
ENSELUG00000018660	110502009	110520488	0
ENSELUG00000012100	110494533	110524161	0
ENSELUG00000014497	110510589	110531487	1
ENSELUG00000019365	110494768	110527704	0
ENSELUG00000003951	110494043	110528377	0
ENSELUG00000019523	110537845	118966696	0
ENSELUG00000020606	110494207	110528219	0
ENSELUG00000010718	110486514	110538473	0
ENSELUG00000000949	110499754	110500963	1
ENSELUG00000003814	110525935	110536312	0
ENSELUG00000016680	110497546	110504251	0
ENSELUG00000007458	110489051	110504640	0
ENSELUG00000003018	110490440	110500037	0
ENSELUG00000018702	110492196	110532415	0
ENSELUG00000017908	110525638	110536007	0
ENSELUG00000014187	110488086	110515765	0
ENSELUG00000004883	110521660	110524549	0
ENSELUG00000012221	110508723	110530324	0
ENSELUG00000004117	110490404	110500077	0
ENSELUG00000022992	110508831	110530197	0
ENSELUG00000013985	110500312	110531433	0
ENSELUG00000014148	110488558	110504772	0
ENSELUG00000005142	110490376	110500105	0
ENSELUG00000023319	110494129	110528279	0
ENSELUG00000005728	110502119	110520422	0
ENSELUG00000008553	110494483	110527978	0
ENSELUG00000017891	110502377	110527613	0
ENSELUG00000009973	110499446	110502781	0
ENSELUG00000007847	110523964	110536958	0
ENSELUG00000015693	110501425	110520637	0
ENSELUG00000002744	110498044	110505408	0
ENSELUG00000004460	110501608	110520472	0
ENSELUG00000005395	101268897	110504601	0
ENSELUG00000019871	110521103	110529303	0
ENSELUG00000007587	110490334	110500155	0
ENSELUG00000016766	110521465	110524330	0
ENSELUG00000017039	110499119	110524092	0
ENSELUG00000020495	110501318	110520540	0
ENSELUG00000016707	110502353	110527294	0
ENSELUG00000020693	110502269	110526347	0
ENSELUG00000023156	110490608	118936456	0
ENSELUG00000018438	110492205	110532405	0
ENSELUG00000017498	110492572	110521305	0
ENSELUG00000004600	110500449	110531592	0
ENSELUG00000023038	110508974	110530071	0
ENSELUG00000011887	110509192	110531011	0
ENSELUG00000018676	110499406	110502731	0
ENSELUG00000011065	110503635	110507514	0
ENSELUG00000018160	110492422	110531981	0
ENSELUG00000016941	110510004	110534008	0
ENSELUG00000005576	110502520	110521229	0
ENSELUG00000023109	110494643	110527819	0
ENSELUG00000008292	110486431	110538356	0
ENSELUG00000006597	110489903	110535653	0
ENSELUG00000005824	110521646	110524528	0
ENSELUG00000003254	110485741	110493477	0
ENSELUG00000022457	110521800	110524729	0
ENSELUG00000007566	110506704	110526572	0
ENSELUG00000013916	110504130	110507189	0
ENSELUG00000010622	110487045	110514420	0
ENSELUG00000008784	110491631	110498800	0
ENSELUG00000003704	110491398	110498995	0
ENSELUG00000013558	110493908	110528538	0
ENSELUG00000015182	110503541	110507383	0
ENSELUG00000016035	110488611	110504821	0
ENSELUG00000024572	110487883	110496480	0
ENSELUG00000023670	110502046	110504735	0
ENSELUG00000022194	110503907	110507752	0
ENSELUG00000014909	110502403	110527916	0
ENSELUG00000002004	110525490	110535871	0
ENSELUG00000000868	110508930	110530113	0
ENSELUG00000011661	110486102	110537986	0
ENSELUG00000000751	110492423	110531980	0
ENSELUG00000016994	110508658	110530398	0
ENSELUG00000006310	110491447	110499045	0
ENSELUG00000020276	110497435	110534444	0
ENSELUG00000013023	110500338	110531423	0
ENSELUG00000013668	110521518	110524389	0
ENSELUG00000007757	110521555	110524422	0
ENSELUG00000019758	110512702	110524258	0
ENSELUG00000022728	110502644	110530866	0
ENSELUG00000019807	110486659	110538619	1
ENSELUG00000002515	110487893	110496499	0
ENSELUG00000013597	110508311	110530782	0
ENSELUG00000011858	110538845	118936329	0
ENSELUG00000000920	110508897	110530137	0
ENSELUG00000000076	110488772	110504971	0
ENSELUG00000011689	110503613	110507496	0
ENSELUG00000017252	110500610	110531747	0
ENSELUG00000020260	110521831	110524777	0
ENSELUG00000017535	110494282	110528153	0
ENSELUG00000001154	110490694	110516535	0
ENSELUG00000002566	110488803	110505005	0
ENSELUG00000003853	110501896	110520174	0
ENSELUG00000004263	110523897	110537028	0
ENSELUG00000018490	110521432	110524293	0
ENSELUG00000001535	110527135	118936430	0
ENSELUG00000000569	110525011	110535837	0
ENSELUG00000005668	110522329	110529706	0
ENSELUG00000018368	110510024	110534029	0
ENSELUG00000011309	110494037	110513605	0
ENSELUG00000015868	100301802	110490388	0
ENSELUG00000020143	110501486	110520080	0
ENSELUG00000000085	110509573	110523357	0
ENSELUG00000006557	110500434	110531560	0
ENSELUG00000019071	110488715	110504913	0
ENSELUG00000004651	110494565	110527901	0
ENSELUG00000009011	110486531	110513587	0
ENSELUG00000018437	110502071	110504569	0
ENSELUG00000005478	110490951	110535611	0
ENSELUG00000007572	110486414	110538374	0
ENSELUG00000004665	110494564	110527902	0
ENSELUG00000024378	110500511	110531648	0
ENSELUG00000010784	110503647	110507521	0
ENSELUG00000020637	110486690	110538646	1
ENSELUG00000015457	110522011	110529378	0
ENSELUG00000012787	110503588	110507467	0
ENSELUG00000021813	110502937	110524219	0
ENSELUG00000001275	110509564	110522843	0
ENSELUG00000019242	110494787	110528580	0
ENSELUG00000006553	110488487	110496026	0
ENSELUG00000002092	110489563	110535457	0
ENSELUG00000022539	110488876	110505073	0
ENSELUG00000006689	110490343	110500142	0
ENSELUG00000022651	110523765	110537158	0
ENSELUG00000022830	110502641	110530841	0
ENSELUG00000011240	110500893	110531881	0
ENSELUG00000017823	110510017	110534022	0
ENSELUG00000004013	110490406	110500074	0
ENSELUG00000014427	110492361	110532044	0
ENSELUG00000002493	110488809	110505016	0
ENSELUG00000017869	110503715	110507597	0
ENSELUG00000019327	110490308	110500180	0
ENSELUG00000007859	110486420	110538369	0
ENSELUG00000003528	110492166	110521291	0
ENSELUG00000011594	110486103	110537989	0
ENSELUG00000001919	110492498	110508385	0
ENSELUG00000016332	110521994	110529356	0
ENSELUG00000010461	110486504	110538960	0
ENSELUG00000010095	110492635	110532256	0
ENSELUG00000001736	110501618	110525190	0
ENSELUG00000017815	110499252	110524212	0
ENSELUG00000015229	110494334	110528101	0
ENSELUG00000007594	110491822	110532211	0
ENSELUG00000004571	110501615	110520465	0
ENSELUG00000021110	110533321	118937819	0
ENSELUG00000014766	110507270	110518194	1
ENSELUG00000020281	110488969	110505177	0
ENSELUG00000022399	110489187	110504521	0
ENSELUG00000023161	110496763	110522032	0
ENSELUG00000000274	110493383	110521389	0
ENSELUG00000000500	110522444	110529876	0
ENSELUG00000017809	110503714	110507596	0
ENSELUG00000004957	110495674	110527340	0
ENSELUG00000010539	110508277	110535882	1
ENSELUG00000020300	110494220	110528212	0
ENSELUG00000024622	110489367	110496482	0
ENSELUG00000002350	110491353	110498945	0
ENSELUG00000015691	110494322	110528111	0
ENSELUG00000018147	110525280	110535701	0
ENSELUG00000016514	110524914	110532027	0
ENSELUG00000016522	110502348	110527212	0
ENSELUG00000018737	110509793	110509802	1
ENSELUG00000011842	110487370	110514831	0
ENSELUG00000012422	118936782	118941442	1
ENSELUG00000022526	110490944	110535221	0
ENSELUG00000004962	110489129	110504586	0
ENSELUG00000006999	110491462	110499059	0
ENSELUG00000016011	110500634	110531774	0
ENSELUG00000009245	110489093	110504690	0
ENSELUG00000024346	110497425	110524175	0
ENSELUG00000002326	110498072	110505378	0
ENSELUG00000019510	110489244	110504290	0
ENSELUG00000018541	110499187	110502909	0
ENSELUG00000023206	110489795	110535211	0
ENSELUG00000018878	110521095	110529321	0
ENSELUG00000013151	110503577	110507453	0
ENSELUG00000023487	110496798	110522092	0
ENSELUG00000020725	110488928	110505123	0
ENSELUG00000009851	110509198	110530709	0
ENSELUG00000024397	110489404	110496473	0
ENSELUG00000004288	110490395	110500084	0
ENSELUG00000018904	110499171	110502898	0
ENSELUG00000002963	110494069	110528353	0
ENSELUG00000012778	110502441	110528418	0
ENSELUG00000005213	110501641	110520436	0
ENSELUG00000014568	110505680	118941360	1
ENSELUG00000022877	110492750	110532511	0
ENSELUG00000014401	110486158	110538082	0
ENSELUG00000024424	110485699	110493450	0
ENSELUG00000010710	110489602	110535409	0
ENSELUG00000004998	110487951	110496568	0
ENSELUG00000004065	110487933	110496860	0
ENSELUG00000021947	110508595	110530470	0
ENSELUG00000005943	110491438	110499035	0
ENSELUG00000011179	110503630	110507511	0
ENSELUG00000014044	110489668	110535346	0
ENSELUG00000015249	110508668	110530389	0
ENSELUG00000014334	110531605	118936586	0
ENSELUG00000003724	110500482	110531626	0
ENSELUG00000016464	110509086	110530924	0
ENSELUG00000001640	110494823	110525202	0
ENSELUG00000015093	110486181	110538103	0
ENSELUG00000004327	110497978	110505473	0
ENSELUG00000013803	110492649	110531264	0
ENSELUG00000006647	110501682	110520402	0
ENSELUG00000006878	110509145	110531046	0
ENSELUG00000003694	110488743	110504941	0
ENSELUG00000005147	110493252	110527917	0
ENSELUG00000010666	110494800	110527686	0
ENSELUG00000003886	110492097	110532567	0
ENSELUG00000010641	110492623	110532274	0
ENSELUG00000013731	110492650	110532789	0
ENSELUG00000003934	110506796	110506799	0
ENSELUG00000003491	110488261	110524099	0
ENSELUG00000015067	110506502	110526380	0
ENSELUG00000013572	110485278	110487154	1
ENSELUG00000023074	110490615	110499790	1
ENSELUG00000000609	110501410	110520625	0
ENSELUG00000013680	110525179	110535130	0
ENSELUG00000010825	110494437	110528006	0
ENSELUG00000019829	110508928	118965527	0
ENSELUG00000002821	110509572	110523356	0
ENSELUG00000010761	118947676	118947719	1
ENSELUG00000001536	110521834	110524793	0
ENSELUG00000022653	110501439	110520122	0
ENSELUG00000024508	110533676	110537445	0
ENSELUG00000002985	110485648	110524079	0
ENSELUG00000021539	110495804	110527425	0
ENSELUG00000021078	110495815	110527435	0
ENSELUG00000017612	110504042	110507865	0
ENSELUG00000004382	110501888	110520178	0
ENSELUG00000005317	110492065	110532600	0
ENSELUG00000008713	110506679	110526546	0
ENSELUG00000008763	110489575	110535445	0
ENSELUG00000004232	110489380	110496551	0
ENSELUG00000023040	110506942	110526731	0
ENSELUG00000011975	110500728	110531871	0
ENSELUG00000001225	110506716	110510810	1
ENSELUG00000023989	110497641	110505815	0
ENSELUG00000022645	110489773	110535220	0
ENSELUG00000001121	110523952	110536977	0
ENSELUG00000022323	110509503	110523291	0
ENSELUG00000013254	110502432	110528321	0
ENSELUG00000018422	110522148	110529526	0
ENSELUG00000013246	110499409	110524302	0
ENSELUG00000016964	110495093	110520482	0
ENSELUG00000022714	110489779	110535215	0
ENSELUG00000023456	110508561	110530503	0
ENSELUG00000023916	118939542	118966188	0
ENSELUG00000000444	110490197	110500261	0
ENSELUG00000008878	110521575	110524444	0
ENSELUG00000018645	110492197	110532413	0
ENSELUG00000017925	110486238	118938276	0
ENSELUG00000014301	110497369	110534533	0
ENSELUG00000006314	110485814	118938221	0
ENSELUG00000005349	110504600	118938718	0
ENSELUG00000009082	110494467	110527984	0
ENSELUG00000020062	110500560	110531694	0
ENSELUG00000002983	110488768	110504963	0
ENSELUG00000006603	110490345	110500138	0
ENSELUG00000021247	110486331	110538275	0
ENSELUG00000004066	110490403	110500076	0
ENSELUG00000016040	110504075	110507906	0
ENSELUG00000003966	110528380	118936271	0
ENSELUG00000019786	110492168	110532441	0
ENSELUG00000005633	110489046	110504646	0
ENSELUG00000020066	110497881	110532298	0
ENSELUG00000017523	110499217	118943894	0
ENSELUG00000003346	110492110	110532552	0
ENSELUG00000006338	110490074	110507348	0
ENSELUG00000007782	110486269	110513224	0
ENSELUG00000005495	110497956	110505501	0
ENSELUG00000017951	110494268	110528160	0
ENSELUG00000002490	110506886	110526987	0
ENSELUG00000001981	110527242	118962107	1
ENSELUG00000017069	110490268	110500209	0
ENSELUG00000002042	110525484	110535859	0
ENSELUG00000004411	110497707	110505762	0
ENSELUG00000014865	110488578	110504788	0
ENSELUG00000003232	110487509	110524090	0
ENSELUG00000019491	110503690	110507566	0
ENSELUG00000007965	110525837	110536220	0
ENSELUG00000002528	110491361	110498960	0
ENSELUG00000009664	110506656	110526527	0
ENSELUG00000004623	110490011	110535571	0
ENSELUG00000017295	110498223	110504170	0
ENSELUG00000005857	110521645	110524527	0
ENSELUG00000010448	110486502	110538285	0
ENSELUG00000004101	110487934	110496550	0
ENSELUG00000007800	110489923	110535636	0
ENSELUG00000001241	110508907	110530129	0
ENSELUG00000018625	110508634	110530427	0
ENSELUG00000017955	110492700	110516471	0
ENSELUG00000022643	110488869	110505068	0
ENSELUG00000001430	100136716	110535009	0
ENSELUG00000022353	110495790	110527416	0
ENSELUG00000011131	110487191	110514600	0
ENSELUG00000003633	110500488	110531631	0
ENSELUG00000006807	110497754	110505709	0
ENSELUG00000009817	110500381	110531482	0
ENSELUG00000015289	110521496	110524360	0
ENSELUG00000023497	110491321	110498917	0
ENSELUG00000012638	110521533	110524400	0
ENSELUG00000018445	110497393	110534487	0
ENSELUG00000010366	110500361	110531460	0
ENSELUG00000021763	110488909	110505104	0
ENSELUG00000017940	110498402	110505913	0
ENSELUG00000018328	110526156	110535065	0
ENSELUG00000023433	110497634	118944266	0
ENSELUG00000000129	110500472	110531619	0
ENSELUG00000019851	110503702	110507578	0
ENSELUG00000017485	110521457	110524319	0
ENSELUG00000015973	110533516	110537628	0
ENSELUG00000024350	110521873	110537936	0
ENSELUG00000012245	110487618	110515085	0
ENSELUG00000013111	110488539	110504751	0
ENSELUG00000006975	100653442	118936502	1
ENSELUG00000006731	110490080	110507332	0
ENSELUG00000023689	110501913	110520146	0
ENSELUG00000009179	110501597	110519990	0
ENSELUG00000022603	110508577	110530487	0
ENSELUG00000005635	110508460	110530639	0
ENSELUG00000008129	110501714	110520364	0
ENSELUG00000023254	110491354	110525320	0
ENSELUG00000019170	110499161	110502890	0
ENSELUG00000014062	110522062	110529449	0
ENSELUG00000001835	100301653	118936239	1
ENSELUG00000002011	110525120	110535051	0
ENSELUG00000000513	110503507	110507413	0
ENSELUG00000009393	110491522	110499144	0
ENSELUG00000004170	110523889	110537037	0
ENSELUG00000007535	110489915	110535642	0
ENSELUG00000023104	110522929	110536815	0
ENSELUG00000008147	110501715	110520362	0
ENSELUG00000021370	110501462	110520099	0
ENSELUG00000003159	110491370	110498979	0
ENSELUG00000007665	110530874	110531333	1
ENSELUG00000016584	110521992	110529341	0
ENSELUG00000004509	110485219	110486774	1
ENSELUG00000012502	110498103	110504187	0
ENSELUG00000009568	110497087	110527399	0
ENSELUG00000010180	110503654	110507531	0
ENSELUG00000003090	110485713	110493463	1
ENSELUG00000023280	110494131	110528278	0
ENSELUG00000000575	110508665	110530393	0
ENSELUG00000019744	110505247	110506264	0
ENSELUG00000002944	110485551	110524078	0
ENSELUG00000014838	110509941	110533956	0
ENSELUG00000003416	110491857	110532194	0
ENSELUG00000019852	110522591	110529302	0
ENSELUG00000016467	110486070	110493768	0
ENSELUG00000004216	110500463	110531611	0
ENSELUG00000019643	110503979	110507804	0
ENSELUG00000001624	110521020	110537962	0
ENSELUG00000018917	110510028	110534045	0
ENSELUG00000022900	110495781	110527407	0
ENSELUG00000019966	110534841	110537836	0
ENSELUG00000006583	110524873	110525986	0
ENSELUG00000013888	110525173	110535133	0
ENSELUG00000019823	110506374	110526256	0
ENSELUG00000002747	110488784	110504982	0
ENSELUG00000000352	110489593	110535421	0
ENSELUG00000018103	110498241	110523431	0
ENSELUG00000019337	110522165	110529541	0
ENSELUG00000016075	110492673	110532800	0
ENSELUG00000017196	110506445	110526328	0
ENSELUG00000007783	110509691	110523474	0
ENSELUG00000016765	110486068	110493766	0
ENSELUG00000001205	110502467	110528926	0
ENSELUG00000016461	110492801	110499567	0
ENSELUG00000003229	110487746	110505141	0
ENSELUG00000005759	110485571	110511207	0
ENSELUG00000010268	110494440	110528004	0
ENSELUG00000000402	100136261	110487241	0
ENSELUG00000006076	110489097	110504636	0
ENSELUG00000009023	110503677	110507555	0
ENSELUG00000023865	110525536	110535056	0
ENSELUG00000005415	110522319	110529699	0
ENSELUG00000023372	110488858	110505057	0
ENSELUG00000013006	110522051	110529434	0
ENSELUG00000007806	110486279	110513241	0
ENSELUG00000020378	110492154	110532452	0
ENSELUG00000023135	110488063	110496681	0
ENSELUG00000000372	110486500	110538289	0
ENSELUG00000009518	110509719	110523510	0
ENSELUG00000020743	110498668	110534431	0
ENSELUG00000005546	110488409	110496805	0
ENSELUG00000001256	100136112	110521616	0
ENSELUG00000019367	110502013	110520510	0
ENSELUG00000014341	110493897	110528547	0
ENSELUG00000014165	110489664	110536558	0
ENSELUG00000008656	110533779	110537342	0
ENSELUG00000014624	110502050	110504879	0
ENSELUG00000004698	110509029	110530028	0
ENSELUG00000006317	110533726	110537401	0
ENSELUG00000006700	110521630	110524509	0
ENSELUG00000015207	110492255	110532351	0
ENSELUG00000015746	110492377	110532021	0
ENSELUG00000012937	110493927	110529031	0
ENSELUG00000019822	110509911	110523701	0
ENSELUG00000014800	110508021	110508022	1
ENSELUG00000021724	110510950	110538442	0
ENSELUG00000016448	110492399	110532007	0
ENSELUG00000001233	110493855	110510928	0
ENSELUG00000006914	110501688	110520393	0
ENSELUG00000015552	110498171	110505264	0
ENSELUG00000013215	110521072	110529236	0
ENSELUG00000021916	110533629	110537499	0
ENSELUG00000016837	110522373	110530919	0
ENSELUG00000006582	110493043	110521363	0
ENSELUG00000022880	110522231	110529613	0
ENSELUG00000009856	110525798	110536176	0
ENSELUG00000018331	110521437	110524292	0
ENSELUG00000023844	100136080	110504549	0
ENSELUG00000001583	110495458	110495475	1
ENSELUG00000017187	110490266	110500208	0
ENSELUG00000016360	110509991	110534000	0
ENSELUG00000024520	110510203	110533139	0
ENSELUG00000019722	110497928	110523000	0
ENSELUG00000014142	110521510	110524377	0
ENSELUG00000013880	110488226	110496350	0
ENSELUG00000019464	110509900	110523695	0
ENSELUG00000007056	110489906	110535651	0
ENSELUG00000018104	110533470	110537673	0
ENSELUG00000020464	110495835	110527453	0
ENSELUG00000015786	110523126	110536900	0
ENSELUG00000009708	110504704	110519960	0
ENSELUG00000006107	110490354	110500124	0
ENSELUG00000016291	110491251	110499511	0
ENSELUG00000020286	110495839	110527458	0
ENSELUG00000001953	110525498	110535884	0
ENSELUG00000010371	110506613	110525047	0
ENSELUG00000002479	110493210	110528336	0
ENSELUG00000013436	110488005	110515550	0
ENSELUG00000016146	110522089	110529191	0
ENSELUG00000006791	110487992	110496603	0
ENSELUG00000010241	110500367	110531457	0
ENSELUG00000013282	110501571	110520009	0
ENSELUG00000013787	110492345	110532053	0
ENSELUG00000015009	110503545	110507388	0
ENSELUG00000023256	110489792	110535210	0
ENSELUG00000000154	110523925	110536999	0
ENSELUG00000015779	110522003	110529182	0
ENSELUG00000001625	110485548	110495098	0
ENSELUG00000005872	110526038	110536403	0
ENSELUG00000023984	110522253	110529639	0
ENSELUG00000022612	110501441	110520120	0
ENSELUG00000013822	110522027	110529414	0
ENSELUG00000022639	110485541	110487235	1
ENSELUG00000017288	110499184	110524125	0
ENSELUG00000019200	110494775	110527699	0
ENSELUG00000013922	110533552	110537575	0
ENSELUG00000022706	110492755	110532504	0
ENSELUG00000001210	110503734	110507619	0
ENSELUG00000010232	110506618	110526960	0
ENSELUG00000008377	110489939	110535624	0
ENSELUG00000019014	110525609	110535974	0
ENSELUG00000020124	110502210	110522912	0
ENSELUG00000017602	110502374	110532586	0
ENSELUG00000023001	110494645	110527815	0
ENSELUG00000007355	110521611	110524494	0
ENSELUG00000006288	110533724	110537395	0
ENSELUG00000005499	110500849	110521225	0
ENSELUG00000021222	110503936	110507773	0
ENSELUG00000017297	110486226	110538156	0
ENSELUG00000016028	110494318	110528119	0
ENSELUG00000014645	110494346	110528092	0
ENSELUG00000006125	110487979	110496590	0
ENSELUG00000021263	100135867	100135868	0
ENSELUG00000015741	110508848	110530183	0
ENSELUG00000004244	100136324	110523398	0
ENSELUG00000012873	110503164	118944670	0
ENSELUG00000006663	110487688	110515164	0
ENSELUG00000018846	110522568	110529325	0
ENSELUG00000017647	110525100	110535712	0
ENSELUG00000020521	110485598	110495067	0
ENSELUG00000006244	110487981	110496592	0
ENSELUG00000005938	110491436	110499036	0
ENSELUG00000000786	110492429	110531977	0
ENSELUG00000021823	110496459	110521835	0
ENSELUG00000002166	110521745	110524642	0
ENSELUG00000004884	110521119	110529275	0
ENSELUG00000004378	110489160	110504571	0
ENSELUG00000006139	110492049	110532623	0
ENSELUG00000015594	110522352	110529887	0
ENSELUG00000016378	110506471	110526357	0
ENSELUG00000008629	110489080	110504664	0
ENSELUG00000017401	100505416	110492412	0
ENSELUG00000007468	110523955	110536971	0
ENSELUG00000004360	110524122	110530936	0
ENSELUG00000000905	110494924	118938197	1
ENSELUG00000003188	110487385	110524089	0
ENSELUG00000017966	110510021	110534024	0
ENSELUG00000006297	110490757	110500131	0
ENSELUG00000004094	110508499	110530581	0
ENSELUG00000000068	110523837	110537089	0
ENSELUG00000011739	110533594	110537533	0
ENSELUG00000001364	110502572	110530152	0
ENSELUG00000014877	110521502	110524370	0
ENSELUG00000022860	110495784	110527410	0
ENSELUG00000000844	110509531	110523223	0
ENSELUG00000023424	110492738	110532521	0
ENSELUG00000017551	110487881	110496708	0
ENSELUG00000013308	110494385	110518777	0
ENSELUG00000016375	110492391	110532008	0
ENSELUG00000000561	110511384	110528666	0
ENSELUG00000017253	110511972	110515544	0
ENSELUG00000010157	110490622	110499792	0
ENSELUG00000006442	110502495	110529369	0
ENSELUG00000002232	110490897	110536586	0
ENSELUG00000000650	100136128	110509348	0
ENSELUG00000019372	110489746	110535254	0
ENSELUG00000006159	110506737	110526601	0
ENSELUG00000017857	110487870	110496720	0
ENSELUG00000007039	110533743	110537375	0
ENSELUG00000001111	110491078	110533024	0
ENSELUG00000015831	110492379	110531165	0
ENSELUG00000013437	110497383	110534507	1
ENSELUG00000023997	110521779	110524693	0
ENSELUG00000015899	110508957	110534365	0
ENSELUG00000020044	110494226	110528205	0
ENSELUG00000014580	110525435	110535824	0
ENSELUG00000017881	110509873	110523659	0
ENSELUG00000011711	110491911	110532746	0
ENSELUG00000007687	110522558	110529769	0
ENSELUG00000012990	110503585	110507462	0
ENSELUG00000010389	110509730	110523517	0
ENSELUG00000010249	110502239	110525944	0
ENSELUG00000019303	110521418	110524271	0
ENSELUG00000020532	110509425	110534063	0
ENSELUG00000020569	110496163	110521571	0
ENSELUG00000008855	110490157	110500289	0
ENSELUG00000007448	100653463	110523463	0
ENSELUG00000023834	110503785	110507626	0
ENSELUG00000022675	110508573	110530491	0
ENSELUG00000015140	110491290	110499496	0
ENSELUG00000006572	110533732	110537386	0
ENSELUG00000004575	110497969	110505488	0
ENSELUG00000019133	110502029	110520498	0
ENSELUG00000011670	110508341	110530803	0
ENSELUG00000017243	110495269	110520537	0
ENSELUG00000014683	110486161	110538084	0
ENSELUG00000011946	110501784	110520296	0
ENSELUG00000004747	110490005	110535575	0
ENSELUG00000013923	110485976	110493702	0
ENSELUG00000023088	110508566	110530497	0
ENSELUG00000019176	110489743	110535259	0
ENSELUG00000000069	110509567	110523353	0
ENSELUG00000000438	110497206	118936358	0
ENSELUG00000002282	110491348	110498940	0
ENSELUG00000006392	110494521	110527942	0
ENSELUG00000014542	110504118	110507936	0
ENSELUG00000013406	110508694	110530354	0
ENSELUG00000015770	110486037	110493754	0
ENSELUG00000016946	110525670	110536038	0
ENSELUG00000012841	110521546	110524409	0
ENSELUG00000008036	110491981	110531237	0
ENSELUG00000003363	110491379	110498985	0
ENSELUG00000021435	110502259	110526206	0
ENSELUG00000018102	110485487	110485488	1
ENSELUG00000007270	110521613	110524497	0
ENSELUG00000002207	110525926	110536299	0
ENSELUG00000010968	110500344	110531441	0
ENSELUG00000023627	110488848	110505053	0
ENSELUG00000008867	110535692	110535698	1
ENSELUG00000014499	110493836	110527669	0
ENSELUG00000011772	110533591	110537536	0
ENSELUG00000019277	110489745	110535256	0
ENSELUG00000007966	110508781	110530249	0
ENSELUG00000024199	110511937	110539173	0
ENSELUG00000008462	110502462	110532653	0
ENSELUG00000022338	110486720	110538669	1
ENSELUG00000006388	110485229	110486827	1
ENSELUG00000005099	110524004	110529807	0
ENSELUG00000013349	110533567	110537560	0
ENSELUG00000007911	110489925	110535634	0
ENSELUG00000024040	110493262	110527112	0
ENSELUG00000005964	110489975	110535602	0
ENSELUG00000020200	110523706	110537214	0
ENSELUG00000021860	110533621	110537502	0
ENSELUG00000016323	110525685	110536051	0
ENSELUG00000014431	110533536	110537603	0
ENSELUG00000001756	110514095	110534710	0
ENSELUG00000019875	110503704	110507075	0
ENSELUG00000021329	110501465	110520096	0
ENSELUG00000020509	110486309	110538247	0
ENSELUG00000021877	110488905	110504161	0
ENSELUG00000017240	110488654	110504855	0
ENSELUG00000014570	110515882	110534798	0
ENSELUG00000022105	100136153	110533312	0
ENSELUG00000009604	110508768	110530271	0
ENSELUG00000019360	110522166	110529542	0
ENSELUG00000011910	110502453	110528603	0
ENSELUG00000008435	110491973	110531239	0
ENSELUG00000003005	110491879	118945775	0
ENSELUG00000018796	110487849	110496746	0
ENSELUG00000024007	110488838	110505043	0
ENSELUG00000003291	110492114	110532549	0
ENSELUG00000020049	110524249	110532071	0
ENSELUG00000023958	110521780	110524694	0
ENSELUG00000017424	110501857	110520650	0
ENSELUG00000009260	110491516	110498769	0
ENSELUG00000017369	110493413	118940029	0
ENSELUG00000023004	110508568	110530495	0
ENSELUG00000019954	110489752	110535248	0
ENSELUG00000016924	110525671	110536039	0
ENSELUG00000004560	110501614	110520466	0
ENSELUG00000004390	110497705	110505763	0
ENSELUG00000018323	110499414	110502739	0
ENSELUG00000022034	110491790	110498803	0
ENSELUG00000023592	100136605	110534129	0
ENSELUG00000008342	110489076	110504391	0
ENSELUG00000021957	110492706	110531301	0
ENSELUG00000010304	110486984	110503928	0
ENSELUG00000011916	110500730	110531873	0
ENSELUG00000007755	110488077	110496690	0
ENSELUG00000019036	110525607	110535973	0
ENSELUG00000004391	110502133	110522340	0
ENSELUG00000012346	110503601	110507480	0
ENSELUG00000014153	110531835	110531853	0
ENSELUG00000016852	110509134	110537275	0
ENSELUG00000002905	110487905	110496517	0
ENSELUG00000023396	110488217	110499425	0
ENSELUG00000010306	110492630	110532267	0
ENSELUG00000014954	110507054	118943992	0
ENSELUG00000010415	110503477	110508013	0
ENSELUG00000019438	110502303	110532536	0
ENSELUG00000007368	110488087	110496696	0
ENSELUG00000013226	110487899	110515384	0
ENSELUG00000002877	110485689	110493440	1
ENSELUG00000023294	110496780	110522154	0
ENSELUG00000003574	110492102	110532562	0
ENSELUG00000010437	110507743	110535849	0
ENSELUG00000022157	110503908	110507753	0
ENSELUG00000005015	110521120	110529270	1
ENSELUG00000015002	110492369	110532034	0
ENSELUG00000014625	110498147	110505287	0
ENSELUG00000012376	110497222	110498425	0
ENSELUG00000006620	110526048	110536412	0
ENSELUG00000024379	110525072	110535134	0
ENSELUG00000014171	110508681	110530368	0
ENSELUG00000008608	110491969	110532703	0
ENSELUG00000015205	110492371	110532031	0
ENSELUG00000016161	110494317	110528124	0
ENSELUG00000017042	110521462	110524325	0
ENSELUG00000000629	110489714	110535296	0
ENSELUG00000007099	110501812	110520263	0
ENSELUG00000022331	110494167	110528261	0
ENSELUG00000016000	100136666	110528118	0
ENSELUG00000011960	110508729	110530319	0
ENSELUG00000012152	110485138	110537976	0
ENSELUG00000022858	110498417	110505915	0
ENSELUG00000006171	110509652	110523432	0
ENSELUG00000000278	110494498	110527970	0
ENSELUG00000007159	110515567	110516199	0
ENSELUG00000004939	110510194	110534188	0
ENSELUG00000002416	110489540	110535485	0
ENSELUG00000002391	110488820	110505027	0
ENSELUG00000007778	110533758	110537361	0
ENSELUG00000002379	110498067	110505382	0
ENSELUG00000008223	110503886	110507718	0
ENSELUG00000005594	110522322	110529702	0
ENSELUG00000014565	110500676	110531820	0
ENSELUG00000020165	110506309	110524245	0
ENSELUG00000004626	110494567	110527899	0
ENSELUG00000014364	100135853	110525430	0
ENSELUG00000012011	110522470	110529851	0
ENSELUG00000023010	110506311	110526189	0
ENSELUG00000011299	110491920	110531250	0
ENSELUG00000015316	100873160	110520098	0
ENSELUG00000012080	110522466	110529856	0
ENSELUG00000015366	110488592	110504407	0
ENSELUG00000014723	110496975	110512526	1
ENSELUG00000005192	110489994	110536598	0
ENSELUG00000019540	110509903	110523692	0
ENSELUG00000006312	110509657	110522825	0
ENSELUG00000004465	110522296	110529678	0
ENSELUG00000024203	110486374	110538417	0
ENSELUG00000008012	110494984	110528417	0
ENSELUG00000002894	110490452	110500014	0
ENSELUG00000017520	110485159	110538158	0
ENSELUG00000022040	110489323	110496184	0
ENSELUG00000011152	110494425	110528019	0
ENSELUG00000003730	110501899	110520167	0
ENSELUG00000022519	110488875	110505072	0
ENSELUG00000018071	110517635	110533769	0
ENSELUG00000018485	110490935	110535264	0
ENSELUG00000012532	110493506	110524144	0
ENSELUG00000023914	110495503	110495507	1
ENSELUG00000009193	110521582	110524454	0
ENSELUG00000023644	110520978	110531079	0
ENSELUG00000002613	110488797	110505002	0
ENSELUG00000021134	110494720	110527739	0
ENSELUG00000003415	110500492	110531634	0
ENSELUG00000015941	110506491	110526369	0
ENSELUG00000013022	110489642	110535372	0
ENSELUG00000003241	110523859	110537068	0
ENSELUG00000020651	110523723	110537202	0
ENSELUG00000014509	110506511	110526390	0
ENSELUG00000024451	110488100	110496474	0
ENSELUG00000015700	110492375	110532023	0
ENSELUG00000014322	110494354	110528083	0
ENSELUG00000023693	110494625	110527841	0
ENSELUG00000008965	110491962	110532695	0
ENSELUG00000004930	110526024	110536385	0
ENSELUG00000008519	110490602	110524418	0
ENSELUG00000016254	110492389	110532012	0
ENSELUG00000015860	110494752	110520206	0
ENSELUG00000019651	110509906	110523698	0
ENSELUG00000024523	110485175	110538415	1
ENSELUG00000006166	110494526	110527940	0
ENSELUG00000019741	110502291	110526548	0
ENSELUG00000008737	110508167	110508190	1
ENSELUG00000023359	110488129	110496445	0
ENSELUG00000023979	110488110	110496464	0
ENSELUG00000015246	110486184	110538106	0
ENSELUG00000020647	110521829	110524771	0
ENSELUG00000001620	110488210	110496365	0
ENSELUG00000014053	100136210	100136953	0
ENSELUG00000015954	110509977	110533988	0
ENSELUG00000005293	110497959	110505498	0
ENSELUG00000016160	110496761	118946523	0
ENSELUG00000005199	110501640	110520437	0
ENSELUG00000019971	110498279	110505959	0
ENSELUG00000021186	110523732	110537186	0
ENSELUG00000013811	110506530	110526408	0
ENSELUG00000022630	110501440	110520121	0
ENSELUG00000007894	110497905	110505563	0
ENSELUG00000010859	110526888	110536156	0
ENSELUG00000016482	110494304	110528133	0
ENSELUG00000020877	110490715	118942881	1
ENSELUG00000021965	110533627	110537496	0
ENSELUG00000003497	110491860	110532189	0
ENSELUG00000012225	110533873	110537246	0
ENSELUG00000005935	110516962	110529255	0
ENSELUG00000011338	110506585	110526955	1
ENSELUG00000018447	110488704	110504898	0
ENSELUG00000022756	110533333	110537781	0
ENSELUG00000014034	110503506	110507421	0
ENSELUG00000005334	110497958	110504199	0
ENSELUG00000008002	110508778	110530253	0
ENSELUG00000014943	110494337	110528100	0
ENSELUG00000014326	110488565	110504775	0
ENSELUG00000004036	110486087	110493802	0
ENSELUG00000008743	110501587	110519984	0
ENSELUG00000008056	110497072	110497076	0
ENSELUG00000006451	110490107	110491314	0
ENSELUG00000007095	110502475	110529113	0
ENSELUG00000015297	110491286	110499499	0
ENSELUG00000023015	110488868	110505065	0
ENSELUG00000010355	110525789	110536168	0
ENSELUG00000013944	110492664	110532786	0
ENSELUG00000022797	110501931	110520126	0
ENSELUG00000019968	110508925	110530117	0
ENSELUG00000021627	110503925	110507766	0
ENSELUG00000006944	110525851	110536236	0
ENSELUG00000011753	110533593	110537534	0
ENSELUG00000019164	110489742	110535260	0
ENSELUG00000019325	110497593	110505855	0
ENSELUG00000013335	110524129	110531395	0
ENSELUG00000008139	110486427	110538361	0
ENSELUG00000012993	110509784	110523576	0
ENSELUG00000020431	110522183	110529560	0
ENSELUG00000005950	110485803	110495114	0
ENSELUG00000019636	110488959	110505160	0
ENSELUG00000013943	110503301	110507425	0
ENSELUG00000016225	110521996	110529357	0
ENSELUG00000011931	101268940	110499569	0
ENSELUG00000018578	110498652	110534485	0
ENSELUG00000020941	110487743	110505119	0
ENSELUG00000020361	110497595	110505852	0
ENSELUG00000014229	110533540	110537598	0
ENSELUG00000006428	110492037	110532630	0
ENSELUG00000002300	110523822	110537108	0
ENSELUG00000013872	110508305	110530787	0
ENSELUG00000014780	110489656	110535334	0
ENSELUG00000018031	110499422	110502748	0
ENSELUG00000016304	110504062	110507894	0
ENSELUG00000004413	110500456	110531602	0
ENSELUG00000005032	110509622	118945324	0
ENSELUG00000015908	110522002	110529181	0
ENSELUG00000007244	110494955	110528395	0
ENSELUG00000011958	110502452	110528582	0
ENSELUG00000006418	110489387	110496868	0
ENSELUG00000001379	110489787	110535213	0
ENSELUG00000000109	110500700	110500701	0
ENSELUG00000018769	110508956	110530090	0
ENSELUG00000014705	110488146	110515888	0
ENSELUG00000008909	110503217	110507225	0
ENSELUG00000016190	110500640	110531769	0
ENSELUG00000023970	110491071	110533026	0
ENSELUG00000012971	110498114	110504186	0
ENSELUG00000000472	110509783	110523574	0
ENSELUG00000015912	110499248	110503032	0
ENSELUG00000004262	110525909	110536289	0
ENSELUG00000004092	110502022	110520477	0
ENSELUG00000005374	110515632	110539029	1
ENSELUG00000002275	110496917	110527266	0
ENSELUG00000022784	110517597	110526738	0
ENSELUG00000000075	110498042	110505405	0
ENSELUG00000019572	110510048	110534054	0
ENSELUG00000005259	110502542	110529921	0
ENSELUG00000010535	110508361	110530686	0
ENSELUG00000013530	110522031	110529418	0
ENSELUG00000004677	110491412	110499013	0
ENSELUG00000017504	110534795	118941415	1
ENSELUG00000005224	110523918	110537005	0
ENSELUG00000020108	110503973	110507814	0
ENSELUG00000002131	110525419	110535812	0
ENSELUG00000017519	110500605	110531736	0
ENSELUG00000018778	110522159	110529536	0
ENSELUG00000002103	110497024	110504762	1
ENSELUG00000019037	110497101	110528811	0
ENSELUG00000013043	110498117	110504185	0
ENSELUG00000007543	110522768	110524490	0
ENSELUG00000010019	110500379	110531477	0
ENSELUG00000020092	110497431	110534448	0
ENSELUG00000020412	110503963	110507795	0
ENSELUG00000003857	100135866	110536311	0
ENSELUG00000023181	110525164	110536480	0
ENSELUG00000011405	110532089	118936330	1
ENSELUG00000009804	110503662	110507540	0
ENSELUG00000001376	110503730	110507617	0
ENSELUG00000024471	110498678	110534335	0
ENSELUG00000023273	110489270	110496146	0
ENSELUG00000022187	100653437	110505089	0
ENSELUG00000014756	110485995	110493714	0
ENSELUG00000003009	110497694	110522681	0
ENSELUG00000012934	110522449	110529869	0
ENSELUG00000007532	110492901	110533032	0
ENSELUG00000003533	110494598	110527874	0
ENSELUG00000013832	110533554	110537573	0
ENSELUG00000014962	110488244	110496337	0
ENSELUG00000006964	110501815	110520260	0
ENSELUG00000022626	110525566	110535937	0
ENSELUG00000002999	110501485	118945831	0
ENSELUG00000020925	110488924	110505120	0
ENSELUG00000012952	110494381	110528055	0
ENSELUG00000004366	110508485	110530597	0
ENSELUG00000015976	100135844	110504077	0
ENSELUG00000011693	110533595	110537531	0
ENSELUG00000015384	110491285	110499563	0
ENSELUG00000006341	110494522	110527941	0
ENSELUG00000004207	110488727	110504924	0
ENSELUG00000019784	110502290	110526533	0
ENSELUG00000001616	110503185	110508005	0
ENSELUG00000006611	110492030	110532638	0
ENSELUG00000015397	110491119	110532026	0
ENSELUG00000006383	110533727	110537391	0
ENSELUG00000020906	110521825	110524763	0
ENSELUG00000005517	110502534	110529822	0
ENSELUG00000002699	110498046	110505399	0
ENSELUG00000006400	110497748	110505716	0
ENSELUG00000003542	110523870	110537057	0
ENSELUG00000010405	110525787	110535087	0
ENSELUG00000014294	100301859	110530371	0
ENSELUG00000013861	110528836	110528837	1
ENSELUG00000024181	110521877	110537930	0
ENSELUG00000012326	110487649	110515127	0
ENSELUG00000015354	110509959	110533971	0
ENSELUG00000021271	110510072	110534087	0
ENSELUG00000014007	110503503	110507424	0
ENSELUG00000006538	110508451	110530990	0
ENSELUG00000023178	110500529	110531664	0
ENSELUG00000018856	110499400	110502722	0
ENSELUG00000008738	110495739	110528880	0
ENSELUG00000006337	110486383	110538409	0
ENSELUG00000004908	110501630	110520449	0
ENSELUG00000014525	110498144	110505291	0
ENSELUG00000023422	110489275	110496144	0
ENSELUG00000000067	110491385	110498963	0
ENSELUG00000020411	110497439	110534440	0
ENSELUG00000008019	110516540	110516610	0
ENSELUG00000016024	110525691	110536056	0
ENSELUG00000016234	110509073	110529999	0
ENSELUG00000016727	110491162	110532819	0
ENSELUG00000015674	110498854	110523812	0
ENSELUG00000000161	110508818	110530213	0
ENSELUG00000010525	110506606	110526477	1
ENSELUG00000004722	110491416	110499014	0
ENSELUG00000016819	110502358	110527342	0
ENSELUG00000002928	110501673	110521236	0
ENSELUG00000011997	110527293	110527295	1
ENSELUG00000011500	110533599	110537528	0
ENSELUG00000020173	110508828	110530198	0
ENSELUG00000013683	110509916	110533930	0
ENSELUG00000016523	110525678	110536046	0
ENSELUG00000003086	110494060	110528359	0
ENSELUG00000020633	110523722	110537205	0
ENSELUG00000010289	110500829	110531469	0
ENSELUG00000006094	110501666	110520413	0
ENSELUG00000011000	110487125	110514526	0
ENSELUG00000018256	110485492	110485493	0
ENSELUG00000009614	110494459	110527990	0
ENSELUG00000019552	110522587	110529308	0
ENSELUG00000024006	110521881	110537924	0
ENSELUG00000024074	110533360	110537755	0
ENSELUG00000018052	110489364	110496894	0
ENSELUG00000007741	110491989	110532681	0
ENSELUG00000011475	110486106	110537991	0
ENSELUG00000007620	110486216	110513123	0
ENSELUG00000000784	110510025	110534030	0
ENSELUG00000020314	110488938	110505134	0
ENSELUG00000003410	100136741	110500054	0
ENSELUG00000011008	110487169	110514548	0
ENSELUG00000024077	110510139	110534145	0
ENSELUG00000007178	110490819	110535182	0
ENSELUG00000010291	110525788	110536167	0
ENSELUG00000005318	110489113	110504599	0
ENSELUG00000023269	110488130	110496443	0
ENSELUG00000001524	110485477	110485491	0
ENSELUG00000007877	110508430	110530683	0
ENSELUG00000016702	110498199	110505212	0
ENSELUG00000010526	110507732	110535823	0
ENSELUG00000007583	110501803	110520276	0
ENSELUG00000019783	110499384	110502705	0
ENSELUG00000023663	110523995	110536923	0
ENSELUG00000005362	110485245	110511375	0
ENSELUG00000000688	110500603	110531734	0
ENSELUG00000012413	110522056	110529443	0
ENSELUG00000009704	110509336	110522861	0
ENSELUG00000020054	110489230	110504491	0
ENSELUG00000002668	100135988	110525975	0
ENSELUG00000019175	110492186	110532424	0
ENSELUG00000013053	110499418	110524313	0
ENSELUG00000013583	110524019	110533496	0
ENSELUG00000001337	110534850	110537745	0
ENSELUG00000019614	110534837	110537843	0
ENSELUG00000015472	110502390	110527775	0
ENSELUG00000016608	110494300	110528138	0
ENSELUG00000016616	110492600	110532814	0
ENSELUG00000002183	110489551	110535469	0
ENSELUG00000016370	110501400	110520618	0
ENSELUG00000019001	110522163	110529539	0
ENSELUG00000015587	110534543	110534552	1
ENSELUG00000019989	110494232	110528202	0
ENSELUG00000007488	110491997	110532670	0
ENSELUG00000023531	110488123	110496451	0
ENSELUG00000018218	110522145	110529523	0
ENSELUG00000023355	110495748	110528876	0
ENSELUG00000000881	110502286	110526511	0
ENSELUG00000009958	110506640	110526510	0
ENSELUG00000004819	110510159	110534159	0
ENSELUG00000002394	110515628	110536332	0
ENSELUG00000006283	110521908	110539104	0
ENSELUG00000010113	110521590	110524464	0
ENSELUG00000006776	110496030	110513167	0
ENSELUG00000019031	110518941	118946021	0
ENSELUG00000003113	110489377	110496521	0
ENSELUG00000021481	110494716	110527744	0
ENSELUG00000008678	110495737	110528905	0
ENSELUG00000000439	110508726	110530321	0
ENSELUG00000018346	110489738	110535272	0
ENSELUG00000003977	110494041	110528382	0
ENSELUG00000011685	110494084	110514161	0
ENSELUG00000009789	110489410	110496425	0
ENSELUG00000017114	110494283	110528152	0
ENSELUG00000005843	110492056	110532618	0
ENSELUG00000013777	110521516	110524384	0
ENSELUG00000009270	110487656	110496098	0
ENSELUG00000006725	110497753	110505710	0
ENSELUG00000002864	110488769	110504968	0
ENSELUG00000008182	110509696	110523479	0
ENSELUG00000001159	110500393	110531495	0
ENSELUG00000017165	110508654	110530400	0
ENSELUG00000014464	110486157	110538081	0
ENSELUG00000000839	110485169	110538957	0
ENSELUG00000004938	110522643	110529271	0
ENSELUG00000024489	110494117	110528304	0
ENSELUG00000017076	110525664	110536032	0
ENSELUG00000015489	110503534	110507375	0
ENSELUG00000011164	110526886	110536151	0
ENSELUG00000014732	110494344	110528094	0
ENSELUG00000022658	110490199	110519933	0
ENSELUG00000001086	110522083	110529466	0
ENSELUG00000021528	110521815	110524753	0
ENSELUG00000010891	110503642	110507067	0
ENSELUG00000006404	110486385	110538408	0
ENSELUG00000015310	110490246	110500930	0
ENSELUG00000012483	110487707	110503966	0
ENSELUG00000004463	110501609	110520470	0
ENSELUG00000007322	100500705	110532661	0
ENSELUG00000018190	110504018	110507844	0
ENSELUG00000014422	110488127	110515845	0
ENSELUG00000004872	110515018	110522639	0
ENSELUG00000004562	110509025	110530035	0
ENSELUG00000021776	110488908	110505102	0
ENSELUG00000003376	110500495	110531636	0
ENSELUG00000012449	110499472	110502821	0
ENSELUG00000006607	110508799	110530227	0
ENSELUG00000005223	110509043	110530014	0
ENSELUG00000010679	110509734	110523523	0
ENSELUG00000019546	110492176	110532435	0
ENSELUG00000016547	110500881	110532974	0
ENSELUG00000018122	110492421	110531982	0
ENSELUG00000005623	110520732	118936609	0
ENSELUG00000000273	110491477	110499067	0
ENSELUG00000003037	110509581	110523365	0
ENSELUG00000017830	110486078	110493789	0
ENSELUG00000022241	110494172	110528257	0
ENSELUG00000001870	110492499	110531947	0
ENSELUG00000005472	110502538	110521224	0
ENSELUG00000006124	110485807	110493555	0
ENSELUG00000004096	101268939	110532569	0
ENSELUG00000012390	110494396	110528041	0
ENSELUG00000010460	110538027	110538028	0
ENSELUG00000006752	110502082	110520401	0
ENSELUG00000000343	110500950	110531358	0
ENSELUG00000005493	110488406	110496113	0
ENSELUG00000008468	110495730	110528863	0
ENSELUG00000016533	110499237	110502952	0
ENSELUG00000011465	110488191	110496388	0
ENSELUG00000014282	110506818	110506819	0
ENSELUG00000004783	110518584	118938768	0
ENSELUG00000023176	110525552	118936292	0
ENSELUG00000008700	110508403	110530706	0
ENSELUG00000023929	110508555	110530508	0
ENSELUG00000022240	110525193	110536449	0
ENSELUG00000012680	110494260	110516636	0
ENSELUG00000012796	110503167	110507969	0
ENSELUG00000018093	110499336	110524273	0
ENSELUG00000021045	110486324	110538267	0
ENSELUG00000023423	110497633	110505823	0
ENSELUG00000012675	110509772	110523563	0
ENSELUG00000002755	110513407	118950607	1
ENSELUG00000022499	110495455	118965247	0
ENSELUG00000020494	110502273	110526371	0
ENSELUG00000020909	110501335	110520558	0
ENSELUG00000003657	110500487	110531630	0
ENSELUG00000001229	110495654	110527327	1
ENSELUG00000006690	110497752	110505712	0
ENSELUG00000003740	110494591	110527879	0
ENSELUG00000006208	110501672	110520411	0
ENSELUG00000006945	100136658	110494977	0
ENSELUG00000017935	110494271	110528159	0
ENSELUG00000019364	100305310	110508940	0
ENSELUG00000012800	110492686	110524140	0
ENSELUG00000005266	100301815	110497723	0
ENSELUG00000022200	110489214	110504538	0
ENSELUG00000015896	110491273	110499507	0
ENSELUG00000010862	110509737	110523525	0
ENSELUG00000024038	110512506	110522695	0
ENSELUG00000015353	110529381	110529382	0
ENSELUG00000010892	110486119	110538010	0
ENSELUG00000014344	110525428	110535819	0
ENSELUG00000006986	110487996	110496611	0
ENSELUG00000022340	110494166	110528260	0
ENSELUG00000004779	110490386	110500094	0
ENSELUG00000019376	110499079	110503128	0
ENSELUG00000005781	110485797	110493545	0
ENSELUG00000012909	110502439	118965320	0
ENSELUG00000014184	110488561	110504773	0
ENSELUG00000002560	110488804	110505010	0
ENSELUG00000019970	110502284	110526503	0
ENSELUG00000008681	110525827	110536206	0
ENSELUG00000010852	110503192	118936607	0
ENSELUG00000018144	100136219	110532402	0
ENSELUG00000013770	110508689	110530362	0
ENSELUG00000013635	110503494	110507437	0
ENSELUG00000005673	110502529	110522714	0
ENSELUG00000008264	110491825	110532223	0
ENSELUG00000022774	110488057	110496881	0
ENSELUG00000015857	110523129	110536905	0
ENSELUG00000014242	110506520	110526401	0
ENSELUG00000012837	100301831	110492528	0
ENSELUG00000000443	110508725	110530323	0
ENSELUG00000020484	110510167	110537877	0
ENSELUG00000007329	110508444	110530677	0
ENSELUG00000022431	110508221	110530081	0
ENSELUG00000005764	110489039	110504648	0
ENSELUG00000020241	100136774	110534057	0
ENSELUG00000002591	110488799	110505004	0
ENSELUG00000017269	110498691	110504247	0
ENSELUG00000006704	110490341	110500144	0
ENSELUG00000020706	110495826	110527447	0
ENSELUG00000003818	110497992	110505457	0
ENSELUG00000023337	110508986	110530066	0
ENSELUG00000004078	110509609	110523394	0
ENSELUG00000002662	110520992	110524620	0
ENSELUG00000004426	110526068	110531936	0
ENSELUG00000013708	110489674	110535357	0
ENSELUG00000007721	110488079	110496691	0
ENSELUG00000009390	110494679	110527792	0
ENSELUG00000011827	110503609	118936429	0
ENSELUG00000016914	110502359	110527358	0
ENSELUG00000020271	110503965	110507811	0
ENSELUG00000004781	110509318	110522821	0
ENSELUG00000002740	110494074	110528349	0
ENSELUG00000003772	110491399	110498999	0
ENSELUG00000011696	110490140	110519367	0
ENSELUG00000005959	100135942	100136211	0
ENSELUG00000011841	110501782	110520299	0
ENSELUG00000008162	110491491	110499115	0
ENSELUG00000018433	110502327	110532561	0
ENSELUG00000024168	101268945	110523781	0
ENSELUG00000018532	110528607	118940510	0
ENSELUG00000021002	110498284	110505988	0
ENSELUG00000009495	110486467	110538319	0
ENSELUG00000013225	110500706	110532979	0
ENSELUG00000019588	100305215	110524259	0
ENSELUG00000022126	110521808	110524739	0
ENSELUG00000022582	110488871	110505070	0
ENSELUG00000011566	110487342	110514794	0
ENSELUG00000022001	110533405	110537796	0
ENSELUG00000007147	110506717	110526582	1
ENSELUG00000023492	110486741	110538689	1
ENSELUG00000021375	100135969	110489472	0
ENSELUG00000003386	110496530	110514975	1
ENSELUG00000006673	110493059	110521364	0
ENSELUG00000008168	110521564	110524432	0
ENSELUG00000014828	110491192	110495382	1
ENSELUG00000008276	110489070	110504670	0
ENSELUG00000018573	110486620	110538990	1
ENSELUG00000008672	110491500	110499125	0
ENSELUG00000021944	110521810	110523028	0
ENSELUG00000019061	110499397	110502717	0
ENSELUG00000004744	110510165	110534163	0
ENSELUG00000021156	110502607	110521188	0
ENSELUG00000023806	118937414	118964806	0
ENSELUG00000020238	110488967	110505176	0
ENSELUG00000004495	110490389	110501036	0
ENSELUG00000006609	110494513	110527952	0
ENSELUG00000014621	110522019	110529396	0
ENSELUG00000018307	110534583	110534586	1
ENSELUG00000013086	110487856	110515353	0
ENSELUG00000007414	110506709	110526575	0
ENSELUG00000007582	100136749	110537367	0
ENSELUG00000011376	110533600	110537526	0
ENSELUG00000020969	110510064	110534074	0
ENSELUG00000016256	110502347	110521737	0
ENSELUG00000012497	110493215	110524146	0
ENSELUG00000018396	110486082	110493797	0
ENSELUG00000006326	110521636	110524517	0
ENSELUG00000015098	110494849	110528673	0
ENSELUG00000002397	110494097	110528325	0
ENSELUG00000005034	110501636	110520444	0
ENSELUG00000018259	110504013	110507840	0
ENSELUG00000013320	110494846	110528705	0
ENSELUG00000020407	110522615	110529289	0
ENSELUG00000008314	110521568	110524435	0
ENSELUG00000007616	110488421	110496050	0
ENSELUG00000013696	110508179	110530358	0
ENSELUG00000019388	110488956	110505155	0
ENSELUG00000021440	110510077	110534093	0
ENSELUG00000003205	110488944	110505143	0
ENSELUG00000013966	110509803	110524744	0
ENSELUG00000004494	110500450	110531596	0
ENSELUG00000010080	110491940	110532720	0
ENSELUG00000005039	110511727	110534567	0
ENSELUG00000014020	110506525	110526404	0
ENSELUG00000013211	110497390	110534492	0
ENSELUG00000000733	110494263	110528165	0
ENSELUG00000012593	110502443	110528470	0
ENSELUG00000008654	110506678	110526549	0
ENSELUG00000012733	110494387	110528048	0
ENSELUG00000009537	110525815	110536184	0
ENSELUG00000014526	110492363	110532040	0
ENSELUG00000016841	110500625	110531763	0
ENSELUG00000004121	110497982	110505463	0
ENSELUG00000003176	110489378	110496853	0
ENSELUG00000003081	110525994	110536363	0
ENSELUG00000008550	110488143	110496432	0
ENSELUG00000000594	110521480	110524345	0
ENSELUG00000003530	110526000	110535110	0
ENSELUG00000022549	110523977	110536907	0
ENSELUG00000020482	100136168	110538640	0
ENSELUG00000014021	100136117	110499283	0
ENSELUG00000004822	110509616	110523404	0
ENSELUG00000022260	110525003	110536450	0
ENSELUG00000014798	110486171	110538095	0
ENSELUG00000020674	110501324	110520550	0
ENSELUG00000016897	110499229	110503026	0
ENSELUG00000013175	100653457	110535367	0
ENSELUG00000002165	110525464	110535846	0
ENSELUG00000018316	110489736	110535273	0
ENSELUG00000011242	110491811	110525605	0
ENSELUG00000003511	110500490	110531633	0
ENSELUG00000000431	110499333	110503042	0
ENSELUG00000020915	110486321	110538265	0
ENSELUG00000005707	100301728	110532162	0
ENSELUG00000021941	110491186	110532871	0
ENSELUG00000010189	110502238	110525930	0
ENSELUG00000010820	110491805	110525562	0
ENSELUG00000004082	100135818	100135819	0
ENSELUG00000005231	110489481	110504594	0
ENSELUG00000021064	110488923	110505116	0
ENSELUG00000004164	110507631	118944843	1
ENSELUG00000011332	110500892	110531879	0
ENSELUG00000014923	110522074	110529457	0
ENSELUG00000009250	110492657	110532244	0
ENSELUG00000019145	110487966	110504451	0
ENSELUG00000002212	110494112	110528309	0
ENSELUG00000006651	110533734	110537382	0
ENSELUG00000010977	110494619	110527847	0
ENSELUG00000018077	110486244	110538175	0
ENSELUG00000012857	110494383	110528052	0
ENSELUG00000000735	110487867	110496727	0
ENSELUG00000019330	110509893	110523688	0
ENSELUG00000001850	110490575	110499895	0
ENSELUG00000006823	110489526	110535174	0
ENSELUG00000009294	110520944	110533812	0
ENSELUG00000016459	110487823	110515400	0
ENSELUG00000014842	110498155	110505280	0
ENSELUG00000013519	110498127	110505306	0
ENSELUG00000009718	110508282	110529124	0
ENSELUG00000012145	110522463	110529855	0
ENSELUG00000018642	110503318	110507609	0
ENSELUG00000019805	110507602	110524256	0
ENSELUG00000003352	110489229	110504359	0
ENSELUG00000016377	110494936	110520354	0
ENSELUG00000024302	110523786	110537138	0
ENSELUG00000000253	110498356	110505542	0
ENSELUG00000011513	110501250	110519942	0
ENSELUG00000000918	110488367	110496210	0
ENSELUG00000009582	110491524	110499147	0
ENSELUG00000022439	110502647	110530893	0
ENSELUG00000001960	110525015	110535881	0
ENSELUG00000006251	110485682	110512421	0
ENSELUG00000008968	110508772	110530262	0
ENSELUG00000000810	110487965	110504450	0
ENSELUG00000017264	110500609	110531746	0
ENSELUG00000012727	110503168	110507199	0
ENSELUG00000019455	110525097	110535686	0
ENSELUG00000010184	110525790	110536169	0
ENSELUG00000020788	110499363	110502684	0
ENSELUG00000007424	110485955	110493678	0
ENSELUG00000015618	110503083	110527013	0
ENSELUG00000003967	110490854	110500073	0
ENSELUG00000020376	110508214	110530126	0
ENSELUG00000008934	110494656	110527807	0
ENSELUG00000010993	110493948	110512529	0
ENSELUG00000006055	110490758	110500126	0
ENSELUG00000019520	110510046	110534052	0
ENSELUG00000008628	110522629	110529166	0
ENSELUG00000012298	110490200	110500259	0
ENSELUG00000012588	100305281	110496368	0
ENSELUG00000003559	110492171	110522731	0
ENSELUG00000019401	110502301	110526671	0
ENSELUG00000018056	110494265	110528162	0
ENSELUG00000017360	110499524	110535006	0
ENSELUG00000009592	110486709	110513923	0
ENSELUG00000023237	110502629	110530624	0
ENSELUG00000021592	110489190	110504356	0
ENSELUG00000009216	110491621	110499077	0
ENSELUG00000024493	110509007	110530043	0
ENSELUG00000019508	110499088	110502878	0
ENSELUG00000013714	110498335	110523455	0
ENSELUG00000003098	110490438	110500040	0
ENSELUG00000015926	110509974	110533985	0
ENSELUG00000004452	110497973	110505482	0
ENSELUG00000009288	110489585	110535426	0
ENSELUG00000003482	110495442	110528833	1
ENSELUG00000006610	110493006	110521362	0
ENSELUG00000013804	110488225	110496351	0
ENSELUG00000002088	110523794	110539127	0
ENSELUG00000005868	110492054	110532619	0
ENSELUG00000002270	110492878	110498939	0
ENSELUG00000016231	110488618	110504823	0
ENSELUG00000012824	110490215	110500251	0
ENSELUG00000009076	110521581	110524450	0
ENSELUG00000006486	110527369	110527370	0
ENSELUG00000020335	110506278	110526928	0
ENSELUG00000002185	110489550	110535471	0
ENSELUG00000013736	110501559	110520013	0
ENSELUG00000006030	110509650	110523430	0
ENSELUG00000019141	110485166	110538204	0
ENSELUG00000017624	110524312	118936337	0
ENSELUG00000005429	110522320	110529220	0
ENSELUG00000003172	110485721	118940361	0
ENSELUG00000000467	110494278	110516970	0
ENSELUG00000010888	110533615	110537512	0
ENSELUG00000015791	110509969	110533982	0
ENSELUG00000005337	110510150	110534150	0
ENSELUG00000018668	110488703	110504899	0
ENSELUG00000023105	110510124	110533130	0
ENSELUG00000009235	110501748	110520332	0
ENSELUG00000003988	110486054	110493803	0
ENSELUG00000013325	110488545	110504759	0
ENSELUG00000012856	110500719	110531858	0
ENSELUG00000009837	110494452	110527991	0
ENSELUG00000016229	110494892	110532139	0
ENSELUG00000020751	110486316	110538257	0
ENSELUG00000009027	110521580	110524449	0
ENSELUG00000024063	110503795	110507635	0
ENSELUG00000009831	110525821	110536178	0
ENSELUG00000020821	110501327	110520555	0
ENSELUG00000003332	110497057	118941097	1
ENSELUG00000012154	110525759	110536137	0
ENSELUG00000021428	110521051	110529205	0
ENSELUG00000014086	110533546	110537580	0
ENSELUG00000023634	110486371	110538423	0
ENSELUG00000022007	110494180	110528251	0
ENSELUG00000011006	110492616	110532284	0
ENSELUG00000015189	110488240	110516015	0
ENSELUG00000019677	110501294	110520522	0
ENSELUG00000003308	110498018	110505432	0
ENSELUG00000004506	110524014	110533060	0
ENSELUG00000013900	110498129	110505304	0
ENSELUG00000017075	110509165	110534384	0
ENSELUG00000014022	110494362	110528073	0
ENSELUG00000019865	110508927	110530115	0
ENSELUG00000018543	110485164	110538190	0
ENSELUG00000013199	110506538	110526416	0
ENSELUG00000012352	110500724	110531865	0
ENSELUG00000022837	110499435	110502767	0
ENSELUG00000021587	110533398	110537809	0
ENSELUG00000024029	110510141	110533132	0
ENSELUG00000004590	110510170	110534166	0
ENSELUG00000015702	110488603	110504812	0
ENSELUG00000009656	110486736	110513938	0
ENSELUG00000009682	110506655	110526524	0
ENSELUG00000001775	110499844	118938832	1
ENSELUG00000018336	110525277	110535700	0
ENSELUG00000012015	110515549	118937288	0
ENSELUG00000015558	110494649	110520123	0
ENSELUG00000003425	110494603	110527868	0
ENSELUG00000005174	110491425	110499022	0
ENSELUG00000021932	110490056	110519256	0
ENSELUG00000023479	110494710	110527753	0
ENSELUG00000015099	110532033	118939557	0
ENSELUG00000008493	110506685	110526553	1
ENSELUG00000022309	110488052	110496672	0
ENSELUG00000004902	110497966	110505489	0
ENSELUG00000003411	110485737	110493484	0
ENSELUG00000005937	110533706	110537416	0
ENSELUG00000004514	110523905	110537021	0
ENSELUG00000015959	110488430	110516273	0
ENSELUG00000011288	110492312	110532093	0
ENSELUG00000016117	110509985	110533994	0
ENSELUG00000022220	110490122	110519336	0
ENSELUG00000016546	110504058	110507886	0
ENSELUG00000018790	110503081	110526858	0
ENSELUG00000004545	110501885	110520183	0
ENSELUG00000000557	110522432	110530908	0
ENSELUG00000023562	110492737	110532523	0
ENSELUG00000014221	110505298	118941490	0
ENSELUG00000023856	110495376	110512990	0
ENSELUG00000024294	110523785	110537139	0
ENSELUG00000017631	110494279	110528155	0
ENSELUG00000011846	110485141	110537982	0
ENSELUG00000018847	100136756	110538194	0
ENSELUG00000016887	110509092	110529968	0
ENSELUG00000008202	110521565	110522988	0
ENSELUG00000006579	110494514	110527950	0
ENSELUG00000019663	110488960	110505162	0
ENSELUG00000022364	110492768	110532493	0
ENSELUG00000018356	110493302	110525080	0
ENSELUG00000024356	110497717	110522771	0
ENSELUG00000013840	110531764	118936590	1
ENSELUG00000006188	110533721	110537392	0
ENSELUG00000021600	110496319	110521711	0
ENSELUG00000017889	110504029	110507849	0
ENSELUG00000013915	110500691	110531834	0
ENSELUG00000001541	110525927	110536300	0
ENSELUG00000011664	110502459	110528701	0
ENSELUG00000005614	110523927	110536997	0
ENSELUG00000012898	110525742	110536116	0
ENSELUG00000010976	110533613	110537515	0
ENSELUG00000013967	110490232	110500240	0
ENSELUG00000021178	110510070	110534083	0
ENSELUG00000002733	110494075	110528347	0
ENSELUG00000004459	110492082	110532580	0
ENSELUG00000021181	110508892	110530143	0
ENSELUG00000018535	110525249	110535695	0
ENSELUG00000011700	110503614	110507495	0
ENSELUG00000020935	110502266	110526322	0
ENSELUG00000008121	110503884	110507713	0
ENSELUG00000013701	110503496	110507058	0
ENSELUG00000014803	110509938	110533955	0
ENSELUG00000015392	110488595	110504802	0
ENSELUG00000015682	110486034	110493750	0
ENSELUG00000015545	110494325	110528109	0
ENSELUG00000024263	110511872	110539196	0
ENSELUG00000015243	110488587	110504795	0
ENSELUG00000000520	110498134	110498135	0
ENSELUG00000016748	110490262	110501059	0
ENSELUG00000006358	110497745	110505720	0
ENSELUG00000016781	110495070	110520468	0
ENSELUG00000006275	110489988	110536614	0
ENSELUG00000002083	110523791	110537133	0
ENSELUG00000023704	110489172	110504554	0
ENSELUG00000008982	110503678	110507556	0
ENSELUG00000007410	110523953	110536972	0
ENSELUG00000006408	110492922	110521356	0
ENSELUG00000002390	110494100	110528326	0
ENSELUG00000004727	110501878	110520191	0
ENSELUG00000004397	110500454	110531601	0
ENSELUG00000013527	110494369	110528066	0
ENSELUG00000022173	110503360	118944643	0
ENSELUG00000004917	110502560	110530018	0
ENSELUG00000002028	110498316	110505940	0
ENSELUG00000010477	110495758	110528893	0
ENSELUG00000013038	110486000	110493716	0
ENSELUG00000019359	110495940	110521263	0
ENSELUG00000024373	110521871	110537938	0
ENSELUG00000000492	110522035	110529422	0
ENSELUG00000019181	110508945	110530098	0
ENSELUG00000005586	110500425	110531585	0
ENSELUG00000009673	110507902	110507929	0
ENSELUG00000022985	110501352	110520581	0
ENSELUG00000018597	110487852	110496743	0
ENSELUG00000001341	110490752	110500154	0
ENSELUG00000020313	110499102	110502855	0
ENSELUG00000021547	110533407	110537810	0
ENSELUG00000008630	110500398	110531513	0
ENSELUG00000005595	110524533	118945773	0
ENSELUG00000017246	100305284	110502370	0
ENSELUG00000000631	110522107	110529495	0
ENSELUG00000006250	110492045	110532629	0
ENSELUG00000006705	110485835	110493577	0
ENSELUG00000010060	110486958	110514146	0
ENSELUG00000022293	110494169	110528258	0
ENSELUG00000010024	110488162	110496421	0
ENSELUG00000012463	110493940	110528505	0
ENSELUG00000006859	110527386	110527387	0
ENSELUG00000020177	110502282	110526492	0
ENSELUG00000023944	110488843	110505049	0
ENSELUG00000020904	110528227	110528228	0
ENSELUG00000017542	110525654	110536024	0
ENSELUG00000005773	110501661	110520419	0
ENSELUG00000005968	110525863	110536248	0
ENSELUG00000014930	110486177	110538099	0
ENSELUG00000013393	110491417	110524127	0
ENSELUG00000021143	110510068	110534081	0
ENSELUG00000013469	110506534	110526411	0
ENSELUG00000013265	110533566	110537558	0
ENSELUG00000000505	110500698	110531842	0
ENSELUG00000022028	110493225	110527139	0
ENSELUG00000002348	110495362	110527086	1
ENSELUG00000004021	110494040	110528383	0
ENSELUG00000003653	110525027	110535103	0
ENSELUG00000009044	110503676	110507072	0
ENSELUG00000019565	110507736	110524261	0
ENSELUG00000024130	110509556	118964571	0
ENSELUG00000020001	110500870	110531697	0
ENSELUG00000002311	110489543	110535481	0
ENSELUG00000008474	110489896	110535660	0
ENSELUG00000008309	110523970	110536952	0
ENSELUG00000003621	110487935	110496857	0
ENSELUG00000004320	110510176	110534171	0
ENSELUG00000002582	110525392	110535789	0
ENSELUG00000006339	110502128	110520247	0
ENSELUG00000001587	110509413	110534031	0
ENSELUG00000021541	110494185	110528247	0
ENSELUG00000006084	110496018	110516508	0
ENSELUG00000007173	110533745	110537374	0
ENSELUG00000010997	110499455	110502797	0
ENSELUG00000024478	110525530	110535907	0
ENSELUG00000018553	110499410	110502734	0
ENSELUG00000019815	110499096	110502868	0
ENSELUG00000004691	110510166	110534164	0
ENSELUG00000013810	110493905	110528540	0
ENSELUG00000018518	110522150	110529527	0
ENSELUG00000005191	110485134	110511684	0
ENSELUG00000005725	110491432	110499029	0
ENSELUG00000013622	110524020	110533608	0
ENSELUG00000012103	110493951	110528497	0
ENSELUG00000004646	110488716	110504914	0
ENSELUG00000021257	110506401	110526228	0
ENSELUG00000013959	110504131	110507953	0
ENSELUG00000010352	110500364	110531456	0
ENSELUG00000008521	110493518	110521410	0
ENSELUG00000002427	110525972	110536339	0
ENSELUG00000017156	110486072	110493770	0
ENSELUG00000013764	110500696	110531840	0
ENSELUG00000012567	110490205	110500254	0
ENSELUG00000018098	110486079	110493792	0
ENSELUG00000005328	110510151	110534152	0
ENSELUG00000002441	110512937	118936672	0
ENSELUG00000009317	110503674	110507553	0
ENSELUG00000010144	110493241	110527124	0
ENSELUG00000016820	110521466	110524329	0
ENSELUG00000020191	110510146	110537847	0
ENSELUG00000001948	110490522	110501023	0
ENSELUG00000007715	110491988	110532679	0
ENSELUG00000011862	110499468	110502815	0
ENSELUG00000016265	110506481	110526361	0
ENSELUG00000000758	110520946	110522878	0
ENSELUG00000006359	110503095	110532673	0
ENSELUG00000008181	101268921	110503878	0
ENSELUG00000008104	110526124	110535677	0
ENSELUG00000004916	110521912	110537908	0
ENSELUG00000010644	110506600	110526472	0
ENSELUG00000019381	110508938	110530108	0
ENSELUG00000018640	110498104	110523309	0
ENSELUG00000013077	110492332	110532066	0
ENSELUG00000006851	110493150	110522741	0
ENSELUG00000006070	110489096	110504637	0
ENSELUG00000006170	110492048	110532625	0
ENSELUG00000016121	110502345	110527186	0
ENSELUG00000006668	110527371	110527372	1
ENSELUG00000023840	110508834	110530195	0
ENSELUG00000012623	110488209	110496366	0
ENSELUG00000005291	110509629	110523414	0
ENSELUG00000006176	110501669	110520409	0
ENSELUG00000001843	110490577	110499892	1
ENSELUG00000012138	110509763	110523554	0
ENSELUG00000022623	110492758	110532502	0
ENSELUG00000000460	110503599	110507476	0
ENSELUG00000013952	110494451	110519941	0
ENSELUG00000010629	110491801	110525546	0
ENSELUG00000020528	110486687	110538642	0
ENSELUG00000014784	110528560	118940425	0
ENSELUG00000004257	110500462	110531609	0
ENSELUG00000015978	110522091	110529475	0
ENSELUG00000019243	110502888	110513322	0
ENSELUG00000017797	110522131	110529515	0
ENSELUG00000012079	110503398	110507972	0
ENSELUG00000011267	110494015	110513500	0
ENSELUG00000004760	110522301	110529686	0
ENSELUG00000013261	110497387	110534496	0
ENSELUG00000002395	110523824	110537101	0
ENSELUG00000019481	100301821	110489747	0
ENSELUG00000003651	110494592	110527878	0
ENSELUG00000018693	110495873	110527487	0
ENSELUG00000001246	110500790	110531923	0
ENSELUG00000011912	110494127	110514924	0
ENSELUG00000011833	110508335	110530753	0
ENSELUG00000003014	110494066	110528356	0
ENSELUG00000017103	110487223	110516582	0
ENSELUG00000003058	100170208	110497629	0
ENSELUG00000019568	110501291	110520520	0
ENSELUG00000022005	110494690	118965355	0
ENSELUG00000009415	110486463	110538326	0
ENSELUG00000015733	110506485	110526373	0
ENSELUG00000002624	110490458	110500005	0
ENSELUG00000000731	110509412	110534027	0
ENSELUG00000020639	110489768	110535236	0
ENSELUG00000000773	110490290	110500189	0
ENSELUG00000020890	110486118	110538008	0
ENSELUG00000004971	110522961	110530621	0
ENSELUG00000017785	110486235	110538165	0
ENSELUG00000006556	110500136	110500924	0
ENSELUG00000003080	110490439	110500039	0
ENSELUG00000014479	110533537	110537602	0
ENSELUG00000006617	110503348	110507114	0
ENSELUG00000016669	110509997	110534001	0
ENSELUG00000023250	110502628	110530617	0
ENSELUG00000008349	110503888	110507726	0
ENSELUG00000023080	110501923	110520134	0
ENSELUG00000021473	110501461	110520100	0
ENSELUG00000006596	110489099	110504630	0
ENSELUG00000001951	110525497	110535883	0
ENSELUG00000023941	110510144	110534139	0
ENSELUG00000013267	110487915	110515419	0
ENSELUG00000005368	110509321	110523415	0
ENSELUG00000009784	110498932	110521919	0
ENSELUG00000003024	110491898	110522721	0
ENSELUG00000005417	110492063	110532605	0
ENSELUG00000014411	110503560	110507406	0
ENSELUG00000018042	110504019	110507842	0
ENSELUG00000009917	110503426	110508062	0
ENSELUG00000013653	100135954	110515629	0
ENSELUG00000004063	110509607	110522817	0
ENSELUG00000001149	110487327	110514781	0
ENSELUG00000018914	110522576	110529319	0
ENSELUG00000004979	110502559	110532724	0
ENSELUG00000003398	110494605	110528956	0
ENSELUG00000011654	110503617	110507499	0
ENSELUG00000012967	110508204	110530773	0
ENSELUG00000011854	110499330	110503014	0
ENSELUG00000003182	100136232	110532545	0
ENSELUG00000016118	110486045	110493760	0
ENSELUG00000003437	110494602	110527869	0
ENSELUG00000010390	110508364	110530727	0
ENSELUG00000023233	110523768	110537153	0
ENSELUG00000016651	110486945	110511683	0
ENSELUG00000011027	110501977	110520676	0
ENSELUG00000009095	110501594	110519980	0
ENSELUG00000009155	110522523	110522524	0
ENSELUG00000009992	110503656	110507535	0
ENSELUG00000009131	110494031	110528435	0
ENSELUG00000021075	110522210	110529586	0
ENSELUG00000004824	110522300	110529687	0
ENSELUG00000003445	110522946	110537061	0
ENSELUG00000017300	110522109	110529499	0
ENSELUG00000006548	110486840	118947904	1
ENSELUG00000024602	110487284	110493445	0
ENSELUG00000012826	110508705	110530343	0
ENSELUG00000014434	110509931	110533946	0
ENSELUG00000012046	110525764	110536139	0
ENSELUG00000002873	110509574	110523361	0
ENSELUG00000012812	110499549	110502827	0
ENSELUG00000017558	110495887	110527502	0
ENSELUG00000024388	110506176	110512412	0
ENSELUG00000002371	110488819	110505026	0
ENSELUG00000002487	110509562	110523345	0
ENSELUG00000016828	110510005	110534007	0
ENSELUG00000007366	110501696	110520382	0
ENSELUG00000016211	110506476	110526365	0
ENSELUG00000018586	110506416	110526298	1
ENSELUG00000000601	110499247	110502959	0
ENSELUG00000002508	110523829	110537091	0
ENSELUG00000004709	110490007	110535574	0
ENSELUG00000013738	110490224	110500244	0
ENSELUG00000007010	118937639	118944471	0
ENSELUG00000013229	110497388	110534495	0
ENSELUG00000003999	110490038	110535547	0
ENSELUG00000001901	110492507	110508381	0
ENSELUG00000013114	110494377	110528059	0
ENSELUG00000007240	110508192	110530949	0
ENSELUG00000008894	110489087	110504673	0
ENSELUG00000011845	110500326	110510780	0
ENSELUG00000002897	110496516	118946517	0
ENSELUG00000014074	110522024	110529409	0
ENSELUG00000013133	110493526	110536502	0
ENSELUG00000016777	110488635	110504840	0
ENSELUG00000005447	110495681	110527347	0
ENSELUG00000019079	110527020	118944530	1
ENSELUG00000003440	118944455	118964936	1
ENSELUG00000012307	110508718	110530326	0
ENSELUG00000023138	110508981	110530068	0
ENSELUG00000004304	110490021	110535557	0
ENSELUG00000018628	110493871	110527651	0
ENSELUG00000017304	110486075	110493774	0
ENSELUG00000001456	110509918	118966777	0
ENSELUG00000017840	110522133	110529518	0
ENSELUG00000013351	110497385	110534498	0
ENSELUG00000006434	110489958	110535615	0
ENSELUG00000019962	110490324	110500166	0
ENSELUG00000014101	110522064	110529450	0
ENSELUG00000003744	110489513	110535145	0
ENSELUG00000010246	110503653	110507525	0
ENSELUG00000018463	110493304	110529054	0
ENSELUG00000008118	110506693	110526562	0
ENSELUG00000007973	110489063	110504662	0
ENSELUG00000012851	110488212	110496362	0
ENSELUG00000013569	110490221	110500249	0
ENSELUG00000008505	110499020	110523269	0
ENSELUG00000020709	110486693	110538644	1
ENSELUG00000018742	110506406	110526293	0
ENSELUG00000008981	110495987	110516488	0
ENSELUG00000023860	110501301	110521166	0
ENSELUG00000010376	110502383	110524536	0
ENSELUG00000010719	110499816	110524496	0
ENSELUG00000020999	110498558	110534416	0
ENSELUG00000006969	110525849	110536232	0
ENSELUG00000013948	110520820	110536431	1
ENSELUG00000008810	110503679	110507559	0
ENSELUG00000013921	110522026	110529413	0
ENSELUG00000022053	110525577	110535946	0
ENSELUG00000010940	110526887	110536155	0
ENSELUG00000012594	110494394	110528043	0
ENSELUG00000016142	110492387	110532015	0
ENSELUG00000022137	110490115	110519296	0
ENSELUG00000021199	110495812	110527433	0
ENSELUG00000020028	110499099	110502860	0
ENSELUG00000011985	110502450	110528559	0
ENSELUG00000013666	110490222	110500247	0
ENSELUG00000013842	110506529	110526407	0
ENSELUG00000014480	110500337	110531429	0
ENSELUG00000016725	110492406	110532001	0
ENSELUG00000014718	110486165	110538087	0
ENSELUG00000007708	110491478	110499069	0
ENSELUG00000019719	110508622	110530442	0
ENSELUG00000007158	110490084	110507327	0
ENSELUG00000024075	110494128	110529005	0
ENSELUG00000018726	110485510	110485511	0
ENSELUG00000005876	110523928	118937626	0
ENSELUG00000022867	110501358	110520585	0
ENSELUG00000015276	110488589	110504799	0
ENSELUG00000021344	110485171	110538277	0
ENSELUG00000014575	110506509	110526389	0
ENSELUG00000017151	110499215	110503022	0
ENSELUG00000003756	110488741	110504938	0
ENSELUG00000000190	110503819	110507109	0
ENSELUG00000003185	110509586	110523369	0
ENSELUG00000021900	110508596	110530469	0
ENSELUG00000010228	110494445	110528001	0
ENSELUG00000015466	110533528	110537614	0
ENSELUG00000002643	110488795	110504996	0
ENSELUG00000019009	110490937	110536548	0
ENSELUG00000020449	110489762	110535239	0
ENSELUG00000006020	110490355	110500127	0
ENSELUG00000008025	110521559	110524427	0
ENSELUG00000010518	110514335	110534719	0
ENSELUG00000007658	110489057	110504659	0
ENSELUG00000000970	110494154	110528268	0
ENSELUG00000007834	110486419	110538368	0
ENSELUG00000008110	110501793	110520288	0
ENSELUG00000020524	110486310	110538248	0
ENSELUG00000005951	110489974	110535603	0
ENSELUG00000023817	100305299	110504547	0
ENSELUG00000023172	110508983	110530067	0
ENSELUG00000016283	110521064	110530916	0
ENSELUG00000020354	110510120	110537803	0
ENSELUG00000015467	110525453	110535838	0
ENSELUG00000020448	110508908	110530128	0
ENSELUG00000000284	110491484	110499072	0
ENSELUG00000003170	110492116	110532543	0
ENSELUG00000024348	110523787	110537137	0
ENSELUG00000012275	110502093	110520295	0
ENSELUG00000022201	110508588	110530477	0
ENSELUG00000005934	110492806	110510236	0
ENSELUG00000021993	110534238	110534240	0
ENSELUG00000003148	110488760	110504954	0
ENSELUG00000001858	110492487	110531949	0
ENSELUG00000021202	110509488	110523265	0
ENSELUG00000005319	110487626	110496115	0
ENSELUG00000014933	110498768	110523718	0
ENSELUG00000018780	110498083	110523285	0
ENSELUG00000006193	110533722	110537397	0
ENSELUG00000015404	110503536	110507377	0
ENSELUG00000018303	110499415	110502743	0
ENSELUG00000010553	110500762	110531918	0
ENSELUG00000021658	110486343	110538460	0
ENSELUG00000003759	110502597	110530346	0
ENSELUG00000010267	110493793	110510003	0
ENSELUG00000020980	110508899	110530139	0
ENSELUG00000013144	110506100	110526951	0
ENSELUG00000015084	110503542	110507384	0
ENSELUG00000010370	110508366	110530725	0
ENSELUG00000014956	110493891	110529039	0
ENSELUG00000021069	110501338	110520569	0
ENSELUG00000017200	110500612	110531752	0
ENSELUG00000008478	110508188	110530256	0
ENSELUG00000017571	110490278	110500199	0
ENSELUG00000012702	110508709	110530336	0
ENSELUG00000023330	110523769	110536814	0
ENSELUG00000011710	110490189	110500268	0
ENSELUG00000013889	110492348	110532052	0
ENSELUG00000002941	110498031	110505418	0
ENSELUG00000006542	110508801	110530223	0
ENSELUG00000012572	110508710	110530335	0
ENSELUG00000019275	110508625	110530438	0
ENSELUG00000010395	110493997	110528458	0
ENSELUG00000013735	110492344	110532054	0
ENSELUG00000022149	110486056	110493814	0
ENSELUG00000018003	100301854	110492702	0
ENSELUG00000015070	110486182	110538104	0
ENSELUG00000016067	110497347	118948720	0
ENSELUG00000005534	110509635	110523419	0
ENSELUG00000014669	110501536	110520033	0
ENSELUG00000021561	110488912	110505110	0
ENSELUG00000002388	110489541	110535484	1
ENSELUG00000019985	110489484	110504489	0
ENSELUG00000010972	110499544	110502795	0
ENSELUG00000024138	110522935	110537143	0
ENSELUG00000001129	110501241	110519946	0
ENSELUG00000003817	110500479	110531622	0
ENSELUG00000006074	110533714	110537409	0
ENSELUG00000022273	110525574	110535943	0
ENSELUG00000015811	110494320	110528114	0
ENSELUG00000011995	110488197	110496379	0
ENSELUG00000022279	110488888	110505084	0
ENSELUG00000002317	100653460	110527269	1
ENSELUG00000020384	110489760	110535242	0
ENSELUG00000020716	110522200	110529573	0
ENSELUG00000013594	110488549	110504764	0
ENSELUG00000009588	110486472	110538316	0
ENSELUG00000005070	110497722	110505740	0
ENSELUG00000011312	100136757	110514697	0
ENSELUG00000017514	110502373	110527518	0
ENSELUG00000009002	110494030	110528433	0
ENSELUG00000017921	110492208	110532400	0
ENSELUG00000015291	110502399	110527853	0
ENSELUG00000005233	110485162	110511626	0
ENSELUG00000004006	110489937	110524109	0
ENSELUG00000002349	110498069	110505377	0
ENSELUG00000022819	110494155	110528270	0
ENSELUG00000008173	110494962	110528420	0
ENSELUG00000000911	110498669	110533174	0
ENSELUG00000011492	110486105	110537990	0
ENSELUG00000018466	110492202	110532408	0
ENSELUG00000013153	110522047	110529432	0
ENSELUG00000013279	110491485	110524132	0
ENSELUG00000008711	110500125	110524838	0
ENSELUG00000023440	110489797	110535204	0
ENSELUG00000010543	110485185	110538465	0
ENSELUG00000001075	110510541	110527156	0
ENSELUG00000022940	110501926	110520130	0
ENSELUG00000017599	110485463	110485465	0
ENSELUG00000023191	110525549	110535924	0
ENSELUG00000006516	110494653	110527811	0
ENSELUG00000008930	110486508	110513558	0
ENSELUG00000021225	110506400	110526231	1
ENSELUG00000011564	110490186	110500272	0
ENSELUG00000024374	110500512	110532943	0
ENSELUG00000008632	110486448	110513472	0
ENSELUG00000013913	110494367	110528067	0
ENSELUG00000006715	110489103	110504629	0
ENSELUG00000004406	110492084	110531231	0
ENSELUG00000000254	110521622	110524503	0
ENSELUG00000021886	110488044	110496662	0
ENSELUG00000012290	110499315	110503005	0
ENSELUG00000023289	110488856	110505059	0
ENSELUG00000012793	110488211	110496364	0
ENSELUG00000005550	110522324	110531082	0
ENSELUG00000012153	110490196	110500260	0
ENSELUG00000023619	110499356	110524188	0
ENSELUG00000010858	110493917	110511950	0
ENSELUG00000019038	110491183	110532838	0
ENSELUG00000014254	110502414	110528078	0
ENSELUG00000014519	110500675	110531819	0
ENSELUG00000013928	110525174	110535132	0
ENSELUG00000020428	110506394	110526235	0
ENSELUG00000018216	110497562	110505889	0
ENSELUG00000016471	110509082	110537251	0
ENSELUG00000019569	100381269	110502297	0
ENSELUG00000015445	110494328	110528106	0
ENSELUG00000013336	110521525	110524392	0
ENSELUG00000006965	110490337	110500149	0
ENSELUG00000002470	110492828	110498952	0
ENSELUG00000002352	110488821	110505025	0
ENSELUG00000022971	110489794	110536544	0
ENSELUG00000018038	110499293	110524242	0
ENSELUG00000023078	110509512	110523314	0
ENSELUG00000023252	110501351	110504742	0
ENSELUG00000003794	110487921	118941189	0
ENSELUG00000020389	110488971	110505181	0
ENSELUG00000000422	110503942	110534753	0
ENSELUG00000000746	110502384	110527713	0
ENSELUG00000021881	110502242	110526060	0
ENSELUG00000022738	110498698	110505830	0
ENSELUG00000021770	110508868	110530158	0
ENSELUG00000012428	110500723	110531863	0
ENSELUG00000004947	110493253	110527913	0
ENSELUG00000017775	110499199	110502920	0
ENSELUG00000009766	110486852	110514002	0
ENSELUG00000012235	110502446	110528511	0
ENSELUG00000012217	110486132	110538029	0
ENSELUG00000011066	110508741	110530311	0
ENSELUG00000015887	110509975	110533987	0
ENSELUG00000002423	110487889	110496497	0
ENSELUG00000005406	110500431	110531564	0
ENSELUG00000018892	110493294	110528591	0
ENSELUG00000019247	110503992	110507823	0
ENSELUG00000022254	110505943	118941527	0
ENSELUG00000023804	110502665	110521167	0
ENSELUG00000004742	110486783	110538731	1
ENSELUG00000020267	110499100	110502861	0
ENSELUG00000009247	118942814	118966155	0
ENSELUG00000021305	110527003	118936482	0
ENSELUG00000024497	101268919	101867532	0
ENSELUG00000017305	110488094	110496701	0
ENSELUG00000017957	110490287	110501051	0
ENSELUG00000006026	110501665	110520416	0
ENSELUG00000007950	110501709	110520368	0
ENSELUG00000000782	110522147	110529197	0
ENSELUG00000016774	110509999	110534004	0
ENSELUG00000008941	110489577	110535440	0
ENSELUG00000015748	110498866	118937298	0
ENSELUG00000001480	110498902	110523903	0
ENSELUG00000008059	110509694	110523477	0
ENSELUG00000004714	110501623	110520461	0
ENSELUG00000003565	110508510	110530544	0
ENSELUG00000019032	110501876	110521218	0
ENSELUG00000024026	110488837	110511522	0
ENSELUG00000021416	110523733	110536817	0
ENSELUG00000004843	110524010	110531578	0
ENSELUG00000004136	110497703	110505766	0
ENSELUG00000016372	110509062	110537231	0
ENSELUG00000010059	100136228	110496418	0
ENSELUG00000020338	110497849	110532293	0
ENSELUG00000013030	110487810	110515290	0
ENSELUG00000019477	110490749	110500177	0
ENSELUG00000000495	110509792	110523586	0
ENSELUG00000021218	110521821	110524756	0
ENSELUG00000003917	110492408	110521288	0
ENSELUG00000011567	110509752	110523543	0
ENSELUG00000012889	110536510	118964799	0
ENSELUG00000018650	110494254	110528171	0
ENSELUG00000013456	110503491	110507440	0
ENSELUG00000014906	110492366	110532037	0
ENSELUG00000019640	110490319	110500172	0
ENSELUG00000020362	100305177	110501478	0
ENSELUG00000024048	110488835	110505041	0
ENSELUG00000007258	110508253	110531049	0
ENSELUG00000001895	110525512	110535894	0
ENSELUG00000022076	110502657	110531152	0
ENSELUG00000002439	110494090	110528335	0
ENSELUG00000010009	110499449	110502784	0
ENSELUG00000001082	110500753	110531887	0
ENSELUG00000001414	110486727	110513844	0
ENSELUG00000014929	110488579	110504406	0
ENSELUG00000023002	110502634	110530670	0
ENSELUG00000019402	110497983	110532319	0
ENSELUG00000001070	110494829	110528639	0
ENSELUG00000018281	110492697	110503218	0
ENSELUG00000001026	110510204	110534196	0
ENSELUG00000002175	110525458	110535843	0
ENSELUG00000004887	110501627	110520450	0
ENSELUG00000013506	110492341	110532062	0
ENSELUG00000017659	110494274	110528157	0
ENSELUG00000003854	110489545	110524107	0
ENSELUG00000000849	100189621	110509899	0
ENSELUG00000012271	110488198	110496377	0
ENSELUG00000015731	110486035	110493752	0
ENSELUG00000004894	110490000	110535582	0
ENSELUG00000002162	100136038	110525466	0
ENSELUG00000021442	110508884	110530146	0
ENSELUG00000003924	110487927	110496545	0
ENSELUG00000000091	110488947	110505147	0
ENSELUG00000021575	110501459	110520104	0
ENSELUG00000007470	110491999	110532668	0
ENSELUG00000018495	110486259	110538187	0
ENSELUG00000019423	110501502	110520066	0
ENSELUG00000002329	110523821	110537103	0
ENSELUG00000001050	110507710	110520770	0
ENSELUG00000004070	110494580	110527887	0
ENSELUG00000007640	110489921	110535637	0
ENSELUG00000015981	110488610	110504819	0
ENSELUG00000015644	110521485	110524350	0
ENSELUG00000015213	110509955	110533969	0
ENSELUG00000018127	110501370	110504776	0
ENSELUG00000010548	110495754	110528883	0
ENSELUG00000013460	110490825	110535364	0
ENSELUG00000015920	110497539	110505224	0
ENSELUG00000022926	110502636	110530741	0
ENSELUG00000000931	110508893	110530142	0
ENSELUG00000017753	110503712	110507593	0
ENSELUG00000023883	110491072	110532532	0
ENSELUG00000003309	110487829	110524093	0
ENSELUG00000009824	110508762	110530279	0
ENSELUG00000009028	110525803	110536199	0
ENSELUG00000022866	110488060	110496678	0
ENSELUG00000020042	110488963	110505170	0
ENSELUG00000005282	110489115	110504372	0
ENSELUG00000013051	110503581	110507458	0
ENSELUG00000017419	110495327	110520608	0
ENSELUG00000007854	110494494	110527971	0
ENSELUG00000020850	110505771	110524238	0
ENSELUG00000011850	110502455	110532635	0
ENSELUG00000021348	110493275	110527741	0
ENSELUG00000024202	110509557	110522811	0
ENSELUG00000014653	110498644	110534538	1
ENSELUG00000004598	110488719	110504437	0
ENSELUG00000014770	110524037	110534884	0
ENSELUG00000022447	110491075	110532495	0
ENSELUG00000012396	110509191	110511052	0
ENSELUG00000005079	110521016	110537905	0
ENSELUG00000012293	110511355	110516650	0
ENSELUG00000018142	110492698	110531289	0
ENSELUG00000016365	110494926	110520340	0
ENSELUG00000005828	110485644	110511176	1
ENSELUG00000018444	110525628	110535064	0
ENSELUG00000019404	110508526	110524268	0
ENSELUG00000013638	110500305	110531424	0
ENSELUG00000017285	110486225	110538155	0
ENSELUG00000003695	110497997	110505450	0
ENSELUG00000020711	110501325	110505436	0
ENSELUG00000015322	110488257	110516043	0
ENSELUG00000004165	110522288	110529666	0
ENSELUG00000005566	110501849	110520230	0
ENSELUG00000019576	110525839	110535063	0
ENSELUG00000015499	110494326	110528108	0
ENSELUG00000003677	110493206	110528364	0
ENSELUG00000000836	110508358	110524267	0
ENSELUG00000001062	110491946	110531242	0
ENSELUG00000005400	110488401	110496114	0
ENSELUG00000012317	110508719	110530327	0
ENSELUG00000015452	110498817	110523755	0
ENSELUG00000017686	110487875	110496892	0
ENSELUG00000022656	110533635	110537487	0
ENSELUG00000018984	110500875	118966015	0
ENSELUG00000009336	110525812	110536190	0
ENSELUG00000008254	110491978	110532687	0
ENSELUG00000002529	110494086	110528338	0
ENSELUG00000000088	110487904	110496512	0
ENSELUG00000006492	110485753	110512626	0
ENSELUG00000007508	110491995	110532667	0
ENSELUG00000018081	110494264	110528164	0
ENSELUG00000014167	110516934	118938390	1
ENSELUG00000016074	110494808	110520258	0
ENSELUG00000017329	110499208	110502925	0
ENSELUG00000008300	110501718	110520359	0
ENSELUG00000001507	110502484	110529216	0
ENSELUG00000012906	110497816	110505645	0
ENSELUG00000003131	110486505	110524085	0
ENSELUG00000017843	110525641	110536011	0
ENSELUG00000017323	110492451	110532827	0
ENSELUG00000008587	110495733	110528873	0
ENSELUG00000023349	110494136	110528281	0
ENSELUG00000019710	110486657	110538616	0
ENSELUG00000013867	110489673	110535353	0
ENSELUG00000009279	110532245	118939577	0
ENSELUG00000014496	110521506	110524374	0
ENSELUG00000017169	110486221	110538952	0
ENSELUG00000019440	110533288	110537846	0
ENSELUG00000020511	110502593	110522707	0
ENSELUG00000010633	110508751	110530306	0
ENSELUG00000015295	110525450	110535834	0
ENSELUG00000001377	110492182	110532419	0
ENSELUG00000007921	110489061	110504661	0
ENSELUG00000013515	110533559	110537567	0
ENSELUG00000015017	110533530	110537610	0
ENSELUG00000002163	110523806	110537118	0
ENSELUG00000013166	110522046	110529429	0
ENSELUG00000001336	110502137	110504211	0
ENSELUG00000008495	110502463	110528870	0
ENSELUG00000015668	110494714	110520156	0
ENSELUG00000019841	110506375	110526257	0
ENSELUG00000008204	110491492	110499117	0
ENSELUG00000015767	101268948	110501423	0
ENSELUG00000002682	110513925	110526680	0
ENSELUG00000021249	110506399	110526229	0
ENSELUG00000010590	110503651	110507528	0
ENSELUG00000002683	110498047	110505401	0
ENSELUG00000011769	100136277	100136789	0
ENSELUG00000010213	110521592	110524468	0
ENSELUG00000016192	110499241	110502956	0
ENSELUG00000004400	110501887	110520179	0
ENSELUG00000019338	110525603	110535969	0
ENSELUG00000003328	110487930	110524094	0
ENSELUG00000004030	110494581	110527886	0
ENSELUG00000023757	110489305	110496135	0
ENSELUG00000019530	110501601	110520517	0
ENSELUG00000003033	110497676	110522659	0
ENSELUG00000019340	110492177	110531212	0
ENSELUG00000008207	110495724	110528907	0
ENSELUG00000022930	110496711	110521983	0
ENSELUG00000016041	110498182	110505201	0
ENSELUG00000013462	110487443	110487456	0
ENSELUG00000019599	110489749	110535252	0
ENSELUG00000019434	110490311	110500178	0
ENSELUG00000007927	110489831	110536599	0
ENSELUG00000003154	110486637	110524086	0
ENSELUG00000010121	110500374	110531466	0
ENSELUG00000020064	100135835	110535247	0
ENSELUG00000016408	110509081	110529996	0
ENSELUG00000014071	110533547	110537579	0
ENSELUG00000023947	110500518	110531656	0
ENSELUG00000019010	110493229	110528177	0
ENSELUG00000006978	118937768	118938331	0
ENSELUG00000021169	110489193	110504479	0
ENSELUG00000015521	100135918	100136952	0
ENSELUG00000013712	110488224	110496352	0
ENSELUG00000002213	110492826	110498936	0
ENSELUG00000000250	110501692	118944694	0
ENSELUG00000016753	110494296	110528143	0
ENSELUG00000015410	110506498	110526378	0
ENSELUG00000006436	110509661	110523445	0
ENSELUG00000006447	110501827	110505333	0
ENSELUG00000000528	110508677	110530372	0
ENSELUG00000002437	110489538	110535486	0
ENSELUG00000014008	110504135	110507958	0
ENSELUG00000000552	110522080	110529465	0
ENSELUG00000012465	110503593	110507472	0
ENSELUG00000009930	110491944	110532718	0
ENSELUG00000022555	110494674	110527782	0
ENSELUG00000004732	110494559	110527903	0
ENSELUG00000017330	110488095	110496890	0
ENSELUG00000001498	110521606	110524486	0
ENSELUG00000016688	110518863	110519153	0
ENSELUG00000018531	110525627	110535990	0
ENSELUG00000018963	110486264	110538197	0
ENSELUG00000008424	110494035	110528429	0
ENSELUG00000011831	110509758	110523549	0
ENSELUG00000024531	110487733	110505034	0
ENSELUG00000004614	110489151	110504367	0
ENSELUG00000016357	110494315	110528127	0
ENSELUG00000014382	110488569	110513958	1
ENSELUG00000001087	110489372	110496510	0
ENSELUG00000023205	110501918	110520139	0
ENSELUG00000019513	110503984	110507809	0
ENSELUG00000009778	110525819	110536180	0
ENSELUG00000016285	110486059	110493761	0
ENSELUG00000011051	110489604	110535405	0
ENSELUG00000002685	110513924	110526682	0
ENSELUG00000001164	110525646	110536017	0
ENSELUG00000005660	110488515	110496109	0
ENSELUG00000018779	110508629	110530970	0
ENSELUG00000002093	110498383	110504191	0
ENSELUG00000002328	110487884	110496487	0
ENSELUG00000009187	110535685	110535729	1
ENSELUG00000005450	110500795	110521223	0
ENSELUG00000010713	110499543	110502791	0
ENSELUG00000013029	110492105	110524137	0
ENSELUG00000006240	110508805	110530222	0
ENSELUG00000016631	110522115	110529489	0
ENSELUG00000008844	110491967	110532700	0
ENSELUG00000006029	110494530	110527934	0
ENSELUG00000013894	110501553	110520018	0
ENSELUG00000022212	110533324	110537791	0
ENSELUG00000019298	110491057	110533285	0
ENSELUG00000012232	110487594	110515051	0
ENSELUG00000004289	110486767	110538722	1
ENSELUG00000000888	110486679	110538635	0
ENSELUG00000007146	110503847	110507679	0
ENSELUG00000021062	110509922	118936600	0
ENSELUG00000001003	110492133	110532530	0
ENSELUG00000020039	110494227	110528207	0
ENSELUG00000003659	110491396	110498993	0
ENSELUG00000011519	110487251	110514733	0
ENSELUG00000003655	110490417	110500061	0
ENSELUG00000002965	110527292	110528750	1
ENSELUG00000014869	110498693	110523666	0
ENSELUG00000021761	110495449	110528846	0
ENSELUG00000020768	110510062	110534070	0
ENSELUG00000011950	110500729	110531872	0
ENSELUG00000005385	110487967	110496864	0
ENSELUG00000014405	110508678	110530370	0
ENSELUG00000001961	110525496	110535880	0
ENSELUG00000010823	110486517	110538475	0
ENSELUG00000018905	110495868	110521202	0
ENSELUG00000006507	110489901	110535654	0
ENSELUG00000003355	110492112	110532551	0
ENSELUG00000006947	110533741	110537378	0
ENSELUG00000016776	110495898	110527512	0
ENSELUG00000009982	110508371	110530713	0
ENSELUG00000006127	110506738	110526602	0
ENSELUG00000016010	110506494	110526366	0
ENSELUG00000017991	110508175	110530412	0
ENSELUG00000023386	110522240	110529622	0
ENSELUG00000019469	110503688	110507565	0
ENSELUG00000017078	110499135	110524097	0
ENSELUG00000010930	110521597	110524471	0
ENSELUG00000001076	110501670	110520410	0
ENSELUG00000006625	110508797	110530228	0
ENSELUG00000009862	110503247	110507235	0
ENSELUG00000022018	110510099	110534110	0
ENSELUG00000010474	110506608	110526480	0
ENSELUG00000008709	110488145	110496431	0
ENSELUG00000005480	110490370	110500112	0
ENSELUG00000009625	110513572	118936837	0
ENSELUG00000006098	110526042	110536406	0
ENSELUG00000004663	110523906	110537019	0
ENSELUG00000004408	110491410	110499009	0
ENSELUG00000014330	110488092	110515778	0
ENSELUG00000006452	110485743	110512505	0
ENSELUG00000018248	110503068	110503069	0
ENSELUG00000010311	110501758	110520321	0
ENSELUG00000000199	110508453	110529141	0
ENSELUG00000020471	110497443	110534439	0
ENSELUG00000018139	110506422	110526308	0
ENSELUG00000007428	110508787	110530239	0
ENSELUG00000012160	110492329	110532072	0
ENSELUG00000014415	110500315	110531426	0
ENSELUG00000017396	110521459	110524320	0
ENSELUG00000013869	110494864	110528694	0
ENSELUG00000017825	110501372	110504796	0
ENSELUG00000002179	110489552	110535470	0
ENSELUG00000015312	110498428	110498641	1
ENSELUG00000013969	110502419	110528139	0
ENSELUG00000015120	110491291	110499495	0
ENSELUG00000019914	110534910	110537708	0
ENSELUG00000002913	110498035	110505413	0
ENSELUG00000013754	110492660	110532788	0
ENSELUG00000014362	110487052	110487058	1
ENSELUG00000004989	110521015	110538923	0
ENSELUG00000012419	110493830	110524149	0
ENSELUG00000019694	110492169	110532440	0
ENSELUG00000021693	110486346	110538457	0
ENSELUG00000003622	110498003	110505447	0
ENSELUG00000022265	110533633	110537491	0
ENSELUG00000008380	110494036	110529019	0
ENSELUG00000019838	110500564	110531699	0
ENSELUG00000006241	110508274	110530655	0
ENSELUG00000013651	110486141	110538063	0
ENSELUG00000023473	110525017	110536631	0
ENSELUG00000000173	110489040	110504647	0
ENSELUG00000000503	110498283	110523448	0
ENSELUG00000022500	110508581	118936258	0
ENSELUG00000017967	110486240	110538170	0
ENSELUG00000013720	110507435	118944023	0
ENSELUG00000023129	110525554	110535058	0
ENSELUG00000021873	110521812	110523029	0
ENSELUG00000004934	110522308	110529690	0
ENSELUG00000000497	110508314	110530779	0
ENSELUG00000017786	110492469	110521296	0
ENSELUG00000000774	110487854	110496729	0
ENSELUG00000007160	110501811	110520265	0
ENSELUG00000013983	110494364	110528071	0
ENSELUG00000008336	110495729	110528908	0
ENSELUG00000018128	110525633	110535999	0
ENSELUG00000022778	110495787	110527413	0
ENSELUG00000022955	110503759	110507163	0
ENSELUG00000005428	100136692	110502539	0
ENSELUG00000013890	110503502	110507428	0
ENSELUG00000013802	110525716	110536090	0
ENSELUG00000008160	110490145	110500293	0
ENSELUG00000020221	110522614	110529293	0
ENSELUG00000024247	110508546	110530513	0
ENSELUG00000009302	110522021	110529407	0
ENSELUG00000014777	110494343	110528095	0
ENSELUG00000022360	110494163	110528263	0
ENSELUG00000003368	110501451	110521143	0
ENSELUG00000000393	100301688	110503187	0
ENSELUG00000012750	110533575	110537551	0
ENSELUG00000003199	110509587	110523370	0
ENSELUG00000022308	110501447	110520113	0
ENSELUG00000020370	110506391	110526239	0
ENSELUG00000010161	110500784	110531919	0
ENSELUG00000018565	110509884	110523674	0
ENSELUG00000021571	110533387	110537808	0
ENSELUG00000010424	110509731	110523519	0
ENSELUG00000023318	110489268	110496145	0
ENSELUG00000022378	110503359	110507125	0
ENSELUG00000001943	110491040	110534217	0
ENSELUG00000012297	110486013	110493727	0
ENSELUG00000015720	110503530	110507364	0
ENSELUG00000019532	110522586	110529309	0
ENSELUG00000023505	110489804	110535203	0
ENSELUG00000001589	110488758	110504950	0
ENSELUG00000022312	110521803	110524732	0
ENSELUG00000011040	110508351	110530734	0
ENSELUG00000008574	110509700	110523487	0
ENSELUG00000013182	110492810	110499560	0
ENSELUG00000007123	110509139	110509140	0
ENSELUG00000015186	110501546	110520023	0
ENSELUG00000013665	110503495	110507436	0
ENSELUG00000002775	110525981	110536354	0
ENSELUG00000008915	110534148	110535632	0
ENSELUG00000019503	110495977	110521435	0
ENSELUG00000022791	110502643	110530850	0
ENSELUG00000010974	110493968	118948024	0
ENSELUG00000002333	110494106	110528317	0
ENSELUG00000008233	110506691	110526560	0
ENSELUG00000018595	110508635	110530426	0
ENSELUG00000001118	110490459	110500004	0
ENSELUG00000011068	110498787	110503044	0
ENSELUG00000021421	110510076	110534092	0
ENSELUG00000023085	110502633	110530724	0
ENSELUG00000009989	110499447	110502783	0
ENSELUG00000000266	110492000	110532672	0
ENSELUG00000018224	110490288	110500191	0
ENSELUG00000022615	110521053	110529601	0
ENSELUG00000021549	110510085	110534099	0
ENSELUG00000014598	110494472	110519996	0
ENSELUG00000003315	110491376	110498982	0
ENSELUG00000012353	110502335	110524388	0
ENSELUG00000023632	110489284	110496140	0
ENSELUG00000004857	110501626	110520452	0
ENSELUG00000003460	110487289	110493486	0
ENSELUG00000009219	110521586	110524457	0
ENSELUG00000009626	110506663	110526532	0
ENSELUG00000022246	110503906	110507751	0
ENSELUG00000012064	110491541	110498830	0
ENSELUG00000023297	110489167	110504545	0
ENSELUG00000003810	110495650	110527323	0
ENSELUG00000005030	110497721	110505743	0
ENSELUG00000016693	110521467	110524331	0
ENSELUG00000004033	110494038	110528386	0
ENSELUG00000013080	110503580	110507456	0
ENSELUG00000011325	110485853	110495121	0
ENSELUG00000009374	110516869	118942853	0
ENSELUG00000013206	110500301	110531432	0
ENSELUG00000000105	110494059	110528361	0
ENSELUG00000013615	110489677	110535360	0
ENSELUG00000001970	110492520	110508398	0
ENSELUG00000004612	110508226	110530034	0
ENSELUG00000012301	110509767	110523558	0
ENSELUG00000023243	110492745	110532516	0
ENSELUG00000016340	110494902	110520323	0
ENSELUG00000023460	110488126	110496447	0
ENSELUG00000010231	110491540	110498788	0
ENSELUG00000001309	110494256	110528169	0
ENSELUG00000022402	110496072	110517827	0
ENSELUG00000019485	110508934	110529122	0
ENSELUG00000012234	110486133	110538031	0
ENSELUG00000003544	110498006	110505438	0
ENSELUG00000007642	110522561	110529767	0
ENSELUG00000011138	110493872	110528941	0
ENSELUG00000022091	110534842	110537795	0
ENSELUG00000021806	110498289	110506002	0
ENSELUG00000012219	110533587	110537541	0
ENSELUG00000004927	110494553	110527912	0
ENSELUG00000002355	110525945	110536327	0
ENSELUG00000019380	110499392	110502715	0
ENSELUG00000002236	100136015	100136065	0
ENSELUG00000019293	110490304	110500181	0
ENSELUG00000013425	110501567	110520010	0
ENSELUG00000019085	110509972	110537775	0
ENSELUG00000008908	110495988	110519671	0
ENSELUG00000011106	110487143	110514538	0
ENSELUG00000023508	110521891	110537909	0
ENSELUG00000004888	110524009	110531039	0
ENSELUG00000005475	110523922	110537003	0
ENSELUG00000001212	110490322	110500168	0
ENSELUG00000006243	110487667	110496023	0
ENSELUG00000019669	110497945	110523010	0
ENSELUG00000020319	110537829	118966703	0
ENSELUG00000010347	110501759	110504376	0
ENSELUG00000010263	110506615	110526485	0
ENSELUG00000003527	110488750	110504945	0
ENSELUG00000012032	110491542	110498831	0
ENSELUG00000007312	110506118	110526577	0
ENSELUG00000019768	110525590	110535956	0
ENSELUG00000014264	110533539	110537599	0
ENSELUG00000002143	110525469	110535851	0
ENSELUG00000018555	110509882	110523672	0
ENSELUG00000002039	110527248	110527250	0
ENSELUG00000008374	110506688	110526558	0
ENSELUG00000001963	110525495	110535879	0
ENSELUG00000007900	110525838	110536222	0
ENSELUG00000011221	110492870	110532479	0
ENSELUG00000024332	110497646	110505811	0
ENSELUG00000018549	110502323	110526969	0
ENSELUG00000016353	110521993	110529355	0
ENSELUG00000013760	110508690	110530360	0
ENSELUG00000003341	110508524	110530535	0
ENSELUG00000001271	110490305	110500182	0
ENSELUG00000011990	110486100	110537981	0
ENSELUG00000007807	110508784	110530242	0
ENSELUG00000011160	110503186	110508006	0
ENSELUG00000012356	110533585	110537546	0
ENSELUG00000023662	110499138	110524187	0
ENSELUG00000013555	110533558	110537568	0
ENSELUG00000019713	110499388	110502709	0
ENSELUG00000021364	110503933	110507770	0
ENSELUG00000017301	110509864	110523648	0
ENSELUG00000004193	110502579	110530180	0
ENSELUG00000019708	110525268	110535681	0
ENSELUG00000023219	110525548	110535923	0
ENSELUG00000023011	110496739	110522006	0
ENSELUG00000020285	110533310	110537827	0
ENSELUG00000013702	110493907	110528539	0
ENSELUG00000008126	110491490	110499116	0
ENSELUG00000017827	110492461	110521299	0
ENSELUG00000019172	110503748	110507166	0
ENSELUG00000013004	110504746	110512013	0
ENSELUG00000001879	110492491	110531943	0
ENSELUG00000017313	110509103	110529975	0
ENSELUG00000016015	110501414	110520629	0
ENSELUG00000017560	110487880	110496710	0
ENSELUG00000013791	110523070	110536873	0
ENSELUG00000007943	110489064	110504669	0
ENSELUG00000017919	110519316	110534768	0
ENSELUG00000018478	110502010	110504579	0
ENSELUG00000009430	110508769	110530268	0
ENSELUG00000023862	110506919	110506920	1
ENSELUG00000018210	110525632	110535997	0
ENSELUG00000003391	110523865	110537062	0
ENSELUG00000014104	110503509	110507420	0
ENSELUG00000024398	110525171	110536467	0
ENSELUG00000001103	101268953	110525715	0
ENSELUG00000003448	110491380	110498989	0
ENSELUG00000007360	110486411	110538376	0
ENSELUG00000019579	110486284	110538214	0
ENSELUG00000017648	110509866	110523649	0
ENSELUG00000022026	110533388	110537794	0
ENSELUG00000005110	110524003	110529747	0
ENSELUG00000011637	110491551	110498836	0
ENSELUG00000014555	110494478	110519986	0
ENSELUG00000002917	110492301	110532104	0
ENSELUG00000023419	110508991	110530064	0
ENSELUG00000006888	110487993	110496605	0
ENSELUG00000019958	110488962	110505166	0
ENSELUG00000001849	110490574	110499894	0
ENSELUG00000008806	110491507	110499129	0
ENSELUG00000024041	110500514	110531650	0
ENSELUG00000009730	110521082	110529231	0
ENSELUG00000012912	110504745	118938770	0
ENSELUG00000010735	110485870	110493599	0
ENSELUG00000004002	110502017	110520481	0
ENSELUG00000010145	110493751	110509695	0
ENSELUG00000022710	110522223	110529602	0
ENSELUG00000013418	110498385	110505311	0
ENSELUG00000014036	110506523	110526949	0
ENSELUG00000001592	110523926	110537000	0
ENSELUG00000018775	110492193	110532417	0
ENSELUG00000015638	110494657	110520144	0
ENSELUG00000014140	110503149	110507192	0
ENSELUG00000003555	110495448	110527307	0
ENSELUG00000008265	110495727	110528881	0
ENSELUG00000019850	110507530	110524255	0
ENSELUG00000001565	110498408	110504284	0
ENSELUG00000021831	110503920	110507761	0
ENSELUG00000007411	110491470	110498757	0
ENSELUG00000002170	110498086	110505364	0
ENSELUG00000019245	110492184	110532422	0
ENSELUG00000001918	110491039	110534220	0
ENSELUG00000000324	110490904	110535448	0
ENSELUG00000007999	110522672	118965477	0
ENSELUG00000001190	110502378	110527634	0
ENSELUG00000002676	110488789	110504990	0
ENSELUG00000006385	110490350	110500133	0
ENSELUG00000022354	110488886	110505081	0
ENSELUG00000018367	110489739	110535269	0
ENSELUG00000000102	110485715	110493465	1
ENSELUG00000003927	110490068	110524111	0
ENSELUG00000005420	110501855	110520225	0
ENSELUG00000010488	110501764	110520315	0
ENSELUG00000009392	110504694	110519955	0
ENSELUG00000019615	110509904	110523696	0
ENSELUG00000005939	110489316	110496102	0
ENSELUG00000016159	110494854	110520275	0
ENSELUG00000013231	110503570	110507447	0
ENSELUG00000004823	110490002	110535578	0
ENSELUG00000022164	110488047	110496668	0
ENSELUG00000012328	110500725	110531867	0
ENSELUG00000004456	110486770	110486773	1
ENSELUG00000003231	110490434	110500046	0
ENSELUG00000020147	110497592	110504238	0
ENSELUG00000005556	110524000	110528753	0
ENSELUG00000020555	110501321	110520543	0
ENSELUG00000006601	110486842	110486844	0
ENSELUG00000005306	110520735	118936611	1
ENSELUG00000010595	110492627	110532271	0
ENSELUG00000013365	110494374	110528062	0
ENSELUG00000008044	110521561	110524428	0
ENSELUG00000012958	110525739	110536114	0
ENSELUG00000015069	110502172	110518808	0
ENSELUG00000013931	110488553	110504768	0
ENSELUG00000013116	110492811	110499494	0
ENSELUG00000001223	100301644	110501419	0
ENSELUG00000006835	110509148	110530873	0
ENSELUG00000015661	110521484	110524348	0
ENSELUG00000007990	110509156	110531051	0
ENSELUG00000021262	110522214	110529592	0
ENSELUG00000022515	110489770	110535222	0
ENSELUG00000015238	110491289	110499498	0
ENSELUG00000009640	110490327	110500163	0
ENSELUG00000008308	110486912	110537856	1
ENSELUG00000010851	110500321	110531928	0
ENSELUG00000008403	110488505	110496000	0
ENSELUG00000008536	110494485	110527977	0
ENSELUG00000019317	110497590	110505858	0
ENSELUG00000004818	110502588	110521206	0
ENSELUG00000011793	110496986	110500299	1
ENSELUG00000018809	110525613	110535979	0
ENSELUG00000000820	110497585	110504240	0
ENSELUG00000024473	110489811	110536538	0
ENSELUG00000006937	110487995	110496607	0
ENSELUG00000001044	110522014	110529379	0
ENSELUG00000020123	110521833	110524784	0
ENSELUG00000006412	110491451	110499049	0
ENSELUG00000021120	110488373	110496204	0
ENSELUG00000015599	110500627	110531784	0
ENSELUG00000016499	110494302	110528134	0
ENSELUG00000012448	110490687	118942829	0
ENSELUG00000000328	100301740	110503215	0
ENSELUG00000003519	110493208	110529011	0
ENSELUG00000023061	110488061	110496680	0
ENSELUG00000005205	110522314	110529696	0
ENSELUG00000010262	110518729	110531893	1
ENSELUG00000022014	110488902	110505098	0
ENSELUG00000006216	110526905	118937404	0
ENSELUG00000010403	110486995	110514282	0
ENSELUG00000002890	110521721	110523008	0
ENSELUG00000004482	110521057	110529677	0
ENSELUG00000014037	110504137	110507961	0
ENSELUG00000005117	110502552	110529992	0
ENSELUG00000003444	110485736	110493485	1
ENSELUG00000005650	110522328	110529707	0
ENSELUG00000024244	110520956	110523020	0
ENSELUG00000017128	110486220	110538149	0
ENSELUG00000024251	110510210	110534202	0
ENSELUG00000000383	110503405	110536894	0
ENSELUG00000013560	110490690	110514333	0
ENSELUG00000003795	110500478	110532940	0
ENSELUG00000022564	110485532	110485533	0
ENSELUG00000015725	110522756	110524346	0
ENSELUG00000020446	110495837	110527455	0
ENSELUG00000019707	110489248	110504473	0
ENSELUG00000009346	110491951	110532711	0
ENSELUG00000009423	110501905	110520161	0
ENSELUG00000019820	110494755	110527716	0
ENSELUG00000006534	110486391	110538402	0
ENSELUG00000018755	110488706	110504902	0
ENSELUG00000002834	110491391	110498972	0
ENSELUG00000018088	110503723	110507604	0
ENSELUG00000006740	110506728	110526593	0
ENSELUG00000002265	110491347	110498938	0
ENSELUG00000012962	110521540	110524406	0
ENSELUG00000020886	110497449	110534422	0
ENSELUG00000006002	110509649	110523429	0
ENSELUG00000020789	110522203	110529578	0
ENSELUG00000016073	110509981	110533991	0
ENSELUG00000007996	100305156	110528412	0
ENSELUG00000000661	110522101	110529504	0
ENSELUG00000020202	110522177	110529555	0
ENSELUG00000012242	110506555	110526430	0
ENSELUG00000004949	110509036	110530022	0
ENSELUG00000013181	110493912	110528528	0
ENSELUG00000019230	110486272	110538209	1
ENSELUG00000001153	110532451	118939547	0
ENSELUG00000003125	110498024	110505426	0
ENSELUG00000014544	110498146	110505290	0
ENSELUG00000014279	110501428	110520642	0
ENSELUG00000012368	110515141	110534759	0
ENSELUG00000023675	110502077	110522059	0
ENSELUG00000011968	110491544	110498833	0
ENSELUG00000020253	110497874	110522890	0
ENSELUG00000010497	101268906	101268907	0
ENSELUG00000022687	110497466	110534398	0
ENSELUG00000016802	110499106	110524021	0
ENSELUG00000010123	110495188	110527121	0
ENSELUG00000005054	100136685	110523916	0
ENSELUG00000022530	100136600	110495788	0
ENSELUG00000018671	110502232	110523292	0
ENSELUG00000001638	110525424	110535818	0
ENSELUG00000014765	110498720	110523687	0
ENSELUG00000010087	110486497	110538294	0
ENSELUG00000008410	110494489	110527974	0
ENSELUG00000019952	110497903	110522960	0
ENSELUG00000009773	110486479	110538308	0
ENSELUG00000005869	110491433	110499032	0
ENSELUG00000010325	110503195	110508019	0
ENSELUG00000012544	110486005	110493722	0
ENSELUG00000000200	110503346	110507660	0
ENSELUG00000020754	110503956	110507790	0
ENSELUG00000015387	110494329	110528105	0
ENSELUG00000023552	110488121	110496453	0
ENSELUG00000016592	110497330	110497341	1
ENSELUG00000016316	110506492	110526360	0
ENSELUG00000019683	110521840	110524800	0
ENSELUG00000021590	110488911	110505107	0
ENSELUG00000010769	110486124	110538013	0
ENSELUG00000020680	110492150	110532461	0
ENSELUG00000019585	110501500	110520067	0
ENSELUG00000001166	110523966	110536955	0
ENSELUG00000006296	110521907	110539090	0
ENSELUG00000000307	110486376	110513321	0
ENSELUG00000010175	110492634	110532261	0
ENSELUG00000020508	110501320	110520541	0
ENSELUG00000024408	110520994	110524675	0
ENSELUG00000003304	110501906	110504222	0
ENSELUG00000012974	110503393	110507965	0
ENSELUG00000022510	110486723	110539002	1
ENSELUG00000023235	110488132	110496437	0
ENSELUG00000013403	110500302	110532909	0
ENSELUG00000023937	110522252	110529638	0
ENSELUG00000018599	110491086	110532412	0
ENSELUG00000020422	110499369	110503113	0
ENSELUG00000005299	110485460	110511556	0
ENSELUG00000010874	110533616	110537511	0
ENSELUG00000024293	110491132	110531964	0
ENSELUG00000010599	110486128	110538020	0
ENSELUG00000022259	110488890	110505086	0
ENSELUG00000008529	110522546	110529227	0
ENSELUG00000008886	110501738	110520344	0
ENSELUG00000008660	110509703	110522839	0
ENSELUG00000023967	110488841	110505045	0
ENSELUG00000012201	110498609	110498611	0
ENSELUG00000005168	110523917	110537006	0
ENSELUG00000011053	110521857	110524839	0
ENSELUG00000018322	110486258	110538183	0
ENSELUG00000018249	110491199	110499525	0
ENSELUG00000015203	110494582	110520069	0
ENSELUG00000021981	110533406	110537797	0
ENSELUG00000012435	110490204	110500256	0
ENSELUG00000005239	110502543	110529936	0
ENSELUG00000007029	110493247	110527962	0
ENSELUG00000019269	110499393	110502716	0
ENSELUG00000012172	110503606	110507484	0
ENSELUG00000002292	110491349	110498943	0
ENSELUG00000006749	110509671	110523452	0
ENSELUG00000022528	110492762	110532498	0
ENSELUG00000007409	110522565	110529762	0
ENSELUG00000021726	110489483	110504486	0
ENSELUG00000023204	110495489	110527188	0
ENSELUG00000007906	110486325	110513266	0
ENSELUG00000005521	110521654	110522998	0
ENSELUG00000013577	110489679	110535361	0
ENSELUG00000003221	110508528	110530983	0
ENSELUG00000007137	110523950	110536980	0
ENSELUG00000012914	110509780	110523571	0
ENSELUG00000012510	110486008	110493725	0
ENSELUG00000010065	110491536	110498790	0
ENSELUG00000009461	110491949	110531241	0
ENSELUG00000009799	110491528	110499153	0
ENSELUG00000023696	110492437	110531971	0
ENSELUG00000003340	110494058	110528363	0
ENSELUG00000015829	110509067	110530004	0
ENSELUG00000014507	110488242	110496341	0
ENSELUG00000017776	110486234	110538164	0
ENSELUG00000021702	110533617	110537509	0
ENSELUG00000002447	110525971	110536341	0
ENSELUG00000005704	110521122	110529158	0
ENSELUG00000022176	110533322	110537792	0
ENSELUG00000018656	110503731	110507614	0
ENSELUG00000012060	110487486	110514960	0
ENSELUG00000016290	110521472	110524336	0
ENSELUG00000007570	110494961	110528405	0
ENSELUG00000004275	110497704	110505764	0
ENSELUG00000003149	110492119	110532542	0
ENSELUG00000009960	110486940	110514133	0
ENSELUG00000012919	110533571	110537552	0
ENSELUG00000007105	110525847	110536230	0
ENSELUG00000009987	110491026	110534223	0
ENSELUG00000013565	110503492	110507439	0
ENSELUG00000019110	110502021	110518747	0
ENSELUG00000022162	110500540	110531674	0
ENSELUG00000009056	110508186	110530263	0
ENSELUG00000021412	100462680	110494717	0
ENSELUG00000019696	110499094	118943890	0
ENSELUG00000011798	110492321	110532078	0
ENSELUG00000018123	110499195	110502915	0
ENSELUG00000019981	110494233	110528199	0
ENSELUG00000019797	110502287	110526526	0
ENSELUG00000020774	110501472	110520090	0
ENSELUG00000003570	110488749	110504943	0
ENSELUG00000003525	110493258	110527116	0
ENSELUG00000003479	110491858	110532191	0
ENSELUG00000019511	110507802	110524265	0
ENSELUG00000002184	110523807	110537115	0
ENSELUG00000020075	110506434	110524247	0
ENSELUG00000019885	110495857	110527474	0
ENSELUG00000020219	110510050	110534056	0
ENSELUG00000012460	110493709	110524147	0
ENSELUG00000021837	110502662	110531225	0
ENSELUG00000011848	110506562	110526438	0
ENSELUG00000021870	110503918	110507760	0
ENSELUG00000021723	110533392	110537801	0
ENSELUG00000018132	110499421	110502745	0
ENSELUG00000001440	110491461	110499058	0
ENSELUG00000002689	110488788	110504993	0
ENSELUG00000010494	110486506	110538283	0
ENSELUG00000018476	110499185	110502906	0
ENSELUG00000014992	110504104	110507917	0
ENSELUG00000010170	110488166	110496414	0
ENSELUG00000011329	110533601	110537524	0
ENSELUG00000014268	110486154	118936293	0
ENSELUG00000020229	110506389	110526933	0
ENSELUG00000016268	110500880	110531767	0
ENSELUG00000021659	110485344	118936554	1
ENSELUG00000014603	110490245	110500227	0
ENSELUG00000001575	110508944	110537022	0
ENSELUG00000013387	110487942	110515443	0
ENSELUG00000013654	100301755	110487451	1
ENSELUG00000000643	110500613	110531754	0
ENSELUG00000012899	110488214	110496361	0
ENSELUG00000013753	110501560	110520014	0
ENSELUG00000019290	110498007	110523083	0
ENSELUG00000020003	110497890	110522951	0
ENSELUG00000015453	110494626	110520111	0
ENSELUG00000016103	110492675	110517102	0
ENSELUG00000005274	110485224	110511568	0
ENSELUG00000019993	110503976	110507803	0
ENSELUG00000020537	110495935	110527546	0
ENSELUG00000004093	110509610	110522844	0
ENSELUG00000007225	110491469	110499062	0
ENSELUG00000020863	110494199	110528225	0
ENSELUG00000013641	110509797	110523588	0
ENSELUG00000011478	110506580	110526454	0
ENSELUG00000004001	110509315	110522816	0
ENSELUG00000005778	110497731	110505734	0
ENSELUG00000016383	110488993	110505195	0
ENSELUG00000000838	110494764	110527705	0
ENSELUG00000009606	110503667	110507548	0
ENSELUG00000008728	110495738	110528892	0
ENSELUG00000017932	110486239	110538169	0
ENSELUG00000012384	110488201	110496376	0
ENSELUG00000013678	110488056	110515656	0
ENSELUG00000021879	110494182	110528250	0
ENSELUG00000015968	110494780	110520211	0
ENSELUG00000002986	110490442	110500035	0
ENSELUG00000011929	110520794	110536202	1
ENSELUG00000013277	110498122	110505313	0
ENSELUG00000004605	110501882	110520187	0
ENSELUG00000010793	110493906	110512077	0
ENSELUG00000023242	110485635	110485636	0
ENSELUG00000013733	110498357	110523481	0
ENSELUG00000006421	110502496	110529412	0
ENSELUG00000003989	110504934	118936297	0
ENSELUG00000014834	110492364	110532039	0
ENSELUG00000024250	110492123	110532539	0
ENSELUG00000024402	110509005	110530045	0
ENSELUG00000022472	110488879	110505075	0
ENSELUG00000017855	110510018	110533119	0
ENSELUG00000000760	110494262	110528991	0
ENSELUG00000021535	110523748	110537173	0
ENSELUG00000000354	110486476	110538313	0
ENSELUG00000000696	110487879	110496714	0
ENSELUG00000004659	110491413	110498743	0
ENSELUG00000003782	110494048	110528371	0
ENSELUG00000021980	110488903	110505099	0
ENSELUG00000013295	110503305	110507446	0
ENSELUG00000001117	110521759	110524661	0
ENSELUG00000004750	110523909	110537014	0
ENSELUG00000000360	110500380	110531481	0
ENSELUG00000019951	110486670	110538628	0
ENSELUG00000021393	110508887	118944841	0
ENSELUG00000002090	110523796	110536809	0
ENSELUG00000004607	110521668	110524555	0
ENSELUG00000015828	110502334	110527082	0
ENSELUG00000015365	110523122	110536895	0
ENSELUG00000021520	110523747	110537175	0
ENSELUG00000006121	110496019	110513288	0
ENSELUG00000015690	110506487	110526374	0
ENSELUG00000003792	110492096	110532566	0
ENSELUG00000021452	110488913	110505111	0
ENSELUG00000007034	110521624	110524506	0
ENSELUG00000012876	110488213	110496363	0
ENSELUG00000009467	110504696	110519956	0
ENSELUG00000012848	110501580	110520002	0
ENSELUG00000023234	110502056	110522073	0
ENSELUG00000016570	110495023	110520414	0
ENSELUG00000014615	110509373	110533952	0
ENSELUG00000002060	110489569	110535450	0
ENSELUG00000020562	110495829	110528807	0
ENSELUG00000022987	110501927	110520131	0
ENSELUG00000017643	110504039	110507863	0
ENSELUG00000007219	110492007	110532657	0
ENSELUG00000023195	110489310	110496147	0
ENSELUG00000005706	110509452	110534209	0
ENSELUG00000014662	110509936	110533953	0
ENSELUG00000011872	110509760	110523552	0
ENSELUG00000017051	110488645	110504851	0
ENSELUG00000004407	110508224	110530042	0
ENSELUG00000013828	110498391	110523486	0
ENSELUG00000018869	110522160	110529533	0
ENSELUG00000024394	110506887	110506892	0
ENSELUG00000006088	110489983	110535593	0
ENSELUG00000008777	110525826	110536204	0
ENSELUG00000009764	110503249	110508059	0
ENSELUG00000007729	110509690	110523473	0
ENSELUG00000003490	110492107	110531227	0
ENSELUG00000011901	110501783	110520298	0
ENSELUG00000008395	110491975	110532689	0
ENSELUG00000005059	110490378	110500103	0
ENSELUG00000015498	110509404	110533974	0
ENSELUG00000015376	110508838	110536976	1
ENSELUG00000016957	110502364	110527415	0
ENSELUG00000004103	110488730	110504930	0
ENSELUG00000013734	110488551	110504767	0
ENSELUG00000021543	110508882	110530149	0
ENSELUG00000020215	110490968	110534229	0
ENSELUG00000013415	110522036	110529423	0
ENSELUG00000005991	110503817	110507657	0
ENSELUG00000003334	110491855	110532196	0
ENSELUG00000002672	110488790	110504991	0
ENSELUG00000004613	110495669	110527338	0
ENSELUG00000021635	110485343	110494921	1
ENSELUG00000005003	110536595	110536597	0
ENSELUG00000005811	110487973	110496585	0
ENSELUG00000016319	110504064	110507895	0
ENSELUG00000020679	110522198	110529572	0
ENSELUG00000002590	110523836	110536802	0
ENSELUG00000024432	110491336	110498931	0
ENSELUG00000021349	110501463	110520097	0
ENSELUG00000015760	110502333	110527080	0
ENSELUG00000009509	110533808	110536832	0
ENSELUG00000003477	110488062	110524098	0
ENSELUG00000014881	110493889	110528558	0
ENSELUG00000000319	110486436	110538352	0
ENSELUG00000018556	110486261	110539167	0
ENSELUG00000020828	110508902	110530134	0
ENSELUG00000018915	110503743	110507623	0
ENSELUG00000016104	110494832	110520267	0
ENSELUG00000009277	110491955	110532709	0
ENSELUG00000022832	110492751	110532508	0
ENSELUG00000022744	110501942	110520125	0
ENSELUG00000016580	100136949	110504828	0
ENSELUG00000005903	110491434	110499033	0
ENSELUG00000015360	110502397	110527837	0
ENSELUG00000003813	110494588	110527882	0
ENSELUG00000000790	110509881	110523671	0
ENSELUG00000010164	110493285	110527695	0
ENSELUG00000010613	110494803	110527688	0
ENSELUG00000013963	110492658	110532785	0
ENSELUG00000018325	110493305	110528642	0
ENSELUG00000014219	110488235	110496344	0
ENSELUG00000002630	110521732	110524621	0
ENSELUG00000002734	110488781	110504985	0
ENSELUG00000019410	110525599	110535965	0
ENSELUG00000011551	110494422	110528021	0
ENSELUG00000007703	110502417	110525089	0
ENSELUG00000022224	110494173	110528255	0
ENSELUG00000023494	110494703	110527758	0
ENSELUG00000012421	110494212	110515971	0
ENSELUG00000020138	110522176	110529554	0
ENSELUG00000016890	110525672	110536040	0
ENSELUG00000023559	110494701	110527759	0
ENSELUG00000016741	110492609	110532820	0
ENSELUG00000016670	110488624	110504297	0
ENSELUG00000001622	110493841	110527107	0
ENSELUG00000015187	110490236	110500234	0
ENSELUG00000008010	110533099	110537357	0
ENSELUG00000004944	110501632	110520447	0
ENSELUG00000022599	110489282	110496162	0
ENSELUG00000017061	110498210	110505219	0
ENSELUG00000019796	110499097	110502870	0
ENSELUG00000016203	110504068	110507901	0
ENSELUG00000007569	110509686	110523467	0
ENSELUG00000015677	110490253	110500219	0
ENSELUG00000008086	110533771	110537352	0
ENSELUG00000007071	110523044	110524992	0
ENSELUG00000006147	110490104	110491287	0
ENSELUG00000012975	110508702	110530347	0
ENSELUG00000016618	110520967	110529488	0
ENSELUG00000014601	110508630	110536706	0
ENSELUG00000018054	110492419	110531160	0
ENSELUG00000020946	110522207	110529582	0
ENSELUG00000017789	110502375	110527528	0
ENSELUG00000012589	110490203	110501065	0
ENSELUG00000022633	110502646	110530876	0
ENSELUG00000014204	110492357	110532047	0
ENSELUG00000018741	110509418	110534036	0
ENSELUG00000017341	110499222	110502940	0
ENSELUG00000009503	110509472	118936902	0
ENSELUG00000020201	110502281	110526460	0
ENSELUG00000015768	110523127	110536901	0
ENSELUG00000014626	110498682	110532343	0
ENSELUG00000008180	110503885	110507717	0
ENSELUG00000004642	110490292	110519775	0
ENSELUG00000008664	110500169	110524844	0
ENSELUG00000010754	110494796	110527685	0
ENSELUG00000010742	110494438	110528005	0
ENSELUG00000007255	110485820	110493563	0
ENSELUG00000015181	110488253	110496330	0
ENSELUG00000007052	110501814	110520264	0
ENSELUG00000002639	110490886	110535499	0
ENSELUG00000015847	110486198	110538948	0
ENSELUG00000011442	110512008	110534598	0
ENSELUG00000008471	110508411	110530700	0
ENSELUG00000013292	110499296	110502992	0
ENSELUG00000006940	101268944	110496033	0
ENSELUG00000002101	110525475	110535860	0
ENSELUG00000012085	110494184	110515869	0
ENSELUG00000012755	110508708	110530338	0
ENSELUG00000011502	110525767	110536145	0
ENSELUG00000016302	110492693	110531271	0
ENSELUG00000020887	110486318	110538261	0
ENSELUG00000005204	110492069	110532596	0
ENSELUG00000006233	110487767	110504634	0
ENSELUG00000016915	110525311	110535718	0
ENSELUG00000014746	110506506	110526385	0
ENSELUG00000013162	110501957	110519361	0
ENSELUG00000007087	110525848	110536231	0
ENSELUG00000012495	110533583	110537548	0
ENSELUG00000015803	110504079	110507910	0
ENSELUG00000009864	110488160	110496424	0
ENSELUG00000015088	110501822	110520060	0
ENSELUG00000005177	110492070	110532595	0
ENSELUG00000005104	110533678	110537442	0
ENSELUG00000002825	110523849	110537078	0
ENSELUG00000013146	110491297	110499602	0
ENSELUG00000018125	110486247	110538177	0
ENSELUG00000004418	110490953	110524123	0
ENSELUG00000013223	110506537	110526415	0
ENSELUG00000016796	110503488	110507300	0
ENSELUG00000021995	110521809	110524743	0
ENSELUG00000003707	110490415	110500067	0
ENSELUG00000023478	110503769	110507161	0
ENSELUG00000009658	110503312	110507545	0
ENSELUG00000014386	110493896	110528549	0
ENSELUG00000012148	110491906	110531255	0
ENSELUG00000019804	110502224	110532307	0
ENSELUG00000018352	110498172	110523378	0
ENSELUG00000017565	110508653	110530401	0
ENSELUG00000023887	110497920	110524180	0
ENSELUG00000002332	110490472	110499996	1
ENSELUG00000003195	110498021	110505429	0
ENSELUG00000012760	110501581	110520000	0
ENSELUG00000005316	110500432	110532933	0
ENSELUG00000005427	110504604	118946002	0
ENSELUG00000000896	110486308	110538245	0
ENSELUG00000001039	110524077	110528178	0
ENSELUG00000011536	110491553	110499577	0
ENSELUG00000001030	110508536	110530523	0
ENSELUG00000021029	110487597	110496815	0
ENSELUG00000019421	110497974	110523059	0
ENSELUG00000010007	110493713	110509312	0
ENSELUG00000016530	110498197	110505211	0
ENSELUG00000017437	110525655	110536022	0
ENSELUG00000005839	100136024	110536401	0
ENSELUG00000019322	110521846	110524815	0
ENSELUG00000021971	110533397	110537798	0
ENSELUG00000024159	110487605	110496810	0
ENSELUG00000001216	110488027	110496955	0
ENSELUG00000007815	110488074	110496688	0
ENSELUG00000010904	110491926	110532733	0
ENSELUG00000014503	110497365	110534529	0
ENSELUG00000002706	110488786	110504989	0
ENSELUG00000020805	110503954	110507789	0
ENSELUG00000009590	110495175	110528443	0
ENSELUG00000018731	110499404	110502727	0
ENSELUG00000023631	110486742	110538690	0
ENSELUG00000004537	110485764	110493513	0
ENSELUG00000004491	110492347	110522725	0
ENSELUG00000023116	110490790	110490791	1
ENSELUG00000012540	110533579	110539143	0
ENSELUG00000008497	110501788	110520294	0
ENSELUG00000005218	110502544	110529943	0
ENSELUG00000000910	110503363	110507787	0
ENSELUG00000010868	110494434	110528010	0
ENSELUG00000020714	110503957	110507134	0
ENSELUG00000005123	110487957	110496576	0
ENSELUG00000001580	110497988	110505461	0
ENSELUG00000016034	110509980	110533117	0
ENSELUG00000004077	110502586	110530243	0
ENSELUG00000008250	110521126	110529239	0
ENSELUG00000022723	110492757	110532505	0
ENSELUG00000021313	110501188	110521185	0
ENSELUG00000006560	110486393	110538398	0
ENSELUG00000020739	110488981	110505190	0
ENSELUG00000014352	110492358	110532045	0
ENSELUG00000022122	110494176	110528254	0
ENSELUG00000019307	110527702	118940502	0
ENSELUG00000008270	110496006	110510474	0
ENSELUG00000004499	110501611	110520467	0
ENSELUG00000019258	110522290	110522291	0
ENSELUG00000014547	110501435	110505446	0
ENSELUG00000023054	110496728	110521997	0
ENSELUG00000012394	110500888	110531864	0
ENSELUG00000020333	110501313	110504700	0
ENSELUG00000004540	110509024	110530036	0
ENSELUG00000000576	110506490	110526376	0
ENSELUG00000023496	110488124	110496450	0
ENSELUG00000008396	110489938	110535623	0
ENSELUG00000020527	110494215	110528216	0
ENSELUG00000017956	110490329	110500161	0
ENSELUG00000018801	110497575	110505876	0
ENSELUG00000014343	110500682	110531826	0
ENSELUG00000014993	110522075	110529458	0
ENSELUG00000011421	110486109	110537996	0
ENSELUG00000023194	110522930	110537154	0
ENSELUG00000003987	110497987	110505464	0
ENSELUG00000020687	110501323	110520551	0
ENSELUG00000020545	110510175	110537882	0
ENSELUG00000023713	110488845	110504157	0
ENSELUG00000023669	110496807	110522040	0
ENSELUG00000018946	110498034	110523264	0
ENSELUG00000023682	110488120	110496457	0
ENSELUG00000007290	110521612	110524495	0
ENSELUG00000012713	110509364	110523564	0
ENSELUG00000002246	110498377	110505367	0
ENSELUG00000018069	110495618	110520881	0
ENSELUG00000018895	110521848	110524819	0
ENSELUG00000014527	110502412	110528049	0
ENSELUG00000008857	110488149	110496428	0
ENSELUG00000021708	110503921	110507762	0
ENSELUG00000009239	110491956	110532708	0
ENSELUG00000011561	110503412	110507979	0
ENSELUG00000001333	110508450	110530660	0
ENSELUG00000008327	110488482	110496004	0
ENSELUG00000016815	110503514	110507299	0
ENSELUG00000003634	110525931	110536307	0
ENSELUG00000005356	110509049	110530012	0
ENSELUG00000024630	110508532	110530525	0
ENSELUG00000022674	110489179	110504530	0
ENSELUG00000018372	110492427	110531979	0
ENSELUG00000021517	110508603	110530463	0
ENSELUG00000021758	110510090	110534104	0
ENSELUG00000000624	110491122	110517304	0
ENSELUG00000016790	110487812	110496767	0
ENSELUG00000000461	110487659	110515154	0
ENSELUG00000022540	110495789	110527417	0
ENSELUG00000020864	110486319	110538262	0
ENSELUG00000006066	110509651	110523434	0
ENSELUG00000022377	110502651	110530927	0
ENSELUG00000001894	110492506	110508377	0
ENSELUG00000003535	110488417	110524100	0
ENSELUG00000013942	110532927	118943827	1
ENSELUG00000024183	110488832	110505039	0
ENSELUG00000022430	110502648	110530900	0
ENSELUG00000008415	110491974	110532706	0
ENSELUG00000007968	110533766	110537358	0
ENSELUG00000003743	110508506	110530566	0
ENSELUG00000004148	110488728	110504926	0
ENSELUG00000022368	110509502	110523299	0
ENSELUG00000009701	100505418	110530276	0
ENSELUG00000023614	110494120	110528290	0
ENSELUG00000017717	110501376	110520593	0
ENSELUG00000016056	100301744	110532799	0
ENSELUG00000009996	110521588	110524460	0
ENSELUG00000011156	101268967	118936246	1
ENSELUG00000004693	101268941	110492076	0
ENSELUG00000019762	110493278	110527715	0
ENSELUG00000019817	110506373	110526258	0
ENSELUG00000003680	110500486	110531628	0
ENSELUG00000000263	110487630	110496040	0
ENSELUG00000017887	110492209	110532399	0
ENSELUG00000020142	110499536	110502698	0
ENSELUG00000004105	110508497	110530582	0
ENSELUG00000005051	110509039	110530016	0
ENSELUG00000023210	118941182	118946471	0
ENSELUG00000019964	110495851	110527469	0
ENSELUG00000000632	110495161	110520502	0
ENSELUG00000017112	110523157	118964557	0
ENSELUG00000011123	110491806	110525582	0
ENSELUG00000009454	110486664	110513791	0
ENSELUG00000018901	100136310	110528175	0
ENSELUG00000014448	110509932	110533948	0
ENSELUG00000020076	110489756	110535246	0
ENSELUG00000012053	110522468	110529853	0
ENSELUG00000004816	110495671	110527339	0
ENSELUG00000001165	110494584	110527885	0
ENSELUG00000006132	110490357	110500129	0
ENSELUG00000004548	110490387	110500095	0
ENSELUG00000019191	110503993	110507825	0
ENSELUG00000020713	110510059	110534067	0
ENSELUG00000008405	110491829	110532228	0
ENSELUG00000017572	110494281	110528154	0
ENSELUG00000008817	110508187	110530261	0
ENSELUG00000013780	110533555	110537572	0
ENSELUG00000011908	110491907	110532749	0
ENSELUG00000006483	100136795	110532631	0
ENSELUG00000004417	110489156	110504568	0
ENSELUG00000015536	110503532	110507369	0
ENSELUG00000019992	110496920	110527467	0
ENSELUG00000009815	110494453	110527994	0
ENSELUG00000005957	110538768	110538772	1
ENSELUG00000023659	110486372	110538418	0
ENSELUG00000005786	110506746	110526610	0
ENSELUG00000000459	110499314	110503004	0
ENSELUG00000013494	110533561	110537566	0
ENSELUG00000014539	110486160	118937719	0
ENSELUG00000014696	110521504	110524371	0
ENSELUG00000000320	110510256	110533260	0
ENSELUG00000012330	110503602	110507481	0
ENSELUG00000020120	110506387	110526245	0
ENSELUG00000015792	110497537	110505226	0
ENSELUG00000009699	110507285	118944772	0
ENSELUG00000022861	100136202	110524201	0
ENSELUG00000022450	110488880	110505076	0
ENSELUG00000001823	110525525	110535902	0
ENSELUG00000019222	110495861	110527479	0
ENSELUG00000000689	110504044	110507868	0
ENSELUG00000019321	110503989	110507821	0
ENSELUG00000021998	110508593	110530472	0
ENSELUG00000024042	110509002	110530053	0
ENSELUG00000006637	110492029	110532637	0
ENSELUG00000012939	110487773	110515238	0
ENSELUG00000004549	110506777	118936661	1
ENSELUG00000009446	110491170	110532249	0
ENSELUG00000007106	110506721	110526966	1
ENSELUG00000000175	110509643	110523424	0
ENSELUG00000009740	110503251	110508058	0
ENSELUG00000011349	110499458	110502802	0
ENSELUG00000013982	110492661	110532784	0
ENSELUG00000012047	110490194	110500262	0
ENSELUG00000004859	110502561	110530032	0
ENSELUG00000013383	110487436	110487438	1
ENSELUG00000019800	110499386	110502706	0
ENSELUG00000010339	100653486	110530723	0
ENSELUG00000002637	110490456	110500007	0
ENSELUG00000014340	110501427	110504857	0
ENSELUG00000017145	110510010	110534015	0
ENSELUG00000000448	110486015	110493729	0
ENSELUG00000009354	110525811	110536189	0
ENSELUG00000003667	110485732	110493491	0
ENSELUG00000021108	110488920	110505115	0
ENSELUG00000000470	110494380	110528056	0
ENSELUG00000019906	100136172	110523704	0
ENSELUG00000013214	110503572	110507448	0
ENSELUG00000009970	110503658	110507537	0
ENSELUG00000020245	110503967	110507810	0
ENSELUG00000008625	110525828	110536207	0
ENSELUG00000014023	110498649	110534520	0
ENSELUG00000019157	110521098	110529314	0
ENSELUG00000021707	110488910	110505105	0
ENSELUG00000023785	110488113	110496455	0
ENSELUG00000004470	110497711	110505754	0
ENSELUG00000022429	110501360	110504760	0
ENSELUG00000022452	110492766	110532497	0
ENSELUG00000013947	110506526	110526405	0
ENSELUG00000008195	110501716	110520361	0
ENSELUG00000022045	110503917	110507759	0
ENSELUG00000001270	110499202	110524148	0
ENSELUG00000024246	110521874	110537932	0
ENSELUG00000018506	110497567	110505882	0
ENSELUG00000005037	110509038	110530020	0
ENSELUG00000023594	110495750	110528859	0
ENSELUG00000017084	110492691	110521313	0
ENSELUG00000018458	110508637	110530424	0
ENSELUG00000013359	110498124	110505310	0
ENSELUG00000006273	110522770	110524519	0
ENSELUG00000024455	110525529	110535906	0
ENSELUG00000000504	100170209	110532055	0
ENSELUG00000014143	110525712	110536084	0
ENSELUG00000022407	110486719	110538672	0
ENSELUG00000005799	110494537	110527928	0
ENSELUG00000009542	110490168	110500280	0
ENSELUG00000003607	110498582	110504324	0
ENSELUG00000022486	110488877	110505074	0
ENSELUG00000005821	110500424	110531584	0
ENSELUG00000022544	110533329	110537785	0
ENSELUG00000015045	101268927	110507386	0
ENSELUG00000011227	110533605	110537520	0
ENSELUG00000009306	110492659	110532247	0
ENSELUG00000011863	110494122	110514811	0
ENSELUG00000005599	110492061	110532612	0
ENSELUG00000022654	110489775	110535217	0
ENSELUG00000007730	110522557	110529768	0
ENSELUG00000015056	110494848	110528674	0
ENSELUG00000009486	110492644	110532250	0
ENSELUG00000010812	110491928	110532731	0
ENSELUG00000019598	110494762	110528948	0
ENSELUG00000004535	110510171	110534167	0
ENSELUG00000006684	110533735	110537381	0
ENSELUG00000011947	110487447	110514864	0
ENSELUG00000023189	110500528	110531663	0
ENSELUG00000009470	110486681	110503910	0
ENSELUG00000016491	110491160	110532811	0
ENSELUG00000008489	110509699	110523483	0
ENSELUG00000007517	110494986	110528404	0
ENSELUG00000019081	110510034	110534041	0
ENSELUG00000013160	110509789	110523578	0
ENSELUG00000019792	110501299	110520523	0
ENSELUG00000012932	110525740	110536115	0
ENSELUG00000003096	110491368	110498976	0
ENSELUG00000018911	110501514	110520057	0
ENSELUG00000019468	110498761	110503127	0
ENSELUG00000000992	110494632	110527833	0
ENSELUG00000015471	110503535	110507376	0
ENSELUG00000022022	110490077	110519284	0
ENSELUG00000000762	110509600	110537439	0
ENSELUG00000006006	110523931	110536988	0
ENSELUG00000002885	100136055	110501471	0
ENSELUG00000002433	110491356	110498949	0
ENSELUG00000020929	110501467	110520093	0
ENSELUG00000020608	110503265	110508083	0
ENSELUG00000021301	110494188	110528243	0
ENSELUG00000017143	110492647	110521310	0
ENSELUG00000000833	110488011	110496625	0
ENSELUG00000020983	110494210	110528232	0
ENSELUG00000003581	110495441	110527308	0
ENSELUG00000023744	110501346	110520577	0
ENSELUG00000023262	110525547	110535920	0
ENSELUG00000015503	110500643	110531786	0
ENSELUG00000019159	110492187	110532421	0
ENSELUG00000015173	110523976	110536911	0
ENSELUG00000004367	110526651	110526659	0
ENSELUG00000009040	110486559	110513614	0
ENSELUG00000015035	110493851	110527679	0
ENSELUG00000015240	110521497	110524363	0
ENSELUG00000022595	110525568	110535939	0
ENSELUG00000001606	110490392	110500090	0
ENSELUG00000005545	110500681	110521227	0
ENSELUG00000002387	110487888	118941185	0
ENSELUG00000006588	110509667	110523449	0
ENSELUG00000012451	110486011	110493726	0
ENSELUG00000022561	110508969	110530077	0
ENSELUG00000018527	110492200	110532410	0
ENSELUG00000006007	110508458	110530646	0
ENSELUG00000012521	110502444	110528479	0
ENSELUG00000020820	110501470	110520091	0
ENSELUG00000002798	110488774	110504974	0
ENSELUG00000006198	110492046	110532624	0
ENSELUG00000021209	110522213	110529590	0
ENSELUG00000020417	110506395	110526238	0
ENSELUG00000024178	110508549	110530511	0
ENSELUG00000007558	110491474	110499065	0
ENSELUG00000005145	110489441	110496578	0
ENSELUG00000007809	110491986	110532682	0
ENSELUG00000003652	110495638	110527312	0
ENSELUG00000001485	110525928	110536303	0
ENSELUG00000005494	110510135	110534146	0
ENSELUG00000023247	110521898	110539105	0
ENSELUG00000024008	110492455	110531968	0
ENSELUG00000004863	110502573	110522709	0
ENSELUG00000010131	110489411	110496840	0
ENSELUG00000011434	110509748	110523533	0
ENSELUG00000007936	110501795	110520287	1
ENSELUG00000017627	110492416	110531994	0
ENSELUG00000004242	110500461	110531610	0
ENSELUG00000024054	110502165	110522810	0
ENSELUG00000004219	110490880	110535172	0
ENSELUG00000004442	110500453	110531599	0
ENSELUG00000007873	110522555	110529225	0
ENSELUG00000014120	110522023	110529408	0
ENSELUG00000003604	110509598	110523383	0
ENSELUG00000010573	110493835	110510575	0
ENSELUG00000003465	110498010	110505437	0
ENSELUG00000014135	110492355	110532048	0
ENSELUG00000015087	110508176	110530963	0
ENSELUG00000014588	110502405	110527930	0
ENSELUG00000006759	110487991	110496602	0
ENSELUG00000023499	110492431	110531972	0
ENSELUG00000018981	110499396	110502720	0
ENSELUG00000019470	110494242	110528188	0
ENSELUG00000016587	110521469	110524334	0
ENSELUG00000002896	110488948	110505148	0
ENSELUG00000019557	110503691	110507567	0
ENSELUG00000003701	110502600	110532741	0
ENSELUG00000010466	110487017	110514322	0
ENSELUG00000019314	110486276	110538211	0
ENSELUG00000003183	110533643	110533792	0
ENSELUG00000017378	110495317	110520570	0
ENSELUG00000007210	110497760	110505701	0
ENSELUG00000022032	110488900	110505097	0
ENSELUG00000010192	110500370	110531458	0
ENSELUG00000013293	110497386	110534497	0
ENSELUG00000013068	110491850	110531260	0
ENSELUG00000002954	100136598	110498030	0
ENSELUG00000022705	110525565	110535936	0
ENSELUG00000020312	110497857	110522881	0
ENSELUG00000000490	110509791	110523583	0
ENSELUG00000000582	110488299	110503983	0
ENSELUG00000005681	110506813	110520730	1
ENSELUG00000021848	110489211	110504508	0
ENSELUG00000000780	110509879	110522920	0
ENSELUG00000007138	110493250	110521379	0
ENSELUG00000016093	110509982	110533990	0
ENSELUG00000022203	110533631	110537494	0
ENSELUG00000004881	110489238	110504466	0
ENSELUG00000019125	110507000	110507001	0
ENSELUG00000003451	110494601	110527871	0
ENSELUG00000023414	110525165	110536477	0
ENSELUG00000003906	110489874	110524108	0
ENSELUG00000018072	110508645	110530414	0
ENSELUG00000007491	110522563	110529763	0
ENSELUG00000012430	110494395	110528042	0
ENSELUG00000022037	110502055	110524211	0
ENSELUG00000003880	110525934	110536313	0
ENSELUG00000009057	100305166	110499137	0
ENSELUG00000008440	110525830	110536209	0
ENSELUG00000022179	110485561	110485562	0
ENSELUG00000013835	110502423	110528176	0
ENSELUG00000005525	110485790	110485791	0
ENSELUG00000023326	110522239	110529621	0
ENSELUG00000013447	110494371	110528063	0
ENSELUG00000016906	110522111	110529494	0
ENSELUG00000019859	110494235	110528196	0
ENSELUG00000016892	110492410	110531997	0
ENSELUG00000001315	110520963	110529366	0
ENSELUG00000008565	110521572	110524437	0
ENSELUG00000012222	100750226	110526432	0
ENSELUG00000003602	110494056	110528366	0
ENSELUG00000018561	110510026	110534037	0
ENSELUG00000013740	110511518	110517155	1
ENSELUG00000013538	110497382	110534510	0
ENSELUG00000020135	100301691	110503972	0
ENSELUG00000010626	110511247	118941186	0
ENSELUG00000016672	110495034	110520440	0
ENSELUG00000017436	110503317	110507584	0
ENSELUG00000008387	110493502	110521406	0
ENSELUG00000021530	110485173	110538463	0
ENSELUG00000024323	110494132	110528302	0
ENSELUG00000009358	110513768	110534660	0
ENSELUG00000009249	110509713	110523504	0
ENSELUG00000020163	110488019	110496636	0
ENSELUG00000004882	110510158	110534160	0
ENSELUG00000016149	100136252	110488612	0
ENSELUG00000018079	110503721	110507603	0
ENSELUG00000006561	100136320	110527377	1
ENSELUG00000003868	110498331	110505769	0
ENSELUG00000009030	110501591	110519992	0
ENSELUG00000003969	110525938	110536316	0
ENSELUG00000024580	110510202	110534192	0
ENSELUG00000000160	110485796	110493547	0
ENSELUG00000002478	110523830	110536805	0
ENSELUG00000021834	110510093	110534107	0
ENSELUG00000003699	110485731	110493492	0
ENSELUG00000000768	110494822	110525199	0
ENSELUG00000000698	110492415	110531992	0
ENSELUG00000004726	110494562	110527904	0
ENSELUG00000010010	110494448	110527997	0
ENSELUG00000005974	118938712	118946058	0
ENSELUG00000008796	110488147	110496430	0
ENSELUG00000009144	110495773	110527405	0
ENSELUG00000018771	110485509	110493422	0
ENSELUG00000008596	110525832	110536211	0
ENSELUG00000003251	110490431	110501032	0
ENSELUG00000013686	110489420	110496833	0
ENSELUG00000017703	110486588	110538547	0
ENSELUG00000018948	110525610	110535976	0
ENSELUG00000008068	110489067	110504676	0
ENSELUG00000019444	110503314	110507564	0
ENSELUG00000015478	110502388	110527765	0
ENSELUG00000003293	110508527	110530534	0
ENSELUG00000018065	110497555	110504245	0
ENSELUG00000005744	110502079	110520420	0
ENSELUG00000014339	110486156	110538080	0
ENSELUG00000014423	110493895	110528551	0
ENSELUG00000023888	110521884	110537921	0
ENSELUG00000011354	110491810	110525652	0
ENSELUG00000005983	110502516	110529556	0
ENSELUG00000008279	110500292	110524948	0
ENSELUG00000003845	110486052	110493806	0
ENSELUG00000015113	110498445	110498446	1
ENSELUG00000019928	110503316	110507581	0
ENSELUG00000008323	110500275	110524927	0
ENSELUG00000015800	110488607	110504813	0
ENSELUG00000007483	110506710	110526574	0
ENSELUG00000016872	110499075	110524028	0
ENSELUG00000011080	110492849	110498725	0
ENSELUG00000010002	110525882	118943913	0
ENSELUG00000020380	110505969	118941522	0
ENSELUG00000001463	110525493	110535875	0
ENSELUG00000001194	110523709	110539131	0
ENSELUG00000020070	110508922	110530119	0
ENSELUG00000023668	110521782	110524699	0
ENSELUG00000003662	100653467	110523382	0
ENSELUG00000024335	110497771	110522804	0
ENSELUG00000007197	110501810	110520266	0
ENSELUG00000003722	110508505	110530562	0
ENSELUG00000005953	110533707	110537417	0
ENSELUG00000002951	110491849	110521237	0
ENSELUG00000018073	110521440	110524299	0
ENSELUG00000016758	110533498	118966717	0
ENSELUG00000011449	110486107	110537992	0
ENSELUG00000002460	110523828	110537096	0
ENSELUG00000019424	110486648	110538605	0
ENSELUG00000012108	110506102	110526434	0
ENSELUG00000004743	110501877	110520193	0
ENSELUG00000010153	110500372	110531461	0
ENSELUG00000018084	100305338	110486594	1
ENSELUG00000023861	110486760	110538694	0
ENSELUG00000011948	110491546	110498834	0
ENSELUG00000015356	110490247	110500223	0
ENSELUG00000017545	110499219	110502936	0
ENSELUG00000013037	110499558	110502837	0
ENSELUG00000006496	110492034	110532632	0
ENSELUG00000009706	110499989	110524646	0
ENSELUG00000016070	110498186	110505203	0
ENSELUG00000023512	110503773	110507174	0
ENSELUG00000020846	110523727	110537198	0
ENSELUG00000007069	110496035	110517080	0
ENSELUG00000006921	110487994	110496608	0
ENSELUG00000009916	110506647	110526518	0
ENSELUG00000008091	110494957	110528414	0
ENSELUG00000013544	110501956	110522711	0
ENSELUG00000000090	110491888	110522720	0
ENSELUG00000016967	110525310	110535717	0
ENSELUG00000009448	100136171	110486464	0
ENSELUG00000008918	110521577	110524447	0
ENSELUG00000008556	110489570	110535449	0
ENSELUG00000006697	110535120	110536414	0
ENSELUG00000015420	110508875	110536998	1
ENSELUG00000014302	110500683	110531827	0
ENSELUG00000017173	110510011	110534016	0
ENSELUG00000008604	110506681	110526550	0
ENSELUG00000022250	110508586	110530478	0
ENSELUG00000002393	110525949	110536331	0
ENSELUG00000009873	110510276	110534818	0
ENSELUG00000024271	110508543	110530516	0
ENSELUG00000020002	110495850	110527466	0
ENSELUG00000000370	110494442	110528966	0
ENSELUG00000008179	110525834	110536217	0
ENSELUG00000004167	110487723	110504925	0
ENSELUG00000006568	110486843	110486846	1
ENSELUG00000015546	110521489	110524353	0
ENSELUG00000016910	110503512	110507297	0
ENSELUG00000021341	110510073	110534088	0
ENSELUG00000014925	110501540	110520030	0
ENSELUG00000004073	110502019	110520479	0
ENSELUG00000021088	100136226	110488921	0
ENSELUG00000013113	110502435	110528384	0
ENSELUG00000006357	110491450	110498751	0
ENSELUG00000021380	110521820	110523031	0
ENSELUG00000004361	110526015	110535112	0
ENSELUG00000017614	100653470	110530403	0
ENSELUG00000003592	110498004	110505445	0
ENSELUG00000004246	110490510	110524117	0
ENSELUG00000008219	110491824	110532220	0
ENSELUG00000004000	110502589	110530258	0
ENSELUG00000001609	110495782	110521117	0
ENSELUG00000020440	110489763	110535240	0
ENSELUG00000019946	110495852	110527470	0
ENSELUG00000022974	110487787	110504533	0
ENSELUG00000007872	100505415	110521393	0
ENSELUG00000007547	110533755	110537368	0
ENSELUG00000002715	110488785	110504988	0
ENSELUG00000007775	110521556	110524423	0
ENSELUG00000007129	110509327	110522831	0
ENSELUG00000008501	110489454	110496925	0
ENSELUG00000023338	110487785	110504542	0
ENSELUG00000005830	110487610	110496105	0
ENSELUG00000023595	110492434	110531969	0
ENSELUG00000020328	110502187	110522864	0
ENSELUG00000015424	110522084	110529468	0
ENSELUG00000009208	110495771	110527403	0
ENSELUG00000022042	110488898	110505095	0
ENSELUG00000016963	110492411	110531996	0
ENSELUG00000004543	110524013	110532571	0
ENSELUG00000016874	110492610	110532823	0
ENSELUG00000006413	110498337	110505715	0
ENSELUG00000009207	110525806	110536194	0
ENSELUG00000022258	110533325	110537789	0
ENSELUG00000014697	110509937	110533954	0
ENSELUG00000015624	110492374	110532024	0
ENSELUG00000017877	110534750	110534751	0
ENSELUG00000007555	110488496	110496042	0
ENSELUG00000004808	110510161	110534161	0
ENSELUG00000008665	110503900	110507740	0
ENSELUG00000005388	110486790	110538752	1
ENSELUG00000020818	110506211	110506215	0
ENSELUG00000017450	110492579	110521306	0
ENSELUG00000011090	110494427	110528017	0
ENSELUG00000020973	110510066	110534078	0
ENSELUG00000016439	110525107	110535728	0
ENSELUG00000012404	110503598	110507478	0
ENSELUG00000006600	110521633	110524511	0
ENSELUG00000009875	100136249	110506649	0
ENSELUG00000018655	110503995	110507827	0
ENSELUG00000004716	110500446	110531568	0
ENSELUG00000009535	110492642	110532251	0
ENSELUG00000019345	110499083	110502886	0
ENSELUG00000017732	110522128	110529513	0
ENSELUG00000004508	110485763	110495111	0
ENSELUG00000012004	110508330	110530757	0
ENSELUG00000017941	110525637	110536004	0
ENSELUG00000002137	110495551	110495566	1
ENSELUG00000000142	110501866	110520204	0
ENSELUG00000006331	110509658	110523438	0
ENSELUG00000011894	110488196	110496835	0
ENSELUG00000022099	110488045	110496665	0
ENSELUG00000021094	110521822	110524759	0
ENSELUG00000012786	110493931	110528514	0
ENSELUG00000023510	110494631	110527832	0
ENSELUG00000021293	110522215	110529593	0
ENSELUG00000013953	110533549	110537578	0
ENSELUG00000003139	110488945	110505144	0
ENSELUG00000012928	110500717	110531857	0
ENSELUG00000015022	110524935	110536882	0
ENSELUG00000020779	110521827	110524768	0
ENSELUG00000002436	110497041	110512355	0
ENSELUG00000001977	110498313	110504269	0
ENSELUG00000021270	110497610	110504236	0
ENSELUG00000021074	110494192	110528238	0
ENSELUG00000001477	110515947	110536569	0
ENSELUG00000019953	110523980	110536914	0
ENSELUG00000018939	110499398	110502723	0
ENSELUG00000020216	110501483	110520082	0
ENSELUG00000000765	110509878	110523669	0
ENSELUG00000024299	110509516	118964572	0
ENSELUG00000018247	100305290	110504015	0
ENSELUG00000005674	110510225	110534213	0
ENSELUG00000002484	110489535	110535492	0
ENSELUG00000024534	110500508	110531643	0
ENSELUG00000016084	110522001	110529363	0
ENSELUG00000002955	110525990	110536362	0
ENSELUG00000016842	110525312	110535720	0
ENSELUG00000019430	110533287	110537849	0
ENSELUG00000019099	110497583	110505864	0
ENSELUG00000006868	110525852	110536237	0
ENSELUG00000010714	110493875	110511358	0
ENSELUG00000023771	110488116	110496458	0
ENSELUG00000024212	110494615	110527850	0
ENSELUG00000004641	110494566	110527900	0
ENSELUG00000008679	110500153	110521107	0
ENSELUG00000005433	110485483	110511352	0
ENSELUG00000018083	110499327	110524264	0
ENSELUG00000017402	110510477	110515682	1
ENSELUG00000021701	110503352	110524222	0
ENSELUG00000023401	110497632	110505824	0
ENSELUG00000023773	110497637	110504229	0
ENSELUG00000023484	110494706	110527755	0
ENSELUG00000008242	110489071	110504679	0
ENSELUG00000007374	110497763	110504214	0
ENSELUG00000021128	110501339	110520572	0
ENSELUG00000019556	110494240	110528191	0
ENSELUG00000014600	110521505	110524372	0
ENSELUG00000024100	110488833	110505036	0
ENSELUG00000014808	110503548	110507390	0
ENSELUG00000018703	110522153	110529530	0
ENSELUG00000007874	110491821	110532215	0
ENSELUG00000005796	110489276	110496104	0
ENSELUG00000000730	110502059	110504153	1
ENSELUG00000011303	110521854	110524831	0
ENSELUG00000002752	110498045	110505409	0
ENSELUG00000007425	110493364	110521387	0
ENSELUG00000013853	110508686	110529129	0
ENSELUG00000005115	110508229	110530017	0
ENSELUG00000002196	110495570	110528741	0
ENSELUG00000000292	110523969	110536953	0
ENSELUG00000013333	110524930	110536851	0
ENSELUG00000021720	110508600	110530465	0
ENSELUG00000020572	110489815	110518706	0
ENSELUG00000021952	110508867	110530161	0
ENSELUG00000004954	110512753	110523401	0
ENSELUG00000013036	110497392	110533186	0
ENSELUG00000013949	110493903	110529037	0
ENSELUG00000017366	110509865	110523646	0
ENSELUG00000010849	110490912	110535408	0
ENSELUG00000008491	110521570	110524436	0
ENSELUG00000005554	110502531	110529780	0
ENSELUG00000016775	110508661	110530395	0
ENSELUG00000005508	110501704	110521338	0
ENSELUG00000020025	110495849	110527464	0
ENSELUG00000018411	110488701	110504896	0
ENSELUG00000002806	110509571	110523355	0
ENSELUG00000001484	110522251	110529635	0
ENSELUG00000013794	110500308	110531421	0
ENSELUG00000010334	110492629	110532266	0
ENSELUG00000016479	100135951	100135952	0
ENSELUG00000013110	110487833	110515318	0
ENSELUG00000004477	110501610	110504539	0
ENSELUG00000023814	110489257	110496133	0
ENSELUG00000022826	110508971	110530074	0
ENSELUG00000010193	110492848	110498789	0
ENSELUG00000010529	110492626	110532270	0
ENSELUG00000019217	110503750	110507173	0
ENSELUG00000003486	110488756	110504949	0
ENSELUG00000019216	110509376	110534046	0
ENSELUG00000013062	110503159	110507997	0
ENSELUG00000003762	110509602	110523381	0
ENSELUG00000007720	110506700	110526568	0
ENSELUG00000006172	110496020	110513603	0
ENSELUG00000008885	110486445	110538341	0
ENSELUG00000012089	110491110	110531175	0
ENSELUG00000024071	110525161	110535910	0
ENSELUG00000000934	110521819	110524755	0
ENSELUG00000011612	110490188	110500269	0
ENSELUG00000006463	110485793	110512516	0
ENSELUG00000011578	110503207	110507977	0
ENSELUG00000006594	110492031	110532636	0
ENSELUG00000023949	110508552	110530509	0
ENSELUG00000007556	110490052	110507316	0
ENSELUG00000005898	110509647	110523426	0
ENSELUG00000023023	110509510	110523313	0
ENSELUG00000005916	100500939	110500122	0
ENSELUG00000006981	110488472	110496034	0
ENSELUG00000002319	110489368	110496486	0
ENSELUG00000022290	110500814	110531329	0
ENSELUG00000003957	110490036	110536594	0
ENSELUG00000019507	110494759	110527712	0
ENSELUG00000014417	110509930	110533944	0
ENSELUG00000019151	110498771	110502891	0
ENSELUG00000011506	110500891	110531878	0
ENSELUG00000005236	110533685	110537436	0
ENSELUG00000001249	110499465	110503119	0
ENSELUG00000011181	110487202	110514613	0
ENSELUG00000020088	110503975	110507794	0
ENSELUG00000021415	110488916	110505112	0
ENSELUG00000003983	110487928	110496547	0
ENSELUG00000020026	110494741	110527723	0
ENSELUG00000020911	110523730	110537193	0
ENSELUG00000021669	110523758	110537166	0
ENSELUG00000006211	110510112	110533270	0
ENSELUG00000003306	110495627	110518089	0
ENSELUG00000006889	110494982	110528388	0
ENSELUG00000007886	110508783	110530248	0
ENSELUG00000007975	110485950	110495137	0
ENSELUG00000003711	110497996	110505451	0
ENSELUG00000023276	110506935	110506937	1
ENSELUG00000003760	110490721	110536591	0
ENSELUG00000017782	110490285	110501054	0
ENSELUG00000005515	110523923	110537001	0
ENSELUG00000005100	110501639	110520439	0
ENSELUG00000019574	110488958	110505159	0
ENSELUG00000020696	110503955	110507791	0
ENSELUG00000013933	110502420	110528148	0
ENSELUG00000016519	110492229	110532379	0
ENSELUG00000004832	110506762	110526640	1
ENSELUG00000021477	110486336	110538281	0
ENSELUG00000012843	110521041	110529438	0
ENSELUG00000003995	110495176	110528385	0
ENSELUG00000006023	110492846	110521345	0
ENSELUG00000008939	110489090	110504684	0
ENSELUG00000013489	110501953	110509417	0
ENSELUG00000023094	110488865	110505066	0
ENSELUG00000011866	110491908	110531254	0
ENSELUG00000014271	110509807	110524742	0
ENSELUG00000007337	110490086	110507325	0
ENSELUG00000015658	110488311	110516080	0
ENSELUG00000017649	110521449	110524311	0
ENSELUG00000002488	110490467	110499998	0
ENSELUG00000020827	110497603	110505844	0
ENSELUG00000010436	110492574	110531942	0
ENSELUG00000019735	110503701	110507577	0
ENSELUG00000016347	110506475	110526358	0
ENSELUG00000021690	110533389	110537802	0
ENSELUG00000016014	110521474	110524339	0
ENSELUG00000021630	110523753	110537170	0
ENSELUG00000002147	110498087	110505360	0
ENSELUG00000015524	110503381	110507149	0
ENSELUG00000022077	110495444	110528835	0
ENSELUG00000007299	110501807	110520270	0
ENSELUG00000015663	110503531	110507365	0
ENSELUG00000005021	110538732	110539024	1
ENSELUG00000019653	110486286	110538217	0
ENSELUG00000017022	110504051	110507881	0
ENSELUG00000003920	110508159	110530574	0
ENSELUG00000021302	100135888	110497458	0
ENSELUG00000009782	100301778	110486484	0
ENSELUG00000001109	110497612	110505842	0
ENSELUG00000006729	110485837	110493578	0
ENSELUG00000008803	110525823	110536203	0
ENSELUG00000019727	110492170	110532442	0
ENSELUG00000023805	110501245	110519945	0
ENSELUG00000015371	110490251	110500224	0
ENSELUG00000004513	100136347	110535113	0
ENSELUG00000007573	110487759	110504639	0
ENSELUG00000010308	110500366	110531459	0
ENSELUG00000023095	110525555	110535927	0
ENSELUG00000020573	100301793	110527735	0
ENSELUG00000015284	110486185	110538107	0
ENSELUG00000008727	110505240	110506269	0
ENSELUG00000000056	110525487	110535870	0
ENSELUG00000014409	110488238	110496343	0
ENSELUG00000001310	110494575	110527892	0
ENSELUG00000013743	110486143	110538066	0
ENSELUG00000002916	110525988	110536648	0
ENSELUG00000007067	110521623	110524504	0
ENSELUG00000018528	110486084	110493798	0
ENSELUG00000011023	110491053	110532734	0
ENSELUG00000000521	110509929	110533943	0
ENSELUG00000024452	110503804	110507105	1
ENSELUG00000005749	110521123	110529262	0
ENSELUG00000023348	110499426	110502753	0
ENSELUG00000018825	110503737	110507610	0
ENSELUG00000017216	110492220	110532391	0
ENSELUG00000022752	110500884	110524202	0
ENSELUG00000009322	110489435	110507980	0
ENSELUG00000011198	110521855	110524836	0
ENSELUG00000007198	100136765	110533266	0
ENSELUG00000018952	110497578	110505867	0
ENSELUG00000019984	110523708	110537217	0
ENSELUG00000017177	110518866	118965014	0
ENSELUG00000021518	110521817	110524752	0
ENSELUG00000004633	110501881	110520189	0
ENSELUG00000009971	110501278	110519977	0
ENSELUG00000006377	110509659	110523441	0
ENSELUG00000018897	110521426	110524282	0
ENSELUG00000019715	110521839	110524799	0
ENSELUG00000010817	110486123	110538012	0
ENSELUG00000002458	110488815	110505019	0
ENSELUG00000000997	110510131	110534134	0
ENSELUG00000010169	110489589	110535418	0
ENSELUG00000016322	110498926	110523921	0
ENSELUG00000015523	110522086	110529470	0
ENSELUG00000010132	110521591	110524467	0
ENSELUG00000019806	110505246	110506265	0
ENSELUG00000018786	110493867	110527647	0
ENSELUG00000012351	110522458	110529862	0
ENSELUG00000022434	110494159	110528265	0
ENSELUG00000020472	110486307	110538244	0
ENSELUG00000016728	110509374	110534003	0
ENSELUG00000002403	110525952	110536334	0
ENSELUG00000008653	110500397	110531498	0
ENSELUG00000004692	110490008	110535572	0
ENSELUG00000008457	110506117	110526554	0
ENSELUG00000000908	110488929	110505124	0
ENSELUG00000023410	110486365	110538425	0
ENSELUG00000018953	110510029	110534042	0
ENSELUG00000008830	110489085	110504671	0
ENSELUG00000003979	110489515	110535157	0
ENSELUG00000008253	110521089	110529771	0
ENSELUG00000020203	110533422	110537710	0
ENSELUG00000008214	110508421	110530692	0
ENSELUG00000019383	110525601	110535966	0
ENSELUG00000003899	110490410	110500069	0
ENSELUG00000017011	110489352	110517586	0
ENSELUG00000012387	110503600	110507479	0
ENSELUG00000008487	110495997	110513545	0
ENSELUG00000002732	110525979	110536353	0
ENSELUG00000002796	110488776	110504977	0
ENSELUG00000006688	100500735	110538785	1
ENSELUG00000004214	110508489	110530593	0
ENSELUG00000007836	110500345	110525034	0
ENSELUG00000002950	110495609	110527289	1
ENSELUG00000021135	110488917	110505113	0
ENSELUG00000003224	110501909	110520154	0
ENSELUG00000001126	110488006	110496620	0
ENSELUG00000022107	110496485	110521853	0
ENSELUG00000021774	110510091	110534106	0
ENSELUG00000002754	110488779	110504980	0
ENSELUG00000009990	110486970	110514157	0
ENSELUG00000010546	110486130	110538022	0
ENSELUG00000020501	110494729	110527729	0
ENSELUG00000010674	110486126	110538015	0
ENSELUG00000004280	110526012	110536377	0
ENSELUG00000008200	110493488	110521407	0
ENSELUG00000021395	110503929	110507127	0
ENSELUG00000011938	100301863	110526442	0
ENSELUG00000013772	110503497	110507431	0
ENSELUG00000018453	110507618	118944016	0
ENSELUG00000013820	110500695	110531839	0
ENSELUG00000015382	110502394	110527817	0
ENSELUG00000008140	110503881	110507714	0
ENSELUG00000020977	110497452	110534419	0
ENSELUG00000010417	110491936	110531246	0
ENSELUG00000009074	110491958	110532691	0
ENSELUG00000022501	110510111	110511048	0
ENSELUG00000004791	110507394	110507402	0
ENSELUG00000010126	110503310	110507533	0
ENSELUG00000016404	110488621	110504829	0
ENSELUG00000007919	110501797	110520286	0
ENSELUG00000002122	110489556	110535463	0
ENSELUG00000002351	110494101	110528319	0
ENSELUG00000004572	110485766	110493516	0
ENSELUG00000002746	110487903	110496503	0
ENSELUG00000009176	110491957	110531240	0
ENSELUG00000010917	110486519	110538478	0
ENSELUG00000011508	110491915	110531251	0
ENSELUG00000001542	110501631	110520448	0
ENSELUG00000015443	110488598	110504804	0
ENSELUG00000006387	110521634	110524516	0
ENSELUG00000011607	110522486	110529846	0
ENSELUG00000022818	110533336	110538908	0
ENSELUG00000016779	110486215	110538142	0
ENSELUG00000000714	110489365	110496716	0
ENSELUG00000000822	110488002	110496618	0
ENSELUG00000002318	110488822	110505028	0
ENSELUG00000023368	110503765	110507178	0
ENSELUG00000007605	110508191	110530240	0
ENSELUG00000011915	110492324	118965936	0
ENSELUG00000014759	110508676	110530376	0
ENSELUG00000016653	110499026	110524001	0
ENSELUG00000017163	110499568	110513516	0
ENSELUG00000019460	110502299	110526628	0
ENSELUG00000017374	110488097	110496705	0
ENSELUG00000020504	110505853	110524241	0
ENSELUG00000010866	110500895	110531889	0
ENSELUG00000008613	110500221	110524896	0
ENSELUG00000020336	110522181	110529559	0
ENSELUG00000011189	110525777	110536150	0
ENSELUG00000010625	110508750	110530305	0
ENSELUG00000018039	110492207	110531207	0
ENSELUG00000008232	110508420	110530693	0
ENSELUG00000006476	110497749	110504217	0
ENSELUG00000011759	110499331	110503015	0
ENSELUG00000022281	110525192	110536452	0
ENSELUG00000010768	110491565	110498842	0
ENSELUG00000021885	110533619	110537500	0
ENSELUG00000004970	110522310	110529691	0
ENSELUG00000006630	110501683	110520404	0
ENSELUG00000014868	110492365	110532041	0
ENSELUG00000018929	110509886	110523678	0
ENSELUG00000000171	110508808	110530217	0
ENSELUG00000003641	110523872	110537054	0
ENSELUG00000012318	110522461	110529861	0
ENSELUG00000001348	110518853	118965000	0
ENSELUG00000000515	110503511	110507414	0
ENSELUG00000004579	110508478	110530608	0
ENSELUG00000020515	110492153	110532457	0
ENSELUG00000006924	110494964	110528389	0
ENSELUG00000007000	110485879	110512703	0
ENSELUG00000007997	110489830	110535186	0
ENSELUG00000014941	110498161	110505279	0
ENSELUG00000013987	110498126	110505309	0
ENSELUG00000008708	110500132	110524843	0
ENSELUG00000000149	110509633	110523418	0
ENSELUG00000006391	110494527	110527936	0
ENSELUG00000016446	110488644	110505200	1
ENSELUG00000013040	110501574	110520005	0
ENSELUG00000006998	110506602	118936301	0
ENSELUG00000014159	110503565	110507412	0
ENSELUG00000019646	110521841	110524797	0
ENSELUG00000021210	110502261	110526236	0
ENSELUG00000014919	110509945	110533959	0
ENSELUG00000003008	110487747	110504163	0
ENSELUG00000019202	110499394	110502718	0
ENSELUG00000015121	110498432	110498433	1
ENSELUG00000014355	110488114	110515810	0
ENSELUG00000003508	110498008	110505441	0
ENSELUG00000019087	110499163	110502893	0
ENSELUG00000017947	110521445	110524305	0
ENSELUG00000011871	110508733	110530317	0
ENSELUG00000013421	110499385	110524291	0
ENSELUG00000018554	110503425	110508054	0
ENSELUG00000019236	110508170	110530437	0
ENSELUG00000007085	110493202	110529013	0
ENSELUG00000003626	110494594	110527877	0
ENSELUG00000023327	110503325	110507083	0
ENSELUG00000015050	110503543	110507053	0
ENSELUG00000006344	110489386	110496867	0
ENSELUG00000007554	110490882	110535180	0
ENSELUG00000002096	110525478	110535855	0
ENSELUG00000018401	110485161	110538186	0
ENSELUG00000018184	110508643	110530416	0
ENSELUG00000012767	110502295	110524328	0
ENSELUG00000011348	110486108	110537993	0
ENSELUG00000010509	110521079	110529833	0
ENSELUG00000019611	110501293	110520521	0
ENSELUG00000012955	110509782	110523572	0
ENSELUG00000012545	100135783	110494392	0
ENSELUG00000015921	110490316	110519667	0
ENSELUG00000011680	110503615	110507497	0
ENSELUG00000007469	110525843	110536228	0
ENSELUG00000015216	110508669	110530388	0
ENSELUG00000020520	110495830	110527451	0
ENSELUG00000015538	110499254	110502960	0
ENSELUG00000000226	110509672	110523454	0
ENSELUG00000012907	100499581	110488216	0
ENSELUG00000002510	110494087	110528337	0
ENSELUG00000017474	110508657	110530968	0
ENSELUG00000020358	110502471	110529004	0
ENSELUG00000023971	110510143	110534141	0
ENSELUG00000014974	110486178	110538100	0
ENSELUG00000005361	110522649	110529265	0
ENSELUG00000004960	110504335	110505744	0
ENSELUG00000019525	110521842	110524807	0
ENSELUG00000000597	110488608	110504814	0
ENSELUG00000001368	110501700	110520378	0
ENSELUG00000012014	110490193	110500263	0
ENSELUG00000022505	110489185	110504525	0
ENSELUG00000019489	110499391	110502713	0
ENSELUG00000016194	110501408	110520623	0
ENSELUG00000020536	110494727	110527731	0
ENSELUG00000004337	110492085	110532576	0
ENSELUG00000024599	110485095	110511774	0
ENSELUG00000022601	110492761	110532501	0
ENSELUG00000008043	110491482	110499114	0
ENSELUG00000008558	110506682	110526551	1
ENSELUG00000016988	110488638	110504847	0
ENSELUG00000022753	110525563	110535932	0
ENSELUG00000014215	110522065	110529451	0
ENSELUG00000009646	110506664	110526534	0
ENSELUG00000007152	110494989	110529014	0
ENSELUG00000000754	110486249	110538179	0
ENSELUG00000012382	110522456	110529864	0
ENSELUG00000022406	110510109	110534116	0
ENSELUG00000007550	110502458	110525170	0
ENSELUG00000007954	110510445	110535187	0
ENSELUG00000007608	110487760	110504667	0
ENSELUG00000023699	110486373	110538421	0
ENSELUG00000004490	100137060	110502570	0
ENSELUG00000017302	110502369	110527505	0
ENSELUG00000013374	110503567	110507444	0
ENSELUG00000010067	110501280	110519975	0
ENSELUG00000021495	110491304	110498880	0
ENSELUG00000014212	110500686	110531829	0
ENSELUG00000004556	110500451	110531598	0
ENSELUG00000013634	110521521	110524387	0
ENSELUG00000021447	110487246	110487250	1
ENSELUG00000004755	110522967	110531511	0
ENSELUG00000004703	110489382	110496559	0
ENSELUG00000018470	110504007	110507835	0
ENSELUG00000007272	110509206	110530669	0
ENSELUG00000022542	110491316	110498906	0
ENSELUG00000016042	110533774	118936926	0
ENSELUG00000013901	110498407	110523495	0
ENSELUG00000003539	110509594	110523377	0
ENSELUG00000016751	110488634	110504839	0
ENSELUG00000015961	110494313	110528117	0
ENSELUG00000010286	110495874	110524168	0
ENSELUG00000021712	110497463	110534408	0
ENSELUG00000008067	110533770	110537353	0
ENSELUG00000024172	110497797	110522805	1
ENSELUG00000002148	110525468	110535850	0
ENSELUG00000002413	110488816	110505023	0
ENSELUG00000018678	110503733	110507615	0
ENSELUG00000015611	110508844	110530186	0
ENSELUG00000015394	110522085	110529469	0
ENSELUG00000009978	110506639	110526509	0
ENSELUG00000005577	110497726	110505738	0
ENSELUG00000017738	110503711	110507592	0
ENSELUG00000013263	110522446	110529872	0
ENSELUG00000018413	110508639	110530422	0
ENSELUG00000005304	110510152	118936700	0
ENSELUG00000014398	110488571	110504781	0
ENSELUG00000017403	110503706	110507583	0
ENSELUG00000009955	110486496	110538295	0
ENSELUG00000010627	110491167	110531194	0
ENSELUG00000020888	110495818	110527438	0
ENSELUG00000000283	110502096	110520282	0
ENSELUG00000023792	110521885	110537919	0
ENSELUG00000004040	110502026	110520480	0
ENSELUG00000014932	110492370	110532036	0
ENSELUG00000017142	110509099	110529970	0
ENSELUG00000021125	110503937	110507775	0
ENSELUG00000011104	110533610	110537517	0
ENSELUG00000004019	110510183	110534176	0
ENSELUG00000010716	110525784	110536165	0
ENSELUG00000016013	110488446	110516285	0
ENSELUG00000022441	110489184	110504523	0
ENSELUG00000004098	110522287	110529665	0
ENSELUG00000009435	101268937	101268938	0
ENSELUG00000019664	110489750	110535251	0
ENSELUG00000013339	110494375	110528061	0
ENSELUG00000006042	110489981	110535597	0
ENSELUG00000019994	110494230	110528203	0
ENSELUG00000008156	110496009	110513412	0
ENSELUG00000010070	110525796	110536172	0
ENSELUG00000008188	110501791	110520291	0
ENSELUG00000020379	110494219	110528214	0
ENSELUG00000018126	110495651	110520932	0
ENSELUG00000011287	110499724	110524453	0
ENSELUG00000003404	110506821	110506825	1
ENSELUG00000004058	110491069	110531229	0
ENSELUG00000017926	110509872	110523658	0
ENSELUG00000020750	110494208	110528224	0
ENSELUG00000011208	110487220	110514668	0
ENSELUG00000018966	110522162	110529538	0
ENSELUG00000000682	110533479	110537663	0
ENSELUG00000011355	110509746	110523530	0
ENSELUG00000015345	110486998	110487000	0
ENSELUG00000022802	110525560	110535931	0
ENSELUG00000019518	110522580	110529310	0
ENSELUG00000000570	110488455	118940514	0
ENSELUG00000004051	110487932	110496549	0
ENSELUG00000001966	110520993	110524665	0
ENSELUG00000005710	110488517	110496108	0
ENSELUG00000015789	110498176	110505259	0
ENSELUG00000019583	110486654	110538611	1
ENSELUG00000016919	110488637	110504842	0
ENSELUG00000000341	110521578	110524448	0
ENSELUG00000018109	110487865	110496897	0
ENSELUG00000014223	110497370	110534526	1
ENSELUG00000011277	110491919	110532740	0
ENSELUG00000019686	110503365	110507136	0
ENSELUG00000018507	110508962	110530084	0
ENSELUG00000014225	110508679	110529131	0
ENSELUG00000003567	110497688	110505776	0
ENSELUG00000017712	110486231	110538161	0
ENSELUG00000004317	110490588	110524121	0
ENSELUG00000003342	110491377	110498987	0
ENSELUG00000015840	110495918	110527532	0
ENSELUG00000015209	110517872	118947673	0
ENSELUG00000006819	110489110	110504615	0
ENSELUG00000019594	110522169	110529548	0
ENSELUG00000002992	110494072	110528354	0
ENSELUG00000000155	110489968	110535608	0
ENSELUG00000004615	110507508	110510956	1
ENSELUG00000006343	110501751	110521354	0
ENSELUG00000006181	110494525	110527937	0
ENSELUG00000004764	110485768	110493519	0
ENSELUG00000016882	110510002	110534009	0
ENSELUG00000015983	110508375	110530836	0
ENSELUG00000023298	110497630	110505825	0
ENSELUG00000024527	110523789	110537131	0
ENSELUG00000018310	110501367	110520589	0
ENSELUG00000000159	110495191	110527924	0
ENSELUG00000004372	110492086	110531230	0
ENSELUG00000015998	110486043	110493757	0
ENSELUG00000023222	110522237	110529619	0
ENSELUG00000017208	110488649	110504853	0
ENSELUG00000011501	110488193	110496386	0
ENSELUG00000003128	110488762	110504956	0
ENSELUG00000004643	110491414	110498744	0
ENSELUG00000006119	110492805	110509457	0
ENSELUG00000023050	110500307	110524197	0
ENSELUG00000008929	110491961	110532696	0
ENSELUG00000017986	110497554	110504246	0
ENSELUG00000012582	110491899	110531258	0
ENSELUG00000016432	110522096	110529478	0
ENSELUG00000017333	110522112	110529501	0
ENSELUG00000007934	110506695	110526566	0
ENSELUG00000020015	110486085	110493799	0
ENSELUG00000006043	110485801	110495115	0
ENSELUG00000022261	110494171	110528256	0
ENSELUG00000020217	110533307	110537832	0
ENSELUG00000001189	110509970	110533983	0
ENSELUG00000023399	110486737	110538686	0
ENSELUG00000002448	110526713	110526714	0
ENSELUG00000012753	110509775	110523567	0
ENSELUG00000008724	110489573	110535446	0
ENSELUG00000005998	110489976	110535601	0
ENSELUG00000020467	110502275	110526377	0
ENSELUG00000019528	110494760	110527711	0
ENSELUG00000019697	110521102	110529298	0
ENSELUG00000011893	110520790	110520867	0
ENSELUG00000007507	110495705	110497068	0
ENSELUG00000012169	110500333	110531417	0
ENSELUG00000018978	110497580	110505866	0
ENSELUG00000004800	110523914	110537009	0
ENSELUG00000017186	110501382	110520604	0
ENSELUG00000010850	110508184	110530309	0
ENSELUG00000010611	110501766	110520312	0
ENSELUG00000018311	110486251	110538182	0
ENSELUG00000009624	100653453	110507547	0
ENSELUG00000022622	110508574	110530488	0
ENSELUG00000004389	110508484	110530598	0
ENSELUG00000017672	110508649	110530405	0
ENSELUG00000020141	110522983	110532063	0
ENSELUG00000024623	110491341	110498737	0
ENSELUG00000006692	110509669	110523451	0
ENSELUG00000010816	110508744	110530308	0
ENSELUG00000022839	110494151	110528271	0
ENSELUG00000019721	110486282	110538218	0
ENSELUG00000017224	110525662	110536031	0
ENSELUG00000023131	110508840	110530189	0
ENSELUG00000005702	110492825	110521342	0
ENSELUG00000001405	110521056	110529668	0
ENSELUG00000013729	110506531	110526410	0
ENSELUG00000003074	110492834	110498975	0
ENSELUG00000020539	110508906	110530130	0
ENSELUG00000018239	110498211	110523417	0
ENSELUG00000017448	110488098	110496704	0
ENSELUG00000001793	110492468	110531958	0
ENSELUG00000024056	110488108	110496466	0
ENSELUG00000002142	110497028	118941087	1
ENSELUG00000009858	110532714	118939533	0
ENSELUG00000016310	110485446	110485448	1
ENSELUG00000003133	110491369	110498977	0
ENSELUG00000002596	110525963	110536346	0
ENSELUG00000014019	110492662	110532781	0
ENSELUG00000004212	110490399	110500082	0
ENSELUG00000011235	110503628	110507507	0
ENSELUG00000004243	110497702	110505765	0
ENSELUG00000015334	110523119	110536774	0
ENSELUG00000018862	110489358	110517885	0
ENSELUG00000010445	110500359	110532912	0
ENSELUG00000015492	110521491	110524355	0
ENSELUG00000002381	110494099	110528323	0
ENSELUG00000018032	110491124	110531987	0
ENSELUG00000013452	110503490	110507441	0
ENSELUG00000008780	110500395	110531500	0
ENSELUG00000020748	110510060	110534069	0
ENSELUG00000007743	110506698	110526567	0
ENSELUG00000020169	110489757	110535245	0
ENSELUG00000015622	110508236	110530011	0
ENSELUG00000015520	110487219	118940269	1
ENSELUG00000007837	110533759	110537360	0
ENSELUG00000020297	110525585	110535948	0
ENSELUG00000006701	110486396	110538394	0
ENSELUG00000010088	110488163	110496419	0
ENSELUG00000013993	110485978	110493701	0
ENSELUG00000009684	110508765	110530277	0
ENSELUG00000024068	110488107	110496467	0
ENSELUG00000010773	110493900	110511826	0
ENSELUG00000016665	110488293	110496287	0
ENSELUG00000011851	110491548	110498835	0
ENSELUG00000017820	110497289	110534754	1
ENSELUG00000003150	110525995	110536365	0
ENSELUG00000001909	110495543	118941030	1
ENSELUG00000008606	110488490	110495994	0
ENSELUG00000023608	110494628	110527838	0
ENSELUG00000023576	110522246	110529628	0
ENSELUG00000011050	110501261	110519965	0
ENSELUG00000016682	110494293	110528142	0
ENSELUG00000013234	110493913	110528530	0
ENSELUG00000000860	110495859	110527478	0
ENSELUG00000001459	110491185	110532854	0
ENSELUG00000020310	110498270	110505967	0
ENSELUG00000019734	110505254	110506256	0
ENSELUG00000023899	110492128	110532534	0
ENSELUG00000015450	110500645	110531793	0
ENSELUG00000007174	110497759	110505702	0
ENSELUG00000024066	110497815	110522809	0
ENSELUG00000008774	110510262	110534820	0
ENSELUG00000006212	110490071	110507343	0
ENSELUG00000000288	110491819	118966055	0
ENSELUG00000011444	110490846	110500931	0
ENSELUG00000012494	110508715	110530332	0
ENSELUG00000014748	110489657	110535335	0
ENSELUG00000001512	110490242	110500231	0
ENSELUG00000021282	110495808	110527429	0
ENSELUG00000005160	110495677	110527345	1
ENSELUG00000020148	110503641	110537757	0
ENSELUG00000004348	110523898	110537025	0
ENSELUG00000017146	110497312	110497313	1
ENSELUG00000009801	110508763	110530278	0
ENSELUG00000007551	110486192	110513063	0
ENSELUG00000003888	110494585	110527884	0
ENSELUG00000024595	110502169	110520150	0
ENSELUG00000002256	110491344	110498740	0
ENSELUG00000009963	110491010	110534222	0
ENSELUG00000012251	110522460	110529860	0
ENSELUG00000011154	110493994	110513138	0
ENSELUG00000023532	110501915	110520143	0
ENSELUG00000011373	110494423	110528970	1
ENSELUG00000012320	100136276	100136672	0
ENSELUG00000014920	110486031	110493745	0
ENSELUG00000016068	110499246	110502958	0
ENSELUG00000013640	110488035	110515611	0
ENSELUG00000017281	110486568	110538529	1
ENSELUG00000020289	110508914	110530937	0
ENSELUG00000013990	110504134	110507957	0
ENSELUG00000009785	110499800	110500989	1
ENSELUG00000004125	110492362	110521282	0
ENSELUG00000007115	110525846	110536229	0
ENSELUG00000021787	110523756	110537163	0
ENSELUG00000023985	110510142	110534140	0
ENSELUG00000019549	110485616	110495057	1
ENSELUG00000006054	110509127	110530824	0
ENSELUG00000004437	110497062	110527334	0
ENSELUG00000024507	110525421	110535815	0
ENSELUG00000003815	110491402	110499000	0
ENSELUG00000011547	110509751	110523541	0
ENSELUG00000001607	110511644	110533712	0
ENSELUG00000019996	110507137	110524251	0
ENSELUG00000014361	110511701	110517092	0
ENSELUG00000007613	110490333	110500156	0
ENSELUG00000009473	110511504	110516172	0
ENSELUG00000001976	110498312	110504268	0
ENSELUG00000020269	110526803	110526806	1
ENSELUG00000016339	110492803	110499510	0
ENSELUG00000006335	110497744	110505719	0
ENSELUG00000015910	110487524	110495167	0
ENSELUG00000014357	100305297	110494353	0
ENSELUG00000009630	110507990	110520777	1
ENSELUG00000013584	110497381	110534511	1
ENSELUG00000005175	110502548	110529957	0
ENSELUG00000011459	110509749	110523534	0
ENSELUG00000007655	110486882	110486883	1
ENSELUG00000005126	110497961	110505492	0
ENSELUG00000002729	110498372	110505402	0
ENSELUG00000019680	110499093	110502872	0
ENSELUG00000021759	110485347	118938430	1
ENSELUG00000011897	110522472	110529850	0
ENSELUG00000010944	110506591	110526466	0
ENSELUG00000016061	110503518	110507354	0
ENSELUG00000015985	110506480	110526368	0
ENSELUG00000003357	110500496	110531637	0
ENSELUG00000003750	110492837	110498996	0
ENSELUG00000000737	110518683	110531282	0
ENSELUG00000004532	110491067	110532581	0
ENSELUG00000011974	110508332	110531013	0
ENSELUG00000014738	100136715	110515914	0
ENSELUG00000012218	100136151	110519953	0
ENSELUG00000008808	110491630	110498801	0
ENSELUG00000002365	110525946	110536328	0
ENSELUG00000016080	110490257	110500216	0
ENSELUG00000016465	110488647	110516723	0
ENSELUG00000006154	110533716	110537396	0
ENSELUG00000011957	110486021	110493734	0
ENSELUG00000007639	110488080	110496692	0
ENSELUG00000005242	110510153	110534154	0
ENSELUG00000011380	110516831	118940172	1
ENSELUG00000015325	110494331	110528104	0
ENSELUG00000002409	100135847	110489369	0
ENSELUG00000019161	110509979	110537646	0
ENSELUG00000016232	110537142	110537149	0
ENSELUG00000022614	110492760	110531222	0
ENSELUG00000013657	110489676	110535359	0
ENSELUG00000019369	110503313	110507074	0
ENSELUG00000019882	110521838	110524795	0
ENSELUG00000006972	110522845	118945261	0
ENSELUG00000015267	110522759	110524361	0
ENSELUG00000017761	110486589	110538549	0
ENSELUG00000003554	110501429	110521139	0
ENSELUG00000016554	110491233	110499513	0
ENSELUG00000005979	110495687	110527356	0
ENSELUG00000023165	110522236	110529618	0
ENSELUG00000006140	110521639	110524521	0
ENSELUG00000010869	110503643	110507520	0
ENSELUG00000014684	110494345	110528093	0
ENSELUG00000010813	110508323	110535935	1
ENSELUG00000012785	110494286	110517088	0
ENSELUG00000003553	110492104	110532558	0
ENSELUG00000024340	110522690	110533949	0
ENSELUG00000012563	110502065	110504116	0
ENSELUG00000019533	110499089	110502877	0
ENSELUG00000003963	110495653	110527326	1
ENSELUG00000009803	110490175	110500277	0
ENSELUG00000012526	110499482	110524359	0
ENSELUG00000014719	110485994	110493712	0
ENSELUG00000009005	110486450	110538336	0
ENSELUG00000002763	110488778	110504979	0
ENSELUG00000008839	110510419	110510459	0
ENSELUG00000010165	110538839	110539185	1
ENSELUG00000019754	110488016	110496630	0
ENSELUG00000010952	110486520	110538479	0
ENSELUG00000012795	110509774	110523566	0
ENSELUG00000002258	110490479	110501025	1
ENSELUG00000003521	110495446	110528838	0
ENSELUG00000016210	110501405	110520621	0
ENSELUG00000021139	110509489	110523261	0
ENSELUG00000006281	110485672	110512436	0
ENSELUG00000005740	110526036	110535118	0
ENSELUG00000010637	100301707	110495432	1
ENSELUG00000014997	100135851	110522005	0
ENSELUG00000021493	110508883	110530148	0
ENSELUG00000018290	110494258	110528167	0
ENSELUG00000007822	110493415	110517476	0
ENSELUG00000007634	110523960	110536967	0
ENSELUG00000004794	110522636	110529294	0
ENSELUG00000006185	110502510	110529516	0
ENSELUG00000005448	110490372	110500110	0
ENSELUG00000013601	110501565	110505238	0
ENSELUG00000008591	110508407	110530999	0
ENSELUG00000023896	100136209	110504536	0
ENSELUG00000019370	110508939	110530106	0
ENSELUG00000006440	110500134	110511067	0
ENSELUG00000004430	110497708	110505760	0
ENSELUG00000005569	110491423	110499024	0
ENSELUG00000002307	110525112	110535040	0
ENSELUG00000005397	110494547	110527920	0
ENSELUG00000013367	110487446	118937787	1
ENSELUG00000023070	110494644	110527814	0
ENSELUG00000008381	110491241	110534256	0
ENSELUG00000018810	110503738	110507611	0
ENSELUG00000004399	110497976	110505479	0
ENSELUG00000019346	100301814	110509895	0
ENSELUG00000009150	110486454	110538335	0
ENSELUG00000010146	110488164	110496415	0
ENSELUG00000003557	110509595	110523379	0
ENSELUG00000014712	110506096	110526386	0
ENSELUG00000013689	110498298	110523466	0
ENSELUG00000014540	110494350	110528087	0
ENSELUG00000004266	110485754	110493470	0
ENSELUG00000010678	110491930	110532730	0
ENSELUG00000019334	110497999	110532326	0
ENSELUG00000023062	110499540	110502760	0
ENSELUG00000004907	110522307	110529689	0
ENSELUG00000011725	110491799	110521481	0
ENSELUG00000009514	110501269	110519988	0
ENSELUG00000020982	110498282	110505985	0
ENSELUG00000012766	110508706	110530342	0
ENSELUG00000017245	110522110	110529498	0
ENSELUG00000021523	110510083	110534098	0
ENSELUG00000011075	110525773	110536152	0
ENSELUG00000001984	110521762	110524663	0
ENSELUG00000014316	110494458	110519951	0
ENSELUG00000003048	110498028	110505422	0
ENSELUG00000003781	110495648	110528756	0
ENSELUG00000013849	110509401	110533935	0
ENSELUG00000023258	110499428	110502754	0
ENSELUG00000024459	110523788	110537135	0
ENSELUG00000011261	110534210	110536068	0
ENSELUG00000008898	110521576	110524446	0
ENSELUG00000022058	110489208	110504515	0
ENSELUG00000013103	110485997	110495162	0
ENSELUG00000014636	110508650	110536732	1
ENSELUG00000019221	110486271	110538207	1
ENSELUG00000005841	110533694	110537422	0
ENSELUG00000023259	110492743	110532518	0
ENSELUG00000003262	110491372	110498981	0
ENSELUG00000012459	110508716	110530331	0
ENSELUG00000020966	110497451	110534418	0
ENSELUG00000009185	110522612	110529172	0
ENSELUG00000010730	110521594	110524470	0
ENSELUG00000002064	110489568	110535451	0
ENSELUG00000022538	110496082	110531058	0
ENSELUG00000005686	110506750	110526616	0
ENSELUG00000010709	110508746	110530307	0
ENSELUG00000013808	110509799	110523584	0
ENSELUG00000005436	110492905	110532606	0
ENSELUG00000015909	110492382	110532017	0
ENSELUG00000018638	110502317	110526894	0
ENSELUG00000003285	110509591	110523374	0
ENSELUG00000003512	110488752	110504947	0
ENSELUG00000003941	110508159	110530574	0
ENSELUG00000014967	110494560	110520038	0
ENSELUG00000000279	110486416	110538372	1
ENSELUG00000005251	110491061	110532598	0
ENSELUG00000013903	110533553	110537574	0
ENSELUG00000023925	110488115	110496461	0
ENSELUG00000022182	110503360	118944643	0
ENSELUG00000006465	110509662	110523444	0
ENSELUG00000015374	110501937	110520649	0
ENSELUG00000006935	110508791	110530233	0
ENSELUG00000007436	110486083	110512964	0
ENSELUG00000003001	110488766	110504962	0
ENSELUG00000014084	110497374	110534522	0
ENSELUG00000023426	110486738	110538687	1
ENSELUG00000005091	110521913	110537904	0
ENSELUG00000015476	110498687	110504313	0
ENSELUG00000018814	110509419	110534033	0
ENSELUG00000004250	110502577	110530167	0
ENSELUG00000014151	110497373	110534524	0
ENSELUG00000012436	110487096	118948630	1
ENSELUG00000013845	100499596	110530365	0
ENSELUG00000011059	110508352	110530735	0
ENSELUG00000018732	110506409	110526296	0
ENSELUG00000010364	110493808	110510174	0
ENSELUG00000016565	110498955	110523948	0
ENSELUG00000013079	110493916	110528522	0
ENSELUG00000022024	110492813	110498887	0
ENSELUG00000004106	110490717	110535553	0
ENSELUG00000003783	110488739	110504939	0
ENSELUG00000009058	110500798	118965982	0
ENSELUG00000014508	110495388	110495389	1
ENSELUG00000016551	110497543	110505904	0
ENSELUG00000015026	110490240	110500229	0
ENSELUG00000021674	110499338	110502668	0
ENSELUG00000012690	110499460	110532369	0
ENSELUG00000019810	110489394	110496873	0
ENSELUG00000010369	110508757	110530302	0
ENSELUG00000000814	110497584	110505865	0
ENSELUG00000023945	110488112	110496463	0
ENSELUG00000016390	110522376	110529898	0
ENSELUG00000023475	110522243	110529624	0
ENSELUG00000019076	110502308	110526728	0
ENSELUG00000008907	110489089	110504672	0
ENSELUG00000015696	110500628	110531782	0
ENSELUG00000018711	110506408	110526295	0
ENSELUG00000013428	110503487	110507059	0
ENSELUG00000011197	110506107	110526459	0
ENSELUG00000003143	110494608	110527865	0
ENSELUG00000000777	100135923	110510308	0
ENSELUG00000023502	110525016	110536630	0
ENSELUG00000019701	110525591	110535957	0
ENSELUG00000003124	110495619	118936677	1
ENSELUG00000020881	110503953	110507784	0
ENSELUG00000017138	110488646	110504413	0
ENSELUG00000004880	110487945	110496562	0
ENSELUG00000009405	110493658	110508905	0
ENSELUG00000000514	110497372	110534523	0
ENSELUG00000004561	110485765	110493514	0
ENSELUG00000003962	110485727	110493499	0
ENSELUG00000020723	110486695	110538647	1
ENSELUG00000016812	110500623	110532973	0
ENSELUG00000010581	110486510	110538469	0
ENSELUG00000005256	110497960	110505497	0
ENSELUG00000016780	110496768	110518389	0
ENSELUG00000019845	110492709	110532861	0
ENSELUG00000013863	110485975	110493703	0
ENSELUG00000008597	110523046	110524124	1
ENSELUG00000007206	110485100	110493564	0
ENSELUG00000003044	110497665	110522640	0
ENSELUG00000007541	110486871	110486872	1
ENSELUG00000005817	100136282	110494536	0
ENSELUG00000015341	110500649	110531801	0
ENSELUG00000008582	110486439	110538347	0
ENSELUG00000009175	110493586	110521414	0
ENSELUG00000020871	110510354	110534479	1
ENSELUG00000009601	110486474	110538315	1
ENSELUG00000014251	110536568	118944443	0
ENSELUG00000009544	110521584	110524455	0
ENSELUG00000014055	110498132	110505300	0
ENSELUG00000021670	110503571	110524224	0
ENSELUG00000001558	110486053	110493809	0
ENSELUG00000016085	110512655	110516127	1
ENSELUG00000017850	110525639	110536009	0
ENSELUG00000019027	110521424	110524278	0
ENSELUG00000015839	110509072	110530003	0
ENSELUG00000013453	110524126	110531327	0
ENSELUG00000006826	110501816	110520261	0
ENSELUG00000012985	110486002	110493715	0
ENSELUG00000002095	110489557	110535458	0
ENSELUG00000013727	110498346	110523475	0
ENSELUG00000012707	110485112	110493719	0
ENSELUG00000009755	110515350	118942855	1
ENSELUG00000023408	110492739	110532520	0
ENSELUG00000021867	110526766	118936598	0
ENSELUG00000024128	110506900	110516695	1
ENSELUG00000000728	110509877	110523664	0
ENSELUG00000006219	110534896	110537393	0
ENSELUG00000015531	110495924	110527539	0
ENSELUG00000004057	110492288	110521283	0
ENSELUG00000021269	110506978	110514539	1
ENSELUG00000002808	110496505	110513484	0
ENSELUG00000002430	110522943	110537098	0
ENSELUG00000019803	110506370	110526936	0
ENSELUG00000004676	110501619	110504531	0
ENSELUG00000007659	110502097	110520279	0
ENSELUG00000004865	110490385	110500096	0
ENSELUG00000020540	110521830	110524774	0
ENSELUG00000019328	110501504	110520064	0
ENSELUG00000022490	110510110	110534117	0
ENSELUG00000004386	110488723	110504921	0
ENSELUG00000003311	110487917	110496525	0
ENSELUG00000006632	110490346	110500137	0
ENSELUG00000024103	110513917	118965336	0
ENSELUG00000016469	110489560	110513600	1
ENSELUG00000000725	110508647	110530410	0
ENSELUG00000014400	110525431	110535822	0
ENSELUG00000007881	110494968	110528413	0
ENSELUG00000022684	110503902	110507742	0
ENSELUG00000011256	110500744	110531882	0
ENSELUG00000018090	110494819	110528624	0
ENSELUG00000019007	110492183	110531211	0
ENSELUG00000013269	110504397	110504755	0
ENSELUG00000001065	110486004	110493162	0
ENSELUG00000024129	110538420	118938291	0
ENSELUG00000022931	110501928	110520129	0
ENSELUG00000002400	110525951	110536333	0
ENSELUG00000019316	110508941	110530105	0
ENSELUG00000000525	110488138	110515870	0
ENSELUG00000014638	110494484	110520001	0
ENSELUG00000001314	110487534	110539165	0
ENSELUG00000009344	110493623	110508655	0
ENSELUG00000023157	110525163	110536657	0
ENSELUG00000019584	110489446	110518030	0
ENSELUG00000006285	110502508	110529500	0
ENSELUG00000013300	110521529	110524398	0
ENSELUG00000015079	110498443	110498444	1
ENSELUG00000015117	110490013	110535569	0
ENSELUG00000000482	110499731	110499732	1
ENSELUG00000016045	110537203	118936409	1
ENSELUG00000013899	110525714	110536087	0
ENSELUG00000006086	110494527	110527936	0
ENSELUG00000020478	110503961	110507808	0
ENSELUG00000021757	110498290	110506003	0
ENSELUG00000023881	110509551	110523332	0
ENSELUG00000002108	110523799	110537130	0
ENSELUG00000004763	110490004	110535577	0
ENSELUG00000021684	110485345	118940347	1
ENSELUG00000012308	110499712	110513429	1
ENSELUG00000012905	110520852	110520853	1
ENSELUG00000014562	110502406	110527939	0
ENSELUG00000022596	110522222	110529600	0
ENSELUG00000002469	110509561	110523346	0
ENSELUG00000004484	110497063	110527336	0
ENSELUG00000005889	110504868	110509131	0
ENSELUG00000014979	110500663	110531806	0
ENSELUG00000003672	110492099	110532563	0
ENSELUG00000011803	110503091	110528651	0
ENSELUG00000011722	110486025	110493739	0
ENSELUG00000018654	110497394	110534483	0
ENSELUG00000004061	110523886	110537042	0
ENSELUG00000024028	110509001	110530054	0
ENSELUG00000013092	110523104	110536760	0
ENSELUG00000001208	110486127	110538017	0
ENSELUG00000024070	110508222	110530052	0
ENSELUG00000006915	110512617	110519305	1
ENSELUG00000019042	110488714	110504911	0
ENSELUG00000022868	110487604	110496159	0
ENSELUG00000008143	110489822	110535195	0
ENSELUG00000007367	110508788	110530237	0
ENSELUG00000016613	110497333	110497340	1
ENSELUG00000010188	110492632	110532262	0
ENSELUG00000018435	110487855	110515531	0
ENSELUG00000010843	100136196	110503644	0
ENSELUG00000008540	110533777	110537345	0
ENSELUG00000013557	110522030	110529417	0
ENSELUG00000009412	110503266	110508082	0
ENSELUG00000020843	110508901	110530136	0
ENSELUG00000010293	110508759	110530300	0
ENSELUG00000001410	110522174	110529552	0
ENSELUG00000013205	110500707	110531849	0
ENSELUG00000020301	110499101	110502857	0
ENSELUG00000016007	110489356	110513117	0
ENSELUG00000007732	110508435	110530681	0
ENSELUG00000006363	110489989	110535591	0
ENSELUG00000021679	110508871	110530155	0
ENSELUG00000011663	110506105	110526450	0
ENSELUG00000018464	110495725	110521024	0
ENSELUG00000015231	110500659	110531800	0
ENSELUG00000005083	110502554	110529998	0
ENSELUG00000003959	110490409	110500071	0
ENSELUG00000021960	110501452	110520109	0
ENSELUG00000015880	110492380	110532019	0
ENSELUG00000006028	100305274	110503820	0
ENSELUG00000015380	110508667	110530391	0
ENSELUG00000020012	110521104	110529175	0
ENSELUG00000023324	110502170	110520142	0
ENSELUG00000007502	110506708	110526573	1
ENSELUG00000020567	110503959	110507799	0
ENSELUG00000018209	110521438	110524294	0
ENSELUG00000005335	110521915	110537903	0
ENSELUG00000011920	110503608	110507488	0
ENSELUG00000013327	100301675	118938933	0
ENSELUG00000012583	110500887	110531861	0
ENSELUG00000013781	110488078	110515724	0
ENSELUG00000004423	110494571	110527896	0
ENSELUG00000006018	110488415	110496101	0
ENSELUG00000019736	110501497	110520071	0
ENSELUG00000023942	110486749	110538696	1
ENSELUG00000022509	110508580	110530486	0
ENSELUG00000011166	110499325	110503019	0
ENSELUG00000003102	110509583	110523366	0
ENSELUG00000005024	110487950	110496567	0
ENSELUG00000008647	110503414	110508035	0
ENSELUG00000003841	110490035	110536592	0
ENSELUG00000010682	110499841	110532393	0
ENSELUG00000002818	110489373	110496945	0
ENSELUG00000024425	110511851	110539285	0
ENSELUG00000013798	110486090	110487151	1
ENSELUG00000016496	110492403	110532004	0
ENSELUG00000019265	110525604	110535971	0
ENSELUG00000021618	110508874	110530153	0
ENSELUG00000015301	110494840	110528669	0
ENSELUG00000002081	110490503	110499971	1
ENSELUG00000020898	110499362	110502682	0
ENSELUG00000016271	110524920	110531890	0
ENSELUG00000001544	110498342	118944329	0
ENSELUG00000012551	110509771	110523560	0
ENSELUG00000006022	110486808	110486813	1
ENSELUG00000012954	110509189	110531019	0
ENSELUG00000003890	110508500	110530573	0
ENSELUG00000016507	110486212	110538138	0
ENSELUG00000004228	110494574	110527890	0
ENSELUG00000008766	110508156	110520778	1
ENSELUG00000014543	110485992	110493711	0
ENSELUG00000019770	110537840	118966698	0
ENSELUG00000009096	110485913	110493643	1
ENSELUG00000000874	110492161	110531214	0
ENSELUG00000023561	110522245	110529626	0
ENSELUG00000022911	110522233	110529615	0
ENSELUG00000023700	110501911	110520149	0
ENSELUG00000022070	110495799	110527423	0
ENSELUG00000020496	110522616	110529288	0
ENSELUG00000015437	110508666	110530392	0
ENSELUG00000021876	110503275	110508136	0
ENSELUG00000023249	110493265	110527823	0
ENSELUG00000002320	110494107	110528316	0
ENSELUG00000017697	110509410	118936286	0
ENSELUG00000013218	110508318	110531020	0
ENSELUG00000015305	110509960	110533972	0
ENSELUG00000000799	110502316	110526867	0
ENSELUG00000016162	110518952	110526883	1
ENSELUG00000020780	110497448	110534429	0
ENSELUG00000023543	110494118	110528289	0
ENSELUG00000011757	110501780	110520302	0
ENSELUG00000004312	110500457	110532935	0
ENSELUG00000002552	110525962	110536345	0
ENSELUG00000010247	110486526	110538485	1
ENSELUG00000020373	110497437	110534442	1
ENSELUG00000001774	110496080	110530849	0
ENSELUG00000020630	110502052	110520086	0
ENSELUG00000012385	110494078	110524150	0
ENSELUG00000020103	110497433	110534445	0
ENSELUG00000004899	110493963	110507370	1
ENSELUG00000016019	110487018	110487022	1
ENSELUG00000001851	100301807	110492489	0
ENSELUG00000018951	110509542	110523212	0
ENSELUG00000023063	110508567	110530496	0
ENSELUG00000001896	110511883	110527230	1
ENSELUG00000001180	110490422	110500056	0
ENSELUG00000008419	110506687	110526556	0
ENSELUG00000003458	110491859	110532193	0
ENSELUG00000009343	110504693	110519954	0
ENSELUG00000016543	110486069	110493767	0
ENSELUG00000012549	110499733	110511982	1
ENSELUG00000010037	110499942	110524575	0
ENSELUG00000013127	110498118	110504184	0
ENSELUG00000010536	110501765	110520314	0
ENSELUG00000013045	110503583	110507459	0
ENSELUG00000015930	110503523	110507356	0
ENSELUG00000000396	110486523	110538483	0
ENSELUG00000014077	110485984	110493705	0
ENSELUG00000010455	110522500	110529830	0
ENSELUG00000012000	110486019	110493733	0
ENSELUG00000012264	110486014	110493728	0
ENSELUG00000023003	110501924	110520132	0
ENSELUG00000016600	110522100	110529487	0
ENSELUG00000017044	110499218	110503024	0
ENSELUG00000016698	110502352	110527278	0
ENSELUG00000014644	110503553	110507395	0
ENSELUG00000019997	110488018	110496631	0
ENSELUG00000023701	110489281	110496137	0
ENSELUG00000010119	110493744	110509621	0
ENSELUG00000024443	100499580	110537136	0
ENSELUG00000008227	110497078	110528906	0
ENSELUG00000023633	110510130	110534135	0
ENSELUG00000019173	110521420	110524275	0
ENSELUG00000024442	110508821	110530211	0
ENSELUG00000016621	110499235	110503027	0
ENSELUG00000004851	110487944	110496561	0
ENSELUG00000013248	110490682	110516816	1
ENSELUG00000015762	100135810	110503033	0
ENSELUG00000006539	110494516	110527948	0
ENSELUG00000000336	110490156	110500288	0
ENSELUG00000014262	110508303	110530797	0
ENSELUG00000008169	110533775	110537349	0
ENSELUG00000022327	110501592	110524208	0
ENSELUG00000021527	110533395	110537811	0
ENSELUG00000022087	110494177	110528252	0
ENSELUG00000016486	110494911	110520385	0
ENSELUG00000004678	110508475	110530615	0
ENSELUG00000004302	110508488	110530592	0
ENSELUG00000017608	110499228	110524174	0
ENSELUG00000022591	110500967	110511775	1
ENSELUG00000020498	110504278	110505975	0
ENSELUG00000000312	110494033	110528430	0
ENSELUG00000002657	110515619	118948705	1
ENSELUG00000002252	110498078	110505368	0
ENSELUG00000022766	110496628	110521966	0
ENSELUG00000016338	110509989	110533996	0
ENSELUG00000004735	110518612	110538730	1
ENSELUG00000018885	110521427	110524283	0
ENSELUG00000013636	110490220	110500248	0
ENSELUG00000006146	110502141	110520242	0
ENSELUG00000019179	110494249	110528181	0
ENSELUG00000020473	110495834	110527452	0
ENSELUG00000013603	110509795	110523582	0
ENSELUG00000018574	110499594	110503133	0
ENSELUG00000019205	110502306	110526655	0
ENSELUG00000015641	100499618	110506482	0
ENSELUG00000018965	110487846	110496750	0
ENSELUG00000011460	110508739	110530312	0
ENSELUG00000018430	110508638	110530423	0
ENSELUG00000021966	110502660	110532845	0
ENSELUG00000011095	110485188	110538482	0
ENSELUG00000017322	110486569	110538527	1
ENSELUG00000013221	110501573	110520006	0
ENSELUG00000001014	110503753	110539126	0
ENSELUG00000008794	110490155	110500290	0
ENSELUG00000009615	110490750	110500162	0
ENSELUG00000001102	110513674	118942847	1
ENSELUG00000022707	110507254	118943990	0
ENSELUG00000011445	110511372	110512490	1
ENSELUG00000003255	110523860	110537069	0
ENSELUG00000011368	110499462	110502803	0
ENSELUG00000014001	110502416	110528112	0
ENSELUG00000020756	110486696	110538649	1
ENSELUG00000006820	110533740	110537380	0
ENSELUG00000007497	110532669	118939536	0
ENSELUG00000013002	110500339	110531422	0
ENSELUG00000020192	110488939	110504162	0
ENSELUG00000009622	110508766	110530272	0
ENSELUG00000007107	110492014	110532654	0
ENSELUG00000005093	110500889	110521217	0
ENSELUG00000017027	100462762	110500614	0
ENSELUG00000008184	110488518	110496010	0
ENSELUG00000015406	110508845	110534346	1
ENSELUG00000000581	110522009	110529183	0
ENSELUG00000022283	110515059	118964958	1
ENSELUG00000017233	110486223	110538153	0
ENSELUG00000000857	110501290	110504652	0
ENSELUG00000003909	110497059	118965249	0
ENSELUG00000012121	110495406	118965217	1
ENSELUG00000011178	110508349	110530738	0
ENSELUG00000004194	110490301	110524115	0
ENSELUG00000021197	110508890	118965528	0
ENSELUG00000003687	110509601	110523387	0
ENSELUG00000008543	110490524	110535605	1
ENSELUG00000012223	110522462	110529859	0
ENSELUG00000016147	110486205	110538131	0
ENSELUG00000009814	100301803	110488158	0
ENSELUG00000020204	110486682	110538636	1
ENSELUG00000008183	110491641	110498797	0
ENSELUG00000013926	110488228	110496349	0
ENSELUG00000012818	110485999	110493717	0
ENSELUG00000016660	110494298	110528141	0
ENSELUG00000005648	110522657	110529260	0
ENSELUG00000014977	110513280	118936319	1
ENSELUG00000004988	110509035	110530021	0
ENSELUG00000001636	110511371	118942825	1
ENSELUG00000003865	110487925	110496546	0
ENSELUG00000005666	100136673	110508819	0
ENSELUG00000015787	110506095	110526372	0
ENSELUG00000018572	110498123	110523318	0
ENSELUG00000024201	110488954	110505153	0
ENSELUG00000005092	110501638	110520441	0
ENSELUG00000003541	110502603	110530415	0
ENSELUG00000007647	110525841	110536224	0
ENSELUG00000016532	110525314	110535726	0
ENSELUG00000022887	110492748	110532512	0
ENSELUG00000001846	110490576	110499893	1
ENSELUG00000017999	110499424	110502749	0
ENSELUG00000020979	110495817	110527437	0
ENSELUG00000017354	110486573	110538534	0
ENSELUG00000015878	110486038	110493755	0
ENSELUG00000021645	110521179	110522698	1
ENSELUG00000022324	110488887	110505082	0
ENSELUG00000006500	110494518	110527946	0
ENSELUG00000022141	110508165	110530476	0
ENSELUG00000024124	110498422	110515679	0
ENSELUG00000021056	110509490	110523259	0
ENSELUG00000006554	110485827	110493571	0
ENSELUG00000002567	110523832	110537090	0
ENSELUG00000020720	110523726	110537204	0
ENSELUG00000010787	110509735	110523524	0
ENSELUG00000017833	110503369	110507853	0
ENSELUG00000019839	110488017	110496632	0
ENSELUG00000015273	110522970	110525281	0
ENSELUG00000004308	110485755	110493471	1
ENSELUG00000006922	110490339	110500148	0
ENSELUG00000010361	110491168	110531191	0
ENSELUG00000011786	110506567	110526443	0
ENSELUG00000019869	110502288	110526516	0
ENSELUG00000008911	110486447	110538337	0
ENSELUG00000021077	100313950	110498872	0
ENSELUG00000021191	110497456	110534412	0
ENSELUG00000006168	110495691	110527360	0
ENSELUG00000020593	110486688	110538643	1
ENSELUG00000007136	110492012	110532656	0
ENSELUG00000012386	110486010	110493163	0
ENSELUG00000017719	110522127	110529512	0
ENSELUG00000007546	110502469	110528986	0
ENSELUG00000004144	110534053	118937745	1
ENSELUG00000007719	110513404	110523961	0
ENSELUG00000001897	110490562	110499909	0
ENSELUG00000012345	110491903	110532753	0
ENSELUG00000012202	110494277	110524153	0
ENSELUG00000019861	110486660	110538620	1
ENSELUG00000010156	110502237	110525910	0
ENSELUG00000016628	110521470	110524333	0
ENSELUG00000007602	110494966	110528406	0
ENSELUG00000022392	110489311	110496170	0
ENSELUG00000021591	110488040	110496657	0
ENSELUG00000004657	110521663	110524554	0
ENSELUG00000002214	110525925	110536297	0
ENSELUG00000008455	110494487	110527975	0
ENSELUG00000022631	100136308	110525063	0
ENSELUG00000001329	110503947	110507779	0
ENSELUG00000016081	110486202	110538129	0
ENSELUG00000023211	110490612	110490613	1
ENSELUG00000020372	110523711	110537213	0
ENSELUG00000021923	110533626	110537497	0
ENSELUG00000004478	110514838	110526648	1
ENSELUG00000010918	110520784	110535950	1
ENSELUG00000004441	110489157	110504570	0
ENSELUG00000007673	110487640	110496100	0
ENSELUG00000022252	110502652	110530947	0
ENSELUG00000022562	110508578	110530975	0
ENSELUG00000024395	110495519	110512308	1
ENSELUG00000015000	110508756	110536796	0
ENSELUG00000010383	110508365	110530726	0
ENSELUG00000005144	110497964	110505495	0
ENSELUG00000017595	110503707	110507588	0
ENSELUG00000007386	110493358	110521386	0
ENSELUG00000012945	110520836	110520840	1
ENSELUG00000008418	110500246	110524916	0
ENSELUG00000012819	110494384	110528051	0
ENSELUG00000009752	110486838	110513982	0
ENSELUG00000007301	110492004	110532659	0
ENSELUG00000000717	110510013	110534019	0
ENSELUG00000000115	110495436	110528827	1
ENSELUG00000021070	110510069	110534082	0
ENSELUG00000011592	110492316	110532085	0
ENSELUG00000002331	110525942	110536321	0
ENSELUG00000002013	100653449	110499954	0
ENSELUG00000010662	110508304	110535873	0
ENSELUG00000017134	110487836	110496752	0
ENSELUG00000019479	110486651	110539178	0
ENSELUG00000019848	110486288	110538221	0
ENSELUG00000020208	110508827	110530201	0
ENSELUG00000022870	110495476	110528830	1
ENSELUG00000003045	110525992	110535109	0
ENSELUG00000013891	110504129	110507951	0
ENSELUG00000021024	110497608	110505839	0
ENSELUG00000019203	110485168	110538205	0
ENSELUG00000013556	110492339	110532058	0
ENSELUG00000014336	110487054	118938342	1
ENSELUG00000011986	110506558	110526952	0
ENSELUG00000017244	110490269	110500207	0
ENSELUG00000009084	110525805	110536197	0
ENSELUG00000013746	110489675	110535358	0
ENSELUG00000014335	110485986	110493160	0
ENSELUG00000017755	110518873	118947022	1
ENSELUG00000007341	110506712	110526578	0
ENSELUG00000004799	110510162	110534162	0
ENSELUG00000002959	110485703	110493456	1
ENSELUG00000000924	110509492	110523258	0
ENSELUG00000021874	110489212	110504511	0
ENSELUG00000010348	110499877	110524544	0
ENSELUG00000018611	110488329	110496242	0
ENSELUG00000006919	110493152	110521368	0
ENSELUG00000012565	110502310	110524343	0
ENSELUG00000007832	110522556	110529770	0
ENSELUG00000017678	110500876	110531733	0
ENSELUG00000011550	110525768	110536144	0
ENSELUG00000023598	110509440	110534131	0
ENSELUG00000023346	110501914	110520145	0
ENSELUG00000011086	110493986	110513011	0
ENSELUG00000008382	110503890	110507728	0
ENSELUG00000008302	110533773	110537347	0
ENSELUG00000018652	110502319	110526877	0
ENSELUG00000000785	110521434	110524290	0
ENSELUG00000009881	110492638	110532255	0
ENSELUG00000010740	110506596	110526469	0
ENSELUG00000023678	110503298	110518838	0
ENSELUG00000022415	110488882	110505079	0
ENSELUG00000013274	110521530	110524394	0
ENSELUG00000000542	100136060	110492670	0
ENSELUG00000021031	110522208	110529583	0
ENSELUG00000010805	110525781	110536158	0
ENSELUG00000005371	110506123	110526621	0
ENSELUG00000011307	110536044	110536080	0
ENSELUG00000008811	110490831	110535008	0
ENSELUG00000010052	110508370	110530714	0
ENSELUG00000024045	110492127	110532535	0
ENSELUG00000017987	110525635	110536002	0
ENSELUG00000008175	110506692	110526561	0
ENSELUG00000005605	110485543	110511268	0
ENSELUG00000004449	110509019	110530041	0
ENSELUG00000018291	100136127	110524297	0
ENSELUG00000024220	110509558	110523339	0
ENSELUG00000011424	110488190	110496389	0
ENSELUG00000007406	110492003	110532663	0
ENSELUG00000009791	110486485	110538305	0
ENSELUG00000000923	110523738	110537195	0
ENSELUG00000004536	110521667	110524556	0
ENSELUG00000000861	110534837	110537843	0
ENSELUG00000019675	110493280	110527714	0
ENSELUG00000002451	110523827	110537097	0
ENSELUG00000011279	110503419	110508042	0
ENSELUG00000018282	110485496	110485498	1
ENSELUG00000000531	110498142	110505292	0
ENSELUG00000019939	110506383	110526251	0
ENSELUG00000007802	110503856	110507308	0
ENSELUG00000018675	110499179	110502904	0
ENSELUG00000022748	110499541	110502769	0
ENSELUG00000019927	110501300	110504660	0
ENSELUG00000021656	110503939	110524226	0
ENSELUG00000006222	110501832	110520241	0
ENSELUG00000017888	110498218	110504256	0
ENSELUG00000020896	110503952	110507783	0
ENSELUG00000020346	110497438	110534441	0
ENSELUG00000008858	110510418	110510457	0
ENSELUG00000020989	110497453	110534421	0
ENSELUG00000013312	110492338	110532061	0
ENSELUG00000003571	110501905	110520161	0
ENSELUG00000012310	110508264	110530899	0
ENSELUG00000022749	110522225	110529605	0
ENSELUG00000022502	110521797	110524725	0
ENSELUG00000009466	110502207	118953485	1
ENSELUG00000022207	100136301	110519929	1
ENSELUG00000019873	110509912	110523702	0
ENSELUG00000005045	110501634	110520443	0
ENSELUG00000008196	110491980	110531238	0
ENSELUG00000005526	110500657	110521226	0
ENSELUG00000018664	110522750	110524288	0
ENSELUG00000015986	110498877	110523834	0
ENSELUG00000018107	110503722	110507606	0
ENSELUG00000004102	110525914	110535099	0
ENSELUG00000013747	110524922	110536865	0
ENSELUG00000023489	110494705	110527756	0
ENSELUG00000022269	110508964	110530083	0
ENSELUG00000003611	110490765	110500059	0
ENSELUG00000024131	110491335	110498735	0
ENSELUG00000014517	110504119	110507935	0
ENSELUG00000012577	110499469	110524349	0
ENSELUG00000019864	110486289	110538222	0
ENSELUG00000017334	110525659	110536028	0
ENSELUG00000011861	110486024	110493737	0
ENSELUG00000001911	110492502	110508382	0
ENSELUG00000007300	110497918	110505546	0
ENSELUG00000023514	110492432	118936388	0
ENSELUG00000007878	110486421	110538367	1
ENSELUG00000023950	110503790	110507629	0
ENSELUG00000019910	110486665	110538624	1
ENSELUG00000010398	100136278	110507788	1
ENSELUG00000021359	110524227	110532018	0
ENSELUG00000013347	110508316	110531021	0
ENSELUG00000007888	110488073	110496687	0
ENSELUG00000017970	110525636	110536003	0
ENSELUG00000003688	110488744	110504942	0
ENSELUG00000007816	100305150	110494497	0
ENSELUG00000022563	110501443	110520117	0
ENSELUG00000017708	100301844	110502935	0
ENSELUG00000019558	110489748	110535253	0
ENSELUG00000015606	110488599	110504808	0
ENSELUG00000012595	110494247	110516219	0
ENSELUG00000008570	110503893	110507734	0
ENSELUG00000006311	110526044	110536408	0
ENSELUG00000011907	110508183	110530318	0
ENSELUG00000010179	110538838	110538852	1
ENSELUG00000014521	110503555	110507398	0
ENSELUG00000017742	110522129	110529514	0
ENSELUG00000019348	110494769	110527703	0
ENSELUG00000024535	110487882	110496476	0
ENSELUG00000015160	110509956	110533964	0
ENSELUG00000002540	110491363	110498961	0
ENSELUG00000004596	110509615	110523400	0
ENSELUG00000021775	110501454	110520107	0
ENSELUG00000006092	110497740	110505724	0
ENSELUG00000013283	110500304	110531427	0
ENSELUG00000021506	110497620	110505834	0
ENSELUG00000005430	110522651	110529264	0
ENSELUG00000014960	110500664	110531807	0
ENSELUG00000002533	100135948	118936256	1
ENSELUG00000010427	110503199	110508012	0
ENSELUG00000007887	110508261	110530871	0
ENSELUG00000014437	110487033	118936481	1
ENSELUG00000002407	110525953	110536335	0
ENSELUG00000011464	110501254	110519936	0
ENSELUG00000009602	110495766	110528796	0
ENSELUG00000005895	110494531	110527932	0
ENSELUG00000020309	110497434	110533177	0
ENSELUG00000000894	110489695	110518416	0
ENSELUG00000004629	110522302	110529684	0
ENSELUG00000006866	110497755	110504216	0
ENSELUG00000010359	110491937	110532725	0
ENSELUG00000010288	110491938	110532722	0
ENSELUG00000014035	110493901	110528543	0
ENSELUG00000017996	110495181	118936263	0
ENSELUG00000023209	110496148	118946455	0
ENSELUG00000003026	110494609	110527864	0
ENSELUG00000010297	110493286	110527692	0
ENSELUG00000003481	110509593	110523375	0
ENSELUG00000010684	110514448	110534747	0
ENSELUG00000023522	110494629	110527835	0
ENSELUG00000004245	110491406	110499008	0
ENSELUG00000015075	110515215	110515885	1
ENSELUG00000019475	110486650	110538608	0
ENSELUG00000018351	110502386	110532592	0
ENSELUG00000019704	110509907	110522923	0
ENSELUG00000021882	110522218	118936347	1
ENSELUG00000011686	110501779	110520305	0
ENSELUG00000017192	110504046	110507875	0
ENSELUG00000003786	110522273	110529653	0
ENSELUG00000016148	110500635	110531770	0
ENSELUG00000006489	110500837	110531561	0
ENSELUG00000020861	110501330	110520556	0
ENSELUG00000003839	110492194	110521287	0
ENSELUG00000019187	110503749	110507170	0
ENSELUG00000010826	110500347	110531444	0
ENSELUG00000020161	110501306	110504677	0
ENSELUG00000006210	110497741	110505722	0
ENSELUG00000019289	110509891	110523684	0
ENSELUG00000019500	110486652	110538610	0
ENSELUG00000022082	110488897	110505094	0
ENSELUG00000018585	110522151	110529528	0
ENSELUG00000006784	110509137	110517127	0
ENSELUG00000020296	110493834	110527657	0
ENSELUG00000006624	110508289	110529116	0
ENSELUG00000013119	110525733	110536106	0
ENSELUG00000009089	110500392	110531508	0
ENSELUG00000010580	110487123	118936513	0
ENSELUG00000009458	110486465	118937824	0
ENSELUG00000019526	110522168	110529549	0
ENSELUG00000019297	110522164	110529540	0
ENSELUG00000020734	110495939	110527551	0
ENSELUG00000008996	110491511	110499136	0
ENSELUG00000001796	110492470	110531957	0
ENSELUG00000018804	110508953	110530094	0
ENSELUG00000005897	110501663	110520417	0
ENSELUG00000018340	110487863	110496724	0
ENSELUG00000023504	110508995	110530062	0
ENSELUG00000021808	100653448	110537504	0
ENSELUG00000005765	110521647	110524529	0
ENSELUG00000002785	110501464	110517473	0
ENSELUG00000011583	110516560	118938864	1
ENSELUG00000003719	110492098	110532564	0
ENSELUG00000022746	110509437	110534122	0
ENSELUG00000007861	110491481	110499110	0
ENSELUG00000022982	110508569	110529137	0
ENSELUG00000014872	110509943	110533957	0
ENSELUG00000020327	110502276	110526424	0
ENSELUG00000014492	110485991	110493710	0
ENSELUG00000010471	110501288	110519971	0
ENSELUG00000020609	110510057	110534064	0
ENSELUG00000022669	110488055	110496880	0
ENSELUG00000023084	110489175	110504534	0
ENSELUG00000004029	110488731	110504932	0
ENSELUG00000019974	110510088	110537667	0
ENSELUG00000001090	110494456	110527995	0
ENSELUG00000011692	110487305	110514815	0
ENSELUG00000004248	110485751	110493473	0
ENSELUG00000001847	110518527	110527216	1
ENSELUG00000010807	110487062	110514472	0
ENSELUG00000013906	110531478	118943942	1
ENSELUG00000009342	110491618	110499073	0
ENSELUG00000023081	110499432	110502759	0
ENSELUG00000002135	110523803	110537124	0
ENSELUG00000023760	110486745	110538693	1
ENSELUG00000010978	110486521	110538481	0
ENSELUG00000008087	110489066	110504654	0
ENSELUG00000004776	110500919	110522708	0
ENSELUG00000010021	110491941	110531244	0
ENSELUG00000022470	110508967	110530079	0
ENSELUG00000022769	110501362	110520587	0
ENSELUG00000001810	110490582	110499878	1
ENSELUG00000011142	110501259	110519964	0
ENSELUG00000014711	110508688	110536755	1
ENSELUG00000009059	110489900	110535656	0
ENSELUG00000002269	110490478	110499990	0
ENSELUG00000022546	110521932	110537965	0
ENSELUG00000006224	110502507	110529506	0
ENSELUG00000013639	110497380	110534509	0
ENSELUG00000020673	110494198	110528221	0
ENSELUG00000002068	110489566	110535452	0
ENSELUG00000011092	110508740	118965541	0
ENSELUG00000016715	110486214	110538141	0
ENSELUG00000023966	110503327	110507630	0
ENSELUG00000018082	110495641	110520931	0
ENSELUG00000023371	110523771	110537151	0
ENSELUG00000020700	110486317	110538259	0
ENSELUG00000004453	110497709	110505758	0
ENSELUG00000016969	110490740	110500211	0
ENSELUG00000021634	110521816	110524751	0
ENSELUG00000005018	110526026	110536388	0
ENSELUG00000022046	110523760	110537160	0
ENSELUG00000011909	110486022	110493736	0
ENSELUG00000000653	110495285	110520547	0
ENSELUG00000023053	110523767	110537156	0
ENSELUG00000004748	110508227	110530026	0
ENSELUG00000007396	110491650	110498792	0
ENSELUG00000007875	101268925	110533762	0
ENSELUG00000019632	110525267	110535687	0
ENSELUG00000021356	110486805	118938190	1
ENSELUG00000006145	110506694	110535224	1
ENSELUG00000015711	110494697	110520152	0
ENSELUG00000002177	110498085	110505366	0
ENSELUG00000002670	110491728	110525355	0
ENSELUG00000024073	110520995	110524689	0
ENSELUG00000010957	110494433	110528009	0
ENSELUG00000024141	110488105	110496469	0
ENSELUG00000004436	110502569	110530112	0
ENSELUG00000001947	110525500	110535886	0
ENSELUG00000010458	110508755	110530303	0
ENSELUG00000002504	110488808	110505015	0
ENSELUG00000017981	110495580	110520827	0
ENSELUG00000002315	110490470	110499994	0
ENSELUG00000000562	110488591	110504801	0
ENSELUG00000019363	100136166	110508592	0
ENSELUG00000012717	110522053	110529441	0
ENSELUG00000002745	110491390	110498970	0
ENSELUG00000020666	110486200	110538949	0
ENSELUG00000022947	110521904	110539093	0
ENSELUG00000023445	110522932	110539128	0
ENSELUG00000022396	110496086	118946457	0
ENSELUG00000005785	110502526	110529704	0
ENSELUG00000006756	110493151	110521369	0
ENSELUG00000002168	110489553	110535467	0
ENSELUG00000003258	110490430	110500047	0
ENSELUG00000024549	110499843	110499854	1
ENSELUG00000008812	110486444	110538342	0
ENSELUG00000007493	110501805	110520273	0
ENSELUG00000014560	110488572	110504785	0
ENSELUG00000003152	100305174	110500044	0
ENSELUG00000009500	110489594	110536572	0
ENSELUG00000017188	110497308	118941427	1
ENSELUG00000000150	110487969	110496582	0
ENSELUG00000019426	110533289	110537848	0
ENSELUG00000000231	110509207	110530664	0
ENSELUG00000020849	110510240	110537995	0
ENSELUG00000009866	110492639	110532253	0
ENSELUG00000007536	110491471	110499587	0
ENSELUG00000011758	110506568	110526446	0
ENSELUG00000005286	110492067	110532599	0
ENSELUG00000017804	110488661	110504416	0
ENSELUG00000011805	110490807	118936576	1
ENSELUG00000016793	110525313	110535722	0
ENSELUG00000020838	110523728	110537199	0
ENSELUG00000023443	110491373	110525327	0
ENSELUG00000010168	110525791	110536170	0
ENSELUG00000004208	110522289	110529670	0
ENSELUG00000000458	110492586	110532305	0
ENSELUG00000018257	110497563	110504244	0
ENSELUG00000014441	110495396	110495398	1
ENSELUG00000004116	110509611	110522818	0
ENSELUG00000005629	110485098	110493551	0
ENSELUG00000007808	110500835	110531542	0
ENSELUG00000024492	110500509	110531645	0
ENSELUG00000019063	110502894	118942053	0
ENSELUG00000006180	110533718	110537400	0
ENSELUG00000019476	110521100	110529177	0
ENSELUG00000009054	110488151	110496426	0
ENSELUG00000012531	110511661	110517035	1
ENSELUG00000004848	110501625	110504522	0
ENSELUG00000002462	110523826	110537094	0
ENSELUG00000011682	110521604	110524484	0
ENSELUG00000003319	110487292	110493481	0
ENSELUG00000017484	110490275	110500201	0
ENSELUG00000018826	110509776	110509786	0
ENSELUG00000007552	110509685	110523465	0
ENSELUG00000001466	110533751	110537372	0
ENSELUG00000019356	110499082	110502884	0
ENSELUG00000004493	110488722	110504918	0
ENSELUG00000020916	110494197	110528226	0
ENSELUG00000003168	110495330	118941073	1
ENSELUG00000001080	110506621	110526488	0
ENSELUG00000019855	110525270	110535684	0
ENSELUG00000000248	110496796	110517265	0
ENSELUG00000020145	110494736	110527724	0
ENSELUG00000019478	110510079	110537828	0
ENSELUG00000017508	100135872	110520661	0
ENSELUG00000012230	100301649	100301650	0
ENSELUG00000008167	110489821	110535193	0
ENSELUG00000008807	110491966	110532699	0
ENSELUG00000018821	110499402	110502724	0
ENSELUG00000002889	110496514	110517675	0
ENSELUG00000004718	110486782	110539015	1
ENSELUG00000013571	110509796	110523590	0
ENSELUG00000008331	110525833	110536213	0
ENSELUG00000013642	100136691	110506532	0
ENSELUG00000005461	110487634	110496112	0
ENSELUG00000021183	110505227	110524230	0
ENSELUG00000017518	110505911	110505912	0
ENSELUG00000011996	100136668	110506559	0
ENSELUG00000002538	110488807	110505012	0
ENSELUG00000001441	110485191	110538502	0
ENSELUG00000011865	110512918	110516784	1
ENSELUG00000013019	110503586	110507461	0
ENSELUG00000009920	110494450	110527996	0
ENSELUG00000008258	110521566	110524433	0
ENSELUG00000008561	110500186	110524881	0
ENSELUG00000018439	100499613	110485163	0
ENSELUG00000009809	110499982	110524618	0
ENSELUG00000021650	110502248	110526033	0
ENSELUG00000005907	110495686	110527354	0
ENSELUG00000013694	110502424	110528213	0
ENSELUG00000004785	110526021	110536384	0
ENSELUG00000014476	110490235	110500235	0
ENSELUG00000011856	110509759	110523550	0
ENSELUG00000000775	110506413	110526302	0
ENSELUG00000006309	110492044	110532626	0
ENSELUG00000005637	110500839	110521231	0
ENSELUG00000013003	110493918	110528521	0
ENSELUG00000019934	110521836	110524779	0
ENSELUG00000004160	110490401	110500080	0
ENSELUG00000011207	110533606	110537519	0
ENSELUG00000019597	110486283	110538215	0
ENSELUG00000021577	110486344	110538461	0
ENSELUG00000023146	110513046	110536481	0
ENSELUG00000006374	110508195	110530221	0
ENSELUG00000008358	110518923	118964739	0
ENSELUG00000004373	110495667	110527332	0
ENSELUG00000015269	110509958	110533970	0
ENSELUG00000018067	110525284	110535704	0
ENSELUG00000013100	110488218	110496359	0
ENSELUG00000006323	110491449	110499048	0
ENSELUG00000021578	110508880	110530150	0
ENSELUG00000014965	110509946	110533960	0
ENSELUG00000006495	110486388	110538405	1
ENSELUG00000016197	110491279	110499508	0
ENSELUG00000005394	110501854	110520224	0
ENSELUG00000007624	110486874	110486875	1
ENSELUG00000000140	110495679	110527346	0
ENSELUG00000020214	110495841	110527459	0
ENSELUG00000018889	110509541	110523207	0
ENSELUG00000008178	110488064	110496683	0
ENSELUG00000010667	110501767	110520311	0
ENSELUG00000020097	110495844	110527462	0
ENSELUG00000000898	110486686	110538641	0
ENSELUG00000015308	110502398	110527844	0
ENSELUG00000012613	110499306	110502998	0
ENSELUG00000006369	110527364	110527366	1
ENSELUG00000023720	110523777	110537146	0
ENSELUG00000020628	110489766	110535237	0
ENSELUG00000021144	110502263	110526264	0
ENSELUG00000024582	110500506	110531642	0
ENSELUG00000008602	110537344	118966764	0
ENSELUG00000014425	110497367	110534531	0
ENSELUG00000008813	100136084	110486554	1
ENSELUG00000001526	110508918	110530122	0
ENSELUG00000005604	110521061	110529703	0
ENSELUG00000022570	110503805	110538803	1
ENSELUG00000001371	110494461	110527988	0
ENSELUG00000005483	110494546	110527921	0
ENSELUG00000010783	110500348	110531445	0
ENSELUG00000023279	110488860	110505061	0
ENSELUG00000008346	110508414	110530695	0
ENSELUG00000013451	110523108	110536854	0
ENSELUG00000010657	110506601	110526473	0
ENSELUG00000020575	110522195	110529569	0
ENSELUG00000009539	110491525	110499149	0
ENSELUG00000001251	110509528	110509537	0
ENSELUG00000002551	110494085	110528342	0
ENSELUG00000008492	110501725	110520352	0
ENSELUG00000018871	110502007	110520491	0
ENSELUG00000013134	110497391	110534489	0
ENSELUG00000014687	110485993	110493161	0
ENSELUG00000016516	110504059	110507887	0
ENSELUG00000010343	110499897	110524551	0
ENSELUG00000009591	110508074	110517470	0
ENSELUG00000018598	110499407	110502729	0
ENSELUG00000005237	110509045	110530925	0
ENSELUG00000023616	110488850	110505054	0
ENSELUG00000012084	110502449	110528542	0
ENSELUG00000024536	110523790	110537132	0
ENSELUG00000005867	110506741	110526607	1
ENSELUG00000013356	110487448	110511852	1
ENSELUG00000011731	110508736	110530313	0
ENSELUG00000012673	110486139	110538035	0
ENSELUG00000023030	110489401	110496882	0
ENSELUG00000003778	110521687	110524570	0
ENSELUG00000010452	110526481	118936478	0
ENSELUG00000005791	110501662	110520418	0
ENSELUG00000015667	110504086	110507913	0
ENSELUG00000009232	110520782	110523047	0
ENSELUG00000000890	110508913	110530124	0
ENSELUG00000002756	110488780	110504981	0
ENSELUG00000013566	110485341	110487187	1
ENSELUG00000007744	110485953	110493673	1
ENSELUG00000021224	110494718	110527740	0
ENSELUG00000007031	110490881	110536524	0
ENSELUG00000012189	110490201	110500258	0
ENSELUG00000006120	110485663	110503821	1
ENSELUG00000019310	110509892	110523685	0
ENSELUG00000001444	100136036	110507147	0
ENSELUG00000003852	110505458	118941361	0
ENSELUG00000002844	110490447	110500012	0
ENSELUG00000023400	110494137	110528284	0
ENSELUG00000009348	110508770	110530265	0
ENSELUG00000009998	110525795	110536173	0
ENSELUG00000003823	110488738	110504936	0
ENSELUG00000008393	110509697	110522834	0
ENSELUG00000010879	110506592	110526467	0
ENSELUG00000020465	110494218	110528215	0
ENSELUG00000015780	110486197	110538125	0
ENSELUG00000016150	110514127	110526876	1
ENSELUG00000008105	110489826	110535188	0
ENSELUG00000010853	110486120	110538011	0
ENSELUG00000012951	110490212	110501063	0
ENSELUG00000013185	118938789	118938790	0
ENSELUG00000020688	110499365	110502685	0
ENSELUG00000013028	110503160	110507998	0
ENSELUG00000013132	110508699	110530349	0
ENSELUG00000017774	110502285	110524205	0
ENSELUG00000002872	110485690	110493441	1
ENSELUG00000011531	110494051	110513717	0
ENSELUG00000023215	100301648	110503104	0
ENSELUG00000013067	110509787	110523577	0
ENSELUG00000018057	110510959	110534743	1
ENSELUG00000004910	110488385	110496808	0
ENSELUG00000017810	110492417	110531990	0
ENSELUG00000019897	110492160	110532445	0
ENSELUG00000012989	110493919	110528520	0
ENSELUG00000011441	110534879	110537527	0
ENSELUG00000014284	110500684	110531828	0
ENSELUG00000010206	100301712	110506620	0
ENSELUG00000024615	110488953	110504165	0
ENSELUG00000015927	110493235	110528984	0
ENSELUG00000021498	110521818	110524754	0
ENSELUG00000008530	110500215	110524905	0
ENSELUG00000003864	110535716	118937355	0
ENSELUG00000008659	110502460	110528719	0
ENSELUG00000013589	110522029	110529416	0
ENSELUG00000011755	110492593	110532296	0
ENSELUG00000023830	110521781	110524697	0
ENSELUG00000003023	110485708	110493459	0
ENSELUG00000013412	110493909	110528536	0
ENSELUG00000009981	110491945	110532719	0
ENSELUG00000012166	110486017	110493730	0
ENSELUG00000006263	110501831	110520246	0
ENSELUG00000001091	110490173	110500276	0
ENSELUG00000003919	110492880	110499003	0
ENSELUG00000023154	110494642	110527820	0
ENSELUG00000024091	110492124	110532538	0
ENSELUG00000006966	110487772	110504625	0
ENSELUG00000004339	110485756	110493468	0
ENSELUG00000011713	110494413	110528972	0
ENSELUG00000008785	110502230	110525667	0
ENSELUG00000000291	110489929	110535630	0
ENSELUG00000009679	110486477	110538312	0
ENSELUG00000008747	110525825	110536205	0
ENSELUG00000000529	110500678	110531822	0
ENSELUG00000003323	110492113	110532550	0
ENSELUG00000018029	110494267	110528161	0
ENSELUG00000020476	100499599	110488933	0
ENSELUG00000022119	110503909	110507754	0
ENSELUG00000024344	110497735	110522782	0
ENSELUG00000017596	110522125	110529510	0
ENSELUG00000001574	110500644	110531789	0
ENSELUG00000005932	110523930	110536991	0
ENSELUG00000009685	110503665	110507544	0
ENSELUG00000012650	110494252	110516533	0
ENSELUG00000013950	110509801	110523589	0
ENSELUG00000007515	110491994	110532674	0
ENSELUG00000011877	110486023	110493735	0
ENSELUG00000018118	110498226	110505917	0
ENSELUG00000020624	110497099	110527450	1
ENSELUG00000022317	110510107	110534115	0
ENSELUG00000012477	110488203	110496374	0
ENSELUG00000016453	110498196	110505209	0
ENSELUG00000012302	110525755	110536132	0
ENSELUG00000012911	110500827	110532911	0
ENSELUG00000009434	110490907	110535428	0
ENSELUG00000009184	110500796	110531362	0
ENSELUG00000022391	110489219	110504364	0
ENSELUG00000020932	110494209	110528231	0
ENSELUG00000008788	110486442	110538343	0
ENSELUG00000000417	110506578	110526451	0
ENSELUG00000014328	110521508	110524375	0
ENSELUG00000016436	110521471	110524335	0
ENSELUG00000007946	110503213	110529245	0
ENSELUG00000018172	110497559	110505887	0
ENSELUG00000010844	110486518	110538477	0
ENSELUG00000019326	100136832	110528187	0
ENSELUG00000005036	110487952	110496569	0
ENSELUG00000016987	110504052	110507882	0
ENSELUG00000011477	110497835	110505627	0
ENSELUG00000022531	110499761	118936535	1
ENSELUG00000003166	110508530	110530532	0
ENSELUG00000007121	110492013	110532652	0
ENSELUG00000008971	110486446	110538338	0
ENSELUG00000012825	110488533	110504738	0
ENSELUG00000017773	110494270	110528158	0
ENSELUG00000017183	110522114	110529497	0
ENSELUG00000011981	110491543	110498832	0
ENSELUG00000000181	110496103	110515118	0
ENSELUG00000012784	110487478	110507112	1
ENSELUG00000018868	110493230	110528174	0
ENSELUG00000019107	110491046	110533281	0
ENSELUG00000020655	110522621	110529287	0
ENSELUG00000017570	110499220	110524160	0
ENSELUG00000005995	110487976	110496588	0
ENSELUG00000006104	110485805	110493554	0
ENSELUG00000015555	110500626	110531785	0
ENSELUG00000014331	110506517	110526397	1
ENSELUG00000014505	110493184	110528553	0
ENSELUG00000003561	110498005	110505442	0
ENSELUG00000003489	110485738	110493487	0
ENSELUG00000023153	110491317	110498910	0
ENSELUG00000017585	110492531	110521301	0
ENSELUG00000014704	110489659	110535336	0
ENSELUG00000020450	110523715	110537210	0
ENSELUG00000013281	110492337	110532064	0
ENSELUG00000000130	110508483	110530599	0
ENSELUG00000006053	110492867	110521347	0
ENSELUG00000022551	110494157	110528267	0
ENSELUG00000007533	110490883	110536527	0
ENSELUG00000003975	110491404	110499004	0
ENSELUG00000005641	110485563	110511248	0
ENSELUG00000015385	110498392	110504176	0
ENSELUG00000021043	110501466	110520094	0
ENSELUG00000020900	110486320	110538264	0
ENSELUG00000011913	110493956	110528491	0
ENSELUG00000004983	110509623	110523406	0
ENSELUG00000012603	110522452	110529866	0
ENSELUG00000012426	110503597	110507474	0
ENSELUG00000006462	110487983	110496594	0
ENSELUG00000019429	110486277	110538212	0
ENSELUG00000018509	110506411	110526297	0
ENSELUG00000009153	110491622	110499076	0
ENSELUG00000006977	110509673	110522829	0
ENSELUG00000007471	110489913	110535644	0
ENSELUG00000012445	110525752	110536129	0
ENSELUG00000010645	110499323	110503012	0
ENSELUG00000014124	110489663	110535344	0
ENSELUG00000001889	110495539	110497021	1
ENSELUG00000015373	110502395	110527826	0
ENSELUG00000006894	110502483	110529206	0
ENSELUG00000013859	110503501	110507429	0
ENSELUG00000005423	110498364	110505499	0
ENSELUG00000014744	110524036	110534779	0
ENSELUG00000015215	110488254	110496329	0
ENSELUG00000013128	110522448	110529235	0
ENSELUG00000001865	110492492	110531948	0
ENSELUG00000015227	110521498	110524365	0
ENSELUG00000011681	110506573	110526448	0
ENSELUG00000014689	110498148	110505286	0
ENSELUG00000009182	110490093	110491259	0
ENSELUG00000008376	110520962	110537955	0
ENSELUG00000004725	110506765	110526644	0
ENSELUG00000022080	110509500	110524956	0
ENSELUG00000024165	110509306	110523338	0
ENSELUG00000013430	110487444	110487457	1
ENSELUG00000023384	110522860	110536813	0
ENSELUG00000008520	100135955	110489943	0
ENSELUG00000021910	110515522	110533299	0
ENSELUG00000012493	100136010	110486012	0
ENSELUG00000020485	110501316	110520539	0
ENSELUG00000024574	110525533	110535903	0
ENSELUG00000022408	110495455	118965247	1
ENSELUG00000004344	110501999	110520476	0
ENSELUG00000010478	110500356	110531451	0
ENSELUG00000003178	110508162	110530533	0
ENSELUG00000012414	110533880	110537240	0
ENSELUG00000013552	110520816	110536337	0
ENSELUG00000001049	110514162	110535461	0
ENSELUG00000023664	110523775	110537148	0
ENSELUG00000011788	110486026	110493740	0
ENSELUG00000021895	110502241	110521558	0
ENSELUG00000014102	110485985	110493706	0
ENSELUG00000005255	110521658	110524545	0
ENSELUG00000007695	110491476	110499066	0
ENSELUG00000019684	110508623	110530441	0
ENSELUG00000012370	110506553	110526427	0
ENSELUG00000018489	110506415	110526300	0
ENSELUG00000009210	110486598	110513756	0
ENSELUG00000012525	110485113	110493724	0
ENSELUG00000022812	110534388	110534392	0
ENSELUG00000005148	110502555	110521216	0
ENSELUG00000007065	110525850	110536235	0
ENSELUG00000021672	110486345	110538459	0
ENSELUG00000009954	110490628	110499794	1
ENSELUG00000023874	110486751	110538695	0
ENSELUG00000016466	110492399	110532006	0
ENSELUG00000022372	110492767	110532496	0
ENSELUG00000004138	110490402	110500079	1
ENSELUG00000016264	110509031	110537226	0
ENSELUG00000019323	110499084	110502883	0
ENSELUG00000019835	110501495	110520074	0
ENSELUG00000003827	110485729	110493494	0
ENSELUG00000003179	110495331	118965206	1
ENSELUG00000010430	110487113	118937811	0
ENSELUG00000001267	110495579	110524166	0
ENSELUG00000007772	110493405	110521391	0
ENSELUG00000023391	100136605	110534129	0
ENSELUG00000004896	110522641	110529274	0
ENSELUG00000013598	110539061	110539066	1
ENSELUG00000016311	110520928	110524918	0
ENSELUG00000007969	110522763	110524425	0
ENSELUG00000018193	110518435	110534571	1
ENSELUG00000019941	110508926	110530116	0
ENSELUG00000000346	110486458	110538329	1
ENSELUG00000005407	110521916	110537902	0
ENSELUG00000018355	110525278	110535699	0
ENSELUG00000002411	110498066	110505383	0
ENSELUG00000006289	110485813	110493559	0
ENSELUG00000017895	110490330	110500160	0
ENSELUG00000002324	110487686	110527161	1
ENSELUG00000022704	110508970	110530076	0
ENSELUG00000014749	110498149	110505285	0
ENSELUG00000002410	110488817	110504155	0
ENSELUG00000014635	110494347	110528090	0
ENSELUG00000003220	110490433	110500045	0
ENSELUG00000017583	110491228	110499526	0
ENSELUG00000007354	110490753	110500150	0
ENSELUG00000013318	110531547	110531557	1
ENSELUG00000006508	110487984	110496595	0
ENSELUG00000014847	110485153	110538945	0
ENSELUG00000021240	110510071	110534085	0
ENSELUG00000003331	110509310	110522815	0
ENSELUG00000016740	110499041	110524008	0
ENSELUG00000015603	110486194	110538119	0
ENSELUG00000008103	110522668	110529242	0
ENSELUG00000019225	110491227	110499530	0
ENSELUG00000002082	110525479	110535864	0
ENSELUG00000005176	110492398	110521269	0
ENSELUG00000006324	110498579	110505525	0
ENSELUG00000011890	110506564	110526441	0
ENSELUG00000002601	110488798	110505003	0
ENSELUG00000023523	110489802	110535202	0
ENSELUG00000022008	110502659	110531174	0
ENSELUG00000023049	110506941	110526730	1
ENSELUG00000004322	110494577	110527894	0
ENSELUG00000004498	110494570	110527898	0
ENSELUG00000000761	110506419	110526305	0
ENSELUG00000018863	110486263	110538196	0
ENSELUG00000012941	110502437	110528391	0
ENSELUG00000004935	110508473	110530987	0
ENSELUG00000024016	110488109	110496465	0
ENSELUG00000002035	110492529	110508399	0
ENSELUG00000019534	110502298	110526605	0
ENSELUG00000014300	110491174	110532795	0
ENSELUG00000003620	110501903	110520163	0
ENSELUG00000021918	110502506	110524215	0
ENSELUG00000008689	110494032	110528432	0
